success,task_completion,mission_time,outage_rate,mean_packet,worst_agent_packet,cvar_outage_90,comm_fairness,usv_collision_rate,auv_collision_count,colregs_violation_rate,energy,smoothness,shield_interventions,policy,scenario,seed,num_auvs
0.0,0.6666666666666666,300.0,0.561111111111111,0.5789783616441222,0.45160704950943426,1.0,0.8923413912558225,0.0,68.0,0.0,5560.499999999976,2437.4658829766254,0.0,fixed_auv_ga_pso_tlbo_proxy,survey,21160731,3
0.0,1.0,249.0,0.7563587684069613,0.4828194790545503,0.38851419663437786,1.0,0.6311497267800024,0.0,53.0,0.0,6121.665000000008,2128.4000000000033,0.0,independent_greedy,survey,21160731,3
0.0,0.0,300.0,0.6055555555555555,0.7392678295898165,0.6987528063163657,1.0,0.8949558641318447,0.0,58.0,0.0,7988.647986594814,2887.3878066203133,0.0,communication_aware,survey,21160731,3
0.0,0.0,300.0,0.4644444444444444,0.7112747147959969,0.6366893090064917,1.0,0.8739175898516692,0.0,2.0,0.0,9103.12916553467,3160.95643788984,610.0,haco_safemarl_pilot_no_acoustic,survey,21160731,3
0.0,0.0,300.0,0.6633333333333333,0.5500269893723803,0.5335273510974297,1.0,0.9913829398509345,0.0,52.0,0.0,9116.755331161483,2935.5516545409546,0.0,haco_safemarl_pilot_no_shield,survey,21160731,3
0.0,0.0,300.0,0.44333333333333325,0.7874074696934741,0.7467396420836986,1.0,0.9070478417708889,0.0,2.0,0.0,9005.021272180187,3114.352950535895,624.0,haco_safemarl_pilot,survey,21160731,3
0.0,0.0,300.0,0.0,0.884587999840419,0.8386698098717362,0.0,0.9999999998888889,0.0,2.0,0.0,493.6388231426793,335.511671180118,209.0,haco_safemarl_mappo,survey,21160731,3
0.0,1.0,231.0,0.001443001443001443,0.9388664506259222,0.9199042177914889,0.013888888888888888,0.9999958233548409,0.0,39.0,0.0,4281.584999999986,2485.314337653135,0.0,fixed_auv_ga_pso_tlbo_proxy,survey,21170738,3
0.0,1.0,177.0,0.030131826741996232,0.9163063457926279,0.8736817558748369,0.2962962962962962,0.9980732828651312,0.0,30.0,0.0,4351.5450000000055,2006.3999999999958,0.0,independent_greedy,survey,21170738,3
0.0,1.0,200.0,0.0016666666666666666,0.9389185930106593,0.9203677207369071,0.016666666666666666,0.999994425799116,0.0,33.0,0.0,5675.0,2615.0366392775572,0.0,communication_aware,survey,21170738,3
1.0,1.0,172.0,0.09689922480620154,0.9168973509129326,0.8550199896223559,0.33333333333333326,0.9774932928711437,0.0,0.0,0.0,5388.389927821293,1369.4671006708304,96.0,haco_safemarl_pilot_no_acoustic,survey,21170738,3
0.0,1.0,172.0,0.16860465116279066,0.8905081062198209,0.7787609146163649,0.33333333333333326,0.9239980117013562,0.0,29.0,0.0,5319.300202175216,1331.0119392293584,0.0,haco_safemarl_pilot_no_shield,survey,21170738,3
1.0,1.0,172.0,0.09108527131782945,0.9183373688412579,0.859476959380791,0.33333333333333326,0.980310100192079,0.0,0.0,0.0,5397.000509551417,1384.8081103236336,96.0,haco_safemarl_pilot,survey,21170738,3
0.0,0.0,300.0,0.0,0.8828767825372852,0.855134637164583,0.0,0.9999999998888889,0.0,0.0,0.8166666666666667,259.3398388721213,358.62103103480837,447.0,haco_safemarl_mappo,survey,21170738,3
0.0,1.0,228.0,0.23245614035087717,0.8721943379207323,0.8138814531674949,0.6666666666666664,0.955031652305602,0.0,70.0,0.0,4225.979999999987,1717.5245977594998,0.0,fixed_auv_ga_pso_tlbo_proxy,survey,21180745,3
0.0,1.0,174.0,0.40229885057471254,0.8282603792687824,0.7554857031468316,0.6666666666666665,0.7628361856380821,0.0,54.0,0.0,4277.790000000005,1419.7999999999988,0.0,independent_greedy,survey,21180745,3
0.0,1.0,197.0,0.22842639593908623,0.8859456516748162,0.8296017748733927,0.6666666666666665,0.957691988664589,0.0,60.0,0.0,5473.590933599159,1733.8834121699267,0.0,communication_aware,survey,21180745,3
0.0,0.6666666666666666,300.0,0.03,0.9252183396765988,0.9013226386926264,0.29999999999999993,0.9982945412357549,0.0,0.0,0.0,5535.699382658532,1645.1105017312198,432.0,haco_safemarl_pilot_no_acoustic,survey,21180745,3
0.0,1.0,169.0,0.1380670611439842,0.8894722668769823,0.8444642030667445,0.5490196078431372,0.9713926740639599,0.0,52.0,0.0,5406.983151219449,1334.4347855313445,0.0,haco_safemarl_pilot_no_shield,survey,21180745,3
0.0,0.6666666666666666,300.0,0.03666666666666667,0.9225750271231477,0.8974436173340018,0.36666666666666653,0.9987006204737514,0.0,0.0,0.0,5503.253930094098,1754.7519712424316,443.0,haco_safemarl_pilot,survey,21180745,3
0.0,0.0,300.0,0.0,0.9021994665020864,0.8929591845631999,0.0,0.9999999998888889,0.0,0.0,0.0,934.0664635057501,638.4104318075887,128.0,haco_safemarl_mappo,survey,21180745,3
0.0,0.3333333333333333,300.0,0.33,0.738712880529286,0.5492567104198476,0.8,0.9106092363895214,0.0,150.0,0.0,5560.499999999976,2347.0919938628704,0.0,fixed_auv_ga_pso_tlbo_proxy,survey,21190752,3
0.0,1.0,289.0,0.5201845444059976,0.5785055593651652,0.17806257725962196,1.0,0.7772418188538448,0.0,115.0,0.0,7105.06500000001,2447.4000000000074,0.0,independent_greedy,survey,21190752,3
0.0,0.0,300.0,0.46111111111111114,0.7746840947030799,0.6716751764523802,1.0,0.9393932129482495,0.0,173.0,0.0,8114.271571269663,2859.7242802140777,0.0,communication_aware,survey,21190752,3
0.0,0.0,300.0,0.2822222222222222,0.7456616127794988,0.451827912596142,0.8666666666666667,0.8630005540576426,0.0,12.0,0.0,7059.868009225921,2459.5221641738235,531.0,haco_safemarl_pilot_no_acoustic,survey,21190752,3
0.0,0.0,300.0,0.5411111111111111,0.6504065914827416,0.46626013967958063,1.0,0.9126656709946444,0.0,218.0,0.0,9295.186017696315,2808.9274694386318,0.0,haco_safemarl_pilot_no_shield,survey,21190752,3
0.0,0.0,300.0,0.3655555555555555,0.8021132600929537,0.6735755311903536,1.0,0.9042151648282917,0.0,12.0,0.0,9022.180411897032,2990.9185213594155,521.0,haco_safemarl_pilot,survey,21190752,3
0.0,0.0,300.0,0.17666666666666667,0.8771700375859436,0.7936196601698342,0.3333333333333334,0.9156798293611178,0.0,20.0,0.0,907.5769726358882,115.5468205524439,272.0,haco_safemarl_mappo,survey,21190752,3
0.0,0.3333333333333333,300.0,0.5844444444444444,0.5377085189419791,0.4049087399945319,1.0,0.9264661070925435,0.0,26.0,0.0,5560.499999999976,2409.826955969117,0.0,fixed_auv_ga_pso_tlbo_proxy,survey,21200759,3
0.0,0.6666666666666666,300.0,0.7622222222222221,0.3752976690340933,0.1835727412301214,1.0,0.4649245696346957,0.0,90.0,0.0,7375.50000000001,2815.8000000000106,0.0,independent_greedy,survey,21200759,3
0.0,0.0,300.0,0.6433333333333332,0.6812825986666864,0.604785114220041,1.0,0.9309896178697938,0.0,38.0,0.0,7951.954874432867,2990.4417188424004,0.0,communication_aware,survey,21200759,3
0.0,0.0,300.0,0.6133333333333333,0.6277845851639458,0.4062698275648656,1.0,0.8755476504952409,0.0,0.0,0.0,9130.046578642423,3341.3036877106506,639.0,haco_safemarl_pilot_no_acoustic,survey,21200759,3
0.0,0.0,300.0,0.7066666666666667,0.5130785937172905,0.39708379305179353,1.0,0.9018633529869605,0.0,121.0,0.0,9063.272662576406,3022.802825878015,0.0,haco_safemarl_pilot_no_shield,survey,21200759,3
0.0,0.0,300.0,0.6022222222222222,0.7332730824545367,0.6444964990482255,1.0,0.9007998419919312,0.0,0.0,0.0,8984.129300553715,3220.760695174395,653.0,haco_safemarl_pilot,survey,21200759,3
0.0,0.0,300.0,0.24111111111111105,0.8138646864909881,0.7507774658465214,0.6666666666666669,0.9044428285950268,0.0,0.0,0.0,384.0767201959082,249.29371185925277,436.0,haco_safemarl_mappo,survey,21200759,3
0.0,0.6666666666666666,300.0,0.2855555555555555,0.7853221876953128,0.659286273007714,0.6666666666666669,0.9255070768426903,0.0,0.0,0.0,5560.499999999976,3135.776230884711,0.0,fixed_auv_ga_pso_tlbo_proxy,survey,21210766,3
1.0,1.0,253.0,0.33333333333333326,0.7221671586483082,0.4811408706533645,0.6666666666666667,0.8685840676057005,0.0,0.0,0.0,6220.005000000008,3105.800000000017,0.0,independent_greedy,survey,21210766,3
0.0,0.6666666666666666,300.0,0.3377777777777778,0.83081357083194,0.7432384202549073,0.6666666666666669,0.8846782225552376,0.0,0.0,0.0,8210.047705293702,3706.90194319145,0.0,communication_aware,survey,21210766,3
0.0,0.6666666666666666,300.0,0.28666666666666674,0.7898969486930173,0.5700151760190171,0.6666666666666669,0.90875897906323,0.0,0.0,0.0,9276.472987376239,2785.081492594454,326.0,haco_safemarl_pilot_no_acoustic,survey,21210766,3
1.0,1.0,262.0,0.3091603053435114,0.7818193211573665,0.5696857748727739,0.6666666666666669,0.9554933354540308,0.0,0.0,0.0,8129.870233891533,2295.4480680776296,0.0,haco_safemarl_pilot_no_shield,survey,21210766,3
0.0,0.3333333333333333,300.0,0.35333333333333333,0.833528395780554,0.7573860592388377,0.6666666666666669,0.8700624179232344,0.0,0.0,0.0,8952.57167419928,3470.065258708679,359.0,haco_safemarl_pilot,survey,21210766,3
0.0,0.0,300.0,0.0,0.8953319972947508,0.8835434456665859,0.0,0.9999999998888889,0.0,0.0,0.0,602.6384818816063,292.01629416569835,241.0,haco_safemarl_mappo,survey,21210766,3
0.0,0.6666666666666666,300.0,0.3266666666666666,0.7268397295768535,0.4085347340529053,0.6666666666666669,0.7942848242633566,0.0,0.0,0.0,5560.499999999976,2720.9566079616357,0.0,fixed_auv_ga_pso_tlbo_proxy,survey,21220773,3
1.0,1.0,286.0,0.4032634032634032,0.6168954598157904,0.09162026878208422,0.6666666666666669,0.6840775765225287,0.0,0.0,0.0,7031.3100000000095,2950.0000000000164,0.0,independent_greedy,survey,21220773,3
0.0,0.3333333333333333,300.0,0.38555555555555554,0.7946793015026884,0.6446055085037251,0.6666666666666669,0.7817862956988683,0.0,0.0,0.0,8228.713725476306,3378.249479977525,0.0,communication_aware,survey,21220773,3
0.0,0.3333333333333333,300.0,0.38888888888888884,0.7560258553989141,0.5185747961316803,0.6666666666666669,0.7694264273960363,0.0,0.0,0.0,5683.555395338644,1586.921140345808,638.0,haco_safemarl_pilot_no_acoustic,survey,21220773,3
0.0,0.3333333333333333,300.0,0.49111111111111105,0.7060622778970148,0.49986929867990987,0.6666666666666669,0.6242753233331407,0.0,92.0,0.0,9126.416875437473,2895.0282322239746,0.0,haco_safemarl_pilot_no_shield,survey,21220773,3
0.0,0.3333333333333333,300.0,0.3666666666666666,0.8264199981564291,0.6925371277102066,0.6666666666666669,0.8200321044870749,0.0,0.0,0.0,5518.741207519352,1996.7504886008521,723.0,haco_safemarl_pilot,survey,21220773,3
0.0,0.0,300.0,0.24111111111111108,0.8630078204302072,0.7944978634555486,0.6666666666666669,0.9501355475465717,0.0,0.0,0.0,264.4241347917821,65.27151576286786,421.0,haco_safemarl_mappo,survey,21220773,3
0.0,0.6666666666666666,300.0,0.3177777777777777,0.7399929738542516,0.6097535649345964,0.6666666666666669,0.9018093787229029,0.0,0.0,0.24333333333333335,5560.499999999976,2779.45851752969,0.0,fixed_auv_ga_pso_tlbo_proxy,survey,21230780,3
1.0,1.0,251.0,0.42762284196547135,0.6753894702074135,0.4884670449282807,0.6666666666666667,0.7798432427419852,0.0,0.0,0.43824701195219123,6170.835000000008,2594.8000000000097,0.0,independent_greedy,survey,21230780,3
0.0,0.3333333333333333,300.0,0.3611111111111111,0.8139181106117421,0.7356006255075678,0.6666666666666669,0.8621813675530444,0.0,0.0,0.2833333333333333,8197.3637787285,3279.5785437191644,0.0,communication_aware,survey,21230780,3
0.0,0.6666666666666666,300.0,0.34555555555555556,0.7611449676217797,0.5910286105138229,0.6666666666666669,0.8703596380327592,0.0,0.0,0.3933333333333333,9214.882834682683,2689.5625872995697,459.0,haco_safemarl_pilot_no_acoustic,survey,21230780,3
0.0,0.6666666666666666,300.0,0.3888888888888888,0.717733805572881,0.5350948692777894,0.6666666666666669,0.8611020965985776,0.0,0.0,0.3433333333333333,9220.046698810707,2534.3007507298285,0.0,haco_safemarl_pilot_no_shield,survey,21230780,3
0.0,0.3333333333333333,300.0,0.35999999999999993,0.8246506296660882,0.7452316662170771,0.6666666666666669,0.8625444560282933,0.0,0.0,0.3933333333333333,9124.809935382978,3125.7633897701194,437.0,haco_safemarl_pilot,survey,21230780,3
0.0,0.0,300.0,0.04555555555555556,0.9129256177558022,0.8904269763778191,0.3333333333333334,0.9954643752594067,0.0,0.0,0.0,1034.8966034319872,86.79889195225104,216.0,haco_safemarl_mappo,survey,21230780,3
1.0,1.0,295.0,0.6225988700564972,0.5018890350684195,0.31265031614088207,1.0,0.8842282139079125,0.0,0.0,0.030508474576271188,5467.824999999977,2591.206733187862,0.0,fixed_auv_ga_pso_tlbo_proxy,survey,21240787,3
1.0,1.0,225.0,0.5807407407407407,0.5165041662039799,0.16205834014937395,1.0,0.7326710025789581,0.0,0.0,0.4666666666666667,5531.625000000007,2185.4000000000087,0.0,independent_greedy,survey,21240787,3
0.0,0.0,300.0,0.691111111111111,0.6391625589533345,0.5305024922971012,1.0,0.8967950047493379,0.0,0.0,0.0,7890.436796774206,2997.783796664989,0.0,communication_aware,survey,21240787,3
0.0,0.3333333333333333,300.0,0.6722222222222222,0.5601091323056813,0.2896378512585203,1.0,0.83624011381839,0.0,0.0,0.06333333333333334,9100.553074276224,2770.610042933335,649.0,haco_safemarl_pilot_no_acoustic,survey,21240787,3
0.0,0.0,300.0,0.7511111111111111,0.47242313043373035,0.3219905926593453,1.0,0.8777859403274775,0.0,0.0,0.0,8972.47696538545,3016.5210726007695,0.0,haco_safemarl_pilot_no_shield,survey,21240787,3
0.0,0.0,300.0,0.6744444444444444,0.7030246456770785,0.6003526029766159,1.0,0.8862564126094223,0.0,0.0,0.0,8834.89025919081,3124.405494626049,671.0,haco_safemarl_pilot,survey,21240787,3
0.0,0.0,300.0,0.0,0.8623435898483237,0.8497556755421717,0.0,0.9999999998888889,0.0,0.0,0.0,455.2626796083542,279.7270250349677,258.0,haco_safemarl_mappo,survey,21240787,3
0.0,0.3333333333333333,300.0,0.2544444444444444,0.7778928540975448,0.45401559926601115,0.3333333333333334,0.8110652953075336,0.0,69.0,0.0,5560.499999999976,2477.5071838404288,0.0,fixed_auv_ga_pso_tlbo_proxy,survey,21250794,3
0.0,1.0,265.0,0.5672955974842766,0.5543617771695974,0.2449147291672605,1.0,0.7733166035765229,0.0,52.0,0.0,6515.025000000009,2100.200000000007,0.0,independent_greedy,survey,21250794,3
0.0,0.3333333333333333,300.0,0.29666666666666663,0.8407480335675654,0.6796287506617024,0.6666666666666669,0.800406306599715,0.0,59.0,0.0,8276.368742834899,2952.8824917451498,0.0,communication_aware,survey,21250794,3
0.0,1.0,295.0,0.2757062146892655,0.7813996936525668,0.5269497959358264,0.3444444444444445,0.8546506668114875,0.0,46.0,0.0,9223.78998392852,2177.702638862312,322.0,haco_safemarl_pilot_no_acoustic,survey,21250794,3
0.0,1.0,259.0,0.2612612612612612,0.7770949262878775,0.5238733252378558,0.5384615384615384,0.8363566208830143,0.0,51.0,0.0,8287.212057900648,1926.9013898046883,0.0,haco_safemarl_pilot_no_shield,survey,21250794,3
0.0,0.3333333333333333,300.0,0.2877777777777777,0.8311596664299532,0.7340403953918425,0.6666666666666669,0.8693631074276059,0.0,44.0,0.0,9344.688384948759,2936.0437433366687,375.0,haco_safemarl_pilot,survey,21250794,3
0.0,0.0,300.0,0.0,0.8942834729273664,0.8399944004063186,0.0,0.9999999998888889,0.0,0.0,0.0,657.1883384968024,390.5481402840519,173.0,haco_safemarl_mappo,survey,21250794,3
0.0,1.0,123.0,0.0,0.9378072481458054,0.9198179400282352,0.0,0.9999999998888889,0.0,85.0,0.0,2279.8050000000017,1094.8815196958924,0.0,fixed_auv_ga_pso_tlbo_proxy,survey,21260801,3
0.0,1.0,94.0,0.0,0.9263140673774817,0.9031673801261378,0.0,0.9999999998888889,0.0,65.0,0.0,2310.9900000000025,794.7999999999996,0.0,independent_greedy,survey,21260801,3
0.0,1.0,106.0,0.0,0.9378073220132673,0.9198018382892429,0.0,0.9999999998888889,0.0,73.0,0.0,3007.75,1176.574513167444,0.0,communication_aware,survey,21260801,3
1.0,1.0,136.0,0.0,0.9403646722939761,0.9121883470559782,0.0,0.9999999998888889,0.0,0.0,0.0,3095.1761013051464,966.5093861938735,193.0,haco_safemarl_pilot_no_acoustic,survey,21260801,3
0.0,1.0,91.0,0.0,0.9335840154984228,0.8924354758578968,0.0,0.9999999998888889,0.0,70.0,0.0,2888.1311213676863,638.970525638688,0.0,haco_safemarl_pilot_no_shield,survey,21260801,3
1.0,1.0,136.0,0.0,0.9403942835665294,0.9122592566716256,0.0,0.9999999998888889,0.0,0.0,0.0,2932.4726312875437,928.5676681672469,197.0,haco_safemarl_pilot,survey,21260801,3
0.0,0.0,300.0,0.0,0.9183381928421632,0.8695381972382017,0.0,0.9999999998888889,0.0,0.0,0.0,960.688653513976,408.132865605704,130.0,haco_safemarl_mappo,survey,21260801,3
0.0,0.6666666666666666,300.0,0.09,0.9211274214697623,0.882839492270864,0.6666666666666669,0.9951308743068887,0.0,55.0,0.0,5560.499999999976,2499.2337305605665,0.0,fixed_auv_ga_pso_tlbo_proxy,survey,21270808,3
0.0,1.0,258.0,0.4276485788113694,0.7682917669974805,0.6027154157004067,0.6666666666666667,0.7793132475910692,0.0,42.0,0.0,6342.9300000000085,2424.800000000007,0.0,independent_greedy,survey,21270808,3
0.0,0.6666666666666666,300.0,0.1655555555555555,0.9078122575867441,0.8636664046865234,0.6666666666666669,0.9806956317594194,0.0,48.0,0.0,8424.097055489621,3203.124792703804,0.0,communication_aware,survey,21270808,3
1.0,1.0,253.0,0.09354413702239786,0.8933338384961158,0.8296926866056001,0.33333333333333337,0.9866143076767585,0.0,0.0,0.0,5691.280760207688,1369.21523239121,293.0,haco_safemarl_pilot_no_acoustic,survey,21270808,3
0.0,1.0,251.0,0.09163346613545816,0.8779046185235952,0.7907865951947654,0.33333333333333337,0.9854288565463085,0.0,41.0,0.0,7970.8060373210565,1967.3249532421337,0.0,haco_safemarl_pilot_no_shield,survey,21270808,3
1.0,1.0,252.0,0.08730158730158728,0.8972806799634696,0.8394099111183542,0.33333333333333337,0.9857510216475994,0.0,0.0,0.0,5635.548093180355,1387.8331691673288,289.0,haco_safemarl_pilot,survey,21270808,3
0.0,0.0,300.0,0.0,0.9115072290689891,0.8783239740325474,0.0,0.9999999998888889,0.0,0.0,0.0,425.2779552295427,191.51848670226434,65.0,haco_safemarl_mappo,survey,21270808,3
0.0,0.6666666666666666,300.0,0.29,0.7740483370331281,0.6081513996253893,0.6666666666666669,0.9187417730766325,0.0,48.0,0.0,5560.499999999976,2761.4815554684506,0.0,fixed_auv_ga_pso_tlbo_proxy,survey,21280815,3
0.0,1.0,231.0,0.3131313131313133,0.7532827872874059,0.6143568811285277,0.6666666666666666,0.9019242556221881,0.0,37.0,0.0,5679.1350000000075,2460.400000000009,0.0,independent_greedy,survey,21280815,3
0.0,0.6666666666666666,300.0,0.34444444444444444,0.8266835323873366,0.7323908268654321,0.6666666666666669,0.8767952765421081,0.0,42.0,0.0,8206.263783362285,3449.9640542822544,0.0,communication_aware,survey,21280815,3
0.0,0.6666666666666666,300.0,0.31888888888888883,0.7886539160531918,0.6430525266256648,0.6666666666666669,0.8985067487276502,0.0,0.0,0.0,9265.612348318686,2918.9007192727486,373.0,haco_safemarl_pilot_no_acoustic,survey,21280815,3
0.0,1.0,254.0,0.31102362204724404,0.782073873264827,0.6013882550931993,0.6666666666666667,0.9402535996211306,0.0,36.0,0.0,7927.765784257002,2097.122474863418,0.0,haco_safemarl_pilot_no_shield,survey,21280815,3
0.0,0.3333333333333333,300.0,0.33444444444444443,0.8409559779119337,0.7719650578642684,0.6666666666666669,0.8878949176820995,0.0,0.0,0.0,9137.502217815208,3349.612572609088,387.0,haco_safemarl_pilot,survey,21280815,3
0.0,0.0,300.0,0.07777777777777777,0.9000089270359166,0.8417871675088389,0.3333333333333334,0.9859739514974413,0.0,0.0,0.0,688.722344407673,349.85575900430035,299.0,haco_safemarl_mappo,survey,21280815,3
0.0,0.6666666666666666,300.0,0.07,0.9141833739235129,0.8851137025894872,0.5777777777777777,0.9964073132511588,0.0,0.0,0.19,5560.499999999976,2471.2098959919617,0.0,fixed_auv_ga_pso_tlbo_proxy,survey,21290822,3
0.0,1.0,260.0,0.36025641025641014,0.770179066987453,0.49041469542722615,0.6666666666666667,0.7058751823568278,0.03076923076923077,0.0,0.3923076923076923,6392.100000000009,2516.6000000000045,0.0,independent_greedy,survey,21290822,3
0.0,0.6666666666666666,300.0,0.15666666666666665,0.9007100846633231,0.8650820437405476,0.6666666666666669,0.9829140325570731,0.0,0.0,0.25333333333333335,8426.100113049082,3282.5487788674227,0.0,communication_aware,survey,21290822,3
0.0,1.0,253.0,0.13833992094861658,0.8540943488616307,0.6742496425569907,0.33333333333333337,0.9509745066081678,0.09090909090909091,0.0,0.1541501976284585,7169.708496593473,1627.709186371005,290.0,haco_safemarl_pilot_no_acoustic,survey,21290822,3
0.0,1.0,253.0,0.20553359683794462,0.8243427742452283,0.6040314170439164,0.6666666666666667,0.9588010535439375,0.08695652173913043,0.0,0.17786561264822134,8019.368281720169,1903.499006891263,0.0,haco_safemarl_pilot_no_shield,survey,21290822,3
0.0,1.0,253.0,0.12779973649538862,0.8631035726066393,0.7017047498168195,0.33333333333333337,0.9588283426288476,0.08695652173913043,0.0,0.1422924901185771,7232.264008912078,1582.1602293327305,287.0,haco_safemarl_pilot,survey,21290822,3
0.0,0.0,300.0,0.0,0.8809551698911405,0.8479139117549285,0.0,0.9999999998888889,0.0,0.0,0.0,338.5840259271502,203.36343466520026,95.0,haco_safemarl_mappo,survey,21290822,3
0.0,0.6666666666666666,300.0,0.47888888888888886,0.5800512383927271,0.3788871190537968,0.6666666666666669,0.7031034734250747,0.0,0.0,0.12,5560.499999999976,2561.4973359484893,0.0,fixed_auv_ga_pso_tlbo_proxy,survey,21300829,3
1.0,1.0,235.0,0.5858156028368795,0.5171671000841653,0.2586797818533113,0.7777777777777777,0.5413999794911433,0.0,0.0,0.42127659574468085,5777.475000000008,2037.6000000000038,0.0,independent_greedy,survey,21300829,3
0.0,0.0,300.0,0.5666666666666667,0.6968589266471071,0.5736639958697585,1.0,0.7187615183083892,0.0,0.0,0.03666666666666667,8007.587218284619,2964.2355493430555,0.0,communication_aware,survey,21300829,3
0.0,0.6666666666666666,300.0,0.5277777777777777,0.5990381044155328,0.3784042719389009,0.8666666666666667,0.670016284185941,0.0,0.0,0.10666666666666667,9209.930382781518,2770.2308998577128,549.0,haco_safemarl_pilot_no_acoustic,survey,21300829,3
0.0,0.3333333333333333,300.0,0.61,0.5659799348960346,0.38661292240901807,1.0,0.6856956801427446,0.0,0.0,0.0,9099.552031206204,3001.5775903941353,0.0,haco_safemarl_pilot_no_shield,survey,21300829,3
0.0,0.3333333333333333,300.0,0.5222222222222221,0.7513510910348362,0.6476006757958961,0.9,0.6899820132171359,0.0,0.0,0.05,9056.38943495435,3003.9774918912776,529.0,haco_safemarl_pilot,survey,21300829,3
0.0,0.0,300.0,0.0,0.8736283770582312,0.8438611911467312,0.0,0.9999999998888889,0.0,0.0,0.44666666666666666,287.22916965160636,392.81342712606016,448.0,haco_safemarl_mappo,survey,21300829,3
0.0,1.0,97.0,0.16151202749140892,0.8655800240309739,0.7390090118507764,0.33333333333333337,0.9309190979648025,0.0,58.0,0.0,1797.8950000000027,790.8654219204612,0.0,fixed_auv_ga_pso_tlbo_proxy,survey,21310836,3
0.0,1.0,74.0,0.1801801801801802,0.862187569683654,0.7324478276070371,0.3333333333333333,0.9119039751956397,0.0,45.0,0.0,1819.2900000000018,655.6000000000001,0.0,independent_greedy,survey,21310836,3
0.0,1.0,170.0,0.2882352941176471,0.8166794009437284,0.7266057620545872,0.7450980392156863,0.8316072475147934,0.0,50.0,0.0,4702.446983540507,2194.130791705477,0.0,communication_aware,survey,21310836,3
0.0,1.0,87.0,0.20689655172413793,0.8636556755298074,0.8579265112973494,0.6666666666666666,0.9998599928230557,0.0,28.0,0.0,2767.3928183999037,558.4930952743085,152.0,haco_safemarl_pilot_no_acoustic,survey,21310836,3
0.0,1.0,74.0,0.18018018018018017,0.8679288917911233,0.8458593288207099,0.6666666666666666,0.9997585414259726,0.0,43.0,0.0,2363.6796805546087,555.0124569832176,0.0,haco_safemarl_pilot_no_shield,survey,21310836,3
0.0,1.0,86.0,0.1589147286821705,0.8617613248959303,0.8544189016818549,0.6666666666666666,0.9848988724920142,0.0,28.0,0.0,2757.6916670186465,576.9370487831117,148.0,haco_safemarl_pilot,survey,21310836,3
0.0,0.0,300.0,0.16888888888888887,0.8616062118088013,0.7580626741334202,0.3333333333333334,0.9237129195341446,0.0,26.0,0.5033333333333333,643.0073750770827,512.5173625191802,451.0,haco_safemarl_mappo,survey,21310836,3
1.0,1.0,230.0,0.2695652173913044,0.7963934551796119,0.5211480296375519,0.3333333333333332,0.7859211404371944,0.0,0.0,0.0,4263.0499999999865,2467.9877268181012,0.0,fixed_auv_ga_pso_tlbo_proxy,survey,21320843,3
1.0,1.0,176.0,0.3181818181818182,0.7320669110206404,0.31271120734204155,0.33333333333333326,0.6965944271286029,0.0,0.0,0.0,4326.9600000000055,2124.1999999999966,0.0,independent_greedy,survey,21320843,3
1.0,1.0,226.0,0.33775811209439527,0.8031946205574657,0.6512993535597064,0.6666666666666664,0.7875808182821508,0.0,0.0,0.0,6219.115840070866,2679.5700299194577,0.0,communication_aware,survey,21320843,3
1.0,1.0,171.0,0.27485380116959063,0.8518860325204763,0.6313834548659399,0.33333333333333326,0.7768010506959774,0.0,0.0,0.0,5402.545961155652,1467.0694823640779,163.0,haco_safemarl_pilot_no_acoustic,survey,21320843,3
1.0,1.0,171.0,0.2807017543859649,0.8146700547996891,0.5187715241533564,0.33333333333333326,0.766529867634876,0.0,0.0,0.0,5320.889974979378,1448.6936369858681,0.0,haco_safemarl_pilot_no_shield,survey,21320843,3
1.0,1.0,171.0,0.2417153996101364,0.8606821326558414,0.6709276036189876,0.33333333333333326,0.831100712218164,0.0,0.0,0.0,5411.720873774694,1343.3562143170248,163.0,haco_safemarl_pilot,survey,21320843,3
0.0,0.0,300.0,0.0,0.8761441459498658,0.8542704814171155,0.0,0.9999999998888889,0.0,0.0,0.0,496.72897929622536,222.54968568229134,238.0,haco_safemarl_mappo,survey,21320843,3
0.0,0.6666666666666666,300.0,0.19666666666666663,0.8388321849834275,0.7155987722176504,0.6666666666666669,0.952621248661473,0.0,0.0,0.0,5560.499999999976,2710.6827912199965,0.0,fixed_auv_ga_pso_tlbo_proxy,survey,21330850,3
0.0,0.6666666666666666,300.0,0.6322222222222222,0.6356619271826968,0.40362505663990356,1.0,0.6848632594990609,0.0,0.0,0.0,7375.50000000001,3253.600000000016,0.0,independent_greedy,survey,21330850,3
0.0,0.6666666666666666,300.0,0.31999999999999995,0.846377602854904,0.7930899295202467,1.0,0.9607831063471687,0.0,0.0,0.0,8273.71014445846,3256.260984463882,0.0,communication_aware,survey,21330850,3
0.0,0.6666666666666666,300.0,0.22222222222222218,0.7966261831746285,0.6294812516847066,0.6666666666666669,0.9300489318032992,0.0,0.0,0.0,8963.881758284366,2079.9969225553236,280.0,haco_safemarl_pilot_no_acoustic,survey,21330850,3
0.0,0.6666666666666666,300.0,0.2933333333333333,0.7402867093054931,0.5415709400792604,0.6666666666666669,0.9255227136656163,0.0,0.0,0.0,9456.787202376956,2245.3851729876087,0.0,haco_safemarl_pilot_no_shield,survey,21330850,3
0.0,0.6666666666666666,300.0,0.19333333333333333,0.8507966816352137,0.7793354486709518,0.6666666666666669,0.9431102043679568,0.0,0.0,0.0,8426.695480214532,2339.9483942237025,316.0,haco_safemarl_pilot,survey,21330850,3
0.0,0.0,300.0,0.13555555555555554,0.9181561928433973,0.8426924739395214,0.3333333333333334,0.9531250982820598,0.0,0.0,0.0,180.64286967485432,9.853295374859083,176.0,haco_safemarl_mappo,survey,21330850,3
1.0,1.0,258.0,0.42377260981912135,0.6855651103631579,0.35601675658522447,1.0,0.8569459161258228,0.0,0.0,0.0,4782.0299999999825,2170.198134740563,0.0,fixed_auv_ga_pso_tlbo_proxy,survey,21340857,3
1.0,1.0,197.0,0.5617597292724197,0.6127072879716269,0.27101409246847974,1.0,0.7823495792034078,0.0,0.0,0.0,4843.245000000006,1808.6000000000006,0.0,independent_greedy,survey,21340857,3
0.0,0.6666666666666666,300.0,0.6455555555555555,0.6926926014087638,0.5420375501530114,1.0,0.8982901222527115,0.0,0.0,0.0,7970.623424129632,3049.67899402483,0.0,communication_aware,survey,21340857,3
1.0,1.0,261.0,0.47637292464878667,0.6557535630159813,0.5421966617683571,0.9135802469135802,0.9876499684652371,0.0,0.0,0.0,7113.515594694547,1542.3223178313158,474.0,haco_safemarl_pilot_no_acoustic,survey,21340857,3
1.0,1.0,250.0,0.6146666666666666,0.6057669939547969,0.5170739190062617,1.0,0.9976826128847261,0.0,0.0,0.0,7762.113312803707,1973.5358182620516,0.0,haco_safemarl_pilot_no_shield,survey,21340857,3
0.0,0.3333333333333333,300.0,0.4777777777777777,0.7727723243620421,0.6928323801760967,0.8333333333333334,0.7500899834039346,0.0,0.0,0.0,7594.335898945006,2605.558714927045,594.0,haco_safemarl_pilot,survey,21340857,3
0.0,0.0,300.0,0.0,0.8635594177474675,0.8596069159571504,0.0,0.9999999998888889,0.0,0.0,0.0,408.2057027749879,342.4649296331891,229.0,haco_safemarl_mappo,survey,21340857,3
0.0,1.0,265.0,0.21383647798742134,0.8472177535495117,0.7116491845632653,0.6666666666666669,0.9532577314431865,0.0,87.0,0.0,4911.774999999981,2476.578732637434,0.0,fixed_auv_ga_pso_tlbo_proxy,survey,21350864,3
0.0,1.0,202.0,0.18646864686468642,0.832458148099408,0.7280146585491877,0.6666666666666665,0.965572174723798,0.0,66.0,0.0,4966.170000000006,1953.2000000000046,0.0,independent_greedy,survey,21350864,3
0.0,0.3333333333333333,300.0,0.32222222222222213,0.8477613207812906,0.7636224184863596,0.6666666666666669,0.8927628862072843,0.0,145.0,0.0,8235.460169862286,3413.9678912245013,0.0,communication_aware,survey,21350864,3
1.0,1.0,261.0,0.20689655172413796,0.8610767497930196,0.7522272784938681,0.6666666666666669,0.9558179477748832,0.0,0.0,0.0,8102.600535444528,2241.133834755147,239.0,haco_safemarl_pilot_no_acoustic,survey,21350864,3
0.0,1.0,211.0,0.21642969984202215,0.8575701271896415,0.7760682357772253,0.6666666666666665,0.9619845308760194,0.0,76.0,0.0,6629.460701429674,1729.8530903843582,0.0,haco_safemarl_pilot_no_shield,survey,21350864,3
0.0,0.3333333333333333,300.0,0.30111111111111105,0.8556948173291552,0.7975571865802835,0.6666666666666669,0.9143561688788462,0.0,0.0,0.0,9092.86536534611,3022.7836152221216,341.0,haco_safemarl_pilot,survey,21350864,3
0.0,0.0,300.0,0.0,0.9272325162007893,0.8863216253059195,0.0,0.9999999998888889,0.0,0.0,0.0,393.0437314281273,307.5382700934123,196.0,haco_safemarl_mappo,survey,21350864,3
0.0,1.0,269.0,0.5452292441140024,0.6465183813836738,0.42062683192215133,1.0,0.7608129554656295,0.0,64.0,0.0,4985.914999999981,2068.7280349115017,0.0,fixed_auv_ga_pso_tlbo_proxy,survey,21360871,3
0.0,1.0,206.0,0.43365695792880254,0.6127155954173877,0.12906875625739936,0.9682539682539681,0.7184666453737267,0.0,48.0,0.0,5064.510000000007,1677.200000000102,0.0,independent_greedy,survey,21360871,3
0.0,0.0,300.0,0.6744444444444444,0.7109784536759534,0.6187616817619057,1.0,0.8154892510577828,0.0,28.0,0.0,7942.802988282785,2895.3306185395754,0.0,communication_aware,survey,21360871,3
1.0,1.0,257.0,0.3826199740596628,0.7100075068555685,0.39286952397644337,1.0,0.7962271840492056,0.0,0.0,0.0,7978.588611899312,2431.152354045449,445.0,haco_safemarl_pilot_no_acoustic,survey,21360871,3
0.0,1.0,273.0,0.6947496947496947,0.5593068880993105,0.432174231483861,1.0,0.7999897593679127,0.0,48.0,0.0,8362.493376651026,2459.598129454597,0.0,haco_safemarl_pilot_no_shield,survey,21360871,3
0.0,0.0,300.0,0.5633333333333334,0.7485502759820568,0.6298293601851003,1.0,0.873703860395229,0.0,0.0,0.0,9010.834579540733,3142.190061513457,651.0,haco_safemarl_pilot,survey,21360871,3
0.0,0.0,300.0,0.0,0.8753890448297669,0.8414167740859022,0.0,0.9999999998888889,0.0,0.0,0.0,781.1628116071932,352.56997781255313,309.0,haco_safemarl_mappo,survey,21360871,3
0.0,1.0,287.0,0.20209059233449475,0.8026129229957195,0.5216672893529211,0.3333333333333334,0.8862918080732911,0.0,135.0,0.30313588850174217,5319.544999999978,2710.6870413338447,0.0,fixed_auv_ga_pso_tlbo_proxy,survey,21370878,3
0.0,1.0,219.0,0.2785388127853881,0.7381952897833391,0.32650761348510765,0.33333333333333326,0.7732463293992825,0.0,103.0,0.0867579908675799,5384.115000000007,2252.5999999999995,0.0,independent_greedy,survey,21370878,3
0.0,0.6666666666666666,300.0,0.3322222222222222,0.791083715385597,0.6312351522686105,0.6666666666666669,0.8575461236572883,0.0,117.0,0.26666666666666666,8220.705165122949,3335.3944632008884,0.0,communication_aware,survey,21370878,3
0.0,1.0,276.0,0.2173913043478261,0.8516323976259471,0.6698895514736354,0.6666666666666669,0.9159609971647269,0.0,32.0,0.13043478260869565,2963.650411807848,1093.0720704839978,756.0,haco_safemarl_pilot_no_acoustic,survey,21370878,3
0.0,1.0,213.0,0.21439749608763695,0.8109100933883844,0.5060443074898077,0.33333333333333326,0.8703538690777602,0.0,100.0,0.29107981220657275,6744.286397623108,1683.894164527154,0.0,haco_safemarl_pilot_no_shield,survey,21370878,3
0.0,0.3333333333333333,300.0,0.25666666666666665,0.8714500449312499,0.7574067271175352,0.6666666666666669,0.9131009576926093,0.0,32.0,0.12,2798.9240661410367,1316.4170058186182,880.0,haco_safemarl_pilot,survey,21370878,3
0.0,0.0,300.0,0.03222222222222222,0.8898253347187627,0.8338577294837868,0.32222222222222224,0.9977877821796777,0.0,20.0,0.32,572.1192987982241,330.4026008461369,270.0,haco_safemarl_mappo,survey,21370878,3
0.0,0.6666666666666666,300.0,0.3155555555555556,0.7279708072745102,0.5235570547503905,0.6666666666666669,0.8959280716999496,0.0,62.0,0.0,5560.499999999976,2651.0377049939916,0.0,fixed_auv_ga_pso_tlbo_proxy,survey,21380885,3
0.0,1.0,260.0,0.37307692307692303,0.657878121680033,0.500514900642988,0.6666666666666667,0.8482626507836515,0.0,46.0,0.0,6392.100000000009,2704.2000000000103,0.0,independent_greedy,survey,21380885,3
0.0,0.3333333333333333,300.0,0.36999999999999994,0.7797478337937007,0.6635733740135171,0.6666666666666669,0.8487687809352111,0.0,141.0,0.0,8178.98927663945,3299.5573405868704,0.0,communication_aware,survey,21380885,3
0.0,0.6666666666666666,300.0,0.3688888888888888,0.7491193359300374,0.5811614058114128,0.6666666666666669,0.8893446461905443,0.0,9.0,0.0,9136.732227466437,2829.2789858780916,429.0,haco_safemarl_pilot_no_acoustic,survey,21380885,3
0.0,0.3333333333333333,300.0,0.41777777777777775,0.6799159024447687,0.5457277315288394,0.6666666666666669,0.7943804099213816,0.0,57.0,0.0,9147.078848633482,3027.1560181414793,0.0,haco_safemarl_pilot_no_shield,survey,21380885,3
0.0,0.3333333333333333,300.0,0.38,0.8158673368479737,0.736736569919739,0.6666666666666669,0.8392063002314455,0.0,9.0,0.0,9103.546278496107,3202.05823425028,400.0,haco_safemarl_pilot,survey,21380885,3
0.0,0.0,300.0,0.04555555555555556,0.9127433218953742,0.8585303805490774,0.3333333333333334,0.9954643752594067,0.0,9.0,0.0,600.1209264996658,355.6839559142997,272.0,haco_safemarl_mappo,survey,21380885,3
1.0,1.0,217.0,0.46236559139784944,0.6300835374779431,0.36145102541729224,0.6666666666666665,0.7146941107241792,0.0,0.0,0.0,4022.0949999999884,1832.601717285033,0.0,fixed_auv_ga_pso_tlbo_proxy,survey,21390892,3
1.0,1.0,166.0,0.46787148594377503,0.6278692157038513,0.3193595638894462,0.6666666666666666,0.6934364228741858,0.0,0.0,0.0,4081.110000000005,1565.4000000000024,0.0,independent_greedy,survey,21390892,3
0.0,0.3333333333333333,300.0,0.5411111111111111,0.6794034984038151,0.5045479055281908,0.6666666666666669,0.5861658949838484,0.0,0.0,0.0,8020.2281772844335,3428.065854530013,0.0,communication_aware,survey,21390892,3
1.0,1.0,294.0,0.5306122448979592,0.593169332378821,0.3689787522191638,0.6666666666666669,0.6021120079110928,0.0,0.0,0.0,8788.332760481995,2847.2693301955464,493.0,haco_safemarl_pilot_no_acoustic,survey,21390892,3
0.0,0.3333333333333333,300.0,0.5622222222222222,0.5728277702800222,0.3600176995716572,0.6666666666666669,0.5466441296950563,0.0,0.0,0.0,8905.158563470843,3124.023448553125,0.0,haco_safemarl_pilot_no_shield,survey,21390892,3
0.0,0.3333333333333333,300.0,0.5322222222222222,0.7559395912963764,0.6358225275218546,0.6666666666666669,0.6032729857681796,0.0,0.0,0.0,8815.355812522215,3150.809512369832,513.0,haco_safemarl_pilot,survey,21390892,3
0.0,0.0,300.0,0.15888888888888886,0.8546575571439197,0.8046977833649925,0.3333333333333334,0.9333851291984412,0.0,0.0,0.0,469.95269840398254,143.47742682891794,326.0,haco_safemarl_mappo,survey,21390892,3
0.0,1.0,242.0,0.10881542699724518,0.8988724155058264,0.7886510177668287,0.38666666666666666,0.9751171115697586,0.0,237.0,0.0,4485.469999999985,1722.5324702778078,0.0,fixed_auv_ga_pso_tlbo_proxy,survey,21400899,3
0.0,1.0,185.0,0.18738738738738736,0.8528521432301129,0.7628451017992832,0.33333333333333326,0.9700867539778548,0.0,182.0,0.0,4548.225000000006,1391.8000000000027,0.0,independent_greedy,survey,21400899,3
0.0,0.6666666666666666,300.0,0.27999999999999997,0.8588577941680602,0.7534396377275815,0.6666666666666669,0.9194266719157168,0.0,206.0,0.0,8275.30501676807,3339.4103036515908,0.0,communication_aware,survey,21400899,3
0.0,1.0,271.0,0.1611316113161131,0.894206462964611,0.8150730242877837,0.6666666666666669,0.9664592967901791,0.0,3.0,0.0,5972.406026996254,2184.14219744765,575.0,haco_safemarl_pilot_no_acoustic,survey,21400899,3
0.0,1.0,185.0,0.14594594594594593,0.9021426596980755,0.8434303361245147,0.6666666666666665,0.9815722560067353,0.0,178.0,0.0,5943.37295197261,1669.3326169178881,0.0,haco_safemarl_pilot_no_shield,survey,21400899,3
0.0,0.3333333333333333,300.0,0.17666666666666664,0.8901648629517472,0.8266542294591722,0.6666666666666669,0.9743096994499464,0.0,3.0,0.0,6776.476518812862,2524.8525422712805,636.0,haco_safemarl_pilot,survey,21400899,3
0.0,0.0,300.0,0.0,0.8992918763155086,0.8469002478122121,0.0,0.9999999998888889,0.0,3.0,0.0,1395.8851617553746,571.9705456365489,343.0,haco_safemarl_mappo,survey,21400899,3
0.0,1.0,283.0,0.607773851590106,0.49302798692529687,0.19074650678714739,0.7816091954022988,0.4838025678601621,0.0,36.0,0.0,5245.404999999979,2620.895867425878,0.0,fixed_auv_ga_pso_tlbo_proxy,survey,21410906,3
0.0,1.0,217.0,0.4608294930875576,0.5630594931327769,0.07227476444944766,0.6818181818181817,0.6509375642312076,0.0,28.0,0.0,5334.945000000007,2025.4000000000035,0.0,independent_greedy,survey,21410906,3
0.0,0.0,300.0,0.8,0.5872813643385745,0.40592882693647886,1.0,0.5880431222018244,0.0,32.0,0.0,7790.59569424773,2956.322282494022,0.0,communication_aware,survey,21410906,3
0.0,1.0,279.0,0.5113500597371565,0.6117103692049362,0.15773125587789857,1.0,0.6531990079820159,0.0,5.0,0.0,8512.762487200216,2530.9155307619244,529.0,haco_safemarl_pilot_no_acoustic,survey,21410906,3
0.0,0.3333333333333333,300.0,0.7855555555555556,0.4534390327075994,0.21225487651398894,1.0,0.5556152197907941,0.0,31.0,0.0,8956.249332105635,2868.8569176784968,0.0,haco_safemarl_pilot_no_shield,survey,21410906,3
0.0,0.0,300.0,0.6711111111111111,0.6983359992342116,0.5005194415647406,1.0,0.609994847634268,0.0,5.0,0.0,8877.781898179894,3091.260517921256,714.0,haco_safemarl_pilot,survey,21410906,3
0.0,0.0,300.0,0.0,0.8523071771117525,0.8305046941594623,0.0,0.9999999998888889,0.0,6.0,0.0,328.485723085601,484.36017920041485,497.0,haco_safemarl_mappo,survey,21410906,3
0.0,1.0,273.0,0.663003663003663,0.5527176761231591,0.3735639528863076,1.0,0.9092601868298806,0.0,37.0,0.0,5060.05499999998,2485.691869581122,0.0,fixed_auv_ga_pso_tlbo_proxy,survey,21420913,3
0.0,1.0,209.0,0.6714513556618819,0.5284332074328699,0.48203397933493314,1.0,0.9719206623046478,0.0,28.0,0.0,5138.265000000007,2200.800000000008,0.0,independent_greedy,survey,21420913,3
0.0,0.3333333333333333,300.0,0.7333333333333333,0.6827762409176629,0.6149244981689594,1.0,0.9100388649492294,0.0,32.0,0.0,7903.990110298727,3204.082290791023,0.0,communication_aware,survey,21420913,3
0.0,0.6666666666666666,300.0,0.508888888888889,0.6610866891533586,0.517735226418849,0.8,0.7992897526739162,0.0,17.0,0.0,8100.097865441038,2564.9524611452616,628.0,haco_safemarl_pilot_no_acoustic,survey,21420913,3
0.0,0.3333333333333333,300.0,0.6644444444444444,0.5650991578309461,0.444827538788962,1.0,0.8487724972882396,0.0,28.0,0.0,8990.059710875747,2995.2960963135693,0.0,haco_safemarl_pilot_no_shield,survey,21420913,3
0.0,0.3333333333333333,300.0,0.4644444444444444,0.7659816684552471,0.6906818411077034,0.7333333333333333,0.8600196933515396,0.0,17.0,0.0,8291.804422595054,2828.507332254627,629.0,haco_safemarl_pilot,survey,21420913,3
0.0,0.0,300.0,0.0,0.8524903331418603,0.8358157319936763,0.0,0.9999999998888889,0.0,29.0,0.0,525.2025446906325,196.76029524438331,507.0,haco_safemarl_mappo,survey,21420913,3
0.0,0.6666666666666666,300.0,0.2877777777777777,0.7775416982589882,0.6620478374473797,0.6666666666666669,0.9164843202724742,0.0,0.0,0.0,5560.499999999976,3420.743166819237,0.0,fixed_auv_ga_pso_tlbo_proxy,survey,21430920,3
1.0,1.0,258.0,0.7286821705426356,0.6614634078610581,0.5393279651022789,1.0,0.7042253513641203,0.0,0.0,0.45348837209302323,6342.9300000000085,3425.800000000012,0.0,independent_greedy,survey,21430920,3
0.0,0.6666666666666666,300.0,0.3111111111111111,0.8191744495915274,0.7763256076309089,0.6666666666666669,0.8960372958493158,0.0,0.0,0.0,8308.526232945402,4127.037590653945,0.0,communication_aware,survey,21430920,3
1.0,1.0,254.0,0.20603674540682412,0.8419311693643794,0.7508225750582581,0.6666666666666667,0.9353526369256467,0.0,0.0,0.1889763779527559,6770.975007587568,1918.0094292763008,403.0,haco_safemarl_pilot_no_acoustic,survey,21430920,3
1.0,1.0,251.0,0.447543160690571,0.7330947501036476,0.5426369363399051,0.6666666666666667,0.7528167112667231,0.0,0.0,0.18725099601593626,7746.6167612487625,1983.226086424402,0.0,haco_safemarl_pilot_no_shield,survey,21430920,3
1.0,1.0,254.0,0.17847769028871388,0.8500994784856787,0.7747920043260959,0.6666666666666667,0.9583663485893128,0.0,0.0,0.1889763779527559,6732.412802038075,1884.2707566658805,387.0,haco_safemarl_pilot,survey,21430920,3
0.0,0.0,300.0,0.051111111111111114,0.8701808198648231,0.8436535214427143,0.3333333333333334,0.9942307795952264,0.0,0.0,0.0,366.91044382982557,118.04523392074195,341.0,haco_safemarl_mappo,survey,21430920,3
0.0,1.0,293.0,0.3333333333333333,0.7069488588051869,0.46074219658110444,0.7555555555555554,0.8742750355797533,0.0,87.0,0.0,5430.754999999977,2768.426744364752,0.0,fixed_auv_ga_pso_tlbo_proxy,survey,21440927,3
0.0,1.0,224.0,0.36458333333333337,0.6558087916413196,0.2710859785471636,0.6666666666666664,0.7285495657106494,0.0,67.0,0.0,5507.040000000007,2271.600000000008,0.0,independent_greedy,survey,21440927,3
0.0,0.3333333333333333,300.0,0.4877777777777777,0.7694575195826726,0.6807974068044733,1.0,0.8986126787814107,0.0,77.0,0.0,8195.256876047,3576.413612816611,0.0,communication_aware,survey,21440927,3
0.0,0.3333333333333333,300.0,0.39,0.7384379276405304,0.6222635847990068,0.6666666666666669,0.9033096265354628,0.0,0.0,0.0,9157.348499127971,3160.6367986750547,456.0,haco_safemarl_pilot_no_acoustic,survey,21440927,3
0.0,0.3333333333333333,300.0,0.4377777777777777,0.6830619154977056,0.5657442793959566,0.6666666666666669,0.8645366934844431,0.0,166.0,0.0,9063.259929411088,2890.8806999469753,0.0,haco_safemarl_pilot_no_shield,survey,21440927,3
0.0,0.3333333333333333,300.0,0.3733333333333333,0.8071832312909408,0.7461936111274746,0.6666666666666669,0.916724304645337,0.0,0.0,0.0,9087.631174336264,3177.1756734400915,459.0,haco_safemarl_pilot,survey,21440927,3
0.0,0.0,300.0,0.049999999999999996,0.8644908944229618,0.8326945355594316,0.3333333333333334,0.9944903580049599,0.0,0.0,0.0,727.9530547428917,308.79814451328804,438.0,haco_safemarl_mappo,survey,21440927,3
1.0,1.0,257.0,0.19974059662775617,0.8691553029030202,0.7527296852766999,0.6025641025641024,0.925433254665286,0.0,0.0,0.0,4763.494999999983,2722.8607741867872,0.0,fixed_auv_ga_pso_tlbo_proxy,survey,21450934,3
1.0,1.0,197.0,0.31641285956006765,0.7793369302686686,0.47995895601048544,0.4666666666666666,0.7268193192605734,0.0,0.0,0.0,4843.245000000006,2279.399999999999,0.0,independent_greedy,survey,21450934,3
1.0,1.0,283.0,0.3109540636042402,0.8511593975649957,0.7533711581780839,0.6666666666666669,0.891190050047331,0.0,0.0,0.0,7819.737995116462,3476.0934184570747,0.0,communication_aware,survey,21450934,3
1.0,1.0,193.0,0.16407599309153711,0.8840928388077186,0.7388388800402396,0.33333333333333326,0.928459885874358,0.0,0.0,0.0,6114.200193969242,1590.4556714515643,139.0,haco_safemarl_pilot_no_acoustic,survey,21450934,3
1.0,1.0,191.0,0.24607329842931944,0.8049439010280345,0.5002695827965193,0.33333333333333326,0.8243619303752282,0.0,0.0,0.0,5931.479159246458,1574.6212704504355,0.0,haco_safemarl_pilot_no_shield,survey,21450934,3
1.0,1.0,193.0,0.14335060449050085,0.8900570025228216,0.7570573125265587,0.33333333333333326,0.9469656726665223,0.0,0.0,0.0,6120.921226853571,1609.885293839439,128.0,haco_safemarl_pilot,survey,21450934,3
0.0,0.0,300.0,0.0,0.8556296604759546,0.8193645974444094,0.0,0.9999999998888889,0.0,0.0,0.0,414.64743678651496,351.7491137257381,463.0,haco_safemarl_mappo,survey,21450934,3
0.0,0.3333333333333333,300.0,0.29888888888888887,0.7544842839465693,0.6327365851172919,0.6666666666666669,0.9119102748089957,0.0,128.0,0.19666666666666666,5560.499999999976,2060.226013012759,0.0,fixed_auv_ga_pso_tlbo_proxy,survey,21460941,3
0.0,1.0,273.0,0.5592185592185592,0.5441125469662743,0.22019938519606,0.6785714285714287,0.6325494476537153,0.0,99.0,0.07692307692307693,6711.705000000009,2222.6000000000085,0.0,independent_greedy,survey,21460941,3
0.0,0.3333333333333333,300.0,0.3533333333333333,0.8063507302562885,0.7525210009143478,0.688888888888889,0.8727255860823522,0.0,22.0,0.16666666666666666,8236.10961757407,2979.6152166539523,0.0,communication_aware,survey,21460941,3
0.0,0.3333333333333333,300.0,0.3566666666666667,0.7687339998278787,0.6753524093364012,0.6666666666666669,0.8646940021051837,0.0,0.0,0.056666666666666664,5623.692788338055,1640.126610920695,629.0,haco_safemarl_pilot_no_acoustic,survey,21460941,3
0.0,0.3333333333333333,300.0,0.41444444444444445,0.7090283491111917,0.5815933346606068,0.6666666666666669,0.7963898086751398,0.0,153.0,0.056666666666666664,9262.050311503366,2913.8500029327156,0.0,haco_safemarl_pilot_no_shield,survey,21460941,3
0.0,0.3333333333333333,300.0,0.33555555555555555,0.8262977706649665,0.7511540139695629,0.6666666666666669,0.8862552662211575,0.0,0.0,0.056666666666666664,5716.784907688934,1977.695471308811,621.0,haco_safemarl_pilot,survey,21460941,3
0.0,0.0,300.0,0.04888888888888889,0.8652325238779645,0.8352577673501361,0.3333333333333334,0.9947434726618135,0.0,0.0,0.4666666666666667,872.5476293194037,170.96244369031086,360.0,haco_safemarl_mappo,survey,21460941,3
0.0,1.0,267.0,0.4257178526841448,0.6867335604226106,0.5357137131225036,0.6666666666666669,0.7714800310086918,0.19101123595505617,10.0,0.39325842696629215,4948.844999999981,2146.1416260035517,0.0,fixed_auv_ga_pso_tlbo_proxy,survey,21470948,3
0.0,1.0,204.0,0.553921568627451,0.6331874739713163,0.46085724595971633,0.6666666666666665,0.6329588012744173,0.03431372549019608,8.0,0.39705882352941174,5015.3400000000065,1607.0,0.0,independent_greedy,survey,21470948,3
0.0,0.3333333333333333,300.0,0.5455555555555556,0.7542920598145533,0.6775710009022214,1.0,0.7696069632761255,0.14333333333333334,9.0,0.4266666666666667,8094.716706254121,3058.210159500792,0.0,communication_aware,survey,21470948,3
0.0,1.0,275.0,0.38424242424242416,0.710502802738119,0.5633997129754085,0.6666666666666669,0.8314935460433891,0.16727272727272727,5.0,0.5672727272727273,6332.161577783962,1707.093972014012,707.0,haco_safemarl_pilot_no_acoustic,survey,21470948,3
0.0,0.3333333333333333,300.0,0.5,0.6318022420044141,0.4569711455222269,0.6666666666666669,0.6653523901433163,0.17666666666666667,8.0,0.47,9142.917045820865,3006.973659526937,0.0,haco_safemarl_pilot_no_shield,survey,21470948,3
0.0,0.3333333333333333,300.0,0.4288888888888889,0.7828231773685002,0.6841680319171269,0.6666666666666669,0.7800433427512625,0.11666666666666667,5.0,0.5066666666666667,7134.73047985015,2518.0261739315033,776.0,haco_safemarl_pilot,survey,21470948,3
0.0,0.0,300.0,0.0,0.8835679053933277,0.8372250983301328,0.0,0.9999999998888889,0.0,6.0,0.09,468.7618576864516,181.10953310575758,184.0,haco_safemarl_mappo,survey,21470948,3
0.0,0.6666666666666666,300.0,0.0,0.9327862574129118,0.8827144431263189,0.0,0.9999999998888889,0.0,0.0,0.0,5560.499999999976,2886.256207821476,0.0,fixed_auv_ga_pso_tlbo_proxy,survey,21480955,3
1.0,1.0,251.0,0.18592297476759628,0.852148690458558,0.8234631542496045,0.6666666666666667,0.9745678530470111,0.0,0.0,0.0,6170.835000000008,2511.0000000000036,0.0,independent_greedy,survey,21480955,3
1.0,1.0,284.0,0.0,0.9324913684881436,0.8858884780697743,0.0,0.9999999998888889,0.0,0.0,0.0,8058.5,3559.9671889210426,0.0,communication_aware,survey,21480955,3
1.0,1.0,244.0,0.0,0.9219415148164244,0.8990565635305103,0.0,0.9999999998888889,0.0,0.0,0.0,7636.292499999994,1905.7356326800252,3.0,haco_safemarl_pilot_no_acoustic,survey,21480955,3
1.0,1.0,244.0,0.0,0.921854759558461,0.8988004726657348,0.0,0.9999999998888889,0.0,0.0,0.0,7632.751954504666,1900.0744224968166,0.0,haco_safemarl_pilot_no_shield,survey,21480955,3
1.0,1.0,244.0,0.0,0.9220031394396475,0.8992546130514596,0.0,0.9999999998888889,0.0,0.0,0.0,7637.555729520567,1907.9904501856938,4.0,haco_safemarl_pilot,survey,21480955,3
0.0,0.3333333333333333,300.0,0.0,0.8931071458690728,0.8343043481105046,0.0,0.9999999998888889,0.0,0.0,0.0,543.6209210453761,171.7438830780846,68.0,haco_safemarl_mappo,survey,21480955,3
0.0,0.6666666666666666,300.0,0.38999999999999996,0.6544092912066332,0.4014208972131996,0.6666666666666669,0.8104464967989886,0.0,0.0,0.0,5560.499999999976,3141.9103061193077,0.0,fixed_auv_ga_pso_tlbo_proxy,survey,21490962,3
1.0,1.0,231.0,0.40548340548340567,0.6556230687768875,0.3371031941434778,0.6666666666666666,0.779851328933789,0.0,0.0,0.0,5679.1350000000075,2777.400000000015,0.0,independent_greedy,survey,21490962,3
0.0,0.3333333333333333,300.0,0.43111111111111106,0.7477989716626452,0.6359529151008275,0.6666666666666669,0.7654688693376426,0.0,0.0,0.0,8131.6529007434065,3715.65881891957,0.0,communication_aware,survey,21490962,3
0.0,0.6666666666666666,300.0,0.41,0.7135911661258522,0.5697979173077453,0.6666666666666669,0.8053382457978652,0.0,0.0,0.0,9025.71613776046,2747.743877368136,422.0,haco_safemarl_pilot_no_acoustic,survey,21490962,3
0.0,0.6666666666666666,300.0,0.461111111111111,0.6532601802343657,0.49508436145779267,0.6666666666666669,0.7319877639531887,0.0,26.0,0.0,8954.206122802727,2838.0435203030725,0.0,haco_safemarl_pilot_no_shield,survey,21490962,3
0.0,0.3333333333333333,300.0,0.4255555555555555,0.7918157474962199,0.6953709426906047,0.6666666666666669,0.7844022829581483,0.0,0.0,0.0,8853.201589611108,3078.99220473701,431.0,haco_safemarl_pilot,survey,21490962,3
0.0,0.3333333333333333,300.0,0.15888888888888889,0.8867292593005989,0.8127401586836226,0.3333333333333334,0.9333851291984412,0.0,0.0,0.0,383.6030735396641,27.110243665886344,304.0,haco_safemarl_mappo,survey,21490962,3
0.0,0.6666666666666666,300.0,0.52,0.6089151315603827,0.43204818437883563,0.6666666666666669,0.6165923280949771,0.0,115.0,0.0,5560.499999999976,2646.9057799619304,0.0,fixed_auv_ga_pso_tlbo_proxy,survey,21500969,3
0.0,1.0,297.0,0.5544332210998877,0.5635620814790205,0.10118289642553407,0.8666666666666667,0.7019351100633889,0.0,193.0,0.0,7301.74500000001,3020.60000000001,0.0,independent_greedy,survey,21500969,3
0.0,0.0,300.0,0.6122222222222222,0.7351931055591687,0.6301996649299846,1.0,0.6594924437332254,0.0,16.0,0.0,8001.615141559639,2840.955033266307,0.0,communication_aware,survey,21500969,3
0.0,0.3333333333333333,300.0,0.49333333333333335,0.6581589593016953,0.35830420526257933,1.0,0.7492379199818707,0.0,0.0,0.0,9289.532614501879,2877.8652772258333,554.0,haco_safemarl_pilot_no_acoustic,survey,21500969,3
0.0,0.3333333333333333,300.0,0.6177777777777778,0.5769887687020784,0.383141312891046,1.0,0.6459882302242588,0.0,52.0,0.0,9192.781677422816,2784.056877370437,0.0,haco_safemarl_pilot_no_shield,survey,21500969,3
0.0,0.0,300.0,0.5011111111111112,0.7577232159785919,0.6033028050240797,1.0,0.7592829027801237,0.0,0.0,0.0,9094.629802545922,2930.2320479066343,582.0,haco_safemarl_pilot,survey,21500969,3
0.0,0.0,300.0,0.0,0.8753713972370306,0.8303436306278059,0.0,0.9999999998888889,0.0,0.0,0.0,562.9394712691349,222.854597565442,355.0,haco_safemarl_mappo,survey,21500969,3
0.0,0.6666666666666666,300.0,0.12333333333333334,0.9141184703470006,0.8424998868365826,0.35555555555555557,0.9638711474142827,0.0,38.0,0.0,5560.499999999976,2787.3290088799436,0.0,fixed_auv_ga_pso_tlbo_proxy,survey,21510976,3
0.0,1.0,234.0,0.2122507122507122,0.8539054558317372,0.7307760687416754,0.3333333333333333,0.9315975298738799,0.0,29.0,0.0,5752.890000000008,2450.4000000000037,0.0,independent_greedy,survey,21510976,3
0.0,1.0,300.0,0.2044444444444444,0.898768678925277,0.8407561784344034,0.6666666666666669,0.9540270952697214,0.0,32.0,0.0,8386.638568524071,3386.7427121059814,0.0,communication_aware,survey,21510976,3
1.0,1.0,255.0,0.09803921568627451,0.9172294734861436,0.835968601544215,0.33333333333333337,0.9769159740155455,0.0,0.0,0.0,6424.927121249736,1634.1847211732604,226.0,haco_safemarl_pilot_no_acoustic,survey,21510976,3
0.0,1.0,228.0,0.13157894736842105,0.880948646548476,0.7315176179280968,0.3333333333333332,0.9561018435878829,0.0,28.0,0.0,7179.834076410529,1726.7339451508565,0.0,haco_safemarl_pilot_no_shield,survey,21510976,3
1.0,1.0,255.0,0.07973856209150326,0.9207964441277543,0.8467322097201123,0.33333333333333337,0.9852064770581859,0.0,0.0,0.0,6359.394476438308,1594.8537344691124,218.0,haco_safemarl_pilot,survey,21510976,3
0.0,0.0,300.0,0.0,0.9248529874131611,0.8866402987486973,0.0,0.9999999998888889,0.0,0.0,0.0,360.63241403598704,141.1728899688386,101.0,haco_safemarl_mappo,survey,21510976,3
0.0,1.0,146.0,0.1506849315068493,0.8945488643137037,0.8140927435191976,0.6666666666666665,0.9774538055826172,0.0,47.0,0.0,2706.1099999999988,1184.548941922608,0.0,fixed_auv_ga_pso_tlbo_proxy,survey,21520983,3
0.0,1.0,112.0,0.1101190476190476,0.8926918202235283,0.8236706135290514,0.5277777777777778,0.9837366166843827,0.0,36.0,0.0,2753.520000000003,922.6000000000008,0.0,independent_greedy,survey,21520983,3
0.0,1.0,139.0,0.19424460431654678,0.8891448141758125,0.8156647315833251,0.6666666666666666,0.9672544079003382,0.0,53.0,0.0,3890.967197170841,1395.0338899086144,0.0,communication_aware,survey,21520983,3
1.0,1.0,248.0,0.11559139784946236,0.8896443654653008,0.7593070154388853,0.33333333333333337,0.9669641499846521,0.0,0.0,0.0,6936.948637911614,2190.798233046338,318.0,haco_safemarl_pilot_no_acoustic,survey,21520983,3
0.0,1.0,109.0,0.08256880733944955,0.8951451755645145,0.7964107765444103,0.33333333333333337,0.9840582561209342,0.0,36.0,0.0,3498.7178761330674,763.233462475505,0.0,haco_safemarl_pilot_no_shield,survey,21520983,3
1.0,1.0,248.0,0.08870967741935484,0.8949850893513465,0.7781281075111289,0.33333333333333337,0.9814003534181334,0.0,0.0,0.0,6838.200057414966,2143.1226844496705,318.0,haco_safemarl_pilot,survey,21520983,3
0.0,0.0,300.0,0.0,0.8901975103885702,0.8405178752229553,0.0,0.9999999998888889,0.0,0.0,0.0,506.4177976469636,117.50408120847936,189.0,haco_safemarl_mappo,survey,21520983,3
0.0,0.6666666666666666,300.0,0.49333333333333323,0.6629053923856684,0.537225283088063,1.0,0.9768031789325502,0.0,45.0,0.0,5560.499999999976,2649.36962057011,0.0,fixed_auv_ga_pso_tlbo_proxy,survey,21530990,3
0.0,1.0,298.0,0.5961968680089486,0.5663675535837392,0.3093447281670589,1.0,0.8955477210881713,0.0,35.0,0.0,7326.33000000001,3221.4000000000206,0.0,independent_greedy,survey,21530990,3
0.0,0.3333333333333333,300.0,0.5677777777777777,0.7267542917907625,0.673407478901379,1.0,0.9852974684776126,0.0,39.0,0.0,8017.810898097176,2995.1452230994682,0.0,communication_aware,survey,21530990,3
0.0,0.3333333333333333,300.0,0.4055555555555555,0.7082758913002675,0.5073520554132729,1.0,0.8919250746157819,0.0,0.0,0.0,9187.08112781384,3096.2391553352736,545.0,haco_safemarl_pilot_no_acoustic,survey,21530990,3
0.0,0.3333333333333333,300.0,0.5588888888888888,0.6354674914495728,0.5302391971327339,1.0,0.9471637785515425,0.0,34.0,0.0,9152.552214423398,2942.9571768613114,0.0,haco_safemarl_pilot_no_shield,survey,21530990,3
0.0,0.0,300.0,0.4244444444444444,0.7926096613743158,0.7031666469703596,1.0,0.9022266155533573,0.0,0.0,0.0,9028.653817246974,3239.124387613347,567.0,haco_safemarl_pilot,survey,21530990,3
0.0,0.0,300.0,0.19333333333333333,0.8423236915232943,0.7711488857614971,0.3333333333333334,0.8969552164282063,0.0,0.0,0.0,401.20869484946525,97.04345511058744,417.0,haco_safemarl_mappo,survey,21530990,3
1.0,1.0,292.0,0.0091324200913242,0.9286607337052684,0.91393793176483,0.08888888888888888,0.999830137687579,0.0,0.0,0.0,5412.2199999999775,3095.8975179333315,0.0,fixed_auv_ga_pso_tlbo_proxy,survey,21540997,3
1.0,1.0,223.0,0.1823617339312406,0.8720342457352165,0.8126785819363922,0.42028985507246375,0.9688877229939353,0.0,0.0,0.0,5482.455000000007,2461.6000000000017,0.0,independent_greedy,survey,21540997,3
1.0,1.0,253.0,0.006587615283267457,0.9286826212824344,0.9135692284964917,0.0641025641025641,0.9999120593493045,0.0,0.0,0.0,7178.875,3276.7783998529003,0.0,communication_aware,survey,21540997,3
0.0,1.0,217.0,0.006144393241167435,0.9241389650287221,0.8702587370417099,0.0606060606060606,0.9999235620804333,0.1382488479262673,0.0,0.25806451612903225,5342.740675222639,1302.3403217741247,180.0,haco_safemarl_pilot_no_acoustic,survey,21540997,3
0.0,1.0,217.0,0.1490015360983103,0.9089989862162364,0.8243716022304012,0.33333333333333326,0.9422289351299877,0.17050691244239632,0.0,0.31336405529953915,6750.535393832301,1662.8205497159483,0.0,haco_safemarl_pilot_no_shield,survey,21540997,3
0.0,1.0,217.0,0.004608294930875576,0.9243084475935192,0.8707360985765383,0.045454545454545456,0.9999571347843481,0.1382488479262673,0.0,0.2672811059907834,5307.817042768171,1333.2368195410108,181.0,haco_safemarl_pilot,survey,21540997,3
0.0,0.0,300.0,0.0,0.9207843879869577,0.903893392664372,0.0,0.9999999998888889,0.0,0.0,0.0,993.0835281550918,504.64325975252603,299.0,haco_safemarl_mappo,survey,21540997,3
1.0,1.0,217.0,0.34254992319508454,0.7691736641562665,0.5127921296222916,0.6666666666666665,0.8110151855572237,0.0,0.0,0.0,4022.0949999999884,1873.374449033532,0.0,fixed_auv_ga_pso_tlbo_proxy,survey,21551004,3
1.0,1.0,166.0,0.5582329317269076,0.6946456776326232,0.428333917984069,0.6666666666666666,0.5560150719680917,0.0,0.0,0.0,4081.110000000005,1351.1999999999994,0.0,independent_greedy,survey,21551004,3
0.0,0.6666666666666666,300.0,0.44444444444444436,0.7794916858286484,0.6274021678815447,0.6666666666666669,0.7180812866160352,0.0,0.0,0.0,8146.916330351664,3414.731843365362,0.0,communication_aware,survey,21551004,3
1.0,1.0,200.0,0.2966666666666667,0.8182680617995086,0.6846591756542143,0.6666666666666665,0.857203369269371,0.0,0.0,0.0,6204.313683563764,1600.7164169409075,235.0,haco_safemarl_pilot_no_acoustic,survey,21551004,3
1.0,1.0,166.0,0.31325301204819284,0.7936418991592644,0.6013487193675608,0.6666666666666666,0.8430931578638505,0.0,0.0,0.0,5269.868845328851,1124.1260562248929,0.0,haco_safemarl_pilot_no_shield,survey,21551004,3
1.0,1.0,241.0,0.32641770401106496,0.8241133054188476,0.7573444393049085,0.6666666666666667,0.8733865828123365,0.0,0.0,0.0,7390.0322525067895,2085.246113924691,315.0,haco_safemarl_pilot,survey,21551004,3
0.0,0.0,300.0,0.0,0.8671546918481182,0.8296123359575233,0.0,0.9999999998888889,0.0,0.0,0.0,568.8647433174082,346.324084929327,335.0,haco_safemarl_mappo,survey,21551004,3
0.0,0.6666666666666666,300.0,0.32999999999999996,0.6980905789418883,0.5342328003782889,0.6666666666666669,0.8863431933409607,0.0,43.0,0.0,5560.499999999976,2809.5263652925782,0.0,fixed_auv_ga_pso_tlbo_proxy,survey,21561011,3
0.0,1.0,267.0,0.3757802746566791,0.6477083789184493,0.39796170020599236,0.6666666666666669,0.8266047703066116,0.0,32.0,0.0,6564.195000000009,3041.200000000016,0.0,independent_greedy,survey,21561011,3
0.0,0.3333333333333333,300.0,0.3788888888888889,0.7739940034924497,0.7014498921184197,0.6666666666666669,0.8406467318357929,0.0,37.0,0.0,8177.3304900420035,3595.848303813886,0.0,communication_aware,survey,21561011,3
0.0,0.3333333333333333,300.0,0.34888888888888886,0.7404866665388087,0.591058858916551,0.6666666666666669,0.8706177044267761,0.0,0.0,0.0,9078.07126687795,3110.2745086397354,381.0,haco_safemarl_pilot_no_acoustic,survey,21561011,3
0.0,0.3333333333333333,300.0,0.40888888888888886,0.6818783511751428,0.5486891395554452,0.6666666666666669,0.8093938923887809,0.0,32.0,0.0,9052.717149238379,3014.5765480972827,0.0,haco_safemarl_pilot_no_shield,survey,21561011,3
0.0,0.3333333333333333,300.0,0.3377777777777778,0.8191615784576071,0.747706848923898,0.6666666666666669,0.8838197604450153,0.0,0.0,0.0,8997.341716898924,3113.196335600434,388.0,haco_safemarl_pilot,survey,21561011,3
0.0,0.0,300.0,0.0,0.8808935389821979,0.8587180801240178,0.0,0.9999999998888889,0.0,0.0,0.0,393.058258333,113.14961646236554,259.0,haco_safemarl_mappo,survey,21561011,3
0.0,1.0,261.0,0.0,0.9395713205710785,0.9102126441148859,0.0,0.9999999998888889,0.0,90.0,0.22988505747126436,4837.634999999982,2285.6473982216353,0.0,fixed_auv_ga_pso_tlbo_proxy,survey,21571018,3
0.0,1.0,200.0,0.22,0.8478828071673373,0.7703028034252489,0.6666666666666665,0.9586889721776594,0.0,69.0,0.46,4917.000000000006,1753.4000000000042,0.0,independent_greedy,survey,21571018,3
0.0,1.0,227.0,0.0,0.9396384422366367,0.9107485718094315,0.0,0.9999999998888889,0.0,78.0,0.24669603524229075,6441.125,2518.6013737044627,0.0,communication_aware,survey,21571018,3
0.0,1.0,248.0,0.0,0.9455041977849746,0.9318186305631014,0.0,0.9999999998888889,0.0,39.0,0.25806451612903225,5872.4837085166155,1658.9947298638367,324.0,haco_safemarl_pilot_no_acoustic,survey,21571018,3
0.0,1.0,194.0,0.0,0.9422682618468472,0.9322821998673861,0.0,0.9999999998888889,0.0,67.0,0.29381443298969073,6138.706250000003,1621.4740933574592,0.0,haco_safemarl_pilot_no_shield,survey,21571018,3
0.0,1.0,248.0,0.0,0.9455041977849746,0.9318186305631014,0.0,0.9999999998888889,0.0,39.0,0.25806451612903225,5872.4837085166155,1658.9947298638367,324.0,haco_safemarl_pilot,survey,21571018,3
0.0,0.3333333333333333,300.0,0.0,0.8968703321528447,0.8431153622595103,0.0,0.9999999998888889,0.0,27.0,0.2866666666666667,1396.8837128982343,450.34775913370527,402.0,haco_safemarl_mappo,survey,21571018,3
0.0,0.6666666666666666,300.0,0.5133333333333333,0.5643488130962332,0.31136362260142786,0.8777777777777778,0.6968594030370094,0.0,43.0,0.0,5560.499999999976,2503.0638247871802,0.0,fixed_auv_ga_pso_tlbo_proxy,survey,21581025,3
0.0,1.0,276.0,0.605072463768116,0.4857452199802256,0.1308332561779891,1.0,0.6922987274433553,0.0,33.0,0.0,6785.460000000009,2675.000000000007,0.0,independent_greedy,survey,21581025,3
0.0,0.0,300.0,0.6188888888888888,0.6703965745909393,0.49649759754263034,1.0,0.7290771962940568,0.0,38.0,0.0,7963.442724574216,2928.572959931018,0.0,communication_aware,survey,21581025,3
0.0,0.3333333333333333,300.0,0.5433333333333333,0.6055040631784567,0.28665652902603317,1.0,0.6904683071439988,0.0,0.0,0.0,9135.713100172947,3126.328981339309,569.0,haco_safemarl_pilot_no_acoustic,survey,21581025,3
0.0,0.0,300.0,0.6511111111111111,0.5419129999116136,0.3125720223989096,1.0,0.6923681914671421,0.0,32.0,0.0,9098.94019470136,2934.044334116902,0.0,haco_safemarl_pilot_no_shield,survey,21581025,3
0.0,0.0,300.0,0.551111111111111,0.7334950149093625,0.5688667531479513,1.0,0.7101596829660426,0.0,0.0,0.0,8981.911078750316,3093.264232884514,601.0,haco_safemarl_pilot,survey,21581025,3
0.0,0.0,300.0,0.09555555555555555,0.8543189786982722,0.8024876411051849,0.3333333333333334,0.9781631796134052,0.0,0.0,0.0,661.7198191674007,137.18054864559804,534.0,haco_safemarl_mappo,survey,21581025,3
0.0,0.6666666666666666,300.0,0.4511111111111111,0.6655688713658154,0.43832048737867574,0.9666666666666667,0.8213879405930458,0.0,74.0,0.0,5560.499999999976,2596.6877357195017,0.0,fixed_auv_ga_pso_tlbo_proxy,survey,21591032,3
0.0,0.6666666666666666,300.0,0.7033333333333334,0.5258600717187021,0.22772792491170682,1.0,0.6368557870150973,0.0,56.0,0.0,7375.50000000001,3170.8000000000156,0.0,independent_greedy,survey,21591032,3
0.0,0.3333333333333333,300.0,0.5322222222222222,0.7282895205409785,0.6164295959759071,1.0,0.8303280720197811,0.0,75.0,0.0,8044.02196244005,2922.0050960991202,0.0,communication_aware,survey,21591032,3
0.0,0.0,300.0,0.36777777777777776,0.7242300435915792,0.46872659507988385,1.0,0.8574020077033365,0.0,0.0,0.0,9246.790065113839,3487.25554466563,524.0,haco_safemarl_pilot_no_acoustic,survey,21591032,3
0.0,0.6666666666666666,300.0,0.5988888888888888,0.6327587858367546,0.537482902335877,1.0,0.9181091261923293,0.0,56.0,0.0,9263.386771202211,2437.717066157016,0.0,haco_safemarl_pilot_no_shield,survey,21591032,3
0.0,0.0,300.0,0.35,0.8051017697739495,0.7147149466829403,0.9,0.8747881565129358,0.0,0.0,0.0,9124.899796208108,3400.42059105772,564.0,haco_safemarl_pilot,survey,21591032,3
0.0,0.0,300.0,0.0,0.8959177252823571,0.8647349439559648,0.0,0.9999999998888889,0.0,0.0,0.0,1165.0499002375852,718.8472562513869,321.0,haco_safemarl_mappo,survey,21591032,3
1.0,1.0,196.0,0.4336734693877551,0.7366132758874274,0.4166568826283341,0.6666666666666665,0.6849947182451848,0.0,0.0,0.0,3632.8599999999915,2008.8955039094183,0.0,fixed_auv_ga_pso_tlbo_proxy,survey,21601039,3
1.0,1.0,150.0,0.49333333333333323,0.7192936190206433,0.5384080564036294,0.6666666666666665,0.6758190325636255,0.0,0.0,0.0,3687.7500000000045,1609.3999999999978,0.0,independent_greedy,survey,21601039,3
0.0,0.6666666666666666,300.0,0.4766666666666667,0.8008776706799767,0.6599417560943006,0.6666666666666669,0.643885236455078,0.0,0.0,0.0,8118.259051941387,3662.995354290786,0.0,communication_aware,survey,21601039,3
1.0,1.0,146.0,0.07077625570776255,0.877176844266217,0.8209838452115965,0.33333333333333326,0.9970986750139699,0.0,0.0,0.0,3541.2489635582388,809.3087180127454,209.0,haco_safemarl_pilot_no_acoustic,survey,21601039,3
1.0,1.0,146.0,0.2671232876712329,0.806692633159996,0.6639380877890596,0.46666666666666673,0.9366767567521503,0.0,0.0,0.0,4580.085545240432,1030.5109738424264,0.0,haco_safemarl_pilot_no_shield,survey,21601039,3
1.0,1.0,146.0,0.0776255707762557,0.875447857350448,0.819046363521501,0.33333333333333326,0.996434676305006,0.0,0.0,0.0,3627.8981661713397,875.4707612523063,210.0,haco_safemarl_pilot,survey,21601039,3
0.0,0.0,300.0,0.2322222222222222,0.8588873313215052,0.7605428969469169,0.3333333333333334,0.8453340130335685,0.0,0.0,0.0,1094.6343232392826,520.8555630231936,594.0,haco_safemarl_mappo,survey,21601039,3
0.0,0.6666666666666666,300.0,0.28777777777777774,0.792598433866173,0.6177465901604109,1.0,0.9727227314021324,0.0,65.0,0.0,5560.499999999976,2522.3461353070247,0.0,fixed_auv_ga_pso_tlbo_proxy,survey,21611046,3
0.0,1.0,280.0,0.45595238095238094,0.6685229620321723,0.5308426271812215,1.0,0.98410162858336,0.0,49.0,0.0,6883.800000000009,2849.2000000000126,0.0,independent_greedy,survey,21611046,3
0.0,0.3333333333333333,300.0,0.4211111111111111,0.7950516492901021,0.7218408234993714,1.0,0.9827875229875598,0.0,57.0,0.0,8145.561803460453,2939.086571839304,0.0,communication_aware,survey,21611046,3
0.0,0.6666666666666666,300.0,0.271111111111111,0.8097542564753152,0.6941512022029599,0.6666666666666669,0.9529605071864297,0.0,0.0,0.0,9241.546634252,2939.6057505815634,348.0,haco_safemarl_pilot_no_acoustic,survey,21611046,3
0.0,0.3333333333333333,300.0,0.4555555555555556,0.7013495406729645,0.6385462668183184,1.0,0.9684341291870997,0.0,48.0,0.0,9250.445662610571,3030.348900527425,0.0,haco_safemarl_pilot_no_shield,survey,21611046,3
0.0,0.3333333333333333,300.0,0.2633333333333333,0.8556977176440842,0.809291876119064,0.6666666666666669,0.9466471981160517,0.0,0.0,0.0,9223.598172691505,3115.989227818152,344.0,haco_safemarl_pilot,survey,21611046,3
0.0,0.0,300.0,0.0,0.9063962698831556,0.8769315059107053,0.0,0.9999999998888889,0.0,0.0,0.0,581.9607005300943,142.21226474580496,159.0,haco_safemarl_mappo,survey,21611046,3
0.0,0.6666666666666666,300.0,0.4244444444444444,0.6857298719997273,0.5389424706019084,1.0,0.9529837119861042,0.0,0.0,0.0,5560.499999999976,2790.868544337795,0.0,fixed_auv_ga_pso_tlbo_proxy,survey,21621053,3
1.0,1.0,254.0,0.5892388451443569,0.6225699939274767,0.41251530906161876,1.0,0.890667757102938,0.0,0.0,0.0,6244.590000000008,2834.800000000016,0.0,independent_greedy,survey,21621053,3
0.0,0.3333333333333333,300.0,0.5044444444444444,0.7686152182360256,0.701507367872529,1.0,0.9516237055052617,0.0,0.0,0.0,8116.642418728962,3452.682355012097,0.0,communication_aware,survey,21621053,3
0.0,0.3333333333333333,300.0,0.39444444444444443,0.7165788273538832,0.5496169798000148,0.6666666666666669,0.8567476900706188,0.0,0.0,0.0,9125.347447337039,3022.774731129306,400.0,haco_safemarl_pilot_no_acoustic,survey,21621053,3
0.0,0.3333333333333333,300.0,0.49666666666666665,0.669458890443284,0.5430467504272138,1.0,0.9059879997989477,0.0,0.0,0.0,9084.198526116168,2965.7270929635138,0.0,haco_safemarl_pilot_no_shield,survey,21621053,3
0.0,0.3333333333333333,300.0,0.39444444444444443,0.8039563726531075,0.7251515465240543,0.6666666666666669,0.8607249763756233,0.0,0.0,0.0,9041.959304230539,3048.706975960012,408.0,haco_safemarl_pilot,survey,21621053,3
0.0,0.0,300.0,0.0,0.8979920407580827,0.8615024195928754,0.0,0.9999999998888889,0.0,0.0,0.0,289.4118251072225,133.01534654215092,275.0,haco_safemarl_mappo,survey,21621053,3
0.0,0.0,300.0,0.25999999999999995,0.7789704612141732,0.5652831526572396,0.6666666666666669,0.9257181495418648,0.0,0.0,0.0,5560.499999999976,2324.2062275068597,0.0,fixed_auv_ga_pso_tlbo_proxy,survey,21631060,3
1.0,1.0,274.0,0.4416058394160584,0.6409095823165671,0.34831870063371984,0.9404761904761905,0.8264819759602339,0.0,0.0,0.0,6736.290000000009,2169.6000000000004,0.0,independent_greedy,survey,21631060,3
0.0,0.0,300.0,0.38666666666666666,0.80024143953322,0.6764661063245065,1.0,0.9378739747715868,0.0,0.0,0.0,8174.973708518201,2873.726108248049,0.0,communication_aware,survey,21631060,3
0.0,0.3333333333333333,300.0,0.3888888888888889,0.7166204016497816,0.48529695367392617,1.0,0.894769223250011,0.0,0.0,0.0,9350.28364926268,2790.0453879437787,398.0,haco_safemarl_pilot_no_acoustic,survey,21631060,3
0.0,0.3333333333333333,300.0,0.4844444444444444,0.6725043641549437,0.5247111178488644,1.0,0.9266021085285381,0.0,0.0,0.0,9322.39755871239,2830.9605743683364,0.0,haco_safemarl_pilot_no_shield,survey,21631060,3
0.0,0.0,300.0,0.4033333333333333,0.8049736777683036,0.6883203583211558,1.0,0.9070175601572932,0.0,0.0,0.0,9194.773993449955,3028.6873367088674,434.0,haco_safemarl_pilot,survey,21631060,3
0.0,0.0,300.0,0.0,0.9005235893111143,0.8684644135157837,0.0,0.9999999998888889,0.0,0.0,0.07,824.0697805808669,139.03207738553783,313.0,haco_safemarl_mappo,survey,21631060,3
0.0,1.0,262.0,0.5229007633587786,0.6028524003709819,0.39909534151857085,1.0,0.8628941696934234,0.0,203.0,0.0,4856.169999999982,2475.9807460513052,0.0,fixed_auv_ga_pso_tlbo_proxy,survey,21641067,3
0.0,1.0,200.0,0.46666666666666673,0.5744095593578412,0.15798980323953765,0.6666666666666665,0.6706222901566212,0.0,155.0,0.0,4917.000000000006,1947.9999999999975,0.0,independent_greedy,survey,21641067,3
0.0,0.6666666666666666,300.0,0.7144444444444443,0.6450905608683042,0.5519510820031638,1.0,0.9712945385006617,0.0,218.0,0.0,7892.113617143702,3004.6225411052433,0.0,communication_aware,survey,21641067,3
0.0,0.3333333333333333,300.0,0.40777777777777774,0.6639282828318528,0.3462785760750801,0.6666666666666669,0.7547629483177815,0.0,34.0,0.0,9136.35535932916,3000.873880346487,668.0,haco_safemarl_pilot_no_acoustic,survey,21641067,3
0.0,1.0,235.0,0.5957446808510638,0.6350377497289093,0.41879838952838955,1.0,0.8699913236716338,0.0,112.0,0.0,7274.365026321374,1699.1040378070786,0.0,haco_safemarl_pilot_no_shield,survey,21641067,3
0.0,0.0,300.0,0.48111111111111104,0.744993954905003,0.641068641533205,0.6666666666666669,0.6937666012551447,0.0,0.0,0.0,8905.281001660103,3307.62433751685,672.0,haco_safemarl_pilot,survey,21641067,3
0.0,0.0,300.0,0.0,0.8558070980923309,0.8510603891935227,0.0,0.9999999998888889,0.0,0.0,0.0,582.2317860524092,344.23232857843493,386.0,haco_safemarl_mappo,survey,21641067,3
0.0,1.0,279.0,0.04898446833930704,0.9283375774655598,0.9061987898760527,0.42857142857142844,0.9972017361233765,0.0,48.0,0.1003584229390681,5171.264999999979,2585.82970543946,0.0,fixed_auv_ga_pso_tlbo_proxy,survey,21651074,3
0.0,1.0,213.0,0.2926447574334899,0.8590657314465647,0.6957175221099959,0.33333333333333326,0.7449770639296721,0.0,37.0,0.0,5236.605000000007,2047.6000000000026,0.0,independent_greedy,survey,21651074,3
0.0,1.0,243.0,0.03840877914951989,0.9272418016454567,0.9076346864362047,0.3733333333333333,0.9988982462216478,0.0,42.0,0.11522633744855967,6893.0156403696465,2905.6587824059216,0.0,communication_aware,survey,21651074,3
0.0,1.0,242.0,0.002754820936639118,0.9209325489697322,0.8619352386242408,0.026666666666666665,0.9999847380718163,0.0,35.0,0.07024793388429752,7734.691672398128,1942.168825669835,145.0,haco_safemarl_pilot_no_acoustic,survey,21651074,3
0.0,1.0,207.0,0.2238325281803542,0.8903642459599046,0.7893859610119001,0.6666666666666665,0.9243194638482166,0.0,36.0,0.00966183574879227,6543.077187828146,1458.4096600571036,0.0,haco_safemarl_pilot_no_shield,survey,21651074,3
0.0,1.0,242.0,0.001377410468319559,0.9210288994491778,0.8620833938639653,0.013333333333333332,0.9999961949090063,0.0,35.0,0.07024793388429752,7736.116573424274,1933.887989928647,144.0,haco_safemarl_pilot,survey,21651074,3
0.0,0.3333333333333333,300.0,0.0,0.9236149357298917,0.9147632759976544,0.0,0.9999999998888889,0.0,36.0,0.0,689.5667045494251,64.49508691982946,97.0,haco_safemarl_mappo,survey,21651074,3
0.0,0.3333333333333333,300.0,0.43,0.7141785926570189,0.5388006332495096,1.0,0.9511846025639955,0.0,189.0,0.15666666666666668,5560.499999999976,2422.1077110412084,0.0,fixed_auv_ga_pso_tlbo_proxy,traffic,21161081,3
0.0,1.0,250.0,0.6106666666666665,0.6258608048933277,0.33553063708391034,1.0,0.76926685750303,0.04,166.0,0.092,6146.250000000008,2245.0000000000086,0.0,independent_greedy,traffic,21161081,3
0.0,0.3333333333333333,300.0,0.5144444444444444,0.755538444046017,0.6751168671400363,1.0,0.9555568894526414,0.0,202.0,0.18666666666666668,8074.2683323492165,2843.01371827006,0.0,communication_aware,traffic,21161081,3
0.0,0.0,300.0,0.30777777777777776,0.7506173341988435,0.5306539741393321,0.6666666666666669,0.8735446697081597,0.0,3.0,0.14666666666666667,8960.997868628827,3071.300525301471,584.0,haco_safemarl_pilot_no_acoustic,traffic,21161081,3
0.0,0.3333333333333333,300.0,0.5155555555555555,0.6643609191274833,0.5662938917375387,1.0,0.9334629696433433,0.0,100.0,0.21,9211.024184468275,2893.20405239374,0.0,haco_safemarl_pilot_no_shield,traffic,21161081,3
0.0,0.0,300.0,0.31111111111111106,0.8077882770872582,0.7185101445878861,0.6666666666666669,0.8843002202018272,0.0,3.0,0.16666666666666666,9011.770794573205,3188.851578635734,593.0,haco_safemarl_pilot,traffic,21161081,3
0.0,0.0,300.0,0.0,0.8727613552050302,0.8491739380677135,0.0,0.9999999998888889,0.0,3.0,0.006666666666666667,730.4779337748776,332.45648356446,205.0,haco_safemarl_mappo,traffic,21161081,3
0.0,1.0,260.0,0.49487179487179483,0.6369146674814671,0.4300351149287193,0.6666666666666667,0.6745930346795884,0.057692307692307696,36.0,0.15,4819.099999999982,2117.3550054650646,0.0,fixed_auv_ga_pso_tlbo_proxy,traffic,21171088,3
0.0,1.0,199.0,0.5343383584589615,0.5630348920347718,0.16117437101231627,0.6666666666666665,0.690245252779108,0.02512562814070352,27.0,0.06030150753768844,4892.415000000006,1631.8000000000004,0.0,independent_greedy,traffic,21171088,3
0.0,0.6666666666666666,300.0,0.6188888888888888,0.7214491377282535,0.6167697298770215,1.0,0.6614436626269632,0.04666666666666667,31.0,0.15,8056.577607346983,3134.4081819469725,0.0,communication_aware,traffic,21171088,3
1.0,1.0,224.0,0.4419642857142857,0.723076815259685,0.4376019028613077,0.6666666666666664,0.6730948721118631,0.0,0.0,0.125,6468.751540784955,1760.239949939277,438.0,haco_safemarl_pilot_no_acoustic,traffic,21171088,3
0.0,1.0,194.0,0.4948453608247423,0.7017190997333267,0.480989689441365,0.6666666666666665,0.6328969333112224,0.06701030927835051,27.0,0.21649484536082475,6133.360137851338,1556.7858101775957,0.0,haco_safemarl_pilot_no_shield,traffic,21171088,3
0.0,0.3333333333333333,300.0,0.52,0.7439645231122192,0.6261913896630188,0.6666666666666669,0.6189111746003728,0.03,0.0,0.11333333333333333,8411.137540771002,2934.267937538246,639.0,haco_safemarl_pilot,traffic,21171088,3
0.0,0.0,300.0,0.0,0.851855410291385,0.8386510316206498,0.0,0.9999999998888889,0.0,0.0,0.0,591.0156209949428,429.17914111640823,411.0,haco_safemarl_mappo,traffic,21171088,3
0.0,0.6666666666666666,300.0,0.04777777777777779,0.8962009585726579,0.8625425488614449,0.3333333333333334,0.9949901576656829,0.0,48.0,0.3,5560.499999999976,2409.044867470985,0.0,fixed_auv_ga_pso_tlbo_proxy,traffic,21181095,3
0.0,1.0,239.0,0.4658298465829847,0.7081557374409782,0.5318427093844119,0.6666666666666666,0.6799940662297971,0.0,37.0,0.18410041841004185,5875.815000000008,1940.8000000000059,0.0,independent_greedy,traffic,21181095,3
0.0,1.0,271.0,0.05535055350553507,0.8951216338521789,0.8610494587092881,0.3333333333333334,0.9931803714711535,0.07380073800738007,42.0,0.2656826568265683,7669.291179788211,2809.343546384247,0.0,communication_aware,traffic,21181095,3
0.0,1.0,264.0,0.04797979797979797,0.8858761532499781,0.8521692937568305,0.35802469135802467,0.9956985630304179,0.03787878787878788,0.0,0.14393939393939395,8035.819750727094,2046.5704739141518,215.0,haco_safemarl_pilot_no_acoustic,traffic,21181095,3
0.0,1.0,232.0,0.017241379310344827,0.8843663877774105,0.8472151123020726,0.16666666666666666,0.9995257199573607,0.0,36.0,0.11637931034482758,7401.260750234334,1896.694245644601,0.0,haco_safemarl_pilot_no_shield,traffic,21181095,3
0.0,1.0,264.0,0.04166666666666666,0.8865863777938008,0.8536534974709198,0.3333333333333334,0.9962335215371771,0.030303030303030304,0.0,0.1590909090909091,8016.940464150378,2090.6174975011563,212.0,haco_safemarl_pilot,traffic,21181095,3
0.0,0.0,300.0,0.0,0.8787144649540225,0.8707480012448874,0.0,0.9999999998888889,0.0,0.0,0.03333333333333333,569.6090691009537,148.51772999282062,93.0,haco_safemarl_mappo,traffic,21181095,3
0.0,0.6666666666666666,300.0,0.24222222222222214,0.8238667278027237,0.7262541002693426,0.6666666666666669,0.9149140405162629,0.0,125.0,0.0,5560.499999999976,2655.183560065173,0.0,fixed_auv_ga_pso_tlbo_proxy,traffic,21191102,3
0.0,1.0,270.0,0.5395061728395062,0.6467027012022024,0.5441879503978032,0.7530864197530863,0.7331183438802155,0.0,160.0,0.0,6637.950000000009,2822.4000000000196,0.0,independent_greedy,traffic,21191102,3
0.0,0.6666666666666666,300.0,0.2722222222222222,0.8342593423472476,0.7751048234394085,0.6666666666666669,0.8946016333754249,0.0,152.0,0.0,8344.185441370875,3174.3070328832337,0.0,communication_aware,traffic,21191102,3
0.0,0.3333333333333333,300.0,0.13888888888888887,0.8513817690487508,0.7745714579454887,0.3333333333333334,0.9505440156905259,0.0,0.0,0.0,6264.1094963864225,1826.8562882562367,540.0,haco_safemarl_pilot_no_acoustic,traffic,21191102,3
0.0,1.0,263.0,0.21292775665399233,0.8364677305847993,0.7518550046744225,0.34567901234567905,0.8950556679782149,0.0,97.0,0.0,8208.03590478514,2033.687286238807,0.0,haco_safemarl_pilot_no_shield,traffic,21191102,3
0.0,0.3333333333333333,300.0,0.1322222222222222,0.8608817605893334,0.8008662178548348,0.3333333333333334,0.9556278326604242,0.0,0.0,0.0,6340.711585095827,1863.5644713588044,533.0,haco_safemarl_pilot,traffic,21191102,3
0.0,0.0,300.0,0.0011111111111111111,0.8662209541594057,0.8340025577272889,0.01111111111111111,0.9999975252628365,0.0,0.0,0.0,1154.4862181064568,340.64480620946506,328.0,haco_safemarl_mappo,traffic,21191102,3
0.0,0.6666666666666666,300.0,0.29444444444444445,0.7597514040575717,0.5150869125343432,0.6666666666666669,0.8643789481945116,0.0,55.0,0.12666666666666668,5560.499999999976,2769.422609508588,0.0,fixed_auv_ga_pso_tlbo_proxy,traffic,21201109,3
0.0,1.0,273.0,0.3809523809523809,0.6294167820111368,0.11944686817627517,0.6666666666666669,0.7051576424995825,0.01098901098901099,42.0,0.003663003663003663,6711.705000000009,2993.600000000008,0.0,independent_greedy,traffic,21201109,3
0.0,0.6666666666666666,300.0,0.36222222222222217,0.7911467116296987,0.6730118600157086,0.6666666666666669,0.8334623458171772,0.023333333333333334,58.0,0.14,8209.55911413108,3337.339634503056,0.0,communication_aware,traffic,21201109,3
0.0,1.0,293.0,0.2627986348122867,0.7734655587662922,0.5103905593106474,0.6666666666666669,0.8825554559109707,0.03754266211604096,4.0,0.07167235494880546,8745.605081809083,2160.735157846176,437.0,haco_safemarl_pilot_no_acoustic,traffic,21201109,3
0.0,1.0,266.0,0.2857142857142857,0.7505913905262059,0.43825391136772296,0.40740740740740733,0.7720493882188754,0.06390977443609022,46.0,0.18045112781954886,8339.424515966948,1959.0039302293546,0.0,haco_safemarl_pilot_no_shield,traffic,21201109,3
0.0,0.3333333333333333,300.0,0.3266666666666666,0.8171824886069895,0.7092339639812087,0.6666666666666669,0.890942967577453,0.03333333333333333,4.0,0.08,8589.22896953731,2877.5752277810348,487.0,haco_safemarl_pilot,traffic,21201109,3
0.0,0.0,300.0,0.0,0.8632507659257029,0.8457395372067297,0.0,0.9999999998888889,0.0,4.0,0.19333333333333333,1213.323733975722,196.0611035214423,377.0,haco_safemarl_mappo,traffic,21201109,3
0.0,1.0,267.0,0.529338327091136,0.5924432643671388,0.20244806296857157,0.6666666666666669,0.5905285417540305,0.06741573033707865,80.0,0.16104868913857678,4948.844999999981,2630.000384742943,0.0,fixed_auv_ga_pso_tlbo_proxy,traffic,21211116,3
0.0,1.0,204.0,0.43464052287581695,0.5998371805043476,0.07801469796548227,0.6666666666666665,0.6634523728823888,0.014705882352941176,61.0,0.31862745098039214,5015.3400000000065,2086.0000000000005,0.0,independent_greedy,traffic,21211116,3
0.0,0.3333333333333333,300.0,0.7255555555555555,0.6073995454722487,0.38362859209305694,1.0,0.6595211063255294,0.06,131.0,0.15333333333333332,7853.279558961193,2919.0419989469724,0.0,communication_aware,traffic,21211116,3
0.0,1.0,215.0,0.44806201550387587,0.6679676356286399,0.26476041970694203,0.7727272727272727,0.6685022838091088,0.023255813953488372,7.0,0.23255813953488372,6218.936760327701,2020.245301335222,408.0,haco_safemarl_pilot_no_acoustic,traffic,21211116,3
0.0,1.0,228.0,0.6652046783625731,0.5531427389452753,0.28747145810700997,1.0,0.5881475496498069,0.05701754385964912,71.0,0.20614035087719298,6952.938699121976,1966.8193950978807,0.0,haco_safemarl_pilot_no_shield,traffic,21211116,3
0.0,0.3333333333333333,300.0,0.5433333333333333,0.7335682348771155,0.5617102982142876,0.9333333333333333,0.6080078608100699,0.05333333333333334,7.0,0.14333333333333334,8372.585674516793,2962.359792945472,656.0,haco_safemarl_pilot,traffic,21211116,3
0.0,0.3333333333333333,300.0,0.09999999999999999,0.8424825601319612,0.7960921498244475,0.3333333333333334,0.9759036143271883,0.0,4.0,0.0,906.2223727823348,184.40265519984138,493.0,haco_safemarl_mappo,traffic,21211116,3
1.0,1.0,267.0,0.4269662921348314,0.6753619233379498,0.4776974391239076,0.6666666666666669,0.7719712873515258,0.0,0.0,0.0,4948.844999999981,2999.402831813465,0.0,fixed_auv_ga_pso_tlbo_proxy,traffic,21221123,3
1.0,1.0,204.0,0.4183006535947712,0.6319913352988192,0.22556237208254942,0.6666666666666665,0.7080302571566979,0.0,0.0,0.0,5015.3400000000065,2562.2000000000016,0.0,independent_greedy,traffic,21221123,3
0.0,0.6666666666666666,300.0,0.4877777777777777,0.7240370696469657,0.6243274945232303,0.6666666666666669,0.6839652545819314,0.0,0.0,0.0,8096.537677182529,3777.0851556131497,0.0,communication_aware,traffic,21221123,3
1.0,1.0,205.0,0.23252032520325205,0.7454431260620964,0.445274929093283,0.33333333333333326,0.8448965039877324,0.0,0.0,0.0,6406.105023940202,1633.4948182383155,209.0,haco_safemarl_pilot_no_acoustic,traffic,21221123,3
1.0,1.0,198.0,0.228956228956229,0.7195061472394466,0.37039185319600304,0.33333333333333326,0.8500867252130574,0.0,0.0,0.0,6157.836771871219,1335.5259439695103,0.0,haco_safemarl_pilot_no_shield,traffic,21221123,3
1.0,1.0,227.0,0.2511013215859031,0.7580628637199457,0.5047390005127613,0.6231884057971012,0.8656668728670951,0.0,0.0,0.0,7109.395616436676,1847.6091816114056,277.0,haco_safemarl_pilot,traffic,21221123,3
0.0,0.0,300.0,0.06888888888888887,0.8434752774376261,0.8257939997766311,0.3333333333333334,0.989170793697107,0.0,0.0,0.0,424.16604495673573,357.47034526687537,425.0,haco_safemarl_mappo,traffic,21221123,3
0.0,0.6666666666666666,300.0,0.5955555555555555,0.5220217568203956,0.25069869752459556,1.0,0.772688570456501,0.0033333333333333335,96.0,0.14333333333333334,5560.499999999976,2531.6318877290905,0.0,fixed_auv_ga_pso_tlbo_proxy,traffic,21231130,3
0.0,1.0,289.0,0.5940023068050749,0.4785077617861549,0.07572232007336428,1.0,0.6952852313722833,0.0,74.0,0.29411764705882354,7105.06500000001,2900.600000000011,0.0,independent_greedy,traffic,21231130,3
0.0,0.0,300.0,0.7066666666666667,0.6291594733495933,0.460866745229965,1.0,0.8247071343719837,0.0,316.0,0.14,7879.778347025119,2958.662101716362,0.0,communication_aware,traffic,21231130,3
0.0,0.3333333333333333,300.0,0.5266666666666666,0.5818232467136143,0.21091265729695952,1.0,0.6828310190711714,0.02,0.0,0.16333333333333333,7661.534850721494,2565.045344036253,766.0,haco_safemarl_pilot_no_acoustic,traffic,21231130,3
0.0,0.3333333333333333,300.0,0.75,0.4901725081637273,0.26776807627977467,1.0,0.7537183428196191,0.0,101.0,0.10333333333333333,9031.585129373647,2812.531422127547,0.0,haco_safemarl_pilot_no_shield,traffic,21231130,3
0.0,0.0,300.0,0.4877777777777777,0.7311195022517165,0.5635930465221509,0.7777777777777778,0.6768551161657893,0.0,0.0,0.13,7351.787572671688,3047.3859799380216,838.0,haco_safemarl_pilot,traffic,21231130,3
0.0,0.0,300.0,0.0,0.8318538668723588,0.817242895625106,0.0,0.9999999998888889,0.0,0.0,0.02666666666666667,400.187798551537,142.04677981988692,660.0,haco_safemarl_mappo,traffic,21231130,3
0.0,0.6666666666666666,300.0,0.35444444444444445,0.7177434901285018,0.587105819648845,1.0,0.9531986386948822,0.0,123.0,0.11,5560.499999999976,2551.3113682264534,0.0,fixed_auv_ga_pso_tlbo_proxy,traffic,21241137,3
0.0,1.0,238.0,0.5056022408963586,0.6423217277116964,0.5059611746658396,1.0,0.9423584480690689,0.04201680672268908,102.0,0.07142857142857142,5851.230000000008,2095.0,0.0,independent_greedy,traffic,21241137,3
0.0,0.3333333333333333,300.0,0.4633333333333333,0.7637869785674293,0.7057074614534636,1.0,0.9693113115727099,0.0,192.0,0.1,8110.46946467014,2982.908127866015,0.0,communication_aware,traffic,21241137,3
0.0,0.6666666666666666,300.0,0.2966666666666667,0.8042359652304069,0.7341378270388829,0.7111111111111111,0.9545327852161087,0.0,0.0,0.07666666666666666,9390.870451778583,3114.2737151088995,436.0,haco_safemarl_pilot_no_acoustic,traffic,21241137,3
0.0,1.0,292.0,0.4828767123287671,0.6544017524824519,0.5487515763207165,1.0,0.9818283594151649,0.0,79.0,0.08904109589041095,9134.898342914641,2294.617277092953,0.0,haco_safemarl_pilot_no_shield,traffic,21241137,3
0.0,0.3333333333333333,300.0,0.28333333333333327,0.8324727474423725,0.8099895507762076,0.8333333333333334,0.9610386908332732,0.0,0.0,0.08333333333333333,9297.086418779487,3284.424567788961,444.0,haco_safemarl_pilot,traffic,21241137,3
0.0,0.0,300.0,0.08999999999999998,0.8857586486866342,0.8210476994419099,0.3333333333333334,0.9808125072735058,0.0,0.0,0.05333333333333334,1114.119926900035,73.97435690474619,246.0,haco_safemarl_mappo,traffic,21241137,3
0.0,0.6666666666666666,300.0,0.6522222222222223,0.48657616253286656,0.23268313466576107,1.0,0.6697773307061553,0.0,108.0,0.0,5560.499999999976,2587.0848389157,0.0,fixed_auv_ga_pso_tlbo_proxy,traffic,21251144,3
0.0,1.0,246.0,0.5962059620596206,0.48412438041903877,0.08562651762491792,1.0,0.6548677784196129,0.0,99.0,0.0,6047.910000000008,2460.0000000000045,0.0,independent_greedy,traffic,21251144,3
0.0,0.0,300.0,0.7077777777777777,0.6279753600856958,0.44359509268623676,1.0,0.678426756303679,0.0,0.0,0.04,7880.814449304471,2913.4760383533035,0.0,communication_aware,traffic,21251144,3
0.0,0.3333333333333333,300.0,0.6677777777777777,0.5204358614879502,0.2227416181041691,1.0,0.6488913078686247,0.0,0.0,0.0,9100.93461181578,2834.1198493556203,652.0,haco_safemarl_pilot_no_acoustic,traffic,21251144,3
0.0,0.3333333333333333,300.0,0.7611111111111111,0.4707462521424861,0.279319342853422,1.0,0.6012069653633432,0.0,0.0,0.0,9021.58809940681,2796.9624948591804,0.0,haco_safemarl_pilot_no_shield,traffic,21251144,3
0.0,0.0,300.0,0.67,0.7019189754884098,0.5362556008411683,1.0,0.6887722827739425,0.0,0.0,0.0,8860.32299712277,2996.1481916993516,684.0,haco_safemarl_pilot,traffic,21251144,3
0.0,0.0,300.0,0.2711111111111111,0.8110033938587639,0.69857985438516,0.3333333333333334,0.7832721764690457,0.0,0.0,0.0,799.1915219671074,217.8049850011168,530.0,haco_safemarl_mappo,traffic,21251144,3
1.0,1.0,169.0,0.2879684418145957,0.7491507367027478,0.4404152750394636,0.3333333333333333,0.7535052874392415,0.0,0.0,0.0,3132.414999999995,1666.9387805592303,0.0,fixed_auv_ga_pso_tlbo_proxy,traffic,21261151,3
1.0,1.0,130.0,0.30512820512820504,0.7354102058248855,0.5027765231113924,0.5384615384615385,0.8083319573643629,0.0,0.0,0.0,3196.050000000004,1317.2000000000014,0.0,independent_greedy,traffic,21261151,3
0.0,0.6666666666666666,300.0,0.42,0.7836390595301401,0.6344527609461533,0.6666666666666669,0.6941807674842525,0.0,0.0,0.02,8196.94614287697,4062.827465590944,0.0,communication_aware,traffic,21261151,3
1.0,1.0,180.0,0.2666666666666666,0.811805870437317,0.7546290702488825,0.6666666666666665,0.9424491560259187,0.0,0.0,0.03333333333333333,5485.065698434919,1551.131141757822,236.0,haco_safemarl_pilot_no_acoustic,traffic,21261151,3
1.0,1.0,137.0,0.34306569343065696,0.7946120793856613,0.7266500855570703,0.6666666666666666,0.8792242562594719,0.0,0.0,0.043795620437956206,4234.98383267701,1256.4923984299346,0.0,haco_safemarl_pilot_no_shield,traffic,21261151,3
1.0,1.0,210.0,0.28888888888888886,0.8101294607623322,0.7354746140897981,0.6666666666666665,0.9350291169753795,0.0,0.0,0.02857142857142857,6352.112890276712,1806.2685097386047,292.0,haco_safemarl_pilot,traffic,21261151,3
0.0,0.0,300.0,0.0,0.8577861460436255,0.808811155818565,0.0,0.9999999998888889,0.0,0.0,0.0,276.53323660202614,107.24669815205888,326.0,haco_safemarl_mappo,traffic,21261151,3
0.0,1.0,241.0,0.6500691562932228,0.555168370938123,0.23516978088239318,1.0,0.5968372072443526,0.0,28.0,0.0,4466.934999999985,2380.8656660705583,0.0,fixed_auv_ga_pso_tlbo_proxy,traffic,21271158,3
0.0,1.0,185.0,0.5765765765765766,0.5650694593100487,0.07963108288983888,1.0,0.6787483251203845,0.0,22.0,0.0,4548.225000000006,2020.9999999999964,0.0,independent_greedy,traffic,21271158,3
0.0,0.3333333333333333,300.0,0.831111111111111,0.5694447711041716,0.41809293275087983,1.0,0.7094080059000638,0.0,135.0,0.0,7781.688687650502,2994.6624339683785,0.0,communication_aware,traffic,21271158,3
1.0,1.0,299.0,0.5574136008918619,0.6041076173953809,0.5020734923074017,1.0,0.8346917479617296,0.0,0.0,0.0,8650.377680652991,2842.5316146887794,676.0,haco_safemarl_pilot_no_acoustic,traffic,21271158,3
0.0,1.0,181.0,0.4401473296500921,0.6523543521904738,0.2838174955479505,0.6842105263157894,0.6547360961994346,0.0,99.0,0.0,5645.9073172235585,1458.164188837381,0.0,haco_safemarl_pilot_no_shield,traffic,21271158,3
0.0,0.3333333333333333,300.0,0.7022222222222223,0.6842286186387296,0.5522041143030005,1.0,0.6625708007266343,0.0,0.0,0.0,8897.093268226752,3056.7909564166594,785.0,haco_safemarl_pilot,traffic,21271158,3
0.0,0.0,300.0,0.0022222222222222222,0.8381934432120941,0.8283638440433795,0.02222222222222222,0.9999900794011012,0.0,0.0,0.0,510.2596747759491,500.07854075598425,363.0,haco_safemarl_mappo,traffic,21271158,3
0.0,1.0,263.0,0.23447401774397963,0.8111217786195294,0.717059679984063,0.6666666666666669,0.9541115485691704,0.0,62.0,0.0,4874.704999999982,2350.3606707932267,0.0,fixed_auv_ga_pso_tlbo_proxy,traffic,21281165,3
0.0,1.0,201.0,0.23051409618573795,0.8106979574716602,0.7478162962708486,0.6666666666666665,0.9570497602278392,0.0,47.0,0.0,4941.585000000006,2078.8000000000065,0.0,independent_greedy,traffic,21281165,3
0.0,0.3333333333333333,300.0,0.34,0.8110601032049674,0.7329117749212299,0.6666666666666669,0.8825224357949719,0.0,98.0,0.0,8209.04882224757,3435.490898351581,0.0,communication_aware,traffic,21281165,3
0.0,0.6666666666666666,300.0,0.16444444444444442,0.8447688835007522,0.7137905896081889,0.46666666666666656,0.9432612755456141,0.0,0.0,0.0,8086.358129788407,3011.502920016618,400.0,haco_safemarl_pilot_no_acoustic,traffic,21281165,3
0.0,1.0,236.0,0.28954802259886997,0.7874541885268735,0.6798269853296974,0.6666666666666666,0.9229088466552042,0.0,50.0,0.0,7333.780640863853,2235.493750035713,0.0,haco_safemarl_pilot_no_shield,traffic,21281165,3
0.0,0.6666666666666666,300.0,0.19777777777777777,0.85186289162084,0.7536011623430846,0.6666666666666669,0.9542921580408193,0.0,0.0,0.0,8644.876040658863,3072.495769992384,371.0,haco_safemarl_pilot,traffic,21281165,3
0.0,0.0,300.0,0.0,0.9042829176176334,0.8481266678944749,0.0,0.9999999998888889,0.0,0.0,0.0,746.0627563635041,295.09645233586156,243.0,haco_safemarl_mappo,traffic,21281165,3
0.0,1.0,284.0,0.2875586854460093,0.7717763292427178,0.6309737102039973,0.6666666666666669,0.9209037851653321,0.0,13.0,0.0880281690140845,5263.939999999979,2561.144147168359,0.0,fixed_auv_ga_pso_tlbo_proxy,traffic,21291172,3
0.0,1.0,217.0,0.31797235023041476,0.7514027462177104,0.6332333581851715,0.6666666666666665,0.9565622450358897,0.0,10.0,0.11059907834101383,5334.945000000007,1990.0000000000039,0.0,independent_greedy,traffic,21291172,3
0.0,0.3333333333333333,300.0,0.3622222222222222,0.8107463232078664,0.7040218412342236,0.6666666666666669,0.8588424200598085,0.0,11.0,0.09333333333333334,8211.602460836815,3398.617879741028,0.0,communication_aware,traffic,21291172,3
0.0,1.0,280.0,0.3202380952380952,0.7715288152886889,0.5977899250959416,0.6666666666666669,0.8881651886578893,0.0,7.0,0.05357142857142857,8576.818853198592,2679.3505089365917,330.0,haco_safemarl_pilot_no_acoustic,traffic,21291172,3
0.0,1.0,269.0,0.35439900867410157,0.7406696623593422,0.5862575899307401,0.6666666666666669,0.8670435849975557,0.0,9.0,0.08178438661710037,8289.058353789547,2520.6813804985327,0.0,haco_safemarl_pilot_no_shield,traffic,21291172,3
0.0,0.3333333333333333,300.0,0.34444444444444444,0.8182983866013971,0.7143161312876086,0.6666666666666669,0.8691114637868892,0.0,7.0,0.07333333333333333,9108.061712715471,2959.157544493653,397.0,haco_safemarl_pilot,traffic,21291172,3
0.0,0.0,300.0,0.0,0.8815777023571942,0.8255634035813418,0.0,0.9999999998888889,0.0,7.0,0.1,452.8600736331722,122.0139745522321,358.0,haco_safemarl_mappo,traffic,21291172,3
0.0,0.6666666666666666,300.0,0.13777777777777775,0.8526265358089483,0.7435358383024822,0.3333333333333334,0.9514131147845774,0.03,127.0,0.08666666666666667,5560.499999999976,2868.5106468863396,0.0,fixed_auv_ga_pso_tlbo_proxy,traffic,21301179,3
0.0,1.0,292.0,0.43378995433789946,0.7435292750284478,0.6458793272204473,0.6666666666666669,0.7672223987381681,0.0,129.0,0.17123287671232876,7178.82000000001,3401.000000000013,0.0,independent_greedy,traffic,21301179,3
0.0,0.6666666666666666,300.0,0.16222222222222218,0.8773694951610254,0.8174484827620878,0.3333333333333334,0.9302427561184494,0.03333333333333333,231.0,0.08666666666666667,8382.76389701133,3744.3758052542507,0.0,communication_aware,traffic,21301179,3
1.0,1.0,293.0,0.25824800910125145,0.8257944975421329,0.7482255053552398,0.6666666666666669,0.9405746499025419,0.0,0.0,0.051194539249146756,7262.069685949781,1695.4164644511764,490.0,haco_safemarl_pilot_no_acoustic,traffic,21301179,3
0.0,1.0,284.0,0.36619718309859156,0.7269400302077718,0.5959533808020343,0.6666666666666669,0.8544153581778514,0.0,76.0,0.04225352112676056,8901.300190272717,2234.015871329925,0.0,haco_safemarl_pilot_no_shield,traffic,21301179,3
1.0,1.0,293.0,0.23208191126279865,0.8368031072198397,0.7731223825870621,0.6666666666666669,0.9539707164607505,0.0,0.0,0.04778156996587031,7297.410923197863,1817.7705453576307,483.0,haco_safemarl_pilot,traffic,21301179,3
0.0,0.0,300.0,0.0,0.8725626092589298,0.8389424081332936,0.0,0.9999999998888889,0.0,0.0,0.0,624.0875412698242,387.036084446012,332.0,haco_safemarl_mappo,traffic,21301179,3
1.0,1.0,281.0,0.3309608540925267,0.7677785071559583,0.5783304236175038,0.7126436781609196,0.8256272092743622,0.0,0.0,0.0,5208.334999999979,3024.1440664328475,0.0,fixed_auv_ga_pso_tlbo_proxy,traffic,21311186,3
1.0,1.0,215.0,0.6031007751937986,0.7223166981723712,0.6094558602995749,1.0,0.852733754399021,0.0,0.0,0.0,5285.775000000007,2487.400000000001,0.0,independent_greedy,traffic,21311186,3
0.0,0.6666666666666666,300.0,0.46888888888888886,0.7940059963879894,0.7090699684733678,1.0,0.8355971003474142,0.0,0.0,0.0,8157.018580408726,3511.0328268946832,0.0,communication_aware,traffic,21311186,3
1.0,1.0,208.0,0.14262820512820512,0.8337542614983261,0.7450986836118927,0.33333333333333326,0.947554681441551,0.0,0.0,0.0,5923.55777480777,1503.1176235384066,209.0,haco_safemarl_pilot_no_acoustic,traffic,21311186,3
1.0,1.0,210.0,0.19523809523809524,0.7785362337198174,0.5664609117922346,0.44444444444444436,0.9122102863502273,0.0,0.0,0.07142857142857142,6549.669968017554,1697.9132988702088,0.0,haco_safemarl_pilot_no_shield,traffic,21311186,3
1.0,1.0,209.0,0.12759170653907498,0.8347453095731125,0.7505638183632477,0.33333333333333326,0.9589755422379193,0.0,0.0,0.0,6129.015440593465,1627.3803276768285,211.0,haco_safemarl_pilot,traffic,21311186,3
0.0,0.0,300.0,0.0,0.8517608712086451,0.8391661849028316,0.0,0.9999999998888889,0.0,0.0,0.0,719.0853796497078,220.36472461890307,319.0,haco_safemarl_mappo,traffic,21311186,3
0.0,0.3333333333333333,300.0,0.35666666666666663,0.7444846975291454,0.5774362584275663,1.0,0.9364927716061614,0.0,74.0,0.15,5560.499999999976,2650.2935954544846,0.0,fixed_auv_ga_pso_tlbo_proxy,traffic,21321193,3
0.0,1.0,263.0,0.5449936628643852,0.5804689073261086,0.19674812937385325,1.0,0.783818958843645,0.0,57.0,0.0,6465.855000000009,2460.00000000001,0.0,independent_greedy,traffic,21321193,3
0.0,0.3333333333333333,300.0,0.5022222222222222,0.7602682344391046,0.6704314278813127,1.0,0.9636906644064215,0.0,94.0,0.15666666666666668,8087.47710685313,3034.4226315586816,0.0,communication_aware,traffic,21321193,3
0.0,0.3333333333333333,300.0,0.33,0.7376392529435912,0.49893920282518944,0.6666666666666669,0.8310398023591399,0.023333333333333334,0.0,0.1,9082.87845021572,2657.2398262325137,535.0,haco_safemarl_pilot_no_acoustic,traffic,21321193,3
0.0,1.0,263.0,0.329531051964512,0.7190621696983881,0.4322653802571074,0.9382716049382716,0.8639867856565828,0.026615969581749048,56.0,0.1444866920152091,8408.769309027843,2149.116396825744,0.0,haco_safemarl_pilot_no_shield,traffic,21321193,3
0.0,0.0,300.0,0.44777777777777783,0.768820644234283,0.6509443095425235,1.0,0.876207401452044,0.006666666666666667,0.0,0.16333333333333333,8751.665144993953,3204.7012825388465,599.0,haco_safemarl_pilot,traffic,21321193,3
0.0,0.0,300.0,0.0,0.8688187082110939,0.8457871685524571,0.0,0.9999999998888889,0.0,0.0,0.0,785.8352951519817,377.52690890151604,331.0,haco_safemarl_mappo,traffic,21321193,3
0.0,0.6666666666666666,300.0,0.6633333333333333,0.5091386129419131,0.3366739599970613,1.0,0.582392905066478,0.04,80.0,0.08333333333333333,5560.499999999976,2615.27206122533,0.0,fixed_auv_ga_pso_tlbo_proxy,traffic,21331200,3
0.0,1.0,237.0,0.6919831223628692,0.4238839643286625,0.11102894956835162,1.0,0.4171863988984895,0.0,62.0,0.0,5826.645000000008,2199.200000000005,0.0,independent_greedy,traffic,21331200,3
0.0,0.0,300.0,0.7533333333333332,0.6652938501043838,0.5967452176761757,1.0,0.6616190084636098,0.0,38.0,0.06,7882.079395086283,2937.489870623374,0.0,communication_aware,traffic,21331200,3
0.0,0.6666666666666666,300.0,0.6933333333333332,0.5462170145563896,0.3599923068844838,1.0,0.6010225331842767,0.02,10.0,0.08,8907.813503987672,2519.109708941058,770.0,haco_safemarl_pilot_no_acoustic,traffic,21331200,3
0.0,0.3333333333333333,300.0,0.8,0.4942024091912765,0.4163493054888085,1.0,0.4648360155829784,0.03666666666666667,33.0,0.09,9093.204975416758,2824.2240319632274,0.0,haco_safemarl_pilot_no_shield,traffic,21331200,3
0.0,0.0,300.0,0.6877777777777777,0.7052480851989301,0.6137380930783695,1.0,0.6648395593065787,0.03666666666666667,10.0,0.07333333333333333,8580.119175038526,2883.569091709303,790.0,haco_safemarl_pilot,traffic,21331200,3
0.0,0.0,300.0,0.2966666666666667,0.816278685262217,0.7039854093710873,0.3333333333333334,0.7375544620483483,0.0,11.0,0.0,839.5770758657565,258.3140263756736,470.0,haco_safemarl_mappo,traffic,21331200,3
0.0,1.0,208.0,0.0,0.9100137269517242,0.9002799609566143,0.0,0.9999999998888889,0.0,10.0,0.0,3855.2799999999893,1731.963752961851,0.0,fixed_auv_ga_pso_tlbo_proxy,traffic,21341207,3
0.0,1.0,159.0,0.23480083857442344,0.8344913018423411,0.7756070758070525,0.6666666666666666,0.9530298801489826,0.0,8.0,0.0,3909.015000000005,1268.1999999999996,0.0,independent_greedy,traffic,21341207,3
0.0,1.0,180.0,0.0,0.9100821406172563,0.9005762649700324,0.0,0.9999999998888889,0.0,9.0,0.0,5107.5,1692.4475606074311,0.0,communication_aware,traffic,21341207,3
0.0,1.0,156.0,0.0,0.9020098682484692,0.8784906013550775,0.0,0.9999999998888889,0.0,6.0,0.0,4444.847632838438,999.5512910495327,70.0,haco_safemarl_pilot_no_acoustic,traffic,21341207,3
0.0,1.0,155.0,0.0,0.8991099965310381,0.8768517425430405,0.0,0.9999999998888889,0.0,7.0,0.0,4932.222811207801,1162.657362079166,0.0,haco_safemarl_pilot_no_shield,traffic,21341207,3
0.0,1.0,156.0,0.0,0.9022453699152485,0.8787443270649578,0.0,0.9999999998888889,0.0,6.0,0.0,4441.9601763588025,980.1860141005711,71.0,haco_safemarl_pilot,traffic,21341207,3
0.0,0.0,300.0,0.0,0.863681018671908,0.8289906636057186,0.0,0.9999999998888889,0.0,61.0,0.0,576.6417149885862,437.59828686777513,352.0,haco_safemarl_mappo,traffic,21341207,3
0.0,0.6666666666666666,300.0,0.5633333333333334,0.5971536915523223,0.5283872166707891,1.0,0.8997221295155333,0.0,0.0,0.0,5560.499999999976,2690.830182335028,0.0,fixed_auv_ga_pso_tlbo_proxy,traffic,21351214,3
1.0,1.0,243.0,0.5747599451303155,0.5634394007548245,0.5075986865093456,1.0,0.9270513779905709,0.0,0.0,0.0,5974.155000000008,2560.0000000000123,0.0,independent_greedy,traffic,21351214,3
0.0,0.3333333333333333,300.0,0.6211111111111111,0.6969697106702419,0.6528662198152586,1.0,0.9053825723802728,0.0,0.0,0.0,7972.5643130851295,2923.6946987238794,0.0,communication_aware,traffic,21351214,3
0.0,0.3333333333333333,300.0,0.5800000000000001,0.6736111599158653,0.6549785185201232,1.0,0.9757436689897504,0.0,0.0,0.0,9172.801182405796,2937.2569457516206,587.0,haco_safemarl_pilot_no_acoustic,traffic,21351214,3
0.0,0.3333333333333333,300.0,0.62,0.5907434417115444,0.5705590979082984,1.0,0.9613374092898679,0.0,0.0,0.0,9180.449441172079,2860.10556356011,0.0,haco_safemarl_pilot_no_shield,traffic,21351214,3
0.0,0.3333333333333333,300.0,0.6077777777777778,0.7268676737781444,0.6704061672616313,1.0,0.9533460328383243,0.0,0.0,0.0,9015.029338765084,2916.1793369059455,631.0,haco_safemarl_pilot,traffic,21351214,3
0.0,0.0,300.0,0.0,0.8517548101694311,0.8351111810318971,0.0,0.9999999998888889,0.0,0.0,0.0,649.6041710243318,216.03651330084085,480.0,haco_safemarl_mappo,traffic,21351214,3
0.0,1.0,216.0,0.44907407407407407,0.6373291348632174,0.3501427369015354,0.6666666666666665,0.7186257758144684,0.0,52.0,0.0,4003.559999999988,2014.9709469062877,0.0,fixed_auv_ga_pso_tlbo_proxy,traffic,21361221,3
0.0,1.0,165.0,0.5010101010101009,0.6129455368037705,0.3507420125793503,0.6666666666666666,0.7063924876488528,0.0,41.0,0.0,4056.525000000005,1665.2000000000007,0.0,independent_greedy,traffic,21361221,3
0.0,0.3333333333333333,300.0,0.5366666666666666,0.6923212107640733,0.5340278328047674,0.6666666666666669,0.5899602029771419,0.0,150.0,0.0,8033.2154318366365,3654.424887885441,0.0,communication_aware,traffic,21361221,3
0.0,0.6666666666666666,300.0,0.5144444444444444,0.6652805139571403,0.5320087683082213,0.6666666666666669,0.6394986318617291,0.0,2.0,0.0,8947.38452522879,2668.68508274743,565.0,haco_safemarl_pilot_no_acoustic,traffic,21361221,3
0.0,1.0,297.0,0.5634118967452301,0.5812553359714159,0.40518853674611793,0.6666666666666669,0.5977688498092834,0.0,70.0,0.0,8847.06953643544,2524.6731593029112,0.0,haco_safemarl_pilot_no_shield,traffic,21361221,3
0.0,0.3333333333333333,300.0,0.4844444444444444,0.7654157521111635,0.6796548644353003,0.6666666666666669,0.6923947718485787,0.0,2.0,0.0,8566.9567174573,3071.490886155069,587.0,haco_safemarl_pilot,traffic,21361221,3
0.0,0.0,300.0,0.17333333333333334,0.8449369313619669,0.7834901092758841,0.3333333333333334,0.9191774269310172,0.0,2.0,0.0,233.59799767587418,243.31218424455832,396.0,haco_safemarl_mappo,traffic,21361221,3
0.0,1.0,210.0,0.10317460317460318,0.886498917278682,0.8507871906528232,0.6666666666666665,0.9913850662774725,0.047619047619047616,0.0,0.12380952380952381,3892.349999999989,1656.2005092887264,0.0,fixed_auv_ga_pso_tlbo_proxy,traffic,21371228,3
1.0,1.0,161.0,0.15734989648033126,0.8622369236167361,0.8052533389329426,0.5686274509803921,0.9860939963356218,0.0,0.0,0.07453416149068323,3958.185000000005,1204.4000000000005,0.0,independent_greedy,traffic,21371228,3
0.0,1.0,264.0,0.2866161616161616,0.8364243310366412,0.783157905711959,0.6666666666666669,0.9248314601618993,0.045454545454545456,0.0,0.10984848484848485,7279.071905591703,2841.629557847345,0.0,communication_aware,traffic,21371228,3
1.0,1.0,178.0,0.13295880149812733,0.8704440576023147,0.8344833936772107,0.6666666666666665,0.9979795439001318,0.0,0.0,0.05056179775280899,5823.044726156019,1406.0507262572248,132.0,haco_safemarl_pilot_no_acoustic,traffic,21371228,3
1.0,1.0,160.0,0.10833333333333332,0.8847236062368649,0.857459673599414,0.6666666666666666,0.9942251746263072,0.0,0.0,0.03125,5188.880530907668,1392.1616618090827,0.0,haco_safemarl_pilot_no_shield,traffic,21371228,3
0.0,1.0,191.0,0.14310645724258292,0.8696688180823816,0.8268609632072926,0.6666666666666665,0.9943985908361417,0.04712041884816754,0.0,0.10471204188481675,6080.630201143199,1569.8936516919798,185.0,haco_safemarl_pilot,traffic,21371228,3
0.0,0.0,300.0,0.0,0.8874926681110891,0.8405166426120281,0.0,0.9999999998888889,0.0,0.0,0.0,337.3450066070807,142.58725730627168,76.0,haco_safemarl_mappo,traffic,21371228,3
0.0,1.0,249.0,0.6050870147255689,0.5675629760771214,0.45555784121635495,1.0,0.8646556772322123,0.0,64.0,0.0,4615.214999999984,1927.7053387298788,0.0,fixed_auv_ga_pso_tlbo_proxy,traffic,21381235,3
0.0,1.0,191.0,0.6614310645724258,0.4675705150089728,0.18979272396637625,1.0,0.505778637606148,0.0,50.0,0.0,4695.735000000006,1649.7999999999988,0.0,independent_greedy,traffic,21381235,3
0.0,0.0,300.0,0.7455555555555555,0.6496827475224554,0.5706676486003562,1.0,0.9375346369110915,0.0,10.0,0.08333333333333333,7874.482005683484,2931.1678588299624,0.0,communication_aware,traffic,21381235,3
1.0,1.0,245.0,0.6380952380952382,0.6126222562857314,0.4652174059992972,1.0,0.5696665214708289,0.0,0.0,0.0,7606.5176265712635,1944.3489235291038,547.0,haco_safemarl_pilot_no_acoustic,traffic,21381235,3
1.0,1.0,228.0,0.75,0.5561553158417791,0.44121747758270363,1.0,0.6520168565590911,0.0,0.0,0.0,6964.210197337105,2224.480358233754,0.0,haco_safemarl_pilot_no_shield,traffic,21381235,3
0.0,0.0,300.0,0.72,0.6835558010595248,0.6111500152776678,1.0,0.7219152847125891,0.0,0.0,0.0,8933.591193195869,3240.026912969345,746.0,haco_safemarl_pilot,traffic,21381235,3
0.0,0.0,300.0,0.28444444444444444,0.8058601870397737,0.6485626982641944,0.3333333333333334,0.7598569459070091,0.0,0.0,0.17,211.70996573702155,190.92008900354728,406.0,haco_safemarl_mappo,traffic,21381235,3
0.0,0.6666666666666666,300.0,0.4266666666666667,0.7620697349153535,0.6151523505487385,0.6666666666666669,0.752543752352324,0.0,155.0,0.0,5560.499999999976,3108.0293385455643,0.0,fixed_auv_ga_pso_tlbo_proxy,traffic,21391242,3
0.0,1.0,249.0,0.6398929049531459,0.6549728763091501,0.41582803270402874,1.0,0.5826026743627614,0.0,138.0,0.0,6121.665000000008,2801.200000000007,0.0,independent_greedy,traffic,21391242,3
0.0,0.6666666666666666,300.0,0.45,0.808879319825699,0.7373620626945206,0.9,0.7633106230511929,0.0,95.0,0.0,8189.235908424298,3340.390011630714,0.0,communication_aware,traffic,21391242,3
0.0,0.6666666666666666,300.0,0.017777777777777778,0.8750321252023844,0.8533259448956021,0.17777777777777773,0.9993452416340041,0.0,20.0,0.0,7608.766588198544,2249.441673936523,316.0,haco_safemarl_pilot_no_acoustic,traffic,21391242,3
0.0,1.0,242.0,0.19696969696969696,0.848303946232966,0.779347365246923,0.33333333333333337,0.9389328580367473,0.0,97.0,0.0,7526.374751744215,2003.1913387841266,0.0,haco_safemarl_pilot_no_shield,traffic,21391242,3
0.0,0.6666666666666666,300.0,0.014444444444444444,0.8751922346898492,0.8551876638510983,0.14444444444444443,0.9995705792351466,0.0,0.0,0.0,7582.5409600746,2270.9488148053156,318.0,haco_safemarl_pilot,traffic,21391242,3
0.0,0.0,300.0,0.0,0.8832772861788594,0.8280507235742488,0.0,0.9999999998888889,0.0,0.0,0.0,914.8476742286668,461.05042386600076,446.0,haco_safemarl_mappo,traffic,21391242,3
1.0,1.0,139.0,0.2973621103117506,0.788532557805956,0.6034614306511944,0.6666666666666666,0.8876859921089537,0.0,0.0,0.0,2576.365,1120.2895941223112,0.0,fixed_auv_ga_pso_tlbo_proxy,traffic,21401249,3
1.0,1.0,106.0,0.3333333333333333,0.7517866998023509,0.43631063407410403,0.6363636363636365,0.7289477097412991,0.0,0.0,0.0,2606.010000000003,887.4000000000002,0.0,independent_greedy,traffic,21401249,3
1.0,1.0,212.0,0.4685534591194969,0.7570828598014798,0.6305940032321262,0.6666666666666665,0.7148202373132179,0.0,0.0,0.0,5726.035797907236,2349.137290453931,0.0,communication_aware,traffic,21401249,3
1.0,1.0,137.0,0.34306569343065696,0.7927094438103867,0.6638050004382063,0.6666666666666666,0.8343061180656561,0.0,0.0,0.0,4240.994511778772,1293.588388104887,168.0,haco_safemarl_pilot_no_acoustic,traffic,21401249,3
1.0,1.0,109.0,0.3180428134556576,0.7990445427469055,0.6417823921471277,0.6666666666666667,0.8712005744406941,0.0,0.0,0.0,3474.5181741407346,945.0012148946158,0.0,haco_safemarl_pilot_no_shield,traffic,21401249,3
0.0,0.3333333333333333,300.0,0.5133333333333333,0.7532384077809365,0.6490185604651493,0.6666666666666669,0.6363618268574897,0.0,0.0,0.0,8811.770390890939,3227.183598810483,510.0,haco_safemarl_pilot,traffic,21401249,3
0.0,0.0,300.0,0.0,0.8658034023183913,0.8374020836383672,0.0,0.9999999998888889,0.0,0.0,0.11666666666666667,742.7661294171164,358.9748398590394,327.0,haco_safemarl_mappo,traffic,21401249,3
0.0,0.3333333333333333,300.0,0.0,0.8975157996631118,0.8717512144658379,0.0,0.9999999998888889,0.0,54.0,0.023333333333333334,5560.499999999976,2359.5803628173176,0.0,fixed_auv_ga_pso_tlbo_proxy,traffic,21411256,3
0.0,1.0,300.0,0.3588888888888889,0.6955793288168967,0.5840433419053959,0.9333333333333333,0.90897896867092,0.0,41.0,0.04666666666666667,7375.50000000001,2840.8000000000147,0.0,independent_greedy,traffic,21411256,3
0.0,0.6666666666666666,300.0,0.0,0.896780234315983,0.8725153505272755,0.0,0.9999999998888889,0.0,46.0,0.056666666666666664,8512.5,2957.916034241593,0.0,communication_aware,traffic,21411256,3
0.0,0.6666666666666666,300.0,0.04666666666666666,0.8804762842037245,0.8498899037256639,0.46666666666666656,0.9984050775899088,0.0,0.0,0.0,9488.526566872597,2443.616791803084,141.0,haco_safemarl_pilot_no_acoustic,traffic,21411256,3
0.0,1.0,291.0,0.12714776632302405,0.8659612678713731,0.8015399084660194,0.3444444444444445,0.9603358107634764,0.0,40.0,0.0,9166.257290138625,2490.4343294878595,0.0,haco_safemarl_pilot_no_shield,traffic,21411256,3
0.0,0.6666666666666666,300.0,0.026666666666666665,0.8818227612517032,0.8522566218614605,0.26666666666666666,0.9989923841828947,0.0,0.0,0.0,9486.736150286391,2627.255050182848,136.0,haco_safemarl_pilot,traffic,21411256,3
0.0,0.0,300.0,0.0,0.8661183661782719,0.8524065793988398,0.0,0.9999999998888889,0.0,0.0,0.0,550.1874846083381,355.05597980607604,344.0,haco_safemarl_mappo,traffic,21411256,3
0.0,0.6666666666666666,300.0,0.6644444444444444,0.525400974727461,0.1710162107392847,1.0,0.6776029356975269,0.0,0.0,0.0,5560.499999999976,2916.3783744620973,0.0,fixed_auv_ga_pso_tlbo_proxy,traffic,21421263,3
1.0,1.0,296.0,0.6599099099099098,0.5082575190023368,0.04326450130516376,1.0,0.666637429038329,0.0,0.0,0.10810810810810811,7277.16000000001,3415.2000000000157,0.0,independent_greedy,traffic,21421263,3
0.0,0.0,300.0,0.7666666666666667,0.5939519862237376,0.3946725132261925,1.0,0.6956274833963266,0.0,0.0,0.03666666666666667,7833.03838411702,2943.6885266248455,0.0,communication_aware,traffic,21421263,3
0.0,0.6666666666666666,300.0,0.4066666666666666,0.6177163789682422,0.1246264682383131,0.8333333333333334,0.663650454387405,0.0,0.0,0.23333333333333334,9359.306783160415,2515.7584291622497,500.0,haco_safemarl_pilot_no_acoustic,traffic,21421263,3
0.0,0.3333333333333333,300.0,0.7977777777777777,0.46811652399385045,0.23764486003279917,1.0,0.6552720067463011,0.0,0.0,0.14333333333333334,8990.273857866105,2840.852926568147,0.0,haco_safemarl_pilot_no_shield,traffic,21421263,3
0.0,0.3333333333333333,300.0,0.6466666666666666,0.6821993319161025,0.4691034954635341,1.0,0.6493046188026517,0.0,0.0,0.1,8869.445935404987,2920.611292785054,705.0,haco_safemarl_pilot,traffic,21421263,3
0.0,0.0,300.0,0.33999999999999997,0.8087215918039,0.7555536714407454,0.6666666666666669,0.7237661537125354,0.0,0.0,0.2,274.750919965019,209.76571519206308,633.0,haco_safemarl_mappo,traffic,21421263,3
0.0,1.0,258.0,0.2545219638242894,0.8644208236625708,0.7511265560298193,0.33333333333333337,0.8109400384024742,0.0,64.0,0.0,4782.0299999999825,2025.907983662463,0.0,fixed_auv_ga_pso_tlbo_proxy,traffic,21431270,3
0.0,1.0,197.0,0.2470389170896785,0.8040624685326272,0.6800456373710891,0.6666666666666665,0.9031226767591601,0.0,49.0,0.0,4843.245000000006,1609.400000000001,0.0,independent_greedy,traffic,21431270,3
0.0,1.0,224.0,0.24107142857142858,0.8708324874712816,0.771549258401303,0.3333333333333332,0.832085684537632,0.0,68.0,0.0,6331.2655004546805,2211.2284510419204,0.0,communication_aware,traffic,21431270,3
0.0,1.0,231.0,0.031746031746031744,0.8928639404084511,0.8681736622702881,0.3055555555555555,0.9978546526039008,0.0,2.0,0.0,5860.706942393616,1587.5929481366177,240.0,haco_safemarl_pilot_no_acoustic,traffic,21431270,3
0.0,1.0,192.0,0.09895833333333333,0.8734280908846013,0.835430825184391,0.33333333333333326,0.9924176272236488,0.0,109.0,0.0,6125.6098435368485,1339.3358176413694,0.0,haco_safemarl_pilot_no_shield,traffic,21431270,3
0.0,1.0,231.0,0.028860028860028857,0.8930754067299617,0.8687727569801384,0.27777777777777773,0.9982368328820355,0.0,2.0,0.0,5933.32056690907,1588.9456067723906,237.0,haco_safemarl_pilot,traffic,21431270,3
0.0,0.0,300.0,0.0,0.8828404323385697,0.8286746303047123,0.0,0.9999999998888889,0.0,2.0,0.0,540.4616858448416,165.40852556411656,331.0,haco_safemarl_mappo,traffic,21431270,3
1.0,1.0,266.0,0.8784461152882206,0.37011113475994883,0.24473048113324758,1.0,0.4600753003494651,0.0,0.0,0.06390977443609022,4930.309999999981,2954.137127795452,0.0,fixed_auv_ga_pso_tlbo_proxy,traffic,21441277,3
1.0,1.0,204.0,0.8382352941176471,0.3468031911784799,0.11959843280370325,1.0,0.36135383198620724,0.0,0.0,0.25980392156862747,5015.3400000000065,2497.000000000002,0.0,independent_greedy,traffic,21441277,3
0.0,0.3333333333333333,300.0,0.91,0.5790036314825259,0.5254250143003323,1.0,0.4458715569059844,0.0,0.0,0.12666666666666668,7718.069139233979,3086.7679882550888,0.0,communication_aware,traffic,21441277,3
1.0,1.0,237.0,0.6582278481012658,0.6226380875774399,0.4541266326136766,0.8333333333333334,0.4803426310126789,0.0,0.0,0.27848101265822783,6907.195965035385,1669.2130886229447,647.0,haco_safemarl_pilot_no_acoustic,traffic,21441277,3
0.0,1.0,208.0,0.7836538461538461,0.47985643789737964,0.24509874895687703,1.0,0.3591062242017621,0.09134615384615384,0.0,0.3076923076923077,6443.249550984357,1424.747546958937,0.0,haco_safemarl_pilot_no_shield,traffic,21441277,3
0.0,0.3333333333333333,300.0,0.6766666666666666,0.6904617477758989,0.6474781367566249,0.9222222222222222,0.6887153831728324,0.0,0.0,0.09333333333333334,8988.40131972015,2876.384773177513,754.0,haco_safemarl_pilot,traffic,21441277,3
0.0,0.0,300.0,0.04444444444444444,0.8278936938675532,0.802616285239302,0.3333333333333334,0.9956919761852284,0.0,0.0,0.0,417.05632969366326,294.6668933076337,620.0,haco_safemarl_mappo,traffic,21441277,3
0.0,0.0,300.0,0.35,0.7211910433651522,0.6443102846070073,1.0,0.9725146844459418,0.0,129.0,0.09,5560.499999999976,2243.902757689099,0.0,fixed_auv_ga_pso_tlbo_proxy,traffic,21451284,3
0.0,1.0,257.0,0.4332036316472114,0.6412671526981822,0.5436466244412455,1.0,0.9548688714064444,0.042801556420233464,123.0,0.15953307392996108,6318.345000000008,2245.400000000002,0.0,independent_greedy,traffic,21451284,3
0.0,0.0,300.0,0.44888888888888884,0.7714347504523754,0.7236239381316388,1.0,0.9771147594788252,0.0,112.0,0.09,8114.553791852566,2981.518692656886,0.0,communication_aware,traffic,21451284,3
0.0,0.0,300.0,0.4288888888888889,0.7240073074917592,0.6596453288475566,1.0,0.9750800888445117,0.0,6.0,0.10666666666666667,8818.776910486831,3121.2339640921723,613.0,haco_safemarl_pilot_no_acoustic,traffic,21451284,3
0.0,0.3333333333333333,300.0,0.5311111111111111,0.6216319749243251,0.5706267551431289,1.0,0.9813412680425376,0.0,96.0,0.10333333333333333,9258.458236614084,2930.910834816234,0.0,haco_safemarl_pilot_no_shield,traffic,21451284,3
0.0,0.0,300.0,0.4266666666666667,0.7957991278400798,0.7681331088273021,1.0,0.9869009226108413,0.0,6.0,0.10666666666666667,8716.21415679088,3119.329101032665,621.0,haco_safemarl_pilot,traffic,21451284,3
0.0,0.0,300.0,0.07777777777777777,0.8844967492175801,0.8570243955317998,0.3333333333333334,0.9859739514974413,0.0,3.0,0.07,731.4685892052228,161.44686489410776,340.0,haco_safemarl_mappo,traffic,21451284,3
0.0,1.0,239.0,0.1129707112970711,0.855350736810604,0.7727317688328907,0.3333333333333333,0.9685789404304266,0.0,154.0,0.0794979079497908,4429.864999999985,1837.3809198376193,0.0,fixed_auv_ga_pso_tlbo_proxy,traffic,21461291,3
0.0,1.0,183.0,0.26593806921675767,0.7995158008992943,0.7477892591810614,0.6666666666666665,0.9737275990154795,0.0,119.0,0.0,4499.055000000006,1524.2000000000014,0.0,independent_greedy,traffic,21461291,3
0.0,0.6666666666666666,300.0,0.27555555555555555,0.8323061509453982,0.7788791548261497,1.0,0.9370665747809211,0.0,133.0,0.01,8347.45568994151,3435.13452894376,0.0,communication_aware,traffic,21461291,3
1.0,1.0,298.0,0.2606263982102908,0.8047014336115763,0.6770224067702334,0.6666666666666669,0.9288227326728719,0.0,0.0,0.0,8868.491656585384,2897.3129753818334,520.0,haco_safemarl_pilot_no_acoustic,traffic,21461291,3
0.0,1.0,179.0,0.1713221601489758,0.8287646001280043,0.7828856231067576,0.6666666666666665,0.9800355340202548,0.0,182.0,0.0,5751.501920328296,1262.299954471394,0.0,haco_safemarl_pilot_no_shield,traffic,21461291,3
1.0,1.0,298.0,0.24496644295302014,0.8135821607194317,0.6992781168138331,0.6666666666666669,0.9318113490629253,0.0,0.0,0.0,8983.356578156243,2855.969099982755,516.0,haco_safemarl_pilot,traffic,21461291,3
0.0,0.0,300.0,0.1211111111111111,0.8810021300833639,0.8092458477938026,0.3333333333333334,0.963411723451162,0.0,0.0,0.0,735.4240943902959,892.8909204302013,467.0,haco_safemarl_mappo,traffic,21461291,3
0.0,1.0,263.0,0.2243346007604562,0.8244621130327054,0.7551283437026005,0.6666666666666669,0.9575554906192748,0.0,36.0,0.0,4874.704999999982,1808.0562356696669,0.0,fixed_auv_ga_pso_tlbo_proxy,traffic,21471298,3
0.0,1.0,202.0,0.5495049504950495,0.6739977024506288,0.44795361287593305,0.6666666666666665,0.6659429028532979,0.0,28.0,0.0,4966.170000000006,1481.2000000000035,0.0,independent_greedy,traffic,21471298,3
0.0,0.6666666666666666,300.0,0.33222222222222214,0.8245109840110927,0.7753093685778226,0.6666666666666669,0.8889241633627347,0.0,31.0,0.0,8251.624395447765,3287.910702280891,0.0,communication_aware,traffic,21471298,3
1.0,1.0,233.0,0.19599427753934187,0.808068217430557,0.6803243153605159,0.6388888888888888,0.953652541858328,0.0,0.0,0.0,7428.6355659615865,1895.7725965247355,290.0,haco_safemarl_pilot_no_acoustic,traffic,21471298,3
0.0,1.0,207.0,0.30756843800322065,0.8080747947093808,0.6890875275810678,0.6666666666666665,0.8840375989085547,0.0,27.0,0.0,6597.218274975747,1633.1824025461074,0.0,haco_safemarl_pilot_no_shield,traffic,21471298,3
0.0,0.3333333333333333,300.0,0.3122222222222222,0.8117873928308575,0.7130352776691983,0.6666666666666669,0.8955226320560622,0.0,0.0,0.0,9199.24708132248,2873.1092426918863,438.0,haco_safemarl_pilot,traffic,21471298,3
0.0,0.3333333333333333,300.0,0.13555555555555554,0.8299305789854828,0.8054314139243162,0.3333333333333334,0.9859619286323605,0.0,0.0,0.0,1186.453279589151,335.9356378701809,402.0,haco_safemarl_mappo,traffic,21471298,3
0.0,1.0,296.0,0.39864864864864863,0.7083604196848126,0.5797873324360696,0.6666666666666669,0.8196257650777146,0.0,51.0,0.0,5486.359999999977,2189.1330067948893,0.0,fixed_auv_ga_pso_tlbo_proxy,traffic,21481305,3
0.0,1.0,226.0,0.6946902654867256,0.5498567068158585,0.293097701444408,1.0,0.7198729896549529,0.0,39.0,0.0,5556.210000000007,1837.9999999999995,0.0,independent_greedy,traffic,21481305,3
0.0,0.3333333333333333,300.0,0.49222222222222217,0.775607774424324,0.7312723261121014,1.0,0.8236962186142723,0.0,45.0,0.07333333333333333,8124.788746379123,2888.333344622296,0.0,communication_aware,traffic,21481305,3
1.0,1.0,241.0,0.3042876901798064,0.7899468757157526,0.7333065548658696,0.6666666666666667,0.9694165697043013,0.0,0.0,0.1950207468879668,7243.305141574432,1919.511873021586,427.0,haco_safemarl_pilot_no_acoustic,traffic,21481305,3
0.0,1.0,221.0,0.4117647058823528,0.7386236862590356,0.6530893619245265,0.8550724637681159,0.8393483872977804,0.00904977375565611,38.0,0.22171945701357465,7022.192348586984,1728.0602414203222,0.0,haco_safemarl_pilot_no_shield,traffic,21481305,3
0.0,0.3333333333333333,300.0,0.35666666666666663,0.7887011375389412,0.7363209625243563,0.6666666666666669,0.8665177842448838,0.0,0.0,0.13333333333333333,8842.671629290686,2872.5934580760904,534.0,haco_safemarl_pilot,traffic,21481305,3
0.0,0.0,300.0,0.0,0.8552157689465356,0.8380758296769087,0.0,0.9999999998888889,0.0,0.0,0.16,1247.743945985585,326.15883051458985,480.0,haco_safemarl_mappo,traffic,21481305,3
0.0,0.6666666666666666,300.0,0.3611111111111111,0.6854529036810042,0.5091758589201723,0.8111111111111111,0.8795627523519457,0.0,91.0,0.0,5560.499999999976,2251.700911738722,0.0,fixed_auv_ga_pso_tlbo_proxy,traffic,21491312,3
0.0,1.0,245.0,0.5687074829931973,0.5922401161781241,0.4437537058958874,0.8666666666666666,0.7350361703413679,0.0,69.0,0.0,6023.325000000008,2116.2000000000003,0.0,independent_greedy,traffic,21491312,3
0.0,0.0,300.0,0.47111111111111115,0.753368210993296,0.6502161966434353,1.0,0.9110853757238078,0.0,137.0,0.0,8095.11894815758,2924.970805109752,0.0,communication_aware,traffic,21491312,3
0.0,0.6666666666666666,300.0,0.44666666666666666,0.6855517452670556,0.5758458747305234,1.0,0.8368392279765839,0.0,0.0,0.023333333333333334,9274.753455847002,2836.9302163209486,507.0,haco_safemarl_pilot_no_acoustic,traffic,21491312,3
0.0,0.3333333333333333,300.0,0.5477777777777777,0.6114830797038204,0.49687921139144836,1.0,0.9012704367305187,0.0,138.0,0.0,9239.812069692576,2882.563466334723,0.0,haco_safemarl_pilot_no_shield,traffic,21491312,3
0.0,0.0,300.0,0.45777777777777773,0.7700124694350368,0.6943685957344581,1.0,0.8707912824397718,0.0,0.0,0.03666666666666667,9127.435407180967,3168.772901772728,513.0,haco_safemarl_pilot,traffic,21491312,3
0.0,0.0,300.0,0.04666666666666666,0.8607364204335,0.8411776176718955,0.3333333333333334,0.9952304471461488,0.0,0.0,0.0,818.8197797841606,293.3703345920391,464.0,haco_safemarl_mappo,traffic,21491312,3
0.0,1.0,257.0,0.8430609597924773,0.33646169166864476,0.20245739283364853,1.0,0.7129778404143428,0.0,62.0,0.0,4763.494999999983,2075.711993448761,0.0,fixed_auv_ga_pso_tlbo_proxy,traffic,21501319,3
0.0,1.0,196.0,0.784013605442177,0.3651374185618447,0.07783784671380378,1.0,0.566108594933571,0.0,48.0,0.07142857142857142,4818.660000000006,1670.4000000000049,0.0,independent_greedy,traffic,21501319,3
0.0,0.0,300.0,0.8855555555555554,0.5328944369777106,0.41982342023436425,1.0,0.7071252373764397,0.0,0.0,0.04666666666666667,7712.020611203372,2936.996180079015,0.0,communication_aware,traffic,21501319,3
0.0,0.0,300.0,0.8188888888888889,0.4065641901782085,0.1678010580418627,1.0,0.6975138467675762,0.0,0.0,0.03333333333333333,8879.738573467048,3184.6246346386165,816.0,haco_safemarl_pilot_no_acoustic,traffic,21501319,3
0.0,0.0,300.0,0.9011111111111111,0.3577662652785806,0.21488780611108396,1.0,0.706160286747399,0.0,0.0,0.01,8783.248483886448,3057.831168316176,0.0,haco_safemarl_pilot_no_shield,traffic,21501319,3
0.0,0.0,300.0,0.8255555555555555,0.6406266220995428,0.5112285365368417,1.0,0.6943575857772845,0.0,0.0,0.016666666666666666,8650.083264320354,3038.69485211013,823.0,haco_safemarl_pilot,traffic,21501319,3
0.0,0.0,300.0,0.2888888888888889,0.7757002224802134,0.6502151681250771,0.4444444444444443,0.7731219326734976,0.0,0.0,0.14666666666666667,326.167886585578,167.22394562927374,690.0,haco_safemarl_mappo,traffic,21501319,3
0.0,0.6666666666666666,300.0,0.5388888888888889,0.51581840434432,0.2763172281842182,0.9888888888888888,0.6802983079493805,0.0,20.0,0.08333333333333333,5560.499999999976,2961.5811859406026,0.0,fixed_auv_ga_pso_tlbo_proxy,traffic,21511326,3
0.0,1.0,245.0,0.6190476190476192,0.5030517114074906,0.1729580217592832,0.6666666666666667,0.4309728771514609,0.0,16.0,0.07755102040816327,6023.325000000008,2748.8000000000143,0.0,independent_greedy,traffic,21511326,3
0.0,0.3333333333333333,300.0,0.7877777777777777,0.6433735707406001,0.528668106387023,1.0,0.9727488444245157,0.0,0.0,0.09333333333333334,7888.775857062284,3237.486033570524,0.0,communication_aware,traffic,21511326,3
0.0,0.3333333333333333,300.0,0.5322222222222222,0.6058080747147734,0.42967613050065145,0.6666666666666669,0.6008189856437691,0.0,0.0,0.14666666666666667,3253.383276900442,971.8059785511756,864.0,haco_safemarl_pilot_no_acoustic,traffic,21511326,3
0.0,0.3333333333333333,300.0,0.6055555555555556,0.559499270222741,0.39122321009412103,1.0,0.581631475470881,0.0,16.0,0.11,8866.229540587832,3023.228668574045,0.0,haco_safemarl_pilot_no_shield,traffic,21511326,3
0.0,0.3333333333333333,300.0,0.5133333333333333,0.7516913181258815,0.6641670906696729,0.6666666666666669,0.6369068959492926,0.0,0.0,0.11,3079.5389902902953,1147.0107142446693,894.0,haco_safemarl_pilot,traffic,21511326,3
0.0,0.0,300.0,0.20444444444444443,0.8293356821995437,0.7834289412612171,0.3333333333333334,0.8833291978890987,0.0,0.0,0.08333333333333333,829.5004597797024,225.34198046977548,605.0,haco_safemarl_mappo,traffic,21511326,3
0.0,0.6666666666666666,300.0,0.23444444444444443,0.7758912563724824,0.5227264614766283,0.36666666666666664,0.8476873104728737,0.0,6.0,0.05,5560.499999999976,2730.39462733425,0.0,fixed_auv_ga_pso_tlbo_proxy,traffic,21521333,3
0.0,1.0,255.0,0.35424836601307186,0.6509367159111825,0.14295437763473454,0.6666666666666667,0.699624437242358,0.0,31.0,0.0,6269.175000000008,2555.4000000000055,0.0,independent_greedy,traffic,21521333,3
0.0,0.6666666666666666,300.0,0.49,0.7639862243989746,0.6250310870737494,1.0,0.9016755469339375,0.0,0.0,0.056666666666666664,8133.785046918631,2924.6622664697134,0.0,communication_aware,traffic,21521333,3
0.0,1.0,283.0,0.31919905771495877,0.75148557939434,0.38053773320722883,0.3333333333333334,0.6946104297276092,0.01060070671378092,0.0,0.0812720848056537,7604.158480549216,1987.7005091041106,418.0,haco_safemarl_pilot_no_acoustic,traffic,21521333,3
0.0,1.0,248.0,0.31854838709677413,0.7481016068416605,0.37284422440383114,0.33333333333333337,0.6958799306884126,0.016129032258064516,74.0,0.04032258064516129,7846.300474336293,1992.765640279452,0.0,haco_safemarl_pilot_no_shield,traffic,21521333,3
0.0,1.0,293.0,0.32195676905574516,0.7739019490628908,0.49199214384395157,0.45555555555555544,0.7140852600679004,0.027303754266211604,0.0,0.08191126279863481,8152.776293589522,2182.7842664211516,456.0,haco_safemarl_pilot,traffic,21521333,3
0.0,0.3333333333333333,300.0,0.0,0.871470830450815,0.8381091961870285,0.0,0.9999999998888889,0.0,0.0,0.14,1398.5480835316923,507.56519146436654,309.0,haco_safemarl_mappo,traffic,21521333,3
0.0,0.6666666666666666,300.0,0.38222222222222224,0.7290394101740075,0.514081340239923,0.6666666666666669,0.8366785750912064,0.0,147.0,0.0,5560.499999999976,2640.994560602039,0.0,fixed_auv_ga_pso_tlbo_proxy,traffic,21531340,3
0.0,1.0,258.0,0.48320413436692505,0.6024705441724335,0.1975928856126737,0.9615384615384616,0.7873938246059976,0.0,141.0,0.0,6342.9300000000085,2467.60000000001,0.0,independent_greedy,traffic,21531340,3
0.0,0.3333333333333333,300.0,0.5444444444444444,0.758663678843309,0.6684080709503186,1.0,0.9124166825044098,0.006666666666666667,94.0,0.07333333333333333,8059.321229292535,2939.015029782374,0.0,communication_aware,traffic,21531340,3
1.0,1.0,251.0,0.23638778220451523,0.7517392555150735,0.43401525989996437,0.33333333333333337,0.8391646550754247,0.0,0.0,0.0,7991.3268682835,2130.0789782029174,193.0,haco_safemarl_pilot_no_acoustic,traffic,21531340,3
0.0,1.0,251.0,0.23638778220451523,0.7444772549836965,0.4090746039594981,0.34615384615384615,0.8414327196046862,0.0,31.0,0.0,8005.853391002786,1964.635767810326,0.0,haco_safemarl_pilot_no_shield,traffic,21531340,3
0.0,0.0,300.0,0.45888888888888885,0.7641356310895663,0.6407023784006379,1.0,0.8792927660963257,0.0,0.0,0.03666666666666667,8740.368939084161,2882.2961627473687,585.0,haco_safemarl_pilot,traffic,21531340,3
0.0,0.0,300.0,0.0,0.8689539582466611,0.8527748285393929,0.0,0.9999999998888889,0.0,0.0,0.10666666666666667,414.5902159488642,422.9212968251701,290.0,haco_safemarl_mappo,traffic,21531340,3
0.0,0.3333333333333333,300.0,0.20777777777777773,0.798009175603045,0.6053541637689754,0.6666666666666669,0.9339267177674533,0.043333333333333335,198.0,0.26666666666666666,5560.499999999976,1902.7178607829237,0.0,fixed_auv_ga_pso_tlbo_proxy,traffic,21541347,3
0.0,1.0,300.0,0.601111111111111,0.5608108044945096,0.33720811320929517,1.0,0.8751162801140707,0.0,190.0,0.04,7375.50000000001,2534.000000000006,0.0,independent_greedy,traffic,21541347,3
0.0,0.3333333333333333,300.0,0.33222222222222214,0.8239038617528498,0.7391642692311722,1.0,0.940532081156737,0.043333333333333335,124.0,0.27,8251.5923545457,2792.1184691865865,0.0,communication_aware,traffic,21541347,3
0.0,0.3333333333333333,300.0,0.2577777777777777,0.8375328558204951,0.7969519312055435,0.6777777777777779,0.9435866203041583,0.0,37.0,0.16333333333333333,7965.309012524596,2330.5260643696583,517.0,haco_safemarl_pilot_no_acoustic,traffic,21541347,3
0.0,0.3333333333333333,300.0,0.4644444444444445,0.7136123329960805,0.6297591157650344,1.0,0.9624106244185249,0.0,168.0,0.09,9392.03178086341,2830.8845706244815,0.0,haco_safemarl_pilot_no_shield,traffic,21541347,3
0.0,0.3333333333333333,300.0,0.1855555555555555,0.8538759946873763,0.8365437801042113,0.6666666666666669,0.975698738288719,0.0,37.0,0.17333333333333334,8049.6868500361015,2458.039289492351,525.0,haco_safemarl_pilot,traffic,21541347,3
0.0,0.3333333333333333,300.0,0.07222222222222222,0.8823213853058551,0.8245510586893348,0.3333333333333334,0.9880256490751091,0.006666666666666667,14.0,0.17666666666666667,1594.284319450996,166.5940712144511,343.0,haco_safemarl_mappo,traffic,21541347,3
1.0,1.0,280.0,0.42738095238095236,0.7094596824627007,0.540284020493153,0.6666666666666669,0.7647412694069919,0.0,0.0,0.07142857142857142,5189.799999999979,2897.791233292939,0.0,fixed_auv_ga_pso_tlbo_proxy,traffic,21551354,3
1.0,1.0,214.0,0.39096573208722735,0.6829778251960371,0.37509422941776427,0.6666666666666665,0.7536169728609327,0.0,0.0,0.09345794392523364,5261.190000000007,2661.6000000000035,0.0,independent_greedy,traffic,21551354,3
0.0,0.6666666666666666,300.0,0.47333333333333333,0.7670214650570175,0.6424788570652654,0.6666666666666669,0.7018536912539538,0.0,0.0,0.07333333333333333,8112.667221299452,3603.719239186797,0.0,communication_aware,traffic,21551354,3
1.0,1.0,220.0,0.3166666666666666,0.7558956864861851,0.46872158369442585,0.6666666666666665,0.8345580842169488,0.0,0.0,0.10454545454545454,5906.192299358691,1496.7742662272692,337.0,haco_safemarl_pilot_no_acoustic,traffic,21551354,3
1.0,1.0,208.0,0.39262820512820507,0.7083650232076771,0.3820237049597082,0.6666666666666665,0.7944965290280532,0.0,0.0,0.10576923076923077,6520.710512794986,1528.0691787474486,0.0,haco_safemarl_pilot_no_shield,traffic,21551354,3
0.0,0.3333333333333333,300.0,0.4322222222222222,0.7958246530236637,0.6569914842543383,0.6666666666666669,0.7618743341982326,0.0,0.0,0.07666666666666666,8809.181240247604,3251.930779537506,482.0,haco_safemarl_pilot,traffic,21551354,3
0.0,0.0,300.0,0.014444444444444444,0.8848981817102961,0.8046976278712353,0.14444444444444443,0.9995705792351466,0.0,0.0,0.13666666666666666,354.867372518052,50.95738832307159,328.0,haco_safemarl_mappo,traffic,21551354,3
0.0,0.6666666666666666,300.0,0.41,0.7119106386213834,0.6191136930609885,0.8222222222222222,0.8337132869256437,0.07666666666666666,0.0,0.22,5560.499999999976,2895.081345830385,0.0,fixed_auv_ga_pso_tlbo_proxy,traffic,21561361,3
0.0,1.0,271.0,0.5867158671586716,0.5826634133604244,0.2074060036052222,1.0,0.7981336157043782,0.01107011070110701,0.0,0.14391143911439114,6662.535000000009,2860.8000000000284,0.0,independent_greedy,traffic,21561361,3
0.0,0.3333333333333333,300.0,0.542222222222222,0.7531290147782187,0.7177960494208956,1.0,0.9048091167395186,0.04,0.0,0.23,8062.621719717015,2970.57476893618,0.0,communication_aware,traffic,21561361,3
1.0,1.0,258.0,0.24547803617571057,0.7660014764716888,0.5306444138548438,0.33333333333333337,0.8740319313749544,0.0,0.0,0.18604651162790697,8055.3020113653065,2182.8404748489734,319.0,haco_safemarl_pilot_no_acoustic,traffic,21561361,3
1.0,1.0,264.0,0.2626262626262626,0.7461819545767779,0.47599238232592705,0.5061728395061728,0.879713172737722,0.0,0.0,0.16287878787878787,8338.941515552813,2169.035403240397,0.0,haco_safemarl_pilot_no_shield,traffic,21561361,3
0.0,0.0,300.0,0.5411111111111111,0.7444595838823709,0.6595603762986941,1.0,0.9362303562588947,0.0,0.0,0.21666666666666667,8621.86554962536,2858.404752069765,689.0,haco_safemarl_pilot,traffic,21561361,3
0.0,0.0,300.0,0.06111111111111111,0.853803760865174,0.8144032399037852,0.3333333333333334,0.9915980972964706,0.0,0.0,0.17666666666666667,1619.8803247107592,87.61991577565452,337.0,haco_safemarl_mappo,traffic,21561361,3
0.0,0.6666666666666666,300.0,0.35777777777777775,0.7361447033537731,0.5667732096630754,1.0,0.9757924126744558,0.0,0.0,0.14333333333333334,5560.499999999976,2616.755154736255,0.0,fixed_auv_ga_pso_tlbo_proxy,traffic,21571368,3
1.0,1.0,231.0,0.4271284271284271,0.685829957322491,0.4599803361044031,1.0,0.929205209091168,0.0,0.0,0.0,5679.1350000000075,2028.8000000000009,0.0,independent_greedy,traffic,21571368,3
0.0,0.3333333333333333,300.0,0.4777777777777777,0.7597572893542317,0.6912279050195548,1.0,0.9850613151007556,0.0,0.0,0.14,8107.610301527071,2987.837440150788,0.0,communication_aware,traffic,21571368,3
1.0,1.0,291.0,0.35967926689576174,0.7172856044901114,0.6030950302553143,0.7333333333333333,0.8656151225278571,0.0,0.0,0.15120274914089346,7655.78572850695,2223.4681671369754,500.0,haco_safemarl_pilot_no_acoustic,traffic,21571368,3
0.0,1.0,290.0,0.4563218390804598,0.689488162792347,0.5654018034530606,1.0,0.9310752376147945,0.02413793103448276,0.0,0.18620689655172415,8980.284412344394,2585.0782729487096,0.0,haco_safemarl_pilot_no_shield,traffic,21571368,3
0.0,0.3333333333333333,300.0,0.3711111111111111,0.7929131072008886,0.7441645670291361,0.9,0.9041788733993325,0.0,0.0,0.15,8499.359650645682,2881.3510750781875,570.0,haco_safemarl_pilot,traffic,21571368,3
0.0,0.0,300.0,0.16333333333333336,0.8454519417823867,0.8112988755448063,0.5666666666666667,0.9539968804866826,0.0,0.0,0.25,582.2580424072605,93.78182706943102,526.0,haco_safemarl_mappo,traffic,21571368,3
0.0,0.6666666666666666,300.0,0.6633333333333333,0.4501484552388146,0.2367935130483888,1.0,0.7242113727494535,0.0,163.0,0.11,5560.499999999976,2581.9195106472544,0.0,fixed_auv_ga_pso_tlbo_proxy,traffic,21581375,3
0.0,1.0,250.0,0.6826666666666668,0.4124839419818454,0.22419471104144073,1.0,0.6319900026833201,0.0,145.0,0.048,6146.250000000008,2442.2000000000085,0.0,independent_greedy,traffic,21581375,3
0.0,0.0,300.0,0.711111111111111,0.6213893957076319,0.4904114211734624,1.0,0.7297536534568536,0.0,179.0,0.10666666666666667,7870.23855109847,2990.644186584463,0.0,communication_aware,traffic,21581375,3
0.0,0.3333333333333333,300.0,0.6488888888888888,0.5731518432010116,0.41889063774493857,1.0,0.7102234735634921,0.0,0.0,0.08,6308.863378052653,2578.423736807949,884.0,haco_safemarl_pilot_no_acoustic,traffic,21581375,3
0.0,0.0,300.0,0.7633333333333333,0.453418423199504,0.3234886435006901,1.0,0.736808768715992,0.0,274.0,0.08666666666666667,8944.842092472343,3062.4981401920313,0.0,haco_safemarl_pilot_no_shield,traffic,21581375,3
0.0,0.0,300.0,0.6522222222222223,0.7025103944699158,0.6171157477246803,1.0,0.715598407184516,0.0,0.0,0.08333333333333333,8572.95936239339,3128.5150626696277,788.0,haco_safemarl_pilot,traffic,21581375,3
0.0,0.0,300.0,0.0,0.866509224162663,0.8327933396793934,0.0,0.9999999998888889,0.0,0.0,0.09666666666666666,957.5510675131744,476.03047882740486,619.0,haco_safemarl_mappo,traffic,21581375,3
0.0,0.6666666666666666,300.0,0.5155555555555555,0.662090198300033,0.4012770297204341,1.0,0.8643949104766521,0.0,19.0,0.0,5560.499999999976,2840.2821089150752,0.0,fixed_auv_ga_pso_tlbo_proxy,traffic,21591382,3
0.0,1.0,266.0,0.40100250626566414,0.6285161441156754,0.26762203832872866,0.6666666666666669,0.7547002786033284,0.0,14.0,0.0,6539.610000000009,2926.6000000000163,0.0,independent_greedy,traffic,21591382,3
0.0,0.3333333333333333,300.0,0.5855555555555555,0.7168536727565394,0.5839720725212096,1.0,0.8552574146182684,0.0,16.0,0.0,8014.747810172581,3092.7936916501367,0.0,communication_aware,traffic,21591382,3
0.0,0.3333333333333333,300.0,0.4122222222222222,0.7225763917573255,0.5913880319760956,0.6666666666666669,0.8513076515911229,0.0,10.0,0.0,9105.914523757745,2993.2608027423566,456.0,haco_safemarl_pilot_no_acoustic,traffic,21591382,3
0.0,0.3333333333333333,300.0,0.5555555555555555,0.631738799784012,0.5177316187154752,1.0,0.8742882742714122,0.0,14.0,0.0,9088.236543971409,2969.927098379946,0.0,haco_safemarl_pilot_no_shield,traffic,21591382,3
0.0,0.3333333333333333,300.0,0.3922222222222222,0.7927611622464471,0.7247843546198357,0.6666666666666669,0.8773814234177427,0.0,10.0,0.0,9021.545584515627,3084.060809283573,474.0,haco_safemarl_pilot,traffic,21591382,3
0.0,0.0,300.0,0.0,0.8588164291010824,0.8386605698602048,0.0,0.9999999998888889,0.0,10.0,0.0,415.7677372685301,286.35899140544143,300.0,haco_safemarl_mappo,traffic,21591382,3
0.0,1.0,234.0,0.2094017094017094,0.8549429571547357,0.8420825263102043,1.0,0.999824720105082,0.0,40.0,0.15384615384615385,4337.189999999986,1924.2087264661034,0.0,fixed_auv_ga_pso_tlbo_proxy,traffic,21601389,3
0.0,1.0,179.0,0.2122905027932961,0.8535511554538756,0.8442699044606266,1.0,0.9995642626711414,0.0,31.0,0.18994413407821228,4400.715000000006,1680.8,0.0,independent_greedy,traffic,21601389,3
0.0,0.6666666666666666,300.0,0.46777777777777774,0.7768990446441273,0.7687609896969171,1.0,0.9998605496507762,0.0,60.0,0.12333333333333334,8104.129076248558,3071.9333531562443,0.0,communication_aware,traffic,21601389,3
1.0,1.0,225.0,0.2666666666666666,0.8392926561143115,0.7957795650489111,1.0,0.9919116841338034,0.0,0.0,0.1288888888888889,6836.807249933989,2166.124997486764,346.0,haco_safemarl_pilot_no_acoustic,traffic,21601389,3
0.0,1.0,178.0,0.19101123595505615,0.8521501647600435,0.8307923955421604,1.0,0.9959335274163751,0.0,54.0,0.12921348314606743,5739.389492060526,1613.4782764123283,0.0,haco_safemarl_pilot_no_shield,traffic,21601389,3
1.0,1.0,253.0,0.2924901185770751,0.8345781411743679,0.802839714893799,1.0,0.9952578662341954,0.0,0.0,0.1225296442687747,7759.2050644430465,2537.623640987891,426.0,haco_safemarl_pilot,traffic,21601389,3
0.0,0.0,300.0,0.0,0.9010075956660712,0.8754493203516731,0.0,0.9999999998888889,0.0,0.0,0.22666666666666666,691.3718437166328,140.3035722440801,205.0,haco_safemarl_mappo,traffic,21601389,3
1.0,1.0,277.0,0.4729241877256318,0.6981516563244881,0.497868295419952,1.0,0.8608815053173287,0.0,0.0,0.07581227436823104,5134.19499999998,2563.56710039187,0.0,fixed_auv_ga_pso_tlbo_proxy,traffic,21611396,3
1.0,1.0,212.0,0.6289308176100628,0.6635003000788748,0.49630404975826364,1.0,0.7435650962108993,0.0,0.0,0.0,5212.020000000007,2244.400000000002,0.0,independent_greedy,traffic,21611396,3
0.0,0.6666666666666666,300.0,0.5433333333333333,0.7472758028331575,0.6609114939599126,1.0,0.8127336495665187,0.0,0.0,0.06666666666666667,8098.324496963863,3255.497278395235,0.0,communication_aware,traffic,21611396,3
0.0,1.0,236.0,0.3672316384180791,0.7040979500056826,0.5720671003539725,0.6666666666666666,0.9608947103799553,0.01694915254237288,0.0,0.22033898305084745,6965.043863030343,1634.1854663083905,405.0,haco_safemarl_pilot_no_acoustic,traffic,21611396,3
1.0,1.0,211.0,0.40758293838862564,0.6594046607651234,0.5018701307197888,0.7878787878787878,0.9155094624404511,0.0,0.0,0.17535545023696683,6704.950255615196,1571.3051912516014,0.0,haco_safemarl_pilot_no_shield,traffic,21611396,3
0.0,1.0,246.0,0.3929539295392954,0.7370491122398396,0.6254515596626099,0.8,0.9495477079905055,0.032520325203252036,0.0,0.15447154471544716,7001.802119031368,1679.4902615043413,441.0,haco_safemarl_pilot,traffic,21611396,3
0.0,0.3333333333333333,300.0,0.0811111111111111,0.8638550454470351,0.8122756449083794,0.3333333333333334,0.9846556297647105,0.0,0.0,0.12,580.9681287516339,110.11122778035751,270.0,haco_safemarl_mappo,traffic,21611396,3
1.0,1.0,207.0,0.2560386473429951,0.8185463251445408,0.7331141089621395,0.6666666666666665,0.9433321840646813,0.0,0.0,0.0,3836.74499999999,1736.9076416323742,0.0,fixed_auv_ga_pso_tlbo_proxy,traffic,21621403,3
1.0,1.0,158.0,0.25949367088607583,0.7977640706617183,0.6236461765826912,0.6666666666666666,0.9083007098056249,0.0,0.0,0.08227848101265822,3884.430000000005,1491.6000000000006,0.0,independent_greedy,traffic,21621403,3
0.0,0.6666666666666666,300.0,0.42333333333333334,0.7719072777425604,0.6866837283022039,0.6666666666666669,0.7875707203751843,0.0,0.0,0.0,8144.758809656915,3460.2530068214687,0.0,communication_aware,traffic,21621403,3
1.0,1.0,173.0,0.20231213872832365,0.8254049869999016,0.6795900882983988,0.6666666666666665,0.9384054398777659,0.0,0.0,0.0,5492.991094036579,1321.3793006561236,143.0,haco_safemarl_pilot_no_acoustic,traffic,21621403,3
1.0,1.0,155.0,0.19569892473118278,0.817465598121664,0.6523106332708316,0.6666666666666666,0.959882515865407,0.0,0.0,0.0,4966.018849885485,1171.9094771527039,0.0,haco_safemarl_pilot_no_shield,traffic,21621403,3
1.0,1.0,194.0,0.25085910652920956,0.8279853043505534,0.7083655138729676,0.6666666666666665,0.9392187668092152,0.0,0.0,0.0,6100.751364907621,1565.1126017380466,190.0,haco_safemarl_pilot,traffic,21621403,3
0.0,0.0,300.0,0.05444444444444444,0.8776541939515123,0.8505570635525582,0.3333333333333334,0.9934129213605333,0.0,0.0,0.10333333333333333,369.29256395702333,166.99898819313756,276.0,haco_safemarl_mappo,traffic,21621403,3
0.0,0.0,300.0,0.3411111111111111,0.7340308572541971,0.4779503151651879,0.7333333333333333,0.8603854555482121,0.0,65.0,0.07333333333333333,5560.499999999976,1809.558020304569,0.0,fixed_auv_ga_pso_tlbo_proxy,traffic,21631410,3
0.0,1.0,281.0,0.6014234875444839,0.5398095832540869,0.09394256718367294,1.0,0.7141067968652409,0.0,50.0,0.07473309608540925,6908.385000000009,1942.0000000000002,0.0,independent_greedy,traffic,21631410,3
0.0,0.0,300.0,0.5022222222222222,0.7763451663949404,0.6672738279059693,1.0,0.8805819531275947,0.0,56.0,0.06666666666666667,8157.166444350096,2813.1333286174486,0.0,communication_aware,traffic,21631410,3
0.0,0.6666666666666666,300.0,0.3966666666666666,0.7131925547795357,0.4134857333082482,0.9888888888888888,0.6936823752968918,0.023333333333333334,0.0,0.07,9277.62340488457,2637.741539371823,506.0,haco_safemarl_pilot_no_acoustic,traffic,21631410,3
0.0,0.6666666666666666,300.0,0.6355555555555555,0.6444578221628441,0.4614858683981865,1.0,0.686656709545698,0.0,47.0,0.06333333333333334,9390.248845876666,2649.805408100575,0.0,haco_safemarl_pilot_no_shield,traffic,21631410,3
0.0,0.0,300.0,0.4322222222222222,0.7994593163411664,0.6750051611559211,1.0,0.6931563283922134,0.0,0.0,0.05333333333333334,9354.765602190333,2926.1229089272215,577.0,haco_safemarl_pilot,traffic,21631410,3
0.0,0.0,300.0,0.11111111111111109,0.8412398274453181,0.8184394554001415,0.9111111111111111,0.998452398641698,0.0,0.0,0.03666666666666667,1198.2408177541467,385.24628380087955,559.0,haco_safemarl_mappo,traffic,21631410,3
0.0,0.6666666666666666,300.0,0.14333333333333328,0.8856729020685981,0.8562874847696613,0.6666666666666669,0.9856441478286188,0.0,231.0,0.0,5560.499999999976,2839.860879481269,0.0,fixed_auv_ga_pso_tlbo_proxy,traffic,21641417,3
0.0,0.6666666666666666,300.0,0.5277777777777777,0.7099126514339162,0.5399880462332937,1.0,0.8165724073187874,0.0,319.0,0.0,7375.50000000001,3382.2000000000194,0.0,independent_greedy,traffic,21641417,3
0.0,0.6666666666666666,300.0,0.25555555555555554,0.8633922569465294,0.8405243721263468,1.0,0.9843909668289512,0.0,261.0,0.0,8340.865875636853,3395.566701309342,0.0,communication_aware,traffic,21641417,3
1.0,1.0,292.0,0.09018264840182648,0.879055198132539,0.8473584528118877,0.3888888888888888,0.9841015319295392,0.0,0.0,0.08561643835616438,9390.057161586657,2380.492084966078,207.0,haco_safemarl_pilot_no_acoustic,traffic,21641417,3
1.0,1.0,292.0,0.23858447488584472,0.8282798068748429,0.7669166066560179,0.6666666666666669,0.9532021655273083,0.0,0.0,0.09246575342465753,9155.982373842668,2268.5672025614736,0.0,haco_safemarl_pilot_no_shield,traffic,21641417,3
1.0,1.0,292.0,0.07990867579908675,0.88155902030817,0.8545701755759881,0.3888888888888888,0.9880605821504244,0.0,0.0,0.08904109589041095,9393.604130932763,2413.929523712726,200.0,haco_safemarl_pilot,traffic,21641417,3
0.0,0.0,300.0,0.0,0.9110653072320782,0.9035490044603796,0.0,0.9999999998888889,0.0,0.0,0.0,1022.1507947950263,296.00641989756133,185.0,haco_safemarl_mappo,traffic,21641417,3
1.0,1.0,279.0,0.8219832735961767,0.39799758982694805,0.23805789907911057,1.0,0.5405254049600703,0.0,0.0,0.0,5171.264999999979,2436.020968064014,0.0,fixed_auv_ga_pso_tlbo_proxy,traffic,21651424,3
1.0,1.0,214.0,0.7523364485981309,0.38231275380191443,0.09008788502237579,1.0,0.37787543133633494,0.0,0.0,0.06542056074766354,5261.190000000007,2035.6000000000004,0.0,independent_greedy,traffic,21651424,3
0.0,0.0,300.0,0.8788888888888887,0.5687098776672478,0.4906996707547398,1.0,0.6353815681488667,0.0,0.0,0.0,7748.785109180943,2954.5188106356172,0.0,communication_aware,traffic,21651424,3
0.0,0.6666666666666666,300.0,0.7322222222222222,0.511718097629811,0.1975978750246914,1.0,0.49231616830423003,0.0,0.0,0.01,9179.314974658297,2232.0707792061785,723.0,haco_safemarl_pilot_no_acoustic,traffic,21651424,3
0.0,0.3333333333333333,300.0,0.9,0.4038732088314429,0.285610816098319,1.0,0.41538461346745564,0.0,0.0,0.0,8893.55123705636,2887.241514170395,0.0,haco_safemarl_pilot_no_shield,traffic,21651424,3
0.0,0.0,300.0,0.8355555555555555,0.6599443274434373,0.5428703592139935,1.0,0.4075769410017877,0.0,0.0,0.0,8775.204012941473,3065.3579059259923,804.0,haco_safemarl_pilot,traffic,21651424,3
0.0,0.0,300.0,0.013333333333333334,0.8370668195662944,0.8215797122853639,0.13333333333333336,0.99963490313531,0.0,0.0,0.14,755.2792199690706,266.7531809403042,683.0,haco_safemarl_mappo,traffic,21651424,3
0.0,0.6666666666666666,300.0,0.9411111111111112,0.5110283486757522,0.44226662318277166,1.0,0.3333333297733476,0.0,21.0,0.0,5560.499999999976,2789.5120538338247,0.0,fixed_auv_ga_pso_tlbo_proxy,acoustic_degradation,21161431,3
0.0,1.0,280.0,0.9809523809523808,0.34902023883266425,0.10604216498332995,1.0,0.33333329930555905,0.0,16.0,0.0,6883.800000000009,3091.8000000000147,0.0,independent_greedy,acoustic_degradation,21161431,3
0.0,0.3333333333333333,300.0,0.9155555555555556,0.7136959569032797,0.6895333956336654,1.0,0.3333333316020314,0.0,238.0,0.0,7876.2101572955635,3207.704876020614,0.0,communication_aware,acoustic_degradation,21161431,3
1.0,1.0,270.0,0.7432098765432097,0.601784477440688,0.4735488826375137,1.0,0.4670120894425174,0.0,0.0,0.11851851851851852,7168.149979380179,1987.3155190829873,939.0,haco_safemarl_pilot_no_acoustic,acoustic_degradation,21161431,3
0.0,1.0,279.0,0.91636798088411,0.5868971521358174,0.5024143061693295,1.0,0.6661228858276684,0.0,91.0,0.05734767025089606,8696.195197786526,2604.153462061726,0.0,haco_safemarl_pilot_no_shield,acoustic_degradation,21161431,3
1.0,1.0,282.0,0.7683215130023641,0.6287657801127203,0.48646822105698023,1.0,0.5158033239209064,0.0,0.0,0.12056737588652482,7183.610872841534,2055.9026485330655,980.0,haco_safemarl_pilot,acoustic_degradation,21161431,3
0.0,0.0,300.0,0.4111111111111111,0.6858073394818275,0.4748319439270598,0.8777777777777778,0.6642452101517144,0.0,0.0,0.0,1188.5177907535979,490.7410355596247,927.0,haco_safemarl_mappo,acoustic_degradation,21161431,3
0.0,0.6666666666666666,300.0,1.0,0.5313002256462342,0.3843900008559219,1.0,0.0,0.0,88.0,0.0,5560.499999999976,3195.7209319044678,0.0,fixed_auv_ga_pso_tlbo_proxy,acoustic_degradation,21171438,3
0.0,1.0,251.0,0.9163346613545815,0.4225728251554855,0.10444896267019635,1.0,0.33333333156963696,0.0,68.0,0.0,6170.835000000008,2970.600000000008,0.0,independent_greedy,acoustic_degradation,21171438,3
0.0,0.3333333333333333,300.0,1.0,0.6843375965691765,0.6205565120102822,1.0,0.0,0.0,48.0,0.07333333333333333,7778.471789099474,3117.9259712831913,0.0,communication_aware,acoustic_degradation,21171438,3
1.0,1.0,263.0,0.6007604562737643,0.6889909697941875,0.5340405147174404,0.8888888888888888,0.6594293914069017,0.0,0.0,0.0,8454.846550705757,2288.7692597043792,789.0,haco_safemarl_pilot_no_acoustic,acoustic_degradation,21171438,3
0.0,1.0,249.0,0.7925033467202142,0.5978009537450043,0.35732215029079173,1.0,0.5968795797121281,0.0,62.0,0.0,7736.532921911576,2113.172914952575,0.0,haco_safemarl_pilot_no_shield,acoustic_degradation,21171438,3
0.0,0.3333333333333333,300.0,0.8455555555555556,0.6800573663243413,0.5647392309165981,1.0,0.40139191781187766,0.0,0.0,0.0,8874.759813924564,2978.4261674202826,900.0,haco_safemarl_pilot,acoustic_degradation,21171438,3
0.0,0.0,300.0,0.17333333333333334,0.7882730335152774,0.785001059871723,1.0,0.999609933526263,0.0,0.0,0.0,662.4744990575083,146.48995069862121,900.0,haco_safemarl_mappo,acoustic_degradation,21171438,3
0.0,0.6666666666666666,300.0,1.0,0.4978101543248625,0.31458171341692626,1.0,0.0,0.0,0.0,0.0,5560.499999999976,3039.396145842624,0.0,fixed_auv_ga_pso_tlbo_proxy,acoustic_degradation,21181445,3
1.0,1.0,274.0,1.0,0.3967259402070261,0.1109990860823719,1.0,0.0,0.0,0.0,0.0,6736.290000000009,3109.600000000009,0.0,independent_greedy,acoustic_degradation,21181445,3
0.0,0.3333333333333333,300.0,0.9033333333333333,0.6713582433339629,0.6044437838474036,1.0,0.3333333320121548,0.0,0.0,0.0,7794.321744171661,2982.5072444062534,0.0,communication_aware,acoustic_degradation,21181445,3
1.0,1.0,246.0,0.8468834688346883,0.635400751579618,0.45358233856447944,1.0,0.33333333280674554,0.0,0.0,0.0,7982.2415305395,2334.933399622507,738.0,haco_safemarl_pilot_no_acoustic,acoustic_degradation,21181445,3
1.0,1.0,269.0,0.862453531598513,0.5911707912028811,0.3573768842142508,1.0,0.3333333326807799,0.0,0.0,0.0,8342.919656462904,2167.3230317721636,0.0,haco_safemarl_pilot_no_shield,acoustic_degradation,21181445,3
0.0,0.0,300.0,0.8888888888888887,0.6602005412780232,0.5587902010182011,1.0,0.3333333323333333,0.0,0.0,0.0,8935.69932803225,2853.617366470824,900.0,haco_safemarl_pilot,acoustic_degradation,21181445,3
0.0,0.0,300.0,0.7033333333333334,0.7619939069558157,0.7271904400443671,1.0,0.33333333319305924,0.0,0.0,0.0,760.0831378876,321.3616584836319,900.0,haco_safemarl_mappo,acoustic_degradation,21181445,3
0.0,1.0,214.0,1.0,0.42369347632631266,0.1814171586720759,1.0,0.0,0.0,58.0,0.0,3966.489999999989,1725.024984351882,0.0,fixed_auv_ga_pso_tlbo_proxy,acoustic_degradation,21191452,3
0.0,1.0,164.0,1.0,0.2911655540416023,0.11168454360124865,1.0,0.0,0.0,44.0,0.0,4031.940000000005,1123.2000000000003,0.0,independent_greedy,acoustic_degradation,21191452,3
0.0,0.0,300.0,1.0,0.6421401779218291,0.5333822122409917,1.0,0.0,0.0,0.0,0.0,7758.918367548245,2966.8940958182234,0.0,communication_aware,acoustic_degradation,21191452,3
1.0,1.0,265.0,0.8037735849056604,0.5364179565310683,0.2817625730926689,1.0,0.33333333301270635,0.0,0.0,0.0,8370.685920377284,2137.7321483350142,795.0,haco_safemarl_pilot_no_acoustic,acoustic_degradation,21191452,3
0.0,1.0,224.0,1.0,0.4677033325635938,0.34153441878601437,1.0,0.0,0.0,66.0,0.0,6842.504161010909,2046.1018184685358,0.0,haco_safemarl_pilot_no_shield,acoustic_degradation,21191452,3
0.0,0.3333333333333333,300.0,0.8788888888888887,0.6378083634708117,0.5598260967114106,1.0,0.3333333324916533,0.0,0.0,0.0,9232.12950527479,3356.5461646390877,900.0,haco_safemarl_pilot,acoustic_degradation,21191452,3
0.0,0.0,300.0,0.6811111111111111,0.673426268886162,0.5274209159469658,0.8111111111111111,0.33333333321192843,0.0,0.0,0.0,702.2858323398465,304.7441819754985,900.0,haco_safemarl_mappo,acoustic_degradation,21191452,3
0.0,0.6666666666666666,300.0,1.0,0.24336581932142085,0.1216009814121046,1.0,0.0,0.0,0.0,0.0,5560.499999999976,2959.0048627465335,0.0,fixed_auv_ga_pso_tlbo_proxy,acoustic_degradation,21201459,3
1.0,1.0,258.0,1.0,0.2048030694149878,0.07754928855657156,1.0,0.0,0.0,0.0,0.0,6342.9300000000085,3087.400000000013,0.0,independent_greedy,acoustic_degradation,21201459,3
0.0,0.0,300.0,1.0,0.5390914228040269,0.4634340733752212,1.0,0.0,0.0,0.0,0.0,7700.5272411940505,2890.057383961324,0.0,communication_aware,acoustic_degradation,21201459,3
0.0,0.6666666666666666,300.0,0.9055555555555557,0.40743681731167963,0.2354813361971819,1.0,0.3333333319492503,0.0,0.0,0.0,9119.42058123522,2672.289156717483,900.0,haco_safemarl_pilot_no_acoustic,acoustic_degradation,21201459,3
0.0,0.0,300.0,1.0,0.32785078714586147,0.25154065548000354,1.0,0.0,0.0,0.0,0.0,8757.607417839732,3112.836831271906,0.0,haco_safemarl_pilot_no_shield,acoustic_degradation,21201459,3
0.0,0.0,300.0,0.967777777777778,0.6161535996558247,0.5802592201595476,1.0,0.33333332144272737,0.0,0.0,0.0,8695.45534356738,3134.058682172744,900.0,haco_safemarl_pilot,acoustic_degradation,21201459,3
0.0,0.0,300.0,0.8266666666666667,0.7468910585371389,0.7004887501154043,1.0,0.33333333292241946,0.0,0.0,0.0,294.1004436313701,59.2038213926317,900.0,haco_safemarl_mappo,acoustic_degradation,21201459,3
0.0,1.0,245.0,1.0,0.42963240574332107,0.31004335709811665,1.0,0.0,0.0,37.0,0.0,4541.074999999984,1888.3877797246075,0.0,fixed_auv_ga_pso_tlbo_proxy,acoustic_degradation,21211466,3
0.0,1.0,188.0,1.0,0.30864006000925726,0.23878538292555473,1.0,0.0,0.0,28.0,0.0,4621.980000000006,1557.9999999999977,0.0,independent_greedy,acoustic_degradation,21211466,3
0.0,0.3333333333333333,300.0,1.0,0.6749765297406731,0.6245026938007457,1.0,0.0,0.0,35.0,0.0,7815.835939131734,2982.95383747212,0.0,communication_aware,acoustic_degradation,21211466,3
1.0,1.0,211.0,1.0,0.6045012929881921,0.5881042946474274,1.0,0.0,0.0,0.0,0.0,6069.818664219625,1631.9753460664476,674.0,haco_safemarl_pilot_no_acoustic,acoustic_degradation,21211466,3
0.0,1.0,195.0,1.0,0.5180191834045444,0.4784125380945302,1.0,0.0,0.0,29.0,0.0,6025.363759837154,1733.4789512504049,0.0,haco_safemarl_pilot_no_shield,acoustic_degradation,21211466,3
0.0,0.3333333333333333,300.0,0.9788888888888889,0.6737178318292854,0.6448994414279441,1.0,0.33333330563250463,0.0,0.0,0.0,8323.43467436875,2619.525533811906,953.0,haco_safemarl_pilot,acoustic_degradation,21211466,3
0.0,0.0,300.0,0.6477777777777778,0.7022454067367008,0.6066133224754359,0.8777777777777778,0.41736338663060457,0.0,0.0,0.0,1089.8678869580735,395.40033783506,943.0,haco_safemarl_mappo,acoustic_degradation,21211466,3
0.0,0.6666666666666666,300.0,0.67,0.6459233010477371,0.4999284544382317,0.8333333333333334,0.6529791907528619,0.0,18.0,0.0,5560.499999999976,2422.877979664882,0.0,fixed_auv_ga_pso_tlbo_proxy,acoustic_degradation,21221473,3
0.0,1.0,241.0,0.8699861687413553,0.46414530519074587,0.30913244647080645,1.0,0.619287914496155,0.0,14.0,0.0,5924.985000000008,2129.5999999999995,0.0,independent_greedy,acoustic_degradation,21221473,3
0.0,0.6666666666666666,300.0,0.67,0.7553425627889516,0.7394108912011615,1.0,0.6503793488130376,0.0,30.0,0.0,8128.786073939325,2990.6652859680657,0.0,communication_aware,acoustic_degradation,21221473,3
1.0,1.0,261.0,0.39080459770114934,0.7508681876223912,0.7125222897851564,0.7777777777777778,0.8316391984507819,0.0,0.0,0.038314176245210725,8485.643073656998,2210.9280421814146,790.0,haco_safemarl_pilot_no_acoustic,acoustic_degradation,21221473,3
0.0,1.0,235.0,0.8184397163120567,0.6946246631865395,0.6581903045818122,1.0,0.9442139204619516,0.0,20.0,0.07234042553191489,7429.100566668128,1803.6777447058837,0.0,haco_safemarl_pilot_no_shield,acoustic_degradation,21221473,3
1.0,1.0,261.0,0.3690932311621966,0.7600782617287246,0.7359246449598523,0.7654320987654321,0.8602327923880632,0.0,0.0,0.0,8510.296699084987,2258.7047711244204,790.0,haco_safemarl_pilot,acoustic_degradation,21221473,3
0.0,0.0,300.0,0.11444444444444445,0.7868760492902847,0.7727593278135513,0.6222222222222221,0.9872584536866191,0.0,0.0,0.0,790.6210297619054,76.00757876418807,908.0,haco_safemarl_mappo,acoustic_degradation,21221473,3
0.0,0.6666666666666666,300.0,0.9655555555555556,0.3780904655404885,0.22022727308365878,1.0,0.3333333229275064,0.0,0.0,0.0,5560.499999999976,3092.9238622578723,0.0,fixed_auv_ga_pso_tlbo_proxy,acoustic_degradation,21231480,3
1.0,1.0,243.0,1.0,0.28560342446568565,0.16800231769818463,1.0,0.0,0.0,0.0,0.0,5974.155000000008,2919.000000000007,0.0,independent_greedy,acoustic_degradation,21231480,3
0.0,0.3333333333333333,300.0,0.97,0.6052991668715288,0.5095430393882785,1.0,0.3333333196159128,0.0,0.0,0.0,7759.62558155825,3048.379127123413,0.0,communication_aware,acoustic_degradation,21231480,3
0.0,0.6666666666666666,300.0,0.8633333333333333,0.5709592268307458,0.32356466995589656,1.0,0.3333333326723511,0.0,0.0,0.0,9375.079041334891,2775.381455768452,900.0,haco_safemarl_pilot_no_acoustic,acoustic_degradation,21231480,3
1.0,1.0,281.0,0.956109134045077,0.45253821169333647,0.295596269597005,1.0,0.33333332692468154,0.0,0.0,0.0,8585.30439562358,2315.897064709314,0.0,haco_safemarl_pilot_no_shield,acoustic_degradation,21231480,3
0.0,0.3333333333333333,300.0,0.9144444444444446,0.6658115194395583,0.5742826292902717,1.0,0.6533333268539945,0.0,0.0,0.0,9015.023368132724,3016.5732838919225,900.0,haco_safemarl_pilot,acoustic_degradation,21231480,3
0.0,0.0,300.0,0.5477777777777777,0.7351928957435189,0.6254718448876938,0.8666666666666667,0.5803143839233613,0.0,0.0,0.0,314.97335337665794,46.18061538568624,900.0,haco_safemarl_mappo,acoustic_degradation,21231480,3
0.0,0.6666666666666666,300.0,1.0,0.46570257017185074,0.3531926583450489,1.0,0.0,0.0,0.0,0.05333333333333334,5560.499999999976,3289.2877812480783,0.0,fixed_auv_ga_pso_tlbo_proxy,acoustic_degradation,21241487,3
1.0,1.0,238.0,1.0,0.30758190448667394,0.16671966928382434,1.0,0.0,0.0,0.0,0.0546218487394958,5851.230000000008,2904.4000000000055,0.0,independent_greedy,acoustic_degradation,21241487,3
0.0,0.6666666666666666,300.0,1.0,0.6555700275613273,0.5527420059293638,1.0,0.0,0.0,0.0,0.06666666666666667,7783.426208708245,3257.3760270058337,0.0,communication_aware,acoustic_degradation,21241487,3
1.0,1.0,258.0,0.7829457364341084,0.5507163784371505,0.33306290946189965,1.0,0.3333333330712868,0.0,0.0,0.046511627906976744,7265.770279506179,2112.4053342110337,854.0,haco_safemarl_pilot_no_acoustic,acoustic_degradation,21241487,3
1.0,1.0,243.0,0.8436213991769548,0.4418417370425754,0.2761033155457823,1.0,0.33333333282848565,0.0,0.0,0.04938271604938271,7553.033719353342,1984.5816352330583,0.0,haco_safemarl_pilot_no_shield,acoustic_degradation,21241487,3
0.0,0.3333333333333333,300.0,0.9644444444444443,0.6580601982931944,0.5002762975129621,1.0,0.3333333235677086,0.0,0.0,0.04,9232.91053307644,3646.362162755495,908.0,haco_safemarl_pilot,acoustic_degradation,21241487,3
0.0,0.0,300.0,0.7611111111111112,0.7163563405186437,0.6144179923400335,1.0,0.33333333311700014,0.0,0.0,0.14,234.9253915958896,36.210119977385986,924.0,haco_safemarl_mappo,acoustic_degradation,21241487,3
1.0,1.0,298.0,1.0,0.27652460403332196,0.11787774619313558,1.0,0.0,0.0,0.0,0.0,5523.429999999977,2909.6603226248976,0.0,fixed_auv_ga_pso_tlbo_proxy,acoustic_degradation,21251494,3
1.0,1.0,228.0,1.0,0.17607364563287395,0.03623399427981318,1.0,0.0,0.0,0.0,0.0,5605.380000000007,2267.200000000008,0.0,independent_greedy,acoustic_degradation,21251494,3
0.0,0.3333333333333333,300.0,1.0,0.5630142463811002,0.44268921563915353,1.0,0.0,0.0,0.0,0.0,7697.663744220095,3252.932757422769,0.0,communication_aware,acoustic_degradation,21251494,3
0.0,0.3333333333333333,300.0,1.0,0.41298008211934345,0.17185776998596147,1.0,0.0,0.0,0.0,0.0,9519.122409516496,3317.2673063703205,929.0,haco_safemarl_pilot_no_acoustic,acoustic_degradation,21251494,3
0.0,0.3333333333333333,300.0,1.0,0.38607645148872,0.21199230373586617,1.0,0.0,0.0,0.0,0.0,8858.611773350922,2920.8269031904633,0.0,haco_safemarl_pilot_no_shield,acoustic_degradation,21251494,3
0.0,0.3333333333333333,300.0,1.0,0.5828326748102024,0.4537040918806796,1.0,0.0,0.0,0.0,0.0,9370.65532131009,3573.2749837398655,911.0,haco_safemarl_pilot,acoustic_degradation,21251494,3
0.0,0.0,300.0,1.0,0.6292029452786974,0.48057535770609916,1.0,0.0,0.0,0.0,0.05,211.186141710835,17.51880663674585,900.0,haco_safemarl_mappo,acoustic_degradation,21251494,3
0.0,0.6666666666666666,300.0,0.9066666666666666,0.45439471994971076,0.3100451519112121,1.0,0.3333333319160998,0.0,54.0,0.0,5560.499999999976,2389.9196424426764,0.0,fixed_auv_ga_pso_tlbo_proxy,acoustic_degradation,21261501,3
0.0,1.0,244.0,0.8866120218579234,0.3527835239993141,0.0811397612589023,1.0,0.6551592925339454,0.0,42.0,0.0778688524590164,5998.740000000008,1998.4000000000008,0.0,independent_greedy,acoustic_degradation,21261501,3
0.0,0.0,300.0,0.9133333333333333,0.6592272042921069,0.5774499879683062,1.0,0.3333333316896778,0.0,0.0,0.0,7867.566579395,2921.0290513707537,0.0,communication_aware,acoustic_degradation,21261501,3
0.0,0.0,300.0,0.7477777777777778,0.5452567519983366,0.31579504254653773,1.0,0.6435735064643159,0.0,0.0,0.0,9028.782479798676,3047.6848334447795,900.0,haco_safemarl_pilot_no_acoustic,acoustic_degradation,21261501,3
0.0,0.0,300.0,0.8866666666666667,0.4569306405771839,0.30977236753429443,1.0,0.6506566567505254,0.0,0.0,0.0,9023.669378416067,3013.0688858631943,0.0,haco_safemarl_pilot_no_shield,acoustic_degradation,21261501,3
0.0,0.0,300.0,0.7277777777777777,0.6852826401517312,0.5759830282526941,1.0,0.6253190397404057,0.0,0.0,0.0,8901.160263337031,3066.898842078836,900.0,haco_safemarl_pilot,acoustic_degradation,21261501,3
0.0,0.0,300.0,0.40888888888888886,0.7728782704314677,0.7340013235218841,0.9555555555555555,0.6660642001789849,0.0,0.0,0.0,425.7014438880687,54.60750006161568,900.0,haco_safemarl_mappo,acoustic_degradation,21261501,3
0.0,1.0,221.0,1.0,0.2996104413143135,0.09447701341050682,1.0,0.0,0.0,59.0,0.0,4096.234999999988,2228.865313105875,0.0,fixed_auv_ga_pso_tlbo_proxy,acoustic_degradation,21271508,3
0.0,1.0,169.0,1.0,0.27090980369994205,0.09776972974416868,1.0,0.0,0.0,45.0,0.0,4154.865000000005,1937.4000000000049,0.0,independent_greedy,acoustic_degradation,21271508,3
0.0,0.3333333333333333,300.0,1.0,0.4444119984397668,0.2882956674623276,1.0,0.0,0.0,0.0,0.0,7630.896594125236,3346.321985864757,0.0,communication_aware,acoustic_degradation,21271508,3
0.0,0.3333333333333333,300.0,1.0,0.37648960187167807,0.12894454968966987,1.0,0.0,0.0,0.0,0.0,9055.17518020427,3674.3266652583825,900.0,haco_safemarl_pilot_no_acoustic,acoustic_degradation,21271508,3
0.0,0.3333333333333333,300.0,1.0,0.3828384865339561,0.18643231082876277,1.0,0.0,0.0,0.0,0.0,8615.283115455306,3160.2918131637825,0.0,haco_safemarl_pilot_no_shield,acoustic_degradation,21271508,3
0.0,0.3333333333333333,300.0,1.0,0.6157052262920888,0.4988259690492096,1.0,0.0,0.0,0.0,0.0,8933.981616241901,3740.078686022656,900.0,haco_safemarl_pilot,acoustic_degradation,21271508,3
0.0,0.3333333333333333,300.0,1.0,0.5993722391321934,0.49846128269510853,1.0,0.0,0.0,0.0,0.0,161.01138181350467,13.51054140803775,900.0,haco_safemarl_mappo,acoustic_degradation,21271508,3
1.0,1.0,202.0,1.0,0.28027850246035785,0.13752193054430092,1.0,0.0,0.0,0.0,0.0,3744.0699999999906,1794.731669481599,0.0,fixed_auv_ga_pso_tlbo_proxy,acoustic_degradation,21281515,3
1.0,1.0,155.0,1.0,0.2994514082998761,0.06931744993365643,1.0,0.0,0.0,0.0,0.0,3810.6750000000047,1526.6000000000026,0.0,independent_greedy,acoustic_degradation,21281515,3
0.0,0.0,300.0,1.0,0.4501566459455095,0.335467157175327,1.0,0.0,0.0,0.0,0.0,7614.959835806704,2978.9677646125456,0.0,communication_aware,acoustic_degradation,21281515,3
0.0,0.6666666666666666,300.0,1.0,0.32605622287859465,0.1452718535477227,1.0,0.0,0.0,0.0,0.0,9094.466506295994,3111.8370573803777,932.0,haco_safemarl_pilot_no_acoustic,acoustic_degradation,21281515,3
0.0,0.3333333333333333,300.0,1.0,0.3082885158646036,0.20793588930761403,1.0,0.0,0.0,0.0,0.0,8722.670240620428,3028.5438438116253,0.0,haco_safemarl_pilot_no_shield,acoustic_degradation,21281515,3
0.0,0.0,300.0,1.0,0.5899815452576599,0.5136705525455337,1.0,0.0,0.0,0.0,0.0,8581.833466393362,3161.7401075977223,900.0,haco_safemarl_pilot,acoustic_degradation,21281515,3
0.0,0.0,300.0,0.8166666666666667,0.6813788723031451,0.5628125522727526,1.0,0.33333333296602385,0.0,0.0,0.0,158.44500603696716,71.7949615592807,900.0,haco_safemarl_mappo,acoustic_degradation,21281515,3
0.0,1.0,286.0,1.0,0.304075143654842,0.22987695540400752,1.0,0.0,0.0,70.0,0.05944055944055944,5301.009999999978,2719.1864199276483,0.0,fixed_auv_ga_pso_tlbo_proxy,acoustic_degradation,21291522,3
0.0,1.0,219.0,1.0,0.2300299343146035,0.08463078253996079,1.0,0.0,0.0,54.0,0.0,5384.115000000007,2304.8000000000034,0.0,independent_greedy,acoustic_degradation,21291522,3
0.0,0.3333333333333333,300.0,1.0,0.5971800838439155,0.5191548806602688,1.0,0.0,0.0,25.0,0.03,7659.468814061275,2961.988755864483,0.0,communication_aware,acoustic_degradation,21291522,3
0.0,0.6666666666666666,300.0,1.0,0.4905244060751926,0.2685546693641259,1.0,0.0,0.0,3.0,0.0,9205.24952850914,2540.883278734114,900.0,haco_safemarl_pilot_no_acoustic,acoustic_degradation,21291522,3
0.0,0.0,300.0,1.0,0.3507458302516208,0.22652140915167293,1.0,0.0,0.0,56.0,0.08333333333333333,8814.45562182187,3057.6469093789874,0.0,haco_safemarl_pilot_no_shield,acoustic_degradation,21291522,3
0.0,0.0,300.0,1.0,0.6146057185035012,0.5101149232960402,1.0,0.0,0.0,3.0,0.07666666666666666,8614.965710690183,3057.275571351535,939.0,haco_safemarl_pilot,acoustic_degradation,21291522,3
0.0,0.0,300.0,0.6966666666666667,0.7371391335121681,0.6838164744916491,0.9666666666666667,0.33333333319915737,0.0,3.0,0.0,401.0916971117706,247.22452577173678,928.0,haco_safemarl_mappo,acoustic_degradation,21291522,3
0.0,0.6666666666666666,300.0,1.0,0.3045195734758429,0.14061427382225788,1.0,0.0,0.0,36.0,0.0,5560.499999999976,2436.2773400367532,0.0,fixed_auv_ga_pso_tlbo_proxy,acoustic_degradation,21301529,3
0.0,1.0,230.0,1.0,0.22318989323715846,0.03005843279801344,1.0,0.0,0.0,28.0,0.0,5654.5500000000075,1939.2000000000066,0.0,independent_greedy,acoustic_degradation,21301529,3
0.0,0.0,300.0,1.0,0.6204409259613963,0.5753985501086524,1.0,0.0,0.0,399.0,0.0,7678.452079306799,2822.594677531525,0.0,communication_aware,acoustic_degradation,21301529,3
0.0,0.3333333333333333,300.0,1.0,0.4330931673905982,0.22869869530421183,1.0,0.0,0.0,10.0,0.0,5597.315075290678,1731.9667942912888,1112.0,haco_safemarl_pilot_no_acoustic,acoustic_degradation,21301529,3
0.0,0.3333333333333333,300.0,1.0,0.4117304316848389,0.2477640080163925,1.0,0.0,0.0,132.0,0.0,8940.318458283102,2896.6930477818337,0.0,haco_safemarl_pilot_no_shield,acoustic_degradation,21301529,3
0.0,0.0,300.0,1.0,0.6170504738372743,0.5357422042578346,1.0,0.0,0.0,0.0,0.0,3811.4722509904896,1535.373297366913,1181.0,haco_safemarl_pilot,acoustic_degradation,21301529,3
0.0,0.0,300.0,0.8011111111111111,0.5969938476803879,0.35938990218643113,1.0,0.3333333330212332,0.0,14.0,0.0,790.6392771011245,160.3118005374672,900.0,haco_safemarl_mappo,acoustic_degradation,21301529,3
1.0,1.0,272.0,0.9313725490196079,0.36885742244194614,0.1852543915696767,1.0,0.33333333071201815,0.0,0.0,0.0,5041.51999999998,2048.436362906784,0.0,fixed_auv_ga_pso_tlbo_proxy,acoustic_degradation,21311536,3
1.0,1.0,208.0,0.9519230769230769,0.3018926325616689,0.08792191086222406,1.0,0.33333332799209886,0.0,0.0,0.0,5113.680000000007,1741.7999999999995,0.0,independent_greedy,acoustic_degradation,21311536,3
0.0,0.0,300.0,0.9622222222222223,0.5785117819441871,0.46048817406462744,1.0,0.3333333246828145,0.0,0.0,0.0,7764.798980892696,2970.558500303461,0.0,communication_aware,acoustic_degradation,21311536,3
0.0,0.6666666666666666,300.0,0.92,0.4410032050829871,0.3024105590492123,1.0,0.333333331404321,0.0,0.0,0.0,9071.491700777346,2804.2878031597775,900.0,haco_safemarl_pilot_no_acoustic,acoustic_degradation,21311536,3
0.0,0.3333333333333333,300.0,0.9455555555555556,0.3893821839845051,0.2987172249322781,1.0,0.3333333291684021,0.0,0.0,0.0,8953.223122793112,3045.909756074044,0.0,haco_safemarl_pilot_no_shield,acoustic_degradation,21311536,3
0.0,0.0,300.0,0.9211111111111111,0.622835071863373,0.551811959321316,1.0,0.33333333134959997,0.0,0.0,0.0,8868.688326472362,3206.984050748089,900.0,haco_safemarl_pilot,acoustic_degradation,21311536,3
0.0,0.0,300.0,0.831111111111111,0.6897381737292353,0.6327225478685751,1.0,0.3333333329005078,0.0,0.0,0.0,330.64611363306676,116.97531408858681,900.0,haco_safemarl_mappo,acoustic_degradation,21311536,3
0.0,0.3333333333333333,300.0,1.0,0.23571920149892958,0.12538860064262136,1.0,0.0,0.0,35.0,0.0,5560.499999999976,2422.129855601913,0.0,fixed_auv_ga_pso_tlbo_proxy,acoustic_degradation,21321543,3
0.0,0.6666666666666666,300.0,1.0,0.137047919988156,0.0889640081452212,1.0,0.0,0.0,26.0,0.0,7375.50000000001,2971.6000000000117,0.0,independent_greedy,acoustic_degradation,21321543,3
0.0,0.0,300.0,1.0,0.5452473572856505,0.49022240095727226,1.0,0.0,0.0,0.0,0.0,7708.635774702411,2905.036393700635,0.0,communication_aware,acoustic_degradation,21321543,3
0.0,0.0,300.0,1.0,0.355565027436181,0.3086842806801064,1.0,0.0,0.0,0.0,0.0,8926.691697623923,3209.6123284066684,900.0,haco_safemarl_pilot_no_acoustic,acoustic_degradation,21321543,3
0.0,0.0,300.0,1.0,0.330884595076571,0.3003535482101294,1.0,0.0,0.0,0.0,0.0,8778.401436591008,3113.2937071542383,0.0,haco_safemarl_pilot_no_shield,acoustic_degradation,21321543,3
0.0,0.0,300.0,0.9944444444444446,0.6186146670407083,0.5752903090744245,1.0,0.33333293333381336,0.0,0.0,0.0,8733.876296174809,3223.598039850059,900.0,haco_safemarl_pilot,acoustic_degradation,21321543,3
0.0,0.0,300.0,0.908888888888889,0.6607885773945039,0.5768827933916351,1.0,0.33333333184612335,0.0,0.0,0.0,271.5333899719746,81.26909098514936,900.0,haco_safemarl_mappo,acoustic_degradation,21321543,3
1.0,1.0,240.0,1.0,0.3636901900617757,0.2787421691553259,1.0,0.0,0.0,0.0,0.075,4448.399999999985,2499.6061054727684,0.0,fixed_auv_ga_pso_tlbo_proxy,acoustic_degradation,21331550,3
0.0,1.0,184.0,0.9492753623188406,0.3456851760194184,0.14049128825434878,1.0,0.33333332853514747,0.05434782608695652,0.0,0.13043478260869565,4523.640000000006,2192.5999999999995,0.0,independent_greedy,acoustic_degradation,21331550,3
0.0,0.3333333333333333,300.0,1.0,0.6046376494000449,0.5703483967592822,1.0,0.0,0.0,0.0,0.07,7647.712755098611,3112.8255944437583,0.0,communication_aware,acoustic_degradation,21331550,3
0.0,0.6666666666666666,300.0,0.821111111111111,0.5619858879931269,0.3143998491736826,1.0,0.6664352729147917,0.023333333333333334,0.0,0.07666666666666666,8820.371828037083,2649.956838341777,929.0,haco_safemarl_pilot_no_acoustic,acoustic_degradation,21331550,3
0.0,0.3333333333333333,300.0,0.912222222222222,0.4490613859394388,0.28928990402709204,1.0,0.33333333173102603,0.03333333333333333,0.0,0.11,8769.981999296044,3027.8261111133584,0.0,haco_safemarl_pilot_no_shield,acoustic_degradation,21331550,3
0.0,0.3333333333333333,300.0,0.8144444444444444,0.676371850057642,0.6124875852417945,1.0,0.4675048186727779,0.0,0.0,0.08666666666666667,8791.335487069262,3435.832068151664,943.0,haco_safemarl_pilot,acoustic_degradation,21331550,3
0.0,0.0,300.0,0.5855555555555555,0.7639248210719989,0.7371564961074801,0.6666666666666669,0.48648714786412023,0.0,0.0,0.07,131.5440811901512,20.105217071932117,922.0,haco_safemarl_mappo,acoustic_degradation,21331550,3
0.0,1.0,228.0,0.8625730994152048,0.6346846530171539,0.5782353480576514,1.0,0.625867684336655,0.0,137.0,0.0,4225.979999999987,2441.834107062295,0.0,fixed_auv_ga_pso_tlbo_proxy,acoustic_degradation,21341557,3
0.0,1.0,174.0,0.8486590038314176,0.6169859728803132,0.4878124262898301,1.0,0.666559861136306,0.0,105.0,0.0,4277.790000000005,2104.6,0.0,independent_greedy,acoustic_degradation,21341557,3
0.0,0.6666666666666666,300.0,0.9011111111111111,0.6736431004177714,0.6355113656347733,1.0,0.6566359894638779,0.0,159.0,0.0,7817.333920886042,3206.35874384456,0.0,communication_aware,acoustic_degradation,21341557,3
0.0,0.6666666666666666,300.0,0.47,0.6854114324357594,0.5124056127275691,0.7444444444444444,0.8795532822323512,0.0,12.0,0.0,5450.602515829304,1905.625238231767,1100.0,haco_safemarl_pilot_no_acoustic,acoustic_degradation,21341557,3
0.0,1.0,179.0,0.6778398510242086,0.6669421451856147,0.5514383518823704,1.0,0.6054702510691696,0.0,192.0,0.0,5544.459191571482,1462.8539108235084,0.0,haco_safemarl_pilot_no_shield,acoustic_degradation,21341557,3
0.0,0.3333333333333333,300.0,0.5377777777777777,0.7341438618702161,0.698620723208862,0.7666666666666667,0.8599483200288444,0.0,13.0,0.0,3326.8644295908252,1478.735056076167,1201.0,haco_safemarl_pilot,acoustic_degradation,21341557,3
0.0,0.0,300.0,0.37666666666666665,0.6897945685727991,0.4764270162026253,0.7666666666666667,0.666647602579993,0.0,8.0,0.0,1813.4332558123658,928.9189901733207,1007.0,haco_safemarl_mappo,acoustic_degradation,21341557,3
0.0,1.0,276.0,0.9867149758454106,0.34125658754335964,0.22516832480215704,1.0,0.33333326338293473,0.0,80.0,0.0,5115.65999999998,2306.870960264348,0.0,fixed_auv_ga_pso_tlbo_proxy,acoustic_degradation,21351564,3
0.0,1.0,211.0,0.9052132701421801,0.34102115941644484,0.07710163726127667,1.0,0.3333333319592284,0.0,61.0,0.0,5187.435000000007,1882.800000000002,0.0,independent_greedy,acoustic_degradation,21351564,3
0.0,0.0,300.0,0.99,0.6057588094489587,0.5466032663055186,1.0,0.33333320987658893,0.0,124.0,0.0,7725.901864790885,2953.8300162669593,0.0,communication_aware,acoustic_degradation,21351564,3
0.0,0.0,300.0,0.912222222222222,0.48615970733932773,0.2661169087263284,1.0,0.33333333173102603,0.0,0.0,0.0,8854.55669791589,3266.340829501409,900.0,haco_safemarl_pilot_no_acoustic,acoustic_degradation,21351564,3
0.0,0.0,300.0,0.9733333333333334,0.37517423346686796,0.24244540264183756,1.0,0.3333333159722231,0.0,32.0,0.0,8828.323032143231,3073.819342956864,0.0,haco_safemarl_pilot_no_shield,acoustic_degradation,21351564,3
0.0,0.0,300.0,0.9177777777777777,0.670411033721936,0.5851041429356719,1.0,0.33333333150718286,0.0,0.0,0.0,8720.657554095755,3302.7708262705746,900.0,haco_safemarl_pilot,acoustic_degradation,21351564,3
0.0,0.0,300.0,0.6666666666666666,0.7532675028321498,0.6799336044411454,0.6666666666666669,0.3333333332222222,0.0,0.0,0.0,169.697134350001,113.36400363109246,900.0,haco_safemarl_mappo,acoustic_degradation,21351564,3
1.0,1.0,145.0,1.0,0.4057911434291879,0.23445748184313445,1.0,0.0,0.0,0.0,0.0,2687.574999999999,1398.0074873496005,0.0,fixed_auv_ga_pso_tlbo_proxy,acoustic_degradation,21361571,3
1.0,1.0,111.0,1.0,0.3854863459417626,0.20881378480720833,1.0,0.0,0.0,0.0,0.0,2728.935000000003,1275.1999999999985,0.0,independent_greedy,acoustic_degradation,21361571,3
0.0,0.3333333333333333,300.0,1.0,0.4935328564909764,0.39101371813871605,1.0,0.0,0.0,0.0,0.0,7617.023682116887,3081.886862704042,0.0,communication_aware,acoustic_degradation,21361571,3
1.0,1.0,247.0,0.7989203778677462,0.5114461094537958,0.17707186167635472,1.0,0.6642431846176341,0.0,0.0,0.0,7547.380954045358,2256.5527196887824,741.0,haco_safemarl_pilot_no_acoustic,acoustic_degradation,21361571,3
0.0,0.3333333333333333,300.0,0.8233333333333334,0.4139602261760066,0.18648632649412766,1.0,0.3333333329377794,0.0,0.0,0.0,8649.106104826837,3195.9079873721676,0.0,haco_safemarl_pilot_no_shield,acoustic_degradation,21361571,3
0.0,0.3333333333333333,300.0,0.7711111111111112,0.6366562942178072,0.494483249677082,1.0,0.3333333330976843,0.0,0.0,0.0,8871.52618510401,3647.083695549902,900.0,haco_safemarl_pilot,acoustic_degradation,21361571,3
0.0,0.0,300.0,0.8111111111111111,0.7401005910845354,0.6908266280032438,1.0,0.3333333329873126,0.0,0.0,0.0,90.13864955617696,63.34653297044035,900.0,haco_safemarl_mappo,acoustic_degradation,21361571,3
0.0,1.0,128.0,0.9973958333333333,0.6072308470334619,0.3594668757910388,1.0,0.3333315128988309,0.0,14.0,0.0,2372.4800000000014,1169.1965021121073,0.0,fixed_auv_ga_pso_tlbo_proxy,acoustic_degradation,21371578,3
0.0,1.0,98.0,1.0,0.5663579453730505,0.4259182142017984,1.0,0.0,0.0,11.0,0.0,2409.3300000000027,863.9999999999991,0.0,independent_greedy,acoustic_degradation,21371578,3
0.0,1.0,132.0,0.9722222222222223,0.6694322535170301,0.5217340561337227,1.0,0.3333333173333341,0.0,43.0,0.0,3518.529714606907,1233.6453720415282,0.0,communication_aware,acoustic_degradation,21371578,3
1.0,1.0,115.0,0.9217391304347826,0.6632933522179323,0.49721475973833207,1.0,0.35893648215315854,0.0,0.0,0.0,2574.987106332246,621.3036576972592,394.0,haco_safemarl_pilot_no_acoustic,acoustic_degradation,21371578,3
0.0,1.0,96.0,0.9131944444444443,0.6472753585469118,0.4971664257938775,1.0,0.558534401119345,0.0,31.0,0.0,2999.875588727371,745.2918762727572,0.0,haco_safemarl_pilot_no_shield,acoustic_degradation,21371578,3
1.0,1.0,176.0,0.8693181818181818,0.6710354512246152,0.6092182088312638,1.0,0.33333333261042264,0.0,0.0,0.0,5454.534632809715,1805.8781577049022,570.0,haco_safemarl_pilot,acoustic_degradation,21371578,3
0.0,0.0,300.0,0.6511111111111112,0.7177619988528593,0.5836626539989729,0.7222222222222222,0.37609380589625935,0.0,0.0,0.0,270.50637053224125,36.45703285408247,900.0,haco_safemarl_mappo,acoustic_degradation,21371578,3
0.0,0.6666666666666666,300.0,0.8388888888888888,0.44801031579473566,0.2564807092968055,1.0,0.5200217643194094,0.0,37.0,0.0,5560.499999999976,3003.7916443724725,0.0,fixed_auv_ga_pso_tlbo_proxy,acoustic_degradation,21381585,3
0.0,1.0,247.0,0.8609986504723348,0.40912758965369506,0.13586910512991424,1.0,0.590471417820222,0.0,27.0,0.0,6072.495000000008,2958.400000000011,0.0,independent_greedy,acoustic_degradation,21381585,3
0.0,0.3333333333333333,300.0,0.8722222222222221,0.648878959136311,0.5895106716302024,1.0,0.542564100560789,0.0,39.0,0.0,7876.038793842563,3185.1241456798925,0.0,communication_aware,acoustic_degradation,21381585,3
0.0,0.6666666666666666,300.0,0.6566666666666666,0.5748943074996429,0.3170637882797516,1.0,0.5019635673044884,0.0,0.0,0.0,9109.779563399803,2972.670629604164,903.0,haco_safemarl_pilot_no_acoustic,acoustic_degradation,21381585,3
0.0,0.3333333333333333,300.0,0.7211111111111111,0.5084680234109723,0.28398556319850354,1.0,0.40303873565381765,0.0,25.0,0.0,8887.10324065417,3085.188810077248,0.0,haco_safemarl_pilot_no_shield,acoustic_degradation,21381585,3
0.0,0.3333333333333333,300.0,0.6444444444444445,0.6987927542047409,0.5836198121567194,1.0,0.4983113860022772,0.0,0.0,0.0,8942.334564121571,3374.3374962506964,900.0,haco_safemarl_pilot,acoustic_degradation,21381585,3
0.0,0.0,300.0,0.3688888888888889,0.7279318214812924,0.5841444517085597,0.6888888888888888,0.6659978282160186,0.0,0.0,0.0,342.96130955208076,61.50346747970433,900.0,haco_safemarl_mappo,acoustic_degradation,21381585,3
1.0,1.0,230.0,1.0,0.6280574603821004,0.5838420619101053,1.0,0.0,0.0,0.0,0.0,4263.0499999999865,1658.9725717404115,0.0,fixed_auv_ga_pso_tlbo_proxy,acoustic_degradation,21391592,3
1.0,1.0,176.0,1.0,0.4657767450445506,0.3346040040253705,1.0,0.0,0.0,0.0,0.0,4326.9600000000055,1313.2000000000012,0.0,independent_greedy,acoustic_degradation,21391592,3
0.0,0.3333333333333333,300.0,1.0,0.7161103626786522,0.6963882349990542,1.0,0.0,0.0,0.0,0.0,7884.920566689945,3007.129405941903,0.0,communication_aware,acoustic_degradation,21391592,3
1.0,1.0,187.0,0.983957219251337,0.7040526704292382,0.6515315300984257,1.0,0.33333328536489026,0.0,0.0,0.0,6004.500070631925,1647.4645623569072,561.0,haco_safemarl_pilot_no_acoustic,acoustic_degradation,21391592,3
1.0,1.0,187.0,1.0,0.6538256585471026,0.596815807384193,1.0,0.0,0.0,0.0,0.0,5867.112414421735,1608.1868251983906,0.0,haco_safemarl_pilot_no_shield,acoustic_degradation,21391592,3
1.0,1.0,223.0,0.9372197309417041,0.7174093533008449,0.6845123159008158,1.0,0.33333333020099526,0.0,0.0,0.0,7099.930226743512,2094.842083280151,669.0,haco_safemarl_pilot,acoustic_degradation,21391592,3
0.0,0.0,300.0,0.7022222222222223,0.7501985932099994,0.7136320121454319,1.0,0.3333333331941041,0.0,0.0,0.0,336.93524804594836,224.34530345206502,900.0,haco_safemarl_mappo,acoustic_degradation,21391592,3
0.0,0.6666666666666666,300.0,0.8377777777777777,0.458837239982313,0.3655839563894384,1.0,0.6157134588268569,0.0,38.0,0.05,5560.499999999976,2426.5903614566787,0.0,fixed_auv_ga_pso_tlbo_proxy,acoustic_degradation,21401599,3
0.0,1.0,247.0,0.98110661268556,0.2754231366788112,0.11723857931724609,1.0,0.33333329874773604,0.008097165991902834,29.0,0.14979757085020243,6072.495000000008,2381.2000000000066,0.0,independent_greedy,acoustic_degradation,21401599,3
0.0,0.3333333333333333,300.0,0.9033333333333333,0.6628872377359202,0.6332118737595992,1.0,0.4184773573471023,0.0,85.0,0.05,7854.363326362183,2946.0206067957906,0.0,communication_aware,acoustic_degradation,21401599,3
0.0,0.6666666666666666,300.0,0.8,0.5570311825603487,0.43033442013634376,1.0,0.6568543960767771,0.02,0.0,0.023333333333333334,8944.120094783242,2598.055914266829,926.0,haco_safemarl_pilot_no_acoustic,acoustic_degradation,21401599,3
0.0,0.3333333333333333,300.0,0.8777777777777779,0.4719484087401493,0.3559441368305467,1.0,0.6646890760370241,0.01,37.0,0.043333333333333335,9084.262851370046,2963.268131171106,0.0,haco_safemarl_pilot_no_shield,acoustic_degradation,21401599,3
0.0,0.0,300.0,0.8077777777777778,0.6769848706317309,0.6291536408102789,1.0,0.65872124883273,0.013333333333333334,0.0,0.03,8669.951290946543,2984.6971041391544,927.0,haco_safemarl_pilot,acoustic_degradation,21401599,3
0.0,0.0,300.0,0.6144444444444445,0.6471269500473742,0.3882842548956399,1.0,0.6183477378296216,0.0,0.0,0.0,509.24063418735454,130.44207014184832,949.0,haco_safemarl_mappo,acoustic_degradation,21401599,3
0.0,1.0,232.0,0.846264367816092,0.6846720901898348,0.6314884706284147,1.0,0.5588421911417426,0.0,80.0,0.0,4300.119999999986,2368.8144646727483,0.0,fixed_auv_ga_pso_tlbo_proxy,acoustic_degradation,21411606,3
0.0,1.0,177.0,0.7796610169491526,0.6133986380999817,0.4128072152763294,1.0,0.40854149840931164,0.0,109.0,0.0,4351.5450000000055,1890.9999999999966,0.0,independent_greedy,acoustic_degradation,21411606,3
0.0,1.0,223.0,0.8609865470852018,0.7221402618516962,0.6927891528666716,1.0,0.6538897684647097,0.0,69.0,0.0,6016.858002401013,2296.300829063492,0.0,communication_aware,acoustic_degradation,21411606,3
1.0,1.0,161.0,0.6708074534161491,0.6994171726288122,0.5846791057187684,1.0,0.5184888940823282,0.0,0.0,0.0,5348.871379557939,1592.852052679198,497.0,haco_safemarl_pilot_no_acoustic,acoustic_degradation,21411606,3
0.0,1.0,173.0,0.7533718689788055,0.7007193044784695,0.6487415231361663,1.0,0.60186613702104,0.0,63.0,0.0,5356.057736115235,1471.3874741428135,0.0,haco_safemarl_pilot_no_shield,acoustic_degradation,21411606,3
1.0,1.0,163.0,0.703476482617587,0.7194782250931964,0.6428824377263863,1.0,0.4782865849380649,0.0,0.0,0.0,5195.059829353731,1458.743015650763,489.0,haco_safemarl_pilot,acoustic_degradation,21411606,3
0.0,0.3333333333333333,300.0,0.58,0.7000519823235763,0.5869105980720737,1.0,0.6293839361090795,0.0,0.0,0.0,595.7320084985346,50.64983202774815,900.0,haco_safemarl_mappo,acoustic_degradation,21411606,3
0.0,0.6666666666666666,300.0,1.0,0.32089772967555585,0.19606927256654647,1.0,0.0,0.0,0.0,0.0,5560.499999999976,2751.8127888300082,0.0,fixed_auv_ga_pso_tlbo_proxy,acoustic_degradation,21421613,3
0.0,0.6666666666666666,300.0,1.0,0.17806485864967805,0.08385657078976257,1.0,0.0,0.0,0.0,0.0,7375.50000000001,3304.000000000013,0.0,independent_greedy,acoustic_degradation,21421613,3
0.0,0.0,300.0,1.0,0.6273692228157426,0.595576098140261,1.0,0.0,0.0,0.0,0.0,7759.350979633835,2950.2729641554715,0.0,communication_aware,acoustic_degradation,21421613,3
0.0,0.6666666666666666,300.0,1.0,0.5024212090391184,0.3014830369030442,1.0,0.0,0.0,0.0,0.0,9055.745876403687,2822.311973061589,900.0,haco_safemarl_pilot_no_acoustic,acoustic_degradation,21421613,3
0.0,0.0,300.0,1.0,0.3963247157752812,0.3051163117405067,1.0,0.0,0.0,0.0,0.0,8898.042293840488,3014.15793260298,0.0,haco_safemarl_pilot_no_shield,acoustic_degradation,21421613,3
0.0,0.0,300.0,0.961111111111111,0.6581799804014181,0.574373110372641,1.0,0.33333332517006825,0.0,0.0,0.0,8826.066446829067,3022.4695303423723,900.0,haco_safemarl_pilot,acoustic_degradation,21421613,3
0.0,0.0,300.0,0.6944444444444445,0.76080210286209,0.7302212576226338,0.9444444444444444,0.3333333332011019,0.0,0.0,0.0,347.37730822365955,378.5023009732662,900.0,haco_safemarl_mappo,acoustic_degradation,21421613,3
0.0,1.0,292.0,1.0,0.6334856478508384,0.4994825767320283,1.0,0.0,0.0,115.0,0.07534246575342465,5412.2199999999775,2117.2004298806664,0.0,fixed_auv_ga_pso_tlbo_proxy,acoustic_degradation,21431620,3
0.0,1.0,223.0,1.0,0.41620990595583435,0.23158343783027094,1.0,0.0,0.0,88.0,0.0,5482.455000000007,1645.2000000000005,0.0,independent_greedy,acoustic_degradation,21431620,3
0.0,0.3333333333333333,300.0,1.0,0.7439982278084047,0.728255460394175,1.0,0.0,0.0,108.0,0.04666666666666667,8095.564026790142,3158.192333603614,0.0,communication_aware,acoustic_degradation,21431620,3
0.0,0.6666666666666666,300.0,0.7577777777777778,0.700548709937107,0.5848938971821187,1.0,0.6620970205412698,0.0,96.0,0.06666666666666667,7247.184384241407,1983.6536067939226,1099.0,haco_safemarl_pilot_no_acoustic,acoustic_degradation,21431620,3
0.0,1.0,228.0,0.9312865497076023,0.632892486079225,0.5480815619884891,1.0,0.3333333307185755,0.039473684210526314,116.0,0.09649122807017543,7223.067322057338,1808.7284929096752,0.0,haco_safemarl_pilot_no_shield,acoustic_degradation,21431620,3
0.0,0.3333333333333333,300.0,0.7677777777777778,0.7216000638531758,0.6236118840365263,1.0,0.684322663571164,0.0,110.0,0.07,6788.95027082891,2079.3648040895914,1112.0,haco_safemarl_pilot,acoustic_degradation,21431620,3
0.0,0.3333333333333333,300.0,0.5322222222222222,0.6898075639388518,0.5654008884422294,0.9333333333333333,0.6078161059567169,0.0,0.0,0.013333333333333334,1989.9281699205467,453.123048151865,998.0,haco_safemarl_mappo,acoustic_degradation,21431620,3
0.0,1.0,247.0,0.9311740890688259,0.3610159904878098,0.13989781390032438,1.0,0.3333333307271135,0.0,81.0,0.0,4578.144999999984,2114.412935504859,0.0,fixed_auv_ga_pso_tlbo_proxy,acoustic_degradation,21441627,3
0.0,1.0,189.0,0.8783068783068783,0.34256913516683274,0.09799462860143134,1.0,0.33333333249968494,0.0,63.0,0.0,4646.565000000006,1761.6000000000029,0.0,independent_greedy,acoustic_degradation,21441627,3
0.0,0.3333333333333333,300.0,0.9877777777777779,0.5212586239398338,0.42486277030048897,1.0,0.3333332506887257,0.0,39.0,0.0,7697.3028057692445,2926.729310171348,0.0,communication_aware,acoustic_degradation,21441627,3
0.0,0.0,300.0,0.8666666666666667,0.42986159295588666,0.23387467497982617,1.0,0.33333333263888887,0.0,0.0,0.0,8877.814335448347,3461.9377495665335,900.0,haco_safemarl_pilot_no_acoustic,acoustic_degradation,21441627,3
0.0,0.3333333333333333,300.0,0.9011111111111112,0.4159281542992164,0.23710157740239685,1.0,0.33333333207086646,0.0,136.0,0.0,8779.119111746082,3049.6454820829126,0.0,haco_safemarl_pilot_no_shield,acoustic_degradation,21441627,3
0.0,0.0,300.0,0.8744444444444444,0.6357413064800382,0.5775943576537119,1.0,0.33333333255018666,0.0,0.0,0.0,8645.54446256728,3190.2740942808723,900.0,haco_safemarl_pilot,acoustic_degradation,21441627,3
0.0,0.0,300.0,0.3655555555555555,0.7110713673122407,0.5484657597955019,0.6555555555555554,0.6665010843386113,0.0,0.0,0.0,277.6502211019446,90.97104625933252,900.0,haco_safemarl_mappo,acoustic_degradation,21441627,3
0.0,1.0,264.0,1.0,0.3384223905657141,0.12123491229594512,1.0,0.0,0.0,1.0,0.0,4893.239999999982,2979.4756887860995,0.0,fixed_auv_ga_pso_tlbo_proxy,acoustic_degradation,21451634,3
0.0,1.0,202.0,1.0,0.4064823246394135,0.03423825038117591,1.0,0.0,0.0,1.0,0.0,4966.170000000006,2409.2000000000003,0.0,independent_greedy,acoustic_degradation,21451634,3
0.0,0.3333333333333333,300.0,1.0,0.47673468360857973,0.37402057643865344,1.0,0.0,0.0,4.0,0.0,7621.09631777461,3036.071275868272,0.0,communication_aware,acoustic_degradation,21451634,3
0.0,1.0,240.0,0.8888888888888888,0.5353478693704561,0.10574310917554525,1.0,0.3333333323333333,0.0,1.0,0.0,7676.846742005308,2208.330656524025,746.0,haco_safemarl_pilot_no_acoustic,acoustic_degradation,21451634,3
0.0,1.0,215.0,1.0,0.4936611427044574,0.06877958526513722,1.0,0.0,0.0,1.0,0.0,6647.021075948295,1627.5206064291524,0.0,haco_safemarl_pilot_no_shield,acoustic_degradation,21451634,3
0.0,0.3333333333333333,300.0,1.0,0.5937356091714469,0.42046963939173376,1.0,0.0,0.0,1.0,0.0,8645.286562708345,3048.3751382343066,900.0,haco_safemarl_pilot,acoustic_degradation,21451634,3
0.0,0.0,300.0,0.98,0.6509933780008358,0.5672193672878932,1.0,0.33333330246913867,0.0,4.0,0.0,321.7546456642692,100.64554354181624,900.0,haco_safemarl_mappo,acoustic_degradation,21451634,3
0.0,1.0,257.0,1.0,0.41887343204530114,0.20025034697848648,1.0,0.0,0.0,153.0,0.0,4763.494999999983,2069.907478083338,0.0,fixed_auv_ga_pso_tlbo_proxy,acoustic_degradation,21461641,3
0.0,1.0,197.0,0.9864636209813874,0.3548939445552519,0.06728158639633858,1.0,0.3333332659566108,0.0,117.0,0.0,4843.245000000006,1703.399999999998,0.0,independent_greedy,acoustic_degradation,21461641,3
0.0,0.3333333333333333,300.0,1.0,0.6768613855782837,0.5954913915229199,1.0,0.0,0.0,0.0,0.0,7888.4053009225345,3328.509341198452,0.0,communication_aware,acoustic_degradation,21461641,3
0.0,0.6666666666666666,300.0,0.7633333333333333,0.5333957455371899,0.28174881198204155,1.0,0.4958848406441109,0.0,0.0,0.0,9312.377307312707,3211.3217917993516,900.0,haco_safemarl_pilot_no_acoustic,acoustic_degradation,21461641,3
0.0,0.3333333333333333,300.0,0.8944444444444446,0.46984815763529725,0.2713214126850071,1.0,0.3333333322253001,0.0,0.0,0.0,8910.365273458709,3036.0472318237726,0.0,haco_safemarl_pilot_no_shield,acoustic_degradation,21461641,3
0.0,0.3333333333333333,300.0,0.7611111111111112,0.6795205389919531,0.5775836684901732,1.0,0.4621991576766763,0.0,0.0,0.0,9171.784981813778,3481.37712606922,900.0,haco_safemarl_pilot,acoustic_degradation,21461641,3
0.0,0.0,300.0,0.4633333333333333,0.7694860131799767,0.7426846439940318,1.0,0.6587349319370595,0.0,0.0,0.0,359.8415082172918,207.4985311556958,900.0,haco_safemarl_mappo,acoustic_degradation,21461641,3
0.0,1.0,273.0,1.0,0.28281049489346394,0.10279051615876848,1.0,0.0,0.0,66.0,0.0,5060.05499999998,2313.7011387917746,0.0,fixed_auv_ga_pso_tlbo_proxy,acoustic_degradation,21471648,3
0.0,1.0,209.0,1.0,0.13678108868213198,0.0813179194402935,1.0,0.0,0.0,51.0,0.11961722488038277,5138.265000000007,1873.4000000000049,0.0,independent_greedy,acoustic_degradation,21471648,3
0.0,0.3333333333333333,300.0,1.0,0.5279291243696426,0.404500845043607,1.0,0.0,0.0,109.0,0.0,7692.023955606198,2943.4719096395106,0.0,communication_aware,acoustic_degradation,21471648,3
0.0,0.6666666666666666,300.0,0.92,0.40529882253162275,0.297026724816001,1.0,0.333333331404321,0.0,0.0,0.0,9334.86341006765,3023.883779182563,903.0,haco_safemarl_pilot_no_acoustic,acoustic_degradation,21471648,3
0.0,0.3333333333333333,300.0,1.0,0.3779647853223086,0.3022198432335242,1.0,0.0,0.0,48.0,0.0,8910.712961536226,2998.8103540292705,0.0,haco_safemarl_pilot_no_shield,acoustic_degradation,21471648,3
0.0,0.0,300.0,1.0,0.5603699357549246,0.5261115743831415,1.0,0.0,0.0,0.0,0.0,8953.407905394806,3185.126451027328,908.0,haco_safemarl_pilot,acoustic_degradation,21471648,3
0.0,0.0,300.0,1.0,0.6874649031785736,0.631745944603325,1.0,0.0,0.0,0.0,0.0,529.8277704394197,171.61405624875513,900.0,haco_safemarl_mappo,acoustic_degradation,21471648,3
1.0,1.0,272.0,0.8431372549019607,0.3223434961201436,0.07862137125992266,1.0,0.3333333328315973,0.0,0.0,0.0,5041.51999999998,2600.4865254502474,0.0,fixed_auv_ga_pso_tlbo_proxy,acoustic_degradation,21481655,3
1.0,1.0,208.0,0.9022435897435896,0.3389027093791333,0.06248955646539649,1.0,0.33333333204144644,0.0,0.0,0.0,5113.680000000007,2194.4000000000196,0.0,independent_greedy,acoustic_degradation,21481655,3
0.0,0.0,300.0,0.91,0.5017404198911694,0.2758576441727167,1.0,0.33333333180917546,0.0,0.0,0.0,7719.53308141975,2937.5820936740315,0.0,communication_aware,acoustic_degradation,21481655,3
0.0,0.3333333333333333,300.0,0.8144444444444445,0.4129224256047224,0.1304285413733975,1.0,0.4623891230769291,0.0,0.0,0.0,9025.000381544527,3061.3347705876927,900.0,haco_safemarl_pilot_no_acoustic,acoustic_degradation,21481655,3
0.0,0.3333333333333333,300.0,0.9155555555555556,0.4063080807362441,0.2296932587107748,1.0,0.3333333316020314,0.0,0.0,0.0,8833.917916783388,2993.3651532574727,0.0,haco_safemarl_pilot_no_shield,acoustic_degradation,21481655,3
0.0,0.0,300.0,0.8188888888888889,0.6289723106299244,0.4591218613458821,1.0,0.33333333295695483,0.0,0.0,0.0,8684.016805106274,3069.26553072374,900.0,haco_safemarl_pilot,acoustic_degradation,21481655,3
0.0,0.0,300.0,0.39888888888888885,0.6632908153962125,0.40271399660191987,0.7333333333333333,0.6616727139847615,0.0,0.0,0.0,225.5580247256605,67.67925318825822,900.0,haco_safemarl_mappo,acoustic_degradation,21481655,3
1.0,1.0,162.0,1.0,0.5499828285006036,0.38643481175334343,1.0,0.0,0.0,0.0,0.0,3002.669999999996,1399.151121425571,0.0,fixed_auv_ga_pso_tlbo_proxy,acoustic_degradation,21491662,3
1.0,1.0,124.0,1.0,0.504883070049542,0.23582566853562661,1.0,0.0,0.0,0.0,0.0,3048.5400000000036,1089.6,0.0,independent_greedy,acoustic_degradation,21491662,3
0.0,0.6666666666666666,300.0,1.0,0.6137208837670273,0.47972966310857573,1.0,0.0,0.0033333333333333335,0.0,0.06666666666666667,7780.934994746575,3105.9715881215243,0.0,communication_aware,acoustic_degradation,21491662,3
1.0,1.0,202.0,1.0,0.6093600705066502,0.3578723439031342,1.0,0.0,0.0,0.0,0.0,6372.17238691787,1918.737740628729,622.0,haco_safemarl_pilot_no_acoustic,acoustic_degradation,21491662,3
1.0,1.0,151.0,1.0,0.5701655039861333,0.3775841690149546,1.0,0.0,0.0,0.0,0.0,4672.290196429911,1212.7071205972786,0.0,haco_safemarl_pilot_no_shield,acoustic_degradation,21491662,3
0.0,0.3333333333333333,300.0,1.0,0.6550001113243128,0.5263007330555354,1.0,0.0,0.0,0.0,0.05,9050.48545791306,3587.810033594431,908.0,haco_safemarl_pilot,acoustic_degradation,21491662,3
0.0,0.0,300.0,1.0,0.6793816130715459,0.6073270672793464,1.0,0.0,0.0,0.0,0.05333333333333334,332.38982968815606,25.548597710276127,942.0,haco_safemarl_mappo,acoustic_degradation,21491662,3
1.0,1.0,296.0,0.7240990990990991,0.7514650572931703,0.7372219840329489,1.0,0.8591323503904026,0.0,0.0,0.0,5486.359999999977,2818.429012874417,0.0,fixed_auv_ga_pso_tlbo_proxy,acoustic_degradation,21501669,3
1.0,1.0,227.0,0.8928046989720998,0.5254273232969172,0.40352957232659775,1.0,0.6323721333113205,0.0,0.0,0.0,5580.795000000007,2149.400000000007,0.0,independent_greedy,acoustic_degradation,21501669,3
0.0,0.3333333333333333,300.0,0.7033333333333334,0.7591905448658682,0.7496596148990535,1.0,0.8830874418784562,0.0,0.0,0.0,8209.750058680911,3353.4341800881402,0.0,communication_aware,acoustic_degradation,21501669,3
1.0,1.0,244.0,0.3483606557377049,0.7635193139740938,0.7208725982061066,0.72,0.8443417754883803,0.0,0.0,0.0778688524590164,7934.656034882352,2023.80930382013,753.0,haco_safemarl_pilot_no_acoustic,acoustic_degradation,21501669,3
1.0,1.0,227.0,0.6328928046989721,0.7480909187923688,0.7051723106106743,1.0,0.6495396059791927,0.0,0.0,0.06607929515418502,7129.919619690214,1884.3458799564507,0.0,haco_safemarl_pilot_no_shield,acoustic_degradation,21501669,3
1.0,1.0,245.0,0.33197278911564626,0.7698147088067108,0.7353136988909529,0.72,0.8654016661391798,0.0,0.0,0.07755102040816327,7947.444663385748,2191.36232260329,760.0,haco_safemarl_pilot,acoustic_degradation,21501669,3
0.0,0.0,300.0,0.2422222222222222,0.7867278385382828,0.7755683791334107,0.7777777777777778,0.9400432505010129,0.0,0.0,0.0,604.5714318705645,70.50107925596197,900.0,haco_safemarl_mappo,acoustic_degradation,21501669,3
0.0,0.6666666666666666,300.0,0.9111111111111112,0.45965298293377904,0.37319810654689156,1.0,0.33333333177083335,0.0,60.0,0.0,5560.499999999976,2989.683943821485,0.0,fixed_auv_ga_pso_tlbo_proxy,acoustic_degradation,21511676,3
0.0,1.0,241.0,0.9515905947441217,0.30374546168032046,0.19416952041428498,1.0,0.3333333280652155,0.07883817427385892,46.0,0.2074688796680498,5924.985000000008,2564.200000000012,0.0,independent_greedy,acoustic_degradation,21511676,3
0.0,0.3333333333333333,300.0,0.9033333333333333,0.6615782639266664,0.6038197773924874,1.0,0.3333333320121548,0.0,115.0,0.03333333333333333,7853.231008322025,3179.0091699620116,0.0,communication_aware,acoustic_degradation,21511676,3
0.0,0.3333333333333333,300.0,0.8477777777777779,0.6269106582162354,0.6184786646883179,1.0,0.616691307524159,0.0,0.0,0.15666666666666668,7209.21796529736,3000.726878820419,1102.0,haco_safemarl_pilot_no_acoustic,acoustic_degradation,21511676,3
0.0,0.3333333333333333,300.0,0.9355555555555556,0.5044186201533147,0.4642186298189614,1.0,0.33333333036068175,0.0,105.0,0.12666666666666668,8991.860200746556,2992.84520396501,0.0,haco_safemarl_pilot_no_shield,acoustic_degradation,21511676,3
0.0,0.3333333333333333,300.0,0.6544444444444444,0.7283891985286118,0.6466776381089003,1.0,0.6262569358510056,0.06,0.0,0.16666666666666666,8146.304272583902,3322.959099547327,1025.0,haco_safemarl_pilot,acoustic_degradation,21511676,3
0.0,0.3333333333333333,300.0,0.4255555555555555,0.7507417358944188,0.6627514491376326,0.7000000000000001,0.6521995865116306,0.0,0.0,0.0,507.3040394600158,302.39119547929465,902.0,haco_safemarl_mappo,acoustic_degradation,21511676,3
1.0,1.0,137.0,1.0,0.45869649653724,0.3488512033272044,1.0,0.0,0.0,0.0,0.0,2539.295,1175.1947105479423,0.0,fixed_auv_ga_pso_tlbo_proxy,acoustic_degradation,21521683,3
1.0,1.0,105.0,1.0,0.4247394970307034,0.3353813635741406,1.0,0.0,0.0,0.0,0.0,2581.425000000003,953.1999999999994,0.0,independent_greedy,acoustic_degradation,21521683,3
0.0,0.6666666666666666,300.0,1.0,0.5431537374154336,0.5142963376562734,1.0,0.0,0.0,0.0,0.0,7671.745703384763,3024.4829323904455,0.0,communication_aware,acoustic_degradation,21521683,3
1.0,1.0,233.0,0.8826895565092989,0.5444168091105996,0.3475944359470096,1.0,0.3333333324362317,0.0,0.0,0.0,7205.059345459076,2084.1113847988263,699.0,haco_safemarl_pilot_no_acoustic,acoustic_degradation,21521683,3
1.0,1.0,163.0,1.0,0.4622773493919095,0.4170825556945324,1.0,0.0,0.0,0.0,0.0,4935.308842758023,1432.6963722890687,0.0,haco_safemarl_pilot_no_shield,acoustic_degradation,21521683,3
0.0,0.3333333333333333,300.0,0.9477777777777779,0.6255991729450378,0.5569166877612072,1.0,0.33333332880639815,0.0,0.0,0.0,8875.620657105905,3085.558518790655,900.0,haco_safemarl_pilot,acoustic_degradation,21521683,3
0.0,0.0,300.0,0.49,0.7400443257169971,0.6457904480899945,1.0,0.6649969223052895,0.0,0.0,0.0,395.7043168822172,338.4442602383379,900.0,haco_safemarl_mappo,acoustic_degradation,21521683,3
0.0,1.0,243.0,1.0,0.42489684051861953,0.19486666586871546,1.0,0.0,0.0,51.0,0.0,4504.004999999985,1831.162624489471,0.0,fixed_auv_ga_pso_tlbo_proxy,acoustic_degradation,21531690,3
0.0,1.0,186.0,1.0,0.33629758918506275,0.13853958410323391,1.0,0.0,0.0,38.0,0.0,4572.810000000006,1435.9999999999984,0.0,independent_greedy,acoustic_degradation,21531690,3
0.0,0.0,300.0,1.0,0.6410467757324426,0.5108572748256657,1.0,0.0,0.0,0.0,0.0,7782.633914144449,3074.1141986106695,0.0,communication_aware,acoustic_degradation,21531690,3
1.0,1.0,220.0,1.0,0.5498008784990359,0.3532868726555793,1.0,0.0,0.0,0.0,0.0,6878.992091091945,1860.6926364195006,660.0,haco_safemarl_pilot_no_acoustic,acoustic_degradation,21531690,3
1.0,1.0,249.0,1.0,0.5027060023357592,0.33523078799425327,1.0,0.0,0.0,0.0,0.0,7558.991042413187,2311.8492931593014,0.0,haco_safemarl_pilot_no_shield,acoustic_degradation,21531690,3
0.0,0.3333333333333333,300.0,1.0,0.6482154782513837,0.5526004965708683,1.0,0.0,0.0,0.0,0.0,9085.276610737286,3167.9641724615667,900.0,haco_safemarl_pilot,acoustic_degradation,21531690,3
0.0,0.0,300.0,0.7055555555555556,0.7330734800608275,0.6425712482546834,1.0,0.3333333331909339,0.0,0.0,0.0,274.3259951288043,305.60357732737396,900.0,haco_safemarl_mappo,acoustic_degradation,21531690,3
0.0,1.0,289.0,1.0,0.6600493889020446,0.5821593609679326,1.0,0.0,0.0,41.0,0.0,5356.614999999978,2499.362956593543,0.0,fixed_auv_ga_pso_tlbo_proxy,acoustic_degradation,21541697,3
0.0,1.0,221.0,0.8687782805429864,0.4197751016684211,0.28300946522503995,1.0,0.5061183534122818,0.0,31.0,0.0,5433.285000000007,1914.2000000000053,0.0,independent_greedy,acoustic_degradation,21541697,3
0.0,0.3333333333333333,300.0,1.0,0.7255613678804114,0.7095450027113777,1.0,0.0,0.0,34.0,0.0,7958.04400796454,2992.372271633788,0.0,communication_aware,acoustic_degradation,21541697,3
1.0,1.0,268.0,0.6343283582089553,0.7202111780197656,0.6697889526795094,0.7530864197530863,0.5519963213040169,0.0,0.0,0.0,8624.361294901062,2290.863382149188,814.0,haco_safemarl_pilot_no_acoustic,acoustic_degradation,21541697,3
0.0,1.0,222.0,0.7837837837837837,0.6803097071006251,0.6274138788812785,1.0,0.5094339616473333,0.0,32.0,0.0,7027.219432277609,1804.563523406106,0.0,haco_safemarl_pilot_no_shield,acoustic_degradation,21541697,3
0.0,0.3333333333333333,300.0,0.6122222222222222,0.7324300755544436,0.7004754656800263,0.7333333333333333,0.5662134204915548,0.0,0.0,0.0,9384.561839184971,2804.073012030161,900.0,haco_safemarl_pilot,acoustic_degradation,21541697,3
0.0,0.0,300.0,0.5433333333333332,0.7675206828451193,0.7489347474674475,1.0,0.6102218415104457,0.0,0.0,0.0,642.0189983922514,392.33427826526537,910.0,haco_safemarl_mappo,acoustic_degradation,21541697,3
0.0,0.6666666666666666,300.0,1.0,0.2433402270732609,0.22344849048490417,1.0,0.0,0.0,0.0,0.0,5560.499999999976,2462.668609499847,0.0,fixed_auv_ga_pso_tlbo_proxy,acoustic_degradation,21551704,3
0.0,0.6666666666666666,300.0,1.0,0.18265802262027905,0.13617676086880146,1.0,0.0,0.0,0.0,0.0,7375.50000000001,3345.800000000015,0.0,independent_greedy,acoustic_degradation,21551704,3
0.0,0.0,300.0,1.0,0.5991543809484611,0.5263425498482789,1.0,0.0,0.0,0.0,0.0,7686.56938974895,2949.795725065448,0.0,communication_aware,acoustic_degradation,21551704,3
0.0,0.0,300.0,1.0,0.3809526963023014,0.3615356687597205,1.0,0.0,0.0,0.0,0.0,8907.139659792247,3186.399876120722,900.0,haco_safemarl_pilot_no_acoustic,acoustic_degradation,21551704,3
0.0,0.0,300.0,1.0,0.3413128522564894,0.3354591217437927,1.0,0.0,0.0,0.0,0.0,8788.685369474088,3131.2598214836844,0.0,haco_safemarl_pilot_no_shield,acoustic_degradation,21551704,3
0.0,0.0,300.0,1.0,0.6199177759906763,0.5790391882559256,1.0,0.0,0.0,0.0,0.0,8712.46690190298,3208.3253672140086,900.0,haco_safemarl_pilot,acoustic_degradation,21551704,3
0.0,0.0,300.0,0.9555555555555556,0.670921804393494,0.5846657222963577,1.0,0.33333332708333346,0.0,0.0,0.0,265.9001193148254,17.699581123748345,900.0,haco_safemarl_mappo,acoustic_degradation,21551704,3
0.0,0.6666666666666666,300.0,0.8588888888888888,0.4744818501038209,0.3256422360396827,1.0,0.3333333327133321,0.03666666666666667,117.0,0.08,5560.499999999976,2977.9102531547005,0.0,fixed_auv_ga_pso_tlbo_proxy,acoustic_degradation,21561711,3
0.0,1.0,269.0,0.9281288723667905,0.32661272827347976,0.1274668458598461,1.0,0.33333333094328843,0.0,89.0,0.09293680297397769,6613.365000000009,3134.4000000000087,0.0,independent_greedy,acoustic_degradation,21561711,3
0.0,0.3333333333333333,300.0,0.9111111111111111,0.6551303608801464,0.5811926973436092,1.0,0.33333333177083335,0.0,209.0,0.07333333333333333,7800.388972719514,2977.4504007919563,0.0,communication_aware,acoustic_degradation,21561711,3
0.0,0.6666666666666666,300.0,0.6566666666666666,0.7083671624143236,0.6427946067598657,1.0,0.5517761478380526,0.0,0.0,0.0,8644.725914061008,2673.291205699727,987.0,haco_safemarl_pilot_no_acoustic,acoustic_degradation,21561711,3
0.0,1.0,265.0,0.8050314465408804,0.554408855648817,0.35754998831850815,1.0,0.3333333330085559,0.0,101.0,0.0,8203.204181930665,2125.321823383538,0.0,haco_safemarl_pilot_no_shield,acoustic_degradation,21561711,3
0.0,0.3333333333333333,300.0,0.7122222222222223,0.7117169252652282,0.6676855403283313,1.0,0.49420562091959697,0.0,0.0,0.0,9588.125062805258,3163.38683531395,919.0,haco_safemarl_pilot,acoustic_degradation,21561711,3
0.0,0.0,300.0,0.40111111111111103,0.7693000112931163,0.7115658981191445,0.9666666666666667,0.6665542438196421,0.0,0.0,0.0,354.41284123618306,126.46583688076197,900.0,haco_safemarl_mappo,acoustic_degradation,21561711,3
0.0,1.0,253.0,0.9683794466403162,0.28930165202335,0.13589355225030314,1.0,0.33333332098591867,0.0,98.0,0.0,4689.354999999983,2509.984233806373,0.0,fixed_auv_ga_pso_tlbo_proxy,acoustic_degradation,21571718,3
0.0,1.0,194.0,1.0,0.21451207662516103,0.1297511194815374,1.0,0.0,0.0,75.0,0.0,4769.490000000006,2109.399999999999,0.0,independent_greedy,acoustic_degradation,21571718,3
0.0,0.3333333333333333,300.0,0.9777777777777779,0.5267070530026233,0.4544155030428944,1.0,0.33333330833333524,0.0,129.0,0.03666666666666667,7710.75208574725,3061.1780765328926,0.0,communication_aware,acoustic_degradation,21571718,3
0.0,0.6666666666666666,300.0,0.9344444444444444,0.4348894271390989,0.3250971268868955,1.0,0.33333333046059566,0.0,0.0,0.0,9104.9805292576,2692.7550755732223,900.0,haco_safemarl_pilot_no_acoustic,acoustic_degradation,21571718,3
0.0,0.3333333333333333,300.0,0.9977777777777778,0.3939410641098639,0.2867982625099587,1.0,0.3333308333520832,0.0,55.0,0.0,8830.097207588768,3028.1249384015655,0.0,haco_safemarl_pilot_no_shield,acoustic_degradation,21571718,3
0.0,0.0,300.0,0.9566666666666667,0.6099622030332537,0.5859253957264418,1.0,0.33333332675871147,0.0,0.0,0.0,8666.51075427586,3186.3999050807215,900.0,haco_safemarl_pilot,acoustic_degradation,21571718,3
0.0,0.0,300.0,0.6833333333333333,0.7165025192811703,0.6350569783519241,0.8333333333333334,0.3333333332102185,0.0,0.0,0.0,193.53652355841413,109.53499036939935,900.0,haco_safemarl_mappo,acoustic_degradation,21571718,3
0.0,0.6666666666666666,300.0,1.0,0.5504975605133763,0.3445964024240487,1.0,0.0,0.0,139.0,0.016666666666666666,5560.499999999976,2820.44818973645,0.0,fixed_auv_ga_pso_tlbo_proxy,acoustic_degradation,21581725,3
0.0,1.0,241.0,1.0,0.38384787716369534,0.17950425811021548,1.0,0.0,0.0,118.0,0.0,5924.985000000008,2224.8000000000025,0.0,independent_greedy,acoustic_degradation,21581725,3
0.0,0.0,300.0,1.0,0.7212198648138256,0.6674775755356308,1.0,0.0,0.0,136.0,0.03,7945.82523644407,3104.2496764612215,0.0,communication_aware,acoustic_degradation,21581725,3
1.0,1.0,256.0,0.5703124999999999,0.6819198925340101,0.5835918314085098,1.0,0.5818426618466604,0.0,0.0,0.0,7211.371875656746,1934.1965053345496,843.0,haco_safemarl_pilot_no_acoustic,acoustic_degradation,21581725,3
0.0,1.0,239.0,0.7921896792189679,0.602818613177466,0.4267185476007454,1.0,0.6016042046889349,0.0,128.0,0.0,7508.410673728357,1983.7589303944587,0.0,haco_safemarl_pilot_no_shield,acoustic_degradation,21581725,3
0.0,0.0,300.0,0.7711111111111111,0.7111238656499662,0.6605649576214887,1.0,0.3333333330976843,0.0,0.0,0.0,9163.347577702478,2978.6116613136387,900.0,haco_safemarl_pilot,acoustic_degradation,21581725,3
0.0,0.0,300.0,0.35333333333333344,0.7834158623445386,0.7714794229069574,1.0,0.8948169279850647,0.0,0.0,0.0,954.8223664350373,50.99222706459702,900.0,haco_safemarl_mappo,acoustic_degradation,21581725,3
0.0,0.6666666666666666,300.0,1.0,0.34650134087911516,0.16301685130677115,1.0,0.0,0.0,72.0,0.0,5560.499999999976,2996.208703540365,0.0,fixed_auv_ga_pso_tlbo_proxy,acoustic_degradation,21591732,3
0.0,1.0,236.0,0.9548022598870056,0.35876222436929056,0.04010317416067621,1.0,0.33333332728993065,0.0,56.0,0.0,5802.060000000008,2565.800000000008,0.0,independent_greedy,acoustic_degradation,21591732,3
0.0,0.3333333333333333,300.0,1.0,0.5833460692778257,0.5042738871231355,1.0,0.0,0.0,104.0,0.0,7674.610829854451,3029.293591435191,0.0,communication_aware,acoustic_degradation,21591732,3
0.0,0.6666666666666666,300.0,0.9688888888888888,0.5251285538631107,0.25460501425108445,1.0,0.3333333205782318,0.0,32.0,0.0,9478.928075794362,2620.810748492656,900.0,haco_safemarl_pilot_no_acoustic,acoustic_degradation,21591732,3
0.0,1.0,278.0,0.9904076738609114,0.43147567675910087,0.13399461063635848,1.0,0.33333319915977627,0.0,68.0,0.0,8588.250598747012,2233.8295596380776,0.0,haco_safemarl_pilot_no_shield,acoustic_degradation,21591732,3
0.0,0.0,300.0,0.9833333333333333,0.6218984491458514,0.47674254632656166,1.0,0.3333332888888948,0.0,35.0,0.0,8744.122626135068,3080.501682631032,900.0,haco_safemarl_pilot,acoustic_degradation,21591732,3
0.0,0.0,300.0,0.7222222222222223,0.7485315247613727,0.7063292294757988,1.0,0.33333333317333336,0.0,34.0,0.0,251.40917428752823,150.2295425493782,900.0,haco_safemarl_mappo,acoustic_degradation,21591732,3
0.0,1.0,217.0,1.0,0.4483313220842999,0.217268695849198,1.0,0.0,0.0,19.0,0.0,4022.0949999999884,2306.4056045876437,0.0,fixed_auv_ga_pso_tlbo_proxy,acoustic_degradation,21601739,3
0.0,1.0,166.0,1.0,0.44403188870280075,0.1898430266575208,1.0,0.0,0.0,14.0,0.0,4081.110000000005,2007.8000000000002,0.0,independent_greedy,acoustic_degradation,21601739,3
0.0,0.3333333333333333,300.0,1.0,0.6287551799457182,0.527923878718416,1.0,0.0,0.0,30.0,0.0,7682.866317170094,3202.0391678834126,0.0,communication_aware,acoustic_degradation,21601739,3
0.0,1.0,300.0,0.7822222222222222,0.5188628732117534,0.3508158541084383,1.0,0.3333333330730251,0.0,5.0,0.0,7093.208720964582,2363.1292430500253,1044.0,haco_safemarl_pilot_no_acoustic,acoustic_degradation,21601739,3
0.0,0.3333333333333333,300.0,0.831111111111111,0.4645983558899296,0.3076795515937953,1.0,0.3333333329005078,0.0,17.0,0.0,8721.141029636165,3282.0470300251327,0.0,haco_safemarl_pilot_no_shield,acoustic_degradation,21601739,3
0.0,0.3333333333333333,300.0,0.7277777777777779,0.676528279207676,0.6200653655243057,1.0,0.333333333166736,0.0,5.0,0.0,7840.594649024783,3399.028327144454,1047.0,haco_safemarl_pilot,acoustic_degradation,21601739,3
0.0,0.3333333333333333,300.0,0.6222222222222222,0.7717134781933893,0.7601462289477936,1.0,0.5308206595411161,0.0,5.0,0.0,463.16948510077077,153.76436687467128,902.0,haco_safemarl_mappo,acoustic_degradation,21601739,3
0.0,0.6666666666666666,300.0,0.851111111111111,0.5888094616350962,0.45323415274548123,1.0,0.643722662295295,0.0,153.0,0.03333333333333333,5560.499999999976,3110.3842133418534,0.0,fixed_auv_ga_pso_tlbo_proxy,acoustic_degradation,21611746,3
0.0,1.0,242.0,0.9696969696969696,0.4629619435875618,0.30760614774581163,1.0,0.3333333198888894,0.0,130.0,0.03305785123966942,5949.570000000008,2734.0000000000045,0.0,independent_greedy,acoustic_degradation,21611746,3
0.0,0.6666666666666666,300.0,0.8566666666666667,0.6834617394756277,0.6188022269155472,1.0,0.7334391085543865,0.0,167.0,0.03333333333333333,7938.018053939757,3156.8985141444327,0.0,communication_aware,acoustic_degradation,21611746,3
0.0,0.6666666666666666,300.0,0.5555555555555556,0.6929230124450338,0.5320060826384643,0.8888888888888888,0.7527640551976061,0.0,0.0,0.02666666666666667,9463.442300424547,2660.6384701417196,906.0,haco_safemarl_pilot_no_acoustic,acoustic_degradation,21611746,3
1.0,1.0,243.0,0.7229080932784636,0.5838948083421959,0.39615202740176664,1.0,0.6190302804091098,0.0,0.0,0.03292181069958848,7610.6461006535155,1962.9037212788646,0.0,haco_safemarl_pilot_no_shield,acoustic_degradation,21611746,3
0.0,0.3333333333333333,300.0,0.6,0.7413635651994411,0.7012201436289075,1.0,0.9228008709427944,0.0,0.0,0.02666666666666667,9132.518793724848,3243.798963800141,907.0,haco_safemarl_pilot,acoustic_degradation,21611746,3
0.0,0.0,300.0,0.09111111111111111,0.7997454570980836,0.7927701835942064,0.6333333333333333,0.9937062084147403,0.0,0.0,0.03666666666666667,253.6894680726093,82.52618814736998,909.0,haco_safemarl_mappo,acoustic_degradation,21611746,3
0.0,0.6666666666666666,300.0,0.9211111111111112,0.3197071899295656,0.2182012470036517,1.0,0.33333333134959997,0.0,37.0,0.0,5560.499999999976,2502.3258860026904,0.0,fixed_auv_ga_pso_tlbo_proxy,acoustic_degradation,21621753,3
0.0,1.0,243.0,1.0,0.2938556563594424,0.06519638257171328,1.0,0.0,0.0,29.0,0.0,5974.155000000008,2187.6000000000054,0.0,independent_greedy,acoustic_degradation,21621753,3
0.0,0.0,300.0,0.918888888888889,0.6483331170327211,0.5770354674666749,1.0,0.33333333145680866,0.0,0.0,0.0,7752.117806944007,2915.1655461991163,0.0,communication_aware,acoustic_degradation,21621753,3
0.0,0.0,300.0,0.8655555555555554,0.5260104178320456,0.31983356210190533,1.0,0.6662571076239754,0.0,0.0,0.0,9016.563811870057,3311.980785870798,900.0,haco_safemarl_pilot_no_acoustic,acoustic_degradation,21621753,3
0.0,0.0,300.0,0.948888888888889,0.3941766991683323,0.2671503651215411,1.0,0.3333333286074355,0.0,100.0,0.0,8890.191359974258,2963.0020995855093,0.0,haco_safemarl_pilot_no_shield,acoustic_degradation,21621753,3
0.0,0.0,300.0,0.8577777777777778,0.6697542102701272,0.5749945340607774,1.0,0.6665039435365162,0.0,0.0,0.0,8812.174374636832,3062.9425786960846,900.0,haco_safemarl_pilot,acoustic_degradation,21621753,3
0.0,0.0,300.0,0.8988888888888887,0.6976407693922948,0.5924216970385423,1.0,0.33333333212574967,0.0,0.0,0.0,289.26342642025264,33.60389814956123,900.0,haco_safemarl_mappo,acoustic_degradation,21621753,3
0.0,1.0,181.0,1.0,0.2816888330865737,0.14499741524715776,1.0,0.0,0.0,23.0,0.0,3354.8349999999937,1655.6934219641555,0.0,fixed_auv_ga_pso_tlbo_proxy,acoustic_degradation,21631760,3
0.0,1.0,139.0,0.9256594724220623,0.3421722732563,0.0519962986670166,1.0,0.33333333109943347,0.0,18.0,0.0,3417.315000000004,1240.0000000000002,0.0,independent_greedy,acoustic_degradation,21631760,3
0.0,0.3333333333333333,300.0,1.0,0.4525652175874066,0.3428027918230301,1.0,0.0,0.0,33.0,0.0,7589.894913446766,2965.32487837412,0.0,communication_aware,acoustic_degradation,21631760,3
0.0,1.0,242.0,1.0,0.50806787866058,0.09446228304279683,1.0,0.0,0.0,12.0,0.0,7116.351658968891,2013.16592654438,754.0,haco_safemarl_pilot_no_acoustic,acoustic_degradation,21631760,3
0.0,0.3333333333333333,300.0,1.0,0.2808216481911313,0.13599338950323403,1.0,0.0,0.0,19.0,0.0,8691.512402259797,2871.259145256097,0.0,haco_safemarl_pilot_no_shield,acoustic_degradation,21631760,3
0.0,0.0,300.0,1.0,0.5984077412364658,0.44929658884323687,1.0,0.0,0.0,12.0,0.0,7361.556263192467,2614.44704334997,973.0,haco_safemarl_pilot,acoustic_degradation,21631760,3
0.0,0.0,300.0,0.7488888888888889,0.749625725785976,0.7052083936507706,1.0,0.33333333313754665,0.0,12.0,0.0,427.6529730543015,155.16131814914488,903.0,haco_safemarl_mappo,acoustic_degradation,21631760,3
1.0,1.0,234.0,0.8760683760683761,0.5475078530520943,0.5348265926375234,1.0,0.3333333325295283,0.0,0.0,0.0,4337.189999999986,2155.033839724379,0.0,fixed_auv_ga_pso_tlbo_proxy,acoustic_degradation,21641767,3
1.0,1.0,179.0,0.8677839851024207,0.5194971203299682,0.4449030323907207,1.0,0.3333333326271022,0.0,0.0,0.0,4400.715000000006,1869.400000000001,0.0,independent_greedy,acoustic_degradation,21641767,3
0.0,0.3333333333333333,300.0,0.9166666666666666,0.6523815039194119,0.6290117704393208,1.0,0.33333333155555556,0.0,0.0,0.0,7815.59604688996,2977.5679354781582,0.0,communication_aware,acoustic_degradation,21641767,3
0.0,0.6666666666666666,300.0,0.8733333333333333,0.6257325282024782,0.585172292717981,1.0,0.33333333256386577,0.0,0.0,0.0,9120.992225092916,2810.598007577588,900.0,haco_safemarl_pilot_no_acoustic,acoustic_degradation,21641767,3
1.0,1.0,204.0,0.8888888888888888,0.5699309783042783,0.47687276126025935,1.0,0.3333333323333333,0.0,0.0,0.0,6356.467985567379,1728.4908318782025,0.0,haco_safemarl_pilot_no_shield,acoustic_degradation,21641767,3
0.0,0.0,300.0,0.8622222222222221,0.6907962849505263,0.6525840222195834,1.0,0.33333333268296916,0.0,0.0,0.0,8753.039485961875,3238.520320725811,900.0,haco_safemarl_pilot,acoustic_degradation,21641767,3
0.0,0.0,300.0,0.3922222222222222,0.7744473607538339,0.75549641706947,0.6666666666666669,0.6604661531002745,0.0,0.0,0.0,317.8733336135037,185.71340410461704,900.0,haco_safemarl_mappo,acoustic_degradation,21641767,3
0.0,0.6666666666666666,300.0,1.0,0.44784606857323916,0.11755371538545674,1.0,0.0,0.0,0.0,0.0,5560.499999999976,2782.9569146228555,0.0,fixed_auv_ga_pso_tlbo_proxy,acoustic_degradation,21651774,3
1.0,1.0,234.0,1.0,0.28458462873725504,0.09733562844250634,1.0,0.0,0.0,0.0,0.0,5752.890000000008,2039.4000000000028,0.0,independent_greedy,acoustic_degradation,21651774,3
0.0,0.0,300.0,1.0,0.6322573540953521,0.46938948619227827,1.0,0.0,0.0,0.0,0.0,7820.44994320525,2999.649999708581,0.0,communication_aware,acoustic_degradation,21651774,3
0.0,0.6666666666666666,300.0,0.74,0.5404126937162289,0.24564380879569866,1.0,0.33333333315070496,0.0,0.0,0.0,9509.59708391644,2673.682652713724,900.0,haco_safemarl_pilot_no_acoustic,acoustic_degradation,21651774,3
0.0,0.6666666666666666,300.0,1.0,0.4585915576403318,0.2839194085577651,1.0,0.0,0.0,0.0,0.0,9102.025427950715,2713.141261598126,0.0,haco_safemarl_pilot_no_shield,acoustic_degradation,21651774,3
0.0,0.3333333333333333,300.0,0.79,0.6376890094563371,0.5344453185625594,1.0,0.3333333330533859,0.0,0.0,0.0,9178.74571389397,2748.9088764906483,900.0,haco_safemarl_pilot,acoustic_degradation,21651774,3
0.0,0.0,300.0,0.6766666666666666,0.6060384494438418,0.33639875226457044,0.7666666666666667,0.3333333332152431,0.0,0.0,0.0,764.9813068246989,94.42417295084722,901.0,haco_safemarl_mappo,acoustic_degradation,21651774,3
0.0,1.0,287.0,0.775842044134727,0.5672829009064707,0.38871890850478114,1.0,0.8659134744095491,0.0,46.0,0.0,5319.544999999978,2970.398166763663,0.0,fixed_auv_ga_pso_tlbo_proxy,emergency,21161781,3
0.0,1.0,220.0,0.6727272727272727,0.5499531404185012,0.2952288541409766,1.0,0.5712606520270225,0.0,34.0,0.0,5408.700000000007,2561.2000000000053,0.0,independent_greedy,emergency,21161781,3
0.0,0.3333333333333333,300.0,0.8644444444444443,0.6568215564105163,0.5331115822516743,1.0,0.6787049675748541,0.0,43.0,0.0,8075.488808933005,3588.018787940952,0.0,communication_aware,emergency,21161781,3
0.0,0.6666666666666666,300.0,0.4066666666666667,0.6909719855799435,0.48363395213937194,0.8444444444444444,0.7922980743205056,0.0,45.0,0.0,6191.674215092481,1851.6068741920506,1003.0,haco_safemarl_pilot_no_acoustic,emergency,21161781,3
0.0,1.0,261.0,0.648786717752235,0.5965534217337626,0.40228932018770874,1.0,0.784597507408182,0.0,37.0,0.0,7963.2864263499005,2316.140277069045,0.0,haco_safemarl_pilot_no_shield,emergency,21161781,3
0.0,0.3333333333333333,300.0,0.4299999999999999,0.7322408666529957,0.6111618580369915,0.8444444444444444,0.8275676642217806,0.0,27.0,0.0,8610.395621354597,3575.429989206087,883.0,haco_safemarl_pilot,emergency,21161781,3
0.0,0.0,300.0,0.4144444444444444,0.7623643991173564,0.7040700679989823,0.7555555555555554,0.8433587496518441,0.0,0.0,0.0,511.4357619742652,78.8752163406129,826.0,haco_safemarl_mappo,emergency,21161781,3
0.0,0.0,300.0,0.5888888888888889,0.5874107489055631,0.3651006833019402,1.0,0.6382998561263404,0.0,68.0,0.0,5560.499999999976,1928.7251688819906,0.0,fixed_auv_ga_pso_tlbo_proxy,emergency,21171788,3
0.0,1.0,242.0,0.7658402203856749,0.4277452597495832,0.12372122598167702,1.0,0.6174422074913498,0.0,52.0,0.0,5949.570000000008,1665.6000000000001,0.0,independent_greedy,emergency,21171788,3
0.0,0.0,300.0,0.6344444444444444,0.687458790990932,0.544797920088596,1.0,0.6401194591347421,0.0,69.0,0.0,8025.684749158392,2883.16278807948,0.0,communication_aware,emergency,21171788,3
0.0,0.3333333333333333,300.0,0.5355555555555555,0.618754560838332,0.3367155471344939,0.9888888888888888,0.6127441695418308,0.0,0.0,0.0,9309.223169976107,2943.3206884767715,701.0,haco_safemarl_pilot_no_acoustic,emergency,21171788,3
0.0,0.3333333333333333,300.0,0.7333333333333333,0.5474273302458602,0.3609782230003177,1.0,0.6611114930158619,0.0,81.0,0.0,9202.925723325481,2805.749048720278,0.0,haco_safemarl_pilot_no_shield,emergency,21171788,3
0.0,0.0,300.0,0.5611111111111111,0.719741437497675,0.5880046174636496,0.8777777777777778,0.6302130665183512,0.0,0.0,0.0,9176.699622719938,3060.534167339685,717.0,haco_safemarl_pilot,emergency,21171788,3
0.0,0.0,300.0,0.3766666666666666,0.73260059873425,0.5385662706947426,0.6666666666666669,0.6634602613194719,0.0,0.0,0.0,288.0623889341336,197.35646846603134,509.0,haco_safemarl_mappo,emergency,21171788,3
0.0,0.6666666666666666,300.0,0.3644444444444444,0.626138137019146,0.45682444522645577,0.6666666666666669,0.8534284877592532,0.02666666666666667,0.0,0.09,5560.499999999976,2579.31218623309,0.0,fixed_auv_ga_pso_tlbo_proxy,emergency,21181795,3
0.0,1.0,241.0,0.39557399723374825,0.6072147196506503,0.4026329057741104,0.6666666666666667,0.8337546440319002,0.04149377593360996,0.0,0.07883817427385892,5924.985000000008,2464.000000000011,0.0,independent_greedy,emergency,21181795,3
0.0,0.3333333333333333,300.0,0.5377777777777778,0.7044218375973621,0.6118523754411277,1.0,0.9370891404077563,0.0,0.0,0.13333333333333333,8139.183034053695,3384.9930962131125,0.0,communication_aware,emergency,21181795,3
0.0,0.3333333333333333,300.0,0.4266666666666667,0.6637186357876322,0.5478745088983987,0.6666666666666669,0.7791687880939102,0.0,0.0,0.06666666666666667,9056.024139259633,3131.3398819455556,479.0,haco_safemarl_pilot_no_acoustic,emergency,21181795,3
0.0,0.3333333333333333,300.0,0.46888888888888886,0.610299966152623,0.4789308284361034,0.8555555555555555,0.7661026948955906,0.0,0.0,0.09666666666666666,9058.569065093116,3103.486859241469,0.0,haco_safemarl_pilot_no_shield,emergency,21181795,3
0.0,0.3333333333333333,300.0,0.40888888888888886,0.7566299297089237,0.6926812182398112,0.6666666666666669,0.8046169152170133,0.0,0.0,0.07333333333333333,8967.421127485908,3210.566836565272,483.0,haco_safemarl_pilot,emergency,21181795,3
0.0,0.0,300.0,0.1877777777777778,0.8015130577870784,0.7071483187183989,0.3333333333333334,0.9034257957011301,0.0,0.0,0.0,592.510567000653,83.41517147281775,320.0,haco_safemarl_mappo,emergency,21181795,3
1.0,1.0,214.0,0.6557632398753894,0.5141697954714382,0.19324715256431851,1.0,0.4933284847672043,0.0,0.0,0.102803738317757,3966.489999999989,2025.5141902528135,0.0,fixed_auv_ga_pso_tlbo_proxy,emergency,21191802,3
0.0,1.0,164.0,0.7723577235772358,0.45743266068620664,0.1722449608009755,1.0,0.5632183901244467,0.12804878048780488,0.0,0.13414634146341464,4031.940000000005,1802.799999999999,0.0,independent_greedy,emergency,21191802,3
0.0,0.6666666666666666,300.0,0.721111111111111,0.5775486269907852,0.3566355133161307,1.0,0.4486004596987017,0.0,155.0,0.06666666666666667,7961.835906421342,3523.2609390685943,0.0,communication_aware,emergency,21191802,3
0.0,0.6666666666666666,300.0,0.6544444444444446,0.6166598316000538,0.4259011486878026,1.0,0.5422097394437873,0.0,0.0,0.19,8747.84080772346,2879.37935783201,762.0,haco_safemarl_pilot_no_acoustic,emergency,21191802,3
0.0,1.0,227.0,0.7415565345080762,0.4868358435596071,0.32154670295948024,1.0,0.6172485247926391,0.0,60.0,0.07929515418502203,6935.486766310761,1826.7472709950416,0.0,haco_safemarl_pilot_no_shield,emergency,21191802,3
0.0,0.3333333333333333,300.0,0.5755555555555555,0.6858562624068244,0.5552337609396543,0.6666666666666669,0.502887942167887,0.0,0.0,0.06666666666666667,8432.974195425366,3181.0541118136316,674.0,haco_safemarl_pilot,emergency,21191802,3
0.0,0.0,300.0,0.3333333333333333,0.7300296324344994,0.5218078346238273,0.3333333333333334,0.6666666665555555,0.0,0.0,0.056666666666666664,215.88852242083217,306.1500830979694,468.0,haco_safemarl_mappo,emergency,21191802,3
0.0,1.0,259.0,0.5572715572715572,0.5876961209928715,0.4745320393191821,1.0,0.7681063464610004,0.0,47.0,0.0,4800.564999999982,2259.9591438149682,0.0,fixed_auv_ga_pso_tlbo_proxy,emergency,21201809,3
0.0,1.0,199.0,0.8040201005025126,0.5415060600219328,0.41045351149988313,1.0,0.5859766267195214,0.0,38.0,0.0,4892.415000000006,1842.999999999999,0.0,independent_greedy,emergency,21201809,3
0.0,0.3333333333333333,300.0,0.6799999999999999,0.6675431991306421,0.5786168065516841,1.0,0.8061111428018152,0.0,23.0,0.0,7953.21645004141,2974.6401100893436,0.0,communication_aware,emergency,21201809,3
0.0,0.6666666666666666,300.0,0.5011111111111112,0.6277897519656945,0.5145525108736287,0.9555555555555555,0.8154093809092139,0.0,0.0,0.0,9141.720985484142,2887.910632596188,689.0,haco_safemarl_pilot_no_acoustic,emergency,21201809,3
0.0,0.3333333333333333,300.0,0.6444444444444444,0.5476053629205104,0.42906224234279366,1.0,0.7744550825906357,0.0,23.0,0.0,9023.046946854587,2967.8288698218494,0.0,haco_safemarl_pilot_no_shield,emergency,21201809,3
0.0,0.3333333333333333,300.0,0.5055555555555555,0.7290896649783362,0.6739619163647066,1.0,0.8245166982099983,0.0,0.0,0.0,8990.305476693613,3125.4974744390206,686.0,haco_safemarl_pilot,emergency,21201809,3
0.0,0.0,300.0,0.2188888888888889,0.8121037825314308,0.7853727116916822,0.522222222222222,0.9431019510808086,0.0,0.0,0.12666666666666668,890.2849678196533,387.5121139218085,725.0,haco_safemarl_mappo,emergency,21201809,3
0.0,0.6666666666666666,300.0,0.7933333333333333,0.6068118251539494,0.3712088375211403,1.0,0.3333333330442826,0.0,124.0,0.06,5560.499999999976,3114.209545587048,0.0,fixed_auv_ga_pso_tlbo_proxy,emergency,21211816,3
0.0,1.0,231.0,0.9855699855699855,0.4779234213373759,0.21114179437885577,1.0,0.33333327404334384,0.0,96.0,0.0,5679.1350000000075,2506.4000000000074,0.0,independent_greedy,emergency,21211816,3
0.0,0.6666666666666666,300.0,0.83,0.6615832699859249,0.49908263987864304,1.0,0.3333333329061472,0.0,115.0,0.056666666666666664,7919.0609589796595,3042.9032324262434,0.0,communication_aware,emergency,21211816,3
0.0,0.6666666666666666,300.0,0.6144444444444445,0.7240110507484362,0.6005583062793003,0.7777777777777778,0.5166282654923411,0.0,31.0,0.043333333333333335,8224.937412421636,2612.921439280304,785.0,haco_safemarl_pilot_no_acoustic,emergency,21211816,3
0.0,1.0,225.0,0.6977777777777778,0.6485875308268705,0.48950966575729304,0.9710144927536232,0.33333333319816894,0.0,76.0,0.057777777777777775,7042.5188797465125,1812.2107019729383,0.0,haco_safemarl_pilot_no_shield,emergency,21211816,3
0.0,0.6666666666666666,300.0,0.5677777777777778,0.7084706089947994,0.5569034323675286,0.8,0.5931016910522696,0.0,23.0,0.03333333333333333,8437.457134771246,2706.0395355143287,828.0,haco_safemarl_pilot,emergency,21211816,3
0.0,0.0,300.0,0.45,0.7234918351418405,0.5499614448636952,0.6666666666666669,0.6379613355271325,0.0,0.0,0.0,700.3460579729808,227.19566446869268,635.0,haco_safemarl_mappo,emergency,21211816,3
0.0,1.0,242.0,0.2424242424242424,0.8063897881051495,0.7981473485542957,1.0,0.990076325694255,0.0,63.0,0.0,4485.469999999985,1848.3453284113257,0.0,fixed_auv_ga_pso_tlbo_proxy,emergency,21221823,3
0.0,1.0,186.0,0.6451612903225806,0.6613927749803348,0.4744789522222177,0.9122807017543859,0.4332316667220518,0.0,49.0,0.0,4572.810000000006,1488.7999999999988,0.0,independent_greedy,emergency,21221823,3
0.0,1.0,210.0,0.23174603174603173,0.8083750478982886,0.8000672176245067,1.0,0.9946922794159556,0.0,55.0,0.0,5944.839018426177,2252.923357916992,0.0,communication_aware,emergency,21221823,3
0.0,1.0,296.0,0.0945945945945946,0.8276329556686638,0.8065891240498225,0.3333333333333334,0.9888663501781559,0.0,32.0,0.0,6502.794453765487,1902.001187153244,570.0,haco_safemarl_pilot_no_acoustic,emergency,21221823,3
0.0,1.0,182.0,0.38644688644688635,0.793163622831034,0.7757577571195812,0.6666666666666665,0.9366367040484644,0.0,50.0,0.0,5807.340367953402,1394.1179084435043,0.0,haco_safemarl_pilot_no_shield,emergency,21221823,3
0.0,1.0,281.0,0.09371293001186239,0.8299705475093159,0.8163108256008952,0.3333333333333334,0.9908300485178407,0.0,32.0,0.0,6336.168273364391,1748.5845005069555,520.0,haco_safemarl_pilot,emergency,21221823,3
0.0,0.0,300.0,0.0,0.837815547777557,0.8172568120456132,0.0,0.9999999998888889,0.0,39.0,0.0,248.07531656332029,60.255877997291414,317.0,haco_safemarl_mappo,emergency,21221823,3
0.0,0.6666666666666666,300.0,0.4655555555555555,0.6895443223281006,0.6481363795732829,1.0,0.9803639903886405,0.0,11.0,0.0,5560.499999999976,3140.841681774301,0.0,fixed_auv_ga_pso_tlbo_proxy,emergency,21231830,3
0.0,1.0,265.0,0.841509433962264,0.4730648050395254,0.37437348231386963,1.0,0.44809483399753147,0.0,9.0,0.0,6515.025000000009,3052.4000000000174,0.0,independent_greedy,emergency,21231830,3
0.0,0.6666666666666666,300.0,0.5233333333333332,0.7322380791403036,0.6782126794209367,1.0,0.9916269291239184,0.0,15.0,0.0,8110.449102201154,3524.077270209374,0.0,communication_aware,emergency,21231830,3
0.0,0.6666666666666666,300.0,0.43333333333333335,0.729972831674722,0.6354399586082867,1.0,0.905710047143187,0.0,0.0,0.0,9518.027761987198,3391.0081276011206,735.0,haco_safemarl_pilot_no_acoustic,emergency,21231830,3
0.0,1.0,264.0,0.49116161616161613,0.672985084032863,0.5330237243267535,1.0,0.7068606071123239,0.0,25.0,0.0,8222.437709262149,2177.6333397913922,0.0,haco_safemarl_pilot_no_shield,emergency,21231830,3
0.0,0.3333333333333333,300.0,0.4288888888888889,0.7614299103119665,0.7281622119301845,1.0,0.9458609896779746,0.0,0.0,0.0,9437.92023771181,3673.3579757003477,756.0,haco_safemarl_pilot,emergency,21231830,3
0.0,0.6666666666666666,300.0,0.35666666666666663,0.7845024240628864,0.7505506950249894,0.6666666666666669,0.9431638825778402,0.0,0.0,0.0,1418.4201640088859,429.1288454561991,720.0,haco_safemarl_mappo,emergency,21231830,3
1.0,1.0,242.0,0.3484848484848485,0.7889049950903554,0.7144391799010246,1.0,0.8394926922603176,0.0,0.0,0.0,4485.469999999985,1919.072832966382,0.0,fixed_auv_ga_pso_tlbo_proxy,emergency,21241837,3
1.0,1.0,185.0,0.5693693693693693,0.7016722573909359,0.5444668038129352,1.0,0.6966060558806653,0.0,0.0,0.0,4548.225000000006,1522.8000000000018,0.0,independent_greedy,emergency,21241837,3
0.0,0.6666666666666666,300.0,0.4777777777777777,0.7764206146982318,0.7384612476415914,1.0,0.9302541034619309,0.0,0.0,0.0,8198.713392170304,3374.998349736343,0.0,communication_aware,emergency,21241837,3
1.0,1.0,206.0,0.14401294498381878,0.8178304824795707,0.8032468552367108,0.36507936507936506,0.9944280387542703,0.0,0.0,0.0,6413.283703349347,1495.3426876623737,354.0,haco_safemarl_pilot_no_acoustic,emergency,21241837,3
1.0,1.0,185.0,0.3261261261261261,0.7755072936720849,0.6979821770600516,0.6666666666666665,0.8338460069357705,0.0,0.0,0.0,5881.380703599356,1363.4302253089072,0.0,haco_safemarl_pilot_no_shield,emergency,21241837,3
1.0,1.0,208.0,0.1330128205128205,0.8197743630893999,0.8070424691654927,0.34920634920634913,0.9948131756109149,0.0,0.0,0.0,6452.634234438268,1601.6372484600836,354.0,haco_safemarl_pilot,emergency,21241837,3
0.0,0.0,300.0,0.10111111111111112,0.812440088521767,0.7864074452715689,0.3333333333333334,0.9935301018919098,0.0,0.0,0.0,571.7251904868527,145.21661450631808,603.0,haco_safemarl_mappo,emergency,21241837,3
1.0,1.0,162.0,0.831275720164609,0.4729537495220157,0.21397049200589732,1.0,0.6662703113866828,0.0,0.0,0.0,3002.6699999999964,1437.697440681039,0.0,fixed_auv_ga_pso_tlbo_proxy,emergency,21251844,3
1.0,1.0,124.0,0.793010752688172,0.44851949407998754,0.18289247826436864,1.0,0.6612021846585654,0.0,0.0,0.0,3048.5400000000036,1239.3999999999992,0.0,independent_greedy,emergency,21251844,3
0.0,0.6666666666666666,300.0,0.9288888888888888,0.49764445552673764,0.3350416174223164,1.0,0.6640726232544526,0.0,0.0,0.0,7685.764067025953,3004.2480702946514,0.0,communication_aware,emergency,21251844,3
1.0,1.0,265.0,0.8138364779874214,0.4822091533216951,0.36529865642029236,1.0,0.6368922992345382,0.0,0.0,0.0,8006.460906977739,2255.4771093797,769.0,haco_safemarl_pilot_no_acoustic,emergency,21251844,3
1.0,1.0,257.0,0.940337224383917,0.4200745881523636,0.3222027856502952,1.0,0.6666666527937412,0.0,0.0,0.0,7668.699216404184,2127.639683015983,0.0,haco_safemarl_pilot_no_shield,emergency,21251844,3
0.0,0.3333333333333333,300.0,0.7644444444444444,0.6411400333703295,0.5121930972460115,1.0,0.5373505493978772,0.0,0.0,0.0,8689.43278627391,3080.0376865276407,830.0,haco_safemarl_pilot,emergency,21251844,3
0.0,0.0,300.0,0.3333333333333333,0.6991424882961784,0.4348388338043134,0.3333333333333334,0.6666666665555555,0.0,0.0,0.0,214.07846753501371,336.4069663709507,562.0,haco_safemarl_mappo,emergency,21251844,3
0.0,0.6666666666666666,300.0,0.8755555555555554,0.4230622399667085,0.20959201454875268,1.0,0.7302363449923583,0.0,62.0,0.0,5560.499999999976,3018.2977900126293,0.0,fixed_auv_ga_pso_tlbo_proxy,emergency,21261851,3
0.0,1.0,277.0,0.7990373044524668,0.40310850847423446,0.07909194802556402,1.0,0.3758979953790482,0.0,47.0,0.0,6810.045000000009,3016.2000000000107,0.0,independent_greedy,emergency,21261851,3
0.0,0.3333333333333333,300.0,0.8777777777777778,0.6057092283830791,0.5015130119353093,1.0,0.6453333302357332,0.0,57.0,0.0,7792.294988052323,3005.4784725671916,0.0,communication_aware,emergency,21261851,3
0.0,0.6666666666666666,300.0,0.43,0.6159223423301747,0.221492356080655,0.6666666666666669,0.6768488868461443,0.023333333333333334,0.0,0.11666666666666667,8847.541307559475,2514.307291454307,737.0,haco_safemarl_pilot_no_acoustic,emergency,21261851,3
0.0,0.6666666666666666,300.0,0.8766666666666667,0.4787737452988978,0.24173541929020043,1.0,0.39939706194866165,0.0,49.0,0.0,9070.213051067727,2390.442193965273,0.0,haco_safemarl_pilot_no_shield,emergency,21261851,3
0.0,0.0,300.0,0.71,0.6801637952236139,0.5459053805457227,1.0,0.7275785824016354,0.0,0.0,0.0,8881.029967024997,2988.4846829488924,860.0,haco_safemarl_pilot,emergency,21261851,3
0.0,0.0,300.0,0.08333333333333331,0.8261292495817246,0.7894576000712268,0.3333333333333334,0.9837398372704078,0.0,0.0,0.0,312.958859053712,453.36852949008886,422.0,haco_safemarl_mappo,emergency,21261851,3
0.0,1.0,271.0,0.06273062730627306,0.8234290289347759,0.8000357828436406,0.3333333333333334,0.9938688109173665,0.0,124.0,0.0,5022.984999999981,2150.1556266638277,0.0,fixed_auv_ga_pso_tlbo_proxy,emergency,21271858,3
0.0,1.0,207.0,0.43317230273752017,0.6763467204918409,0.5138575152125925,0.6666666666666665,0.7582956949748944,0.0,94.0,0.0,5089.095000000007,1768.9999999999973,0.0,independent_greedy,emergency,21271858,3
0.0,1.0,236.0,0.05790960451977401,0.823859464100102,0.8007505178319869,0.3333333333333333,0.9948968066904791,0.0,106.0,0.0,6695.357492265543,2509.52305597998,0.0,communication_aware,emergency,21271858,3
0.0,0.6666666666666666,300.0,0.09888888888888889,0.8318361611516222,0.7848774664760776,0.3888888888888888,0.9801473227673736,0.0,101.0,0.0,6364.740914963905,2539.296454238785,750.0,haco_safemarl_pilot_no_acoustic,emergency,21271858,3
0.0,1.0,202.0,0.18811881188118812,0.8153188104932664,0.7590576180226306,0.38095238095238093,0.9120792167340503,0.0,181.0,0.0,6400.389698196581,1584.551027503059,0.0,haco_safemarl_pilot_no_shield,emergency,21271858,3
0.0,0.6666666666666666,300.0,0.09111111111111111,0.8347535407870754,0.7926086734980904,0.3444444444444445,0.9809965310997589,0.0,96.0,0.0,6557.892620465632,2579.8847368355864,738.0,haco_safemarl_pilot,emergency,21271858,3
0.0,0.0,300.0,0.08111111111111109,0.8212106567499169,0.7996977433344686,0.3333333333333334,0.9846556297647105,0.0,0.0,0.0,284.69352495678913,62.47035397604599,676.0,haco_safemarl_mappo,emergency,21271858,3
0.0,0.6666666666666666,300.0,0.7377777777777778,0.361405664637694,0.08597642132779565,1.0,0.4567342383298392,0.0,0.0,0.0,5560.499999999976,2786.3683227455886,0.0,fixed_auv_ga_pso_tlbo_proxy,emergency,21281865,3
1.0,1.0,260.0,0.796153846153846,0.32307933831663116,0.06521501238152785,1.0,0.48584606451728274,0.0,0.0,0.0,6392.100000000009,2852.800000000015,0.0,independent_greedy,emergency,21281865,3
0.0,0.0,300.0,0.788888888888889,0.5299801635688943,0.3332923905430103,1.0,0.42774539032066583,0.0,0.0,0.0,7812.911741629982,2884.5996580074384,0.0,communication_aware,emergency,21281865,3
0.0,0.3333333333333333,300.0,0.7511111111111111,0.4118241091399364,0.16534198510035367,1.0,0.5256893801094622,0.0,0.0,0.0,9058.176130205555,2925.019457912299,764.0,haco_safemarl_pilot_no_acoustic,emergency,21281865,3
0.0,0.0,300.0,0.8377777777777777,0.39199577092253624,0.20452098277981687,1.0,0.44225901407105456,0.0,0.0,0.0,8875.366197336973,3050.536173908221,0.0,haco_safemarl_pilot_no_shield,emergency,21281865,3
0.0,0.0,300.0,0.758888888888889,0.6330773955212684,0.48528953231421534,1.0,0.5362784282771869,0.0,0.0,0.0,8755.676969715274,3137.949208092732,790.0,haco_safemarl_pilot,emergency,21281865,3
0.0,0.0,300.0,0.508888888888889,0.7173256068296946,0.5287836669948137,0.6666666666666669,0.613588110229956,0.0,0.0,0.0,347.6399706642867,27.124472478943357,794.0,haco_safemarl_mappo,emergency,21281865,3
0.0,0.6666666666666666,300.0,0.48333333333333334,0.7418249130889425,0.683326103283479,0.9666666666666667,0.7327003423641492,0.0,347.0,0.0,5560.499999999976,3121.327666547311,0.0,fixed_auv_ga_pso_tlbo_proxy,emergency,21291872,3
0.0,1.0,255.0,0.7633986928104574,0.5911154479965738,0.3542746453271095,1.0,0.5855720585897934,0.0,291.0,0.09803921568627451,6269.175000000008,3056.8000000000084,0.0,independent_greedy,emergency,21291872,3
0.0,0.6666666666666666,300.0,0.5488888888888889,0.7524099949613247,0.7145925118578734,1.0,0.7704488937997064,0.0,341.0,0.0,8125.9957864583785,3499.756066511676,0.0,communication_aware,emergency,21291872,3
0.0,1.0,248.0,0.23655913978494617,0.7564848120189075,0.5931566153188761,0.38666666666666666,0.8807211219373116,0.0,26.0,0.0,7875.7598909616,2306.333712402065,444.0,haco_safemarl_pilot_no_acoustic,emergency,21291872,3
0.0,1.0,248.0,0.39650537634408595,0.7921274169609566,0.763977983100524,0.6666666666666667,0.9548078787422531,0.0,128.0,0.0,7653.732101589125,2284.103867167919,0.0,haco_safemarl_pilot_no_shield,emergency,21291872,3
0.0,1.0,248.0,0.22849462365591394,0.7683773455172944,0.6302728357843215,0.4133333333333333,0.8894468019299174,0.0,26.0,0.0,7912.106352372867,2333.2061987776165,458.0,haco_safemarl_pilot,emergency,21291872,3
0.0,0.0,300.0,0.54,0.7640739473655511,0.7240512273744608,1.0,0.745517655056952,0.0,36.0,0.0,1530.3015460019672,1276.4223597957725,873.0,haco_safemarl_mappo,emergency,21291872,3
0.0,1.0,179.0,0.8752327746741154,0.42220119471462647,0.25789756210847425,1.0,0.37549142517514666,0.08379888268156424,107.0,0.21787709497206703,3317.764999999994,1503.6524678780763,0.0,fixed_auv_ga_pso_tlbo_proxy,emergency,21301879,3
0.0,1.0,137.0,0.7615571776155717,0.4006030870533376,0.10306295819021764,1.0,0.33333333311619,0.0,82.0,0.2846715328467153,3368.145000000004,1118.6,0.0,independent_greedy,emergency,21301879,3
0.0,0.0,300.0,0.9577777777777777,0.5246582657640625,0.4281952122732839,1.0,0.4106939599082888,0.0,52.0,0.14333333333333334,7666.769431268524,2938.752580438282,0.0,communication_aware,emergency,21301879,3
0.0,0.6666666666666666,300.0,0.768888888888889,0.5068896172677051,0.1685992241578028,1.0,0.5953324519267404,0.0,0.0,0.16,8332.319486675357,2715.534896301642,926.0,haco_safemarl_pilot_no_acoustic,emergency,21301879,3
0.0,0.3333333333333333,300.0,0.9455555555555555,0.3469819799298241,0.2461954975242845,1.0,0.3333333291684021,0.05333333333333334,200.0,0.13333333333333333,8803.910142704895,2920.925825432396,0.0,haco_safemarl_pilot_no_shield,emergency,21301879,3
0.0,0.0,300.0,0.8588888888888888,0.6240376236303675,0.5212134239882878,1.0,0.3333333327133321,0.043333333333333335,0.0,0.14666666666666667,8043.439191149475,2970.291190501567,931.0,haco_safemarl_pilot,emergency,21301879,3
0.0,0.0,300.0,0.461111111111111,0.7501074561239777,0.6914167549522706,0.6666666666666669,0.8383676376175598,0.0,0.0,0.16666666666666666,369.1161170844471,66.95426767862591,965.0,haco_safemarl_mappo,emergency,21301879,3
0.0,1.0,247.0,0.8124156545209177,0.49354252860260894,0.2518032303257034,1.0,0.8419836993346157,0.0,23.0,0.0,4578.144999999984,2567.2604964519956,0.0,fixed_auv_ga_pso_tlbo_proxy,emergency,21311886,3
0.0,1.0,189.0,0.837742504409171,0.46827539652671324,0.31044815658328295,1.0,0.8928270008552032,0.0,18.0,0.0,4646.565000000006,2296.800000000007,0.0,independent_greedy,emergency,21311886,3
0.0,0.3333333333333333,300.0,0.8722222222222221,0.6006364641026016,0.4728766740379279,1.0,0.8601625965909182,0.0,96.0,0.0,7866.769423696229,3438.7170983934843,0.0,communication_aware,emergency,21311886,3
0.0,0.3333333333333333,300.0,0.5444444444444445,0.5949036127977022,0.43233205489031223,0.6666666666666669,0.6343348349933581,0.0,0.0,0.0,8836.142249723403,3403.974445457323,617.0,haco_safemarl_pilot_no_acoustic,emergency,21311886,3
0.0,0.3333333333333333,300.0,0.6355555555555557,0.5105300054429787,0.3442581561516942,1.0,0.554219598131653,0.0,145.0,0.0,8767.028372490986,3196.2349040948666,0.0,haco_safemarl_pilot_no_shield,emergency,21311886,3
0.0,0.3333333333333333,300.0,0.5222222222222223,0.7211412001219992,0.6465955501763935,0.6666666666666669,0.6744286139354002,0.0,0.0,0.0,8685.560860871377,3292.2796513309463,620.0,haco_safemarl_pilot,emergency,21311886,3
0.0,0.0,300.0,0.08666666666666666,0.8201463122604812,0.8075439261105855,0.3333333333333334,0.9823101479847295,0.0,0.0,0.0,392.99162401719786,262.6217605066802,622.0,haco_safemarl_mappo,emergency,21311886,3
1.0,1.0,233.0,0.9828326180257511,0.3365602803879319,0.316810168150253,1.0,0.3333332914436781,0.0,0.0,0.0,4318.654999999986,2457.2528156222675,0.0,fixed_auv_ga_pso_tlbo_proxy,emergency,21321893,3
1.0,1.0,178.0,0.9812734082397003,0.2945466827197853,0.15485806922865167,1.0,0.3333332981288926,0.0,0.0,0.0,4376.130000000006,2009.1999999999962,0.0,independent_greedy,emergency,21321893,3
0.0,0.6666666666666666,300.0,0.9966666666666667,0.5294765770982819,0.5168549855149075,1.0,0.3333322222259259,0.0,0.0,0.0,7649.414921775949,3023.021761846204,0.0,communication_aware,emergency,21321893,3
1.0,1.0,290.0,0.8827586206896552,0.5676705082456919,0.47370272161785976,1.0,0.6886417753564488,0.0,0.0,0.10344827586206896,8850.166806938474,2680.957592697221,915.0,haco_safemarl_pilot_no_acoustic,emergency,21321893,3
1.0,1.0,198.0,0.8787878787878788,0.4412183254210723,0.27430743193168994,1.0,0.4043050993721434,0.0,0.0,0.0,6117.977813691413,1414.8544321441002,0.0,haco_safemarl_pilot_no_shield,emergency,21321893,3
0.0,0.0,300.0,0.9777777777777777,0.5941916008436342,0.5538414458830575,1.0,0.33333330833333524,0.0,0.0,0.0,8611.339018998242,3156.020043975021,900.0,haco_safemarl_pilot,emergency,21321893,3
0.0,0.0,300.0,0.6666666666666666,0.6824907112585258,0.49095154528558843,0.6666666666666669,0.3333333332222222,0.0,0.0,0.0,207.52254964240288,17.994819517117957,898.0,haco_safemarl_mappo,emergency,21321893,3
0.0,0.6666666666666666,300.0,0.5944444444444443,0.6117317709505342,0.41110149362616544,1.0,0.8189641919550836,0.0,118.0,0.0,5560.499999999976,2804.8525866071514,0.0,fixed_auv_ga_pso_tlbo_proxy,emergency,21331900,3
0.0,1.0,243.0,0.8340192043895746,0.4560691735936904,0.26687325286499813,1.0,0.6655302495886678,0.0,90.0,0.0,5974.155000000008,2446.00000000001,0.0,independent_greedy,emergency,21331900,3
0.0,0.3333333333333333,300.0,0.6355555555555555,0.698873139480188,0.6011742244796279,1.0,0.8163290077132588,0.0,159.0,0.0,8023.640172168696,3083.9868858164377,0.0,communication_aware,emergency,21331900,3
0.0,0.6666666666666666,300.0,0.5833333333333334,0.7003751328025765,0.6384576052422896,0.8333333333333334,0.5999999997696,0.0,49.0,0.0,7413.122451753577,2319.776815731091,837.0,haco_safemarl_pilot_no_acoustic,emergency,21331900,3
0.0,1.0,289.0,0.7566320645905422,0.5960358510216267,0.5310163176075876,1.0,0.8985972333221973,0.0,123.0,0.0,8965.900500257032,2462.120246760607,0.0,haco_safemarl_pilot_no_shield,emergency,21331900,3
0.0,0.3333333333333333,300.0,0.5644444444444444,0.7449594816832513,0.6908008853364124,0.7222222222222222,0.6112768612907252,0.0,58.0,0.0,6874.807437464444,2270.2245270803905,856.0,haco_safemarl_pilot,emergency,21331900,3
0.0,0.0,300.0,0.42111111111111105,0.7263583042335199,0.5656953290156972,0.7222222222222222,0.7356782583097919,0.0,0.0,0.0,1085.337573098806,754.943954058547,757.0,haco_safemarl_mappo,emergency,21331900,3
0.0,1.0,216.0,0.7083333333333334,0.6192935318059254,0.48263698562798824,1.0,0.5801218022400946,0.0,82.0,0.11574074074074074,4003.559999999988,2136.0824416178,0.0,fixed_auv_ga_pso_tlbo_proxy,emergency,21341907,3
0.0,1.0,165.0,0.8565656565656564,0.5203905302802684,0.42705739014964333,1.0,0.333333332733254,0.0,63.0,0.2909090909090909,4056.525000000005,1699.400000000004,0.0,independent_greedy,emergency,21341907,3
0.0,0.6666666666666666,300.0,0.8033333333333333,0.6603204371159663,0.6063589138300295,1.0,0.5464964144437234,0.0,172.0,0.09666666666666666,7858.631951887966,3206.0064841711483,0.0,communication_aware,emergency,21341907,3
0.0,1.0,283.0,0.6124852767962308,0.6727979228362045,0.5294003775045126,0.7011494252873564,0.6634243507515367,0.07420494699646643,0.0,0.36395759717314485,7611.186755012721,2457.5487596172798,912.0,haco_safemarl_pilot_no_acoustic,emergency,21341907,3
0.0,1.0,253.0,0.8801054018445323,0.5691894261880562,0.4897149287603181,1.0,0.4323153209254988,0.0,57.0,0.3557312252964427,7601.863821216,2415.014696570661,0.0,haco_safemarl_pilot_no_shield,emergency,21341907,3
0.0,0.3333333333333333,300.0,0.4944444444444444,0.7668065189842408,0.7289648989500025,0.6666666666666669,0.7684584059228692,0.0,0.0,0.36333333333333334,8283.859701501051,3442.6842547188494,1006.0,haco_safemarl_pilot,emergency,21341907,3
0.0,0.3333333333333333,300.0,0.25,0.8020332299892529,0.756813031203777,0.4111111111111109,0.8318590370703458,0.0,0.0,0.25,967.2362539831157,190.48032886035762,871.0,haco_safemarl_mappo,emergency,21341907,3
0.0,1.0,149.0,0.6666666666666665,0.4755454212623596,0.23375729964480255,0.6666666666666665,0.3333333332222222,0.0,44.0,0.0,2761.7149999999983,1189.6190362188045,0.0,fixed_auv_ga_pso_tlbo_proxy,emergency,21351914,3
0.0,1.0,114.0,0.6666666666666666,0.46519476242068464,0.13858213953761003,0.6666666666666666,0.3333333332222222,0.0,34.0,0.0,2802.6900000000032,948.1999999999999,0.0,independent_greedy,emergency,21351914,3
0.0,0.3333333333333333,300.0,0.7688888888888888,0.568028597798672,0.41056302955283985,1.0,0.33333333310219426,0.0,0.0,0.0,7856.289921511197,3365.1750376461637,0.0,communication_aware,emergency,21351914,3
1.0,1.0,238.0,0.6848739495798318,0.5059743903493454,0.24388675418529207,0.8472222222222222,0.33333333320901176,0.0,0.0,0.0,7168.715736480077,2052.8637732619436,515.0,haco_safemarl_pilot_no_acoustic,emergency,21351914,3
0.0,0.3333333333333333,300.0,0.6666666666666666,0.46405262992742496,0.25665688157389266,0.6666666666666669,0.3333333332222222,0.0,0.0,0.0,8756.335690737724,3138.0963137793706,0.0,haco_safemarl_pilot_no_shield,emergency,21351914,3
0.0,0.3333333333333333,300.0,0.6666666666666666,0.669752918902364,0.5592796717788933,0.6666666666666669,0.3333333332222222,0.0,0.0,0.0,8740.090881461427,3172.290920964141,617.0,haco_safemarl_pilot,emergency,21351914,3
0.0,0.0,300.0,0.6666666666666666,0.7432019158567574,0.6547568850989901,0.6666666666666669,0.3333333332222222,0.0,0.0,0.0,220.2665482032715,32.79166785646646,663.0,haco_safemarl_mappo,emergency,21351914,3
0.0,0.6666666666666666,300.0,0.6077777777777779,0.6951080605348428,0.6382054320157131,1.0,0.6825235110645881,0.0,23.0,0.07333333333333333,5560.499999999976,3223.459866337238,0.0,fixed_auv_ga_pso_tlbo_proxy,emergency,21361921,3
0.0,1.0,271.0,0.5608856088560885,0.554012271814556,0.20730289346419634,1.0,0.6840071484528053,0.0,17.0,0.0,6662.535000000009,3343.000000000011,0.0,independent_greedy,emergency,21361921,3
0.0,0.6666666666666666,300.0,0.6622222222222222,0.734941982063329,0.7069000034465952,1.0,0.6383731207348751,0.0,20.0,0.08,8008.327637819283,3282.1268472504835,0.0,communication_aware,emergency,21361921,3
0.0,1.0,261.0,0.2515964240102171,0.7896600423865197,0.7154086645090962,0.5185185185185185,0.9029655689445886,0.0,3.0,0.0,8452.640491687709,2738.522890065432,521.0,haco_safemarl_pilot_no_acoustic,emergency,21361921,3
0.0,1.0,264.0,0.3396464646464646,0.7115637143787034,0.5004536012006671,0.6666666666666669,0.822824258988146,0.0,17.0,0.0,8183.824658240126,2511.2842378026644,0.0,haco_safemarl_pilot_no_shield,emergency,21361921,3
0.0,1.0,261.0,0.22733077905491697,0.795283012862366,0.7289046499307451,0.4938271604938271,0.9254202661715234,0.0,3.0,0.0,8469.55490385663,2617.494031005593,522.0,haco_safemarl_pilot,emergency,21361921,3
0.0,0.0,300.0,0.04444444444444444,0.823545127970269,0.8150315051333912,0.3333333333333334,0.9999161778082523,0.0,3.0,0.09666666666666666,572.969525893396,178.06291543688627,667.0,haco_safemarl_mappo,emergency,21361921,3
0.0,0.6666666666666666,300.0,0.7355555555555554,0.39305410653339573,0.10047327621599386,1.0,0.5632183903005842,0.0,0.0,0.0,5560.499999999976,3049.674302852279,0.0,fixed_auv_ga_pso_tlbo_proxy,emergency,21371928,3
1.0,1.0,231.0,0.6695526695526696,0.417089780551067,0.026338203608599915,1.0,0.6531041779083343,0.0,0.0,0.0,5679.1350000000075,2636.0000000000095,0.0,independent_greedy,emergency,21371928,3
0.0,0.3333333333333333,300.0,0.7966666666666666,0.5354743685016348,0.338220077007692,1.0,0.5751455501440379,0.0,0.0,0.0,7788.162644433039,2936.2894263881303,0.0,communication_aware,emergency,21371928,3
0.0,0.6666666666666666,300.0,0.6122222222222222,0.4769980582962315,0.09175609199553464,1.0,0.65669766783069,0.0,0.0,0.0,9297.246736095654,2671.7777989670008,623.0,haco_safemarl_pilot_no_acoustic,emergency,21371928,3
0.0,0.3333333333333333,300.0,0.82,0.4462085861571638,0.18655906039940226,1.0,0.5668005690680306,0.0,0.0,0.0,8878.521405949987,2988.7021955409828,0.0,haco_safemarl_pilot_no_shield,emergency,21371928,3
0.0,0.3333333333333333,300.0,0.6877777777777778,0.659927058580496,0.47550289237723453,1.0,0.5956848096743869,0.0,0.0,0.0,8868.850149672353,3037.617590283187,751.0,haco_safemarl_pilot,emergency,21371928,3
0.0,0.0,300.0,0.31888888888888883,0.8011232316880701,0.7317447211636399,0.3333333333333334,0.7966693166445112,0.0,0.0,0.0,478.0019788359448,152.58252674186258,549.0,haco_safemarl_mappo,emergency,21371928,3
0.0,0.6666666666666666,300.0,0.9444444444444444,0.34402018025408654,0.20091437125353717,1.0,0.40650405909181053,0.0,31.0,0.0,5560.499999999976,2828.710839763515,0.0,fixed_auv_ga_pso_tlbo_proxy,emergency,21381935,3
0.0,1.0,236.0,0.9011299435028248,0.35634803056554765,0.08553479301878031,1.0,0.4778622950443711,0.0,23.0,0.0,5802.060000000008,2600.800000000003,0.0,independent_greedy,emergency,21381935,3
0.0,0.0,300.0,0.94,0.5950109022044454,0.49586588768748935,1.0,0.4153846100591716,0.0,123.0,0.0,7690.398710865392,2912.6141407534815,0.0,communication_aware,emergency,21381935,3
0.0,0.3333333333333333,300.0,0.8077777777777778,0.539796766951864,0.3142564018404047,1.0,0.6508143593064717,0.0,1.0,0.0,9043.008179649998,3280.403692084712,894.0,haco_safemarl_pilot_no_acoustic,emergency,21381935,3
0.0,0.3333333333333333,300.0,0.9444444444444445,0.43681228623650425,0.267202230631051,1.0,0.4901960697808536,0.0,116.0,0.0,8846.839508934547,2960.34385112453,0.0,haco_safemarl_pilot_no_shield,emergency,21381935,3
0.0,0.3333333333333333,300.0,0.8322222222222222,0.6613981007335509,0.5545530224374295,1.0,0.665936503404472,0.0,0.0,0.0,8753.82479032138,3027.292117422122,894.0,haco_safemarl_pilot,emergency,21381935,3
0.0,0.0,300.0,0.40888888888888886,0.7524291685127068,0.6427345311628587,0.6666666666666669,0.655949864512563,0.0,2.0,0.0,387.58758502556316,241.13410551361412,814.0,haco_safemarl_mappo,emergency,21381935,3
0.0,0.6666666666666666,300.0,0.8166666666666667,0.5407119038518676,0.3130414086947298,1.0,0.4901960776370183,0.0,266.0,0.0,5560.499999999976,3138.0571571068194,0.0,fixed_auv_ga_pso_tlbo_proxy,emergency,21391942,3
0.0,1.0,269.0,0.5762081784386617,0.4937667046113074,0.10515962496782653,0.6666666666666669,0.5233991138055503,0.0,244.0,0.0,6613.365000000009,3166.2000000000094,0.0,independent_greedy,emergency,21391942,3
0.0,0.6666666666666666,300.0,0.8288888888888889,0.647209208486305,0.5379723267318166,1.0,0.5177035571579716,0.0,98.0,0.0,7856.358333407433,3024.118749598982,0.0,communication_aware,emergency,21391942,3
0.0,0.3333333333333333,300.0,0.46777777777777774,0.6535250390560692,0.4016476428838414,0.7777777777777778,0.7098535683912134,0.0,0.0,0.0,9067.36141629524,3428.251233578629,654.0,haco_safemarl_pilot_no_acoustic,emergency,21391942,3
0.0,1.0,268.0,0.6156716417910447,0.6013701973055524,0.2917363991570716,1.0,0.5731186859395093,0.0,99.0,0.0,8337.55970463164,2036.7293749049802,0.0,haco_safemarl_pilot_no_shield,emergency,21391942,3
0.0,0.3333333333333333,300.0,0.4766666666666667,0.7291000398286451,0.6190139125974384,0.9777777777777777,0.744885316024029,0.0,0.0,0.0,8904.540012528665,3114.3445920004688,692.0,haco_safemarl_pilot,emergency,21391942,3
0.0,0.0,300.0,0.005555555555555555,0.832400824104566,0.8277739710733156,0.05555555555555555,0.9999375837593302,0.0,0.0,0.0,376.41261911000487,431.8089976110409,372.0,haco_safemarl_mappo,emergency,21391942,3
0.0,1.0,270.0,0.5111111111111111,0.683010518986519,0.5503795287978397,0.6666666666666669,0.588807785726908,0.0,51.0,0.0,5004.449999999981,2255.376150419968,0.0,fixed_auv_ga_pso_tlbo_proxy,emergency,21401949,3
0.0,1.0,207.0,0.7262479871175526,0.5353558585169849,0.23378908867693757,1.0,0.5963435263597721,0.0,39.0,0.0,5089.095000000007,1503.8000000000034,0.0,independent_greedy,emergency,21401949,3
0.0,0.3333333333333333,300.0,0.5944444444444443,0.7623464352254781,0.7373997766015373,1.0,0.6292538692482353,0.0,40.0,0.0,8089.774123807267,3032.020780020177,0.0,communication_aware,emergency,21401949,3
1.0,1.0,253.0,0.2845849802371542,0.7752578423948744,0.7071282896050292,0.6666666666666667,0.8865426072386541,0.0,0.0,0.0,7936.911351198699,2236.820976550422,538.0,haco_safemarl_pilot_no_acoustic,emergency,21401949,3
0.0,1.0,205.0,0.6048780487804878,0.7174358811093766,0.636402619630478,1.0,0.5614570554278726,0.0,44.0,0.0,6532.583600832788,1729.9971924691397,0.0,haco_safemarl_pilot_no_shield,emergency,21401949,3
0.0,0.3333333333333333,300.0,0.32999999999999996,0.7805770430870251,0.7425546428160011,0.6666666666666669,0.8812904912677423,0.0,0.0,0.0,9207.276804419214,2872.4732233763684,638.0,haco_safemarl_pilot,emergency,21401949,3
0.0,0.0,300.0,0.006666666666666667,0.8392815979443324,0.8252415330081915,0.06666666666666667,0.9999099219700142,0.0,0.0,0.0,1111.714112342233,276.1453230716511,357.0,haco_safemarl_mappo,emergency,21401949,3
1.0,1.0,298.0,0.7002237136465324,0.5643207781766733,0.2723819695445906,1.0,0.600334335896756,0.0,0.0,0.11073825503355705,5523.429999999977,3111.363903151343,0.0,fixed_auv_ga_pso_tlbo_proxy,emergency,21411956,3
1.0,1.0,228.0,0.4312865497076023,0.5542038035892456,0.057446870154986916,0.6956521739130433,0.6496275783640492,0.0,0.0,0.0,5605.380000000007,2649.8000000000047,0.0,independent_greedy,emergency,21411956,3
0.0,0.6666666666666666,300.0,0.8,0.6180881753468067,0.4872287453060007,1.0,0.6807866855507061,0.0,0.0,0.16333333333333333,7839.84857132529,2974.5955480097887,0.0,communication_aware,emergency,21411956,3
1.0,1.0,221.0,0.33333333333333337,0.6530494740529661,0.23794396456255806,0.3333333333333332,0.6666666665555555,0.0,0.0,0.004524886877828055,6992.368714738095,1895.9862890321706,251.0,haco_safemarl_pilot_no_acoustic,emergency,21411956,3
1.0,1.0,221.0,0.36349924585218707,0.6448311538066173,0.2224923556117086,0.6231884057971012,0.665172601717847,0.0,0.0,0.0,6916.707603632884,1891.7803487043732,0.0,haco_safemarl_pilot_no_shield,emergency,21411956,3
0.0,0.3333333333333333,300.0,0.6433333333333333,0.6930479628470215,0.5525627278549424,1.0,0.6663497910565428,0.0,0.0,0.14666666666666667,8787.440794961507,3036.4963814316634,800.0,haco_safemarl_pilot,emergency,21411956,3
0.0,0.0,300.0,0.1688888888888889,0.8117009953422465,0.7736373161484082,0.45555555555555544,0.9381260415146203,0.0,0.0,0.0,495.132521873006,96.61339660026385,721.0,haco_safemarl_mappo,emergency,21411956,3
0.0,0.6666666666666666,300.0,0.6877777777777777,0.5069957020467775,0.3515795354397765,1.0,0.6107797859283396,0.0,16.0,0.0,5560.499999999976,2331.8099421183397,0.0,fixed_auv_ga_pso_tlbo_proxy,emergency,21421963,3
0.0,1.0,268.0,0.917910447761194,0.3125072647916059,0.06298592550510682,1.0,0.6612021785837605,0.0,12.0,0.0,6588.780000000009,2310.600000000004,0.0,independent_greedy,emergency,21421963,3
0.0,0.0,300.0,0.7588888888888888,0.65447448786659,0.5592684512096672,1.0,0.6497633528103837,0.0,56.0,0.0,7917.489273860451,2874.0566903554495,0.0,communication_aware,emergency,21421963,3
0.0,0.3333333333333333,300.0,0.68,0.5650628404284772,0.42151950513589354,1.0,0.5999999996093749,0.0,0.0,0.0,9194.200049589808,2740.202008700692,753.0,haco_safemarl_pilot_no_acoustic,emergency,21421963,3
0.0,0.3333333333333333,300.0,0.7755555555555556,0.49547196092052254,0.3276225609771791,1.0,0.6092695446629299,0.0,34.0,0.0,9117.84450473718,2933.203186032509,0.0,haco_safemarl_pilot_no_shield,emergency,21421963,3
0.0,0.0,300.0,0.6866666666666666,0.6800463043207651,0.5693907759332418,1.0,0.6050397147322379,0.0,0.0,0.0,9058.974793764299,2997.7879843249775,749.0,haco_safemarl_pilot,emergency,21421963,3
0.0,0.0,300.0,0.20666666666666664,0.7900595501545427,0.71186110971041,0.3333333333333334,0.8804949324005945,0.0,0.0,0.0,244.24634020568317,134.1012755415011,771.0,haco_safemarl_mappo,emergency,21421963,3
0.0,0.6666666666666666,300.0,0.7088888888888889,0.5149773381129436,0.40927140959896635,1.0,0.6641896462527616,0.0,121.0,0.0,5560.499999999976,2486.0448048216667,0.0,fixed_auv_ga_pso_tlbo_proxy,emergency,21431970,3
0.0,1.0,269.0,0.8835192069392812,0.3272599817496115,0.1727171542210931,1.0,0.49203697318163003,0.0,132.0,0.0,6613.365000000009,2681.00000000002,0.0,independent_greedy,emergency,21431970,3
0.0,0.3333333333333333,300.0,0.721111111111111,0.7113029335049129,0.7018658118188232,1.0,0.6661485587105116,0.0,103.0,0.0,7929.645622112207,2968.33221485805,0.0,communication_aware,emergency,21431970,3
0.0,0.0,300.0,0.5233333333333333,0.6891207326025086,0.5782042647604525,1.0,0.9055576053263452,0.0,0.0,0.0,8399.893010511329,3101.0586177849295,886.0,haco_safemarl_pilot_no_acoustic,emergency,21431970,3
1.0,1.0,289.0,0.7773933102652827,0.536775462694206,0.4107707511335892,1.0,0.9869114780905643,0.0,0.0,0.0,9030.450518872382,2211.905126185144,0.0,haco_safemarl_pilot_no_shield,emergency,21431970,3
0.0,0.0,300.0,0.4966666666666666,0.7426646814296962,0.6763969933570018,1.0,0.9213642053900012,0.0,0.0,0.0,8988.188150924865,3220.5936298814854,835.0,haco_safemarl_pilot,emergency,21431970,3
0.0,0.0,300.0,0.32555555555555554,0.8053815856059964,0.750018810883087,0.35555555555555557,0.6865658569065954,0.0,0.0,0.0,408.1837662923409,50.575511397283236,721.0,haco_safemarl_mappo,emergency,21431970,3
1.0,1.0,253.0,0.7378129117259553,0.4474808688340307,0.14274100987541968,1.0,0.5471640755091755,0.0,0.0,0.0,4689.354999999983,2195.9831605076715,0.0,fixed_auv_ga_pso_tlbo_proxy,emergency,21441977,3
1.0,1.0,194.0,0.6099656357388317,0.4751284224117693,0.04607774527622832,1.0,0.6435735068852143,0.0,0.0,0.0,4769.490000000006,1920.1999999999996,0.0,independent_greedy,emergency,21441977,3
0.0,0.0,300.0,0.8233333333333334,0.5527921351086641,0.332287594243649,1.0,0.5293009223114737,0.0,0.0,0.0,7788.698489680954,2896.7046714690887,0.0,communication_aware,emergency,21441977,3
1.0,1.0,287.0,0.6689895470383274,0.493188345490478,0.12059408613560003,1.0,0.664303064056743,0.0,0.0,0.0,8706.01001116222,2425.2123445819843,705.0,haco_safemarl_pilot_no_acoustic,emergency,21441977,3
0.0,0.3333333333333333,300.0,0.8422222222222222,0.4182476553102654,0.2057523037443109,1.0,0.5423054152867655,0.0,0.0,0.016666666666666666,8924.490562549103,2940.668657957083,0.0,haco_safemarl_pilot_no_shield,emergency,21441977,3
0.0,0.0,300.0,0.7155555555555555,0.644599118758469,0.42687242197795844,1.0,0.6617792582090261,0.0,0.0,0.0,8780.966607433047,3055.682839181355,786.0,haco_safemarl_pilot,emergency,21441977,3
0.0,0.0,300.0,0.3333333333333333,0.7642471472010445,0.6337469300259511,0.3333333333333334,0.6666666665555555,0.0,0.0,0.04,350.9567827157663,370.7302492568391,625.0,haco_safemarl_mappo,emergency,21441977,3
0.0,0.6666666666666666,300.0,0.9577777777777777,0.3069816846098027,0.28597855256959803,1.0,0.3333333264081257,0.0,51.0,0.0,5560.499999999976,2861.816310527297,0.0,fixed_auv_ga_pso_tlbo_proxy,emergency,21451984,3
0.0,1.0,235.0,0.9361702127659575,0.2522559698371055,0.15101225527221054,1.0,0.3977607499575059,0.0,39.0,0.07659574468085106,5777.475000000008,2508.400000000011,0.0,independent_greedy,emergency,21451984,3
0.0,0.0,300.0,0.9444444444444444,0.5851756130325251,0.5458355759215278,1.0,0.3333333293333334,0.0,0.0,0.0,7689.590049566047,2910.7284356004116,0.0,communication_aware,emergency,21451984,3
0.0,0.3333333333333333,300.0,0.9522222222222223,0.4958590533375896,0.4659763850001971,1.0,0.4665657224347931,0.0,0.0,0.0,9105.123557143233,2945.1092067068857,904.0,haco_safemarl_pilot_no_acoustic,emergency,21451984,3
0.0,0.3333333333333333,300.0,0.9955555555555554,0.40427108151965574,0.37091993073193774,1.0,0.3333327083345052,0.0,0.0,0.0,8931.32095713175,2885.445338361631,0.0,haco_safemarl_pilot_no_shield,emergency,21451984,3
0.0,0.0,300.0,0.9377777777777779,0.630615151265694,0.5934137706793197,1.0,0.3843137212514418,0.0,0.0,0.0,8734.525269171108,3165.9889168864743,904.0,haco_safemarl_pilot,emergency,21451984,3
0.0,0.0,300.0,0.39555555555555555,0.7745689392945815,0.7143189037872599,0.6666666666666669,0.8236368087354238,0.0,26.0,0.0,485.8615718238103,76.35888061335906,808.0,haco_safemarl_mappo,emergency,21451984,3
1.0,1.0,298.0,0.7651006711409396,0.4805737885253586,0.2679747998155072,1.0,0.4179460931317024,0.0,0.0,0.0,5523.429999999977,2428.7967927030604,0.0,fixed_auv_ga_pso_tlbo_proxy,emergency,21461991,3
1.0,1.0,228.0,0.8391812865497077,0.3517134159628003,0.061856364763437276,1.0,0.42853095260388324,0.0,0.0,0.0,5605.380000000007,2011.4000000000042,0.0,independent_greedy,emergency,21461991,3
0.0,0.3333333333333333,300.0,0.741111111111111,0.6694316779998041,0.49470065305935795,1.0,0.36942601454017665,0.0,0.0,0.0,7993.111441617155,3155.7664175033215,0.0,communication_aware,emergency,21461991,3
0.0,0.3333333333333333,300.0,0.5633333333333334,0.5867150621546913,0.295479833050026,1.0,0.6222488122766421,0.0,0.0,0.0,9227.726938892081,2701.865308629834,708.0,haco_safemarl_pilot_no_acoustic,emergency,21461991,3
0.0,0.3333333333333333,300.0,0.7822222222222223,0.5113414387343164,0.28750311210731844,1.0,0.5420017487968036,0.0,0.0,0.0,9059.023176155002,2828.696061723238,0.0,haco_safemarl_pilot_no_shield,emergency,21461991,3
0.0,0.3333333333333333,300.0,0.5622222222222222,0.6986706490302095,0.533484595216156,1.0,0.6376818735883826,0.0,0.0,0.0,9132.251161230351,2935.0221496606564,714.0,haco_safemarl_pilot,emergency,21461991,3
0.0,0.0,300.0,0.19333333333333327,0.794467946474733,0.7094371582479492,0.3333333333333334,0.8969552164282063,0.0,0.0,0.0,342.6929585763877,298.3584978992837,583.0,haco_safemarl_mappo,emergency,21461991,3
1.0,1.0,93.0,0.4336917562724013,0.6742840431395203,0.4015150640988649,0.9333333333333332,0.6665598631377475,0.0,0.0,0.0,1723.7550000000024,741.3479307649307,0.0,fixed_auv_ga_pso_tlbo_proxy,emergency,21471998,3
1.0,1.0,71.0,0.6244131455399058,0.6491372764151162,0.35543542956644786,0.6666666666666666,0.4165039696668231,0.0,0.0,0.0,1745.5350000000017,525.1999999999998,0.0,independent_greedy,emergency,21471998,3
1.0,1.0,251.0,0.8247011952191236,0.6541510625303287,0.4910596693439367,1.0,0.6642268968493841,0.0,0.0,0.0,6649.814727724409,2971.4110106116564,0.0,communication_aware,emergency,21471998,3
1.0,1.0,121.0,0.5234159779614326,0.7136353632706339,0.6521495097153792,0.717948717948718,0.7513996633024217,0.0,0.0,0.0,3746.0094955458953,921.5174109827155,269.0,haco_safemarl_pilot_no_acoustic,emergency,21471998,3
1.0,1.0,84.0,0.7063492063492063,0.6951839836890215,0.600758289225164,1.0,0.6495848155891494,0.0,0.0,0.0,2601.3468859966647,728.943138032069,0.0,haco_safemarl_pilot_no_shield,emergency,21471998,3
1.0,1.0,153.0,0.5163398692810458,0.736724562759634,0.6811310958144671,0.7083333333333333,0.8001168904031114,0.0,0.0,0.0,4683.182059339195,1316.0598896900626,366.0,haco_safemarl_pilot,emergency,21471998,3
0.0,0.0,300.0,0.0022222222222222222,0.8211114883544792,0.8029138870459485,0.02222222222222222,0.9999900794011012,0.0,0.0,0.0,761.2122526977779,459.35427636139434,636.0,haco_safemarl_mappo,emergency,21471998,3
1.0,1.0,239.0,0.7824267782426778,0.5512132959394073,0.5496159641471509,1.0,0.5387885221666635,0.0,0.0,0.0,4429.864999999985,1798.5038036143185,0.0,fixed_auv_ga_pso_tlbo_proxy,emergency,21482005,3
1.0,1.0,183.0,0.8397085610200365,0.5206942456858523,0.4591574392149334,1.0,0.6475999312855432,0.0,0.0,0.0,4499.055000000006,1463.4000000000012,0.0,independent_greedy,emergency,21482005,3
0.0,0.0,300.0,0.8333333333333334,0.6408902452319597,0.5841811920560984,1.0,0.5530157781602659,0.0,0.0,0.0,7855.906947821754,3008.591322014643,0.0,communication_aware,emergency,21482005,3
0.0,0.6666666666666666,300.0,0.6533333333333333,0.5723909273098907,0.4649223637496658,1.0,0.9817851730876384,0.0,0.0,0.0,9033.550506284175,3107.2786168117545,830.0,haco_safemarl_pilot_no_acoustic,emergency,21482005,3
0.0,0.3333333333333333,300.0,0.91,0.46136173018517257,0.428837054594772,1.0,0.3502001584457959,0.0,21.0,0.0,9027.370217657795,2943.6480787760447,0.0,haco_safemarl_pilot_no_shield,emergency,21482005,3
0.0,0.0,300.0,0.6388888888888887,0.6953435547097312,0.6635793982423778,1.0,0.9868636181216867,0.0,0.0,0.0,8899.567512565336,3215.8815940763006,828.0,haco_safemarl_pilot,emergency,21482005,3
0.0,0.0,300.0,0.27888888888888885,0.7463290142036565,0.5887473960166782,0.3333333333333334,0.8464735375633141,0.0,0.0,0.0,228.65339800233232,25.607986132027406,587.0,haco_safemarl_mappo,emergency,21482005,3
0.0,1.0,206.0,0.5501618122977348,0.5500925893955873,0.2831006693682898,0.6666666666666665,0.5671803902534208,0.0,50.0,0.0,3818.20999999999,1774.1514240251997,0.0,fixed_auv_ga_pso_tlbo_proxy,emergency,21492012,3
0.0,1.0,158.0,0.46624472573839654,0.5474968362119365,0.09916918754250344,0.6666666666666666,0.6381054917613257,0.0,38.0,0.0,3884.430000000005,1495.4000000000003,0.0,independent_greedy,emergency,21492012,3
0.0,0.6666666666666666,300.0,0.8066666666666666,0.5729580448984837,0.4195710099256914,1.0,0.6513489079940323,0.0,44.0,0.0,7804.531322456693,2999.2875257067767,0.0,communication_aware,emergency,21492012,3
1.0,1.0,240.0,0.49583333333333335,0.6242043044715935,0.27359274781020587,0.7777777777777777,0.6255322783370093,0.0,0.0,0.0,7373.646227416924,2032.3689862155172,496.0,haco_safemarl_pilot_no_acoustic,emergency,21492012,3
0.0,0.6666666666666666,300.0,0.6644444444444444,0.5079338234981438,0.2585027090433164,1.0,0.4996439095149068,0.0,37.0,0.0,8935.825959353457,2679.1997223813,0.0,haco_safemarl_pilot_no_shield,emergency,21492012,3
0.0,0.3333333333333333,300.0,0.5866666666666667,0.6987939849380118,0.5770250020818949,0.7777777777777778,0.5153390680878095,0.0,0.0,0.0,8950.528537990871,3199.323174391142,695.0,haco_safemarl_pilot,emergency,21492012,3
0.0,0.0,300.0,0.028888888888888888,0.8249020255698147,0.8049231653278017,0.28888888888888886,0.9982332061949627,0.0,0.0,0.0,209.52827885860853,390.4387049567575,603.0,haco_safemarl_mappo,emergency,21492012,3
0.0,0.6666666666666666,300.0,0.5211111111111112,0.6488996547224658,0.5010820544931355,1.0,0.864169445904683,0.0,134.0,0.0,5560.499999999976,3001.2342546442665,0.0,fixed_auv_ga_pso_tlbo_proxy,emergency,21502019,3
0.0,0.6666666666666666,300.0,0.9244444444444444,0.37028591441810266,0.21437796217053195,1.0,0.6525543241984352,0.0,100.0,0.0,7375.50000000001,3431.2000000000166,0.0,independent_greedy,emergency,21502019,3
0.0,0.3333333333333333,300.0,0.51,0.7451257569356565,0.7193925008094944,1.0,0.8449266858866369,0.0,115.0,0.0,8122.39621638698,3315.287433640879,0.0,communication_aware,emergency,21502019,3
0.0,0.6666666666666666,300.0,0.4144444444444444,0.7425497459274387,0.7108221988642801,0.6666666666666669,0.9842368439363189,0.0,6.0,0.0,8296.426046613724,2252.6652955632862,806.0,haco_safemarl_pilot_no_acoustic,emergency,21502019,3
0.0,0.6666666666666666,300.0,0.6733333333333333,0.6234056665774208,0.5478522629433732,1.0,0.9632898686426379,0.0,93.0,0.0,9318.608835966954,2424.754171731315,0.0,haco_safemarl_pilot_no_shield,emergency,21502019,3
0.0,0.6666666666666666,300.0,0.31444444444444436,0.7718907122257043,0.7478361643251575,0.6666666666666669,0.9796599524742613,0.0,5.0,0.0,8569.96023045099,2378.1602806494525,830.0,haco_safemarl_pilot,emergency,21502019,3
0.0,0.3333333333333333,300.0,0.04888888888888889,0.8279247915372958,0.8167680783177633,0.3333333333333334,0.9947434726618135,0.0,13.0,0.0,1457.5607631639357,256.6481907468757,440.0,haco_safemarl_mappo,emergency,21502019,3
0.0,0.6666666666666666,300.0,0.9444444444444444,0.4913201613836676,0.32854055742235083,1.0,0.3333333293333334,0.0,0.0,0.0,5560.499999999976,2574.787916561759,0.0,fixed_auv_ga_pso_tlbo_proxy,emergency,21512026,3
1.0,1.0,253.0,0.9631093544137022,0.3217537316044174,0.15887029585303813,1.0,0.33333332426176326,0.0,0.0,0.0,6220.005000000008,2439.600000000007,0.0,independent_greedy,emergency,21512026,3
0.0,0.0,300.0,0.9544444444444444,0.6596214108614572,0.5976293938872771,1.0,0.3333333273844935,0.0,0.0,0.0,7848.791184982042,2967.1854753536313,0.0,communication_aware,emergency,21512026,3
1.0,1.0,300.0,0.6655555555555556,0.6075348972376092,0.36827241408624534,0.8333333333333334,0.4867488648356979,0.0,0.0,0.0,9362.599758754614,2652.4855570197014,778.0,haco_safemarl_pilot_no_acoustic,emergency,21512026,3
0.0,1.0,273.0,0.8498168498168498,0.5483598517593057,0.34609531200510835,1.0,0.5999999982265555,0.0,31.0,0.0,8485.771371240986,2196.690956365828,0.0,haco_safemarl_pilot_no_shield,emergency,21512026,3
0.0,0.0,300.0,0.7533333333333333,0.667434422460668,0.5971452712868246,1.0,0.572563780246169,0.0,0.0,0.0,9009.592765539739,3067.127079853539,868.0,haco_safemarl_pilot,emergency,21512026,3
0.0,0.0,300.0,0.26555555555555554,0.8037750872384765,0.7700176767372947,0.6,0.8410591945629351,0.0,0.0,0.0,765.8218426316195,371.66611944056643,828.0,haco_safemarl_mappo,emergency,21512026,3
0.0,0.6666666666666666,300.0,0.33888888888888885,0.6537486854113401,0.5034976952833686,0.6666666666666669,0.8828399502266655,0.0,11.0,0.02666666666666667,5560.499999999976,2942.337881969077,0.0,fixed_auv_ga_pso_tlbo_proxy,emergency,21522033,3
0.0,1.0,285.0,0.5497076023391813,0.5399681671237202,0.24593178962081866,0.9195402298850573,0.6625676645799884,0.021052631578947368,36.0,0.05263157894736842,7006.7250000000095,3243.200000000014,0.0,independent_greedy,emergency,21522033,3
0.0,0.3333333333333333,300.0,0.43666666666666665,0.7112207119214263,0.6446144977089531,1.0,0.8917602486729929,0.0,0.0,0.03333333333333333,8174.734600232589,3467.335580396326,0.0,communication_aware,emergency,21522033,3
0.0,0.6666666666666666,300.0,0.41000000000000003,0.6968627061630362,0.5124009865054037,0.7555555555555554,0.8570373407585727,0.0,0.0,0.07333333333333333,8893.193145912443,2570.382657675908,561.0,haco_safemarl_pilot_no_acoustic,emergency,21522033,3
0.0,1.0,296.0,0.4549549549549549,0.6400731277748298,0.42331553762243856,0.8888888888888888,0.9039118989990772,0.0,37.0,0.07094594594594594,9238.051277141045,2465.775248493391,0.0,haco_safemarl_pilot_no_shield,emergency,21522033,3
0.0,0.3333333333333333,300.0,0.38888888888888884,0.7547661910891634,0.695514974723045,0.6666666666666669,0.8202366618026732,0.0,0.0,0.056666666666666664,8917.338836414545,3191.620962052796,502.0,haco_safemarl_pilot,emergency,21522033,3
0.0,0.0,300.0,0.08000000000000002,0.8300824767952559,0.8185416565855516,0.5444444444444443,0.9937296167769191,0.0,0.0,0.0,435.46593972647787,127.53100912920516,313.0,haco_safemarl_mappo,emergency,21522033,3
0.0,0.6666666666666666,300.0,0.8444444444444443,0.4803757708603117,0.29785459417571314,1.0,0.5858440921590755,0.0,0.0,0.03666666666666667,5560.499999999976,2293.2851192748585,0.0,fixed_auv_ga_pso_tlbo_proxy,emergency,21532040,3
1.0,1.0,252.0,0.8703703703703703,0.4034831211977023,0.08496419565370716,1.0,0.40006664894585375,0.0,0.0,0.0,6195.420000000008,2112.0000000000055,0.0,independent_greedy,emergency,21532040,3
0.0,0.0,300.0,0.8866666666666667,0.6554298197334277,0.6004978921520828,1.0,0.6603198743698406,0.0,0.0,0.03,7823.616998920714,2979.6647130320644,0.0,communication_aware,emergency,21532040,3
0.0,0.6666666666666666,300.0,0.5688888888888888,0.5820617780280322,0.24306656902620807,0.7444444444444444,0.5376993904935641,0.0,0.0,0.0,9384.723202750562,2556.7020178186394,744.0,haco_safemarl_pilot_no_acoustic,emergency,21532040,3
0.0,0.0,300.0,0.9077777777777777,0.46578024221743247,0.2853701825634626,1.0,0.798169381087331,0.0,0.0,0.0,9051.161066907402,2866.1737352315804,0.0,haco_safemarl_pilot_no_shield,emergency,21532040,3
0.0,0.0,300.0,0.6933333333333334,0.6540842653684785,0.5296523555689906,1.0,0.6178703518946826,0.0,0.0,0.0,9050.215725512078,3146.1065554363595,859.0,haco_safemarl_pilot,emergency,21532040,3
0.0,0.0,300.0,0.3333333333333333,0.7535632702595799,0.6048199722317055,0.3333333333333334,0.6666666665555555,0.0,0.0,0.0,684.759177485949,350.4513087956302,725.0,haco_safemarl_mappo,emergency,21532040,3
0.0,1.0,236.0,0.614406779661017,0.4641242098446208,0.25399012616998906,0.6666666666666666,0.440314776268152,0.0,44.0,0.09745762711864407,4374.259999999986,2096.389049779218,0.0,fixed_auv_ga_pso_tlbo_proxy,emergency,21542047,3
0.0,1.0,181.0,0.5911602209944752,0.4734799529477467,0.10254364077398932,0.6666666666666665,0.6392217896116531,0.0,34.0,0.04419889502762431,4449.885000000006,1714.200000000002,0.0,independent_greedy,emergency,21542047,3
0.0,0.6666666666666666,300.0,0.7877777777777777,0.558073060702203,0.4063085084740424,1.0,0.4869392271142897,0.0,104.0,0.07333333333333333,7804.437795022452,3008.8904456277737,0.0,communication_aware,emergency,21542047,3
0.0,0.6666666666666666,300.0,0.5777777777777777,0.5661754613817395,0.25129373094968693,0.6777777777777779,0.6334666944926475,0.006666666666666667,0.0,0.08666666666666667,8901.313344080814,2591.921922751395,677.0,haco_safemarl_pilot_no_acoustic,emergency,21542047,3
0.0,0.3333333333333333,300.0,0.6744444444444444,0.46734569437935397,0.2261337424615843,1.0,0.4217028444374695,0.03333333333333333,52.0,0.08333333333333333,8857.714163674329,3017.5388064018043,0.0,haco_safemarl_pilot_no_shield,emergency,21542047,3
0.0,0.3333333333333333,300.0,0.5955555555555555,0.6781915409854824,0.5251764223423382,0.8,0.508290175141957,0.03333333333333333,0.0,0.08666666666666667,8434.137278016595,2971.1682003275073,703.0,haco_safemarl_pilot,emergency,21542047,3
0.0,0.0,300.0,0.3155555555555555,0.7953624511659875,0.7329212895471048,0.6666666666666669,0.7928623663859302,0.0,0.0,0.0,374.62586234435724,65.03822100598396,769.0,haco_safemarl_mappo,emergency,21542047,3
0.0,1.0,227.0,0.803230543318649,0.3930816276826135,0.1385107811214028,1.0,0.3333333330144736,0.0,52.0,0.0,4207.444999999987,1857.8871643459029,0.0,fixed_auv_ga_pso_tlbo_proxy,emergency,21552054,3
0.0,1.0,174.0,0.9118773946360152,0.3727742342335348,0.20303677080847732,1.0,0.33333333174354124,0.0,40.0,0.0,4277.790000000005,1522.2,0.0,independent_greedy,emergency,21552054,3
0.0,0.3333333333333333,300.0,0.8666666666666667,0.5500806482102872,0.4773834391367468,1.0,0.33333333263888887,0.0,7.0,0.0,7758.173231582721,2918.781917070201,0.0,communication_aware,emergency,21552054,3
0.0,0.3333333333333333,300.0,0.8366666666666667,0.4199380510744263,0.28472852023034384,1.0,0.3333333328705632,0.0,5.0,0.0,5726.615746957185,1979.0751062757238,1210.0,haco_safemarl_pilot_no_acoustic,emergency,21552054,3
0.0,0.3333333333333333,300.0,0.9122222222222223,0.3962520430215976,0.2898527944933836,1.0,0.33333333173102603,0.0,88.0,0.0,8870.481628822536,3001.4916025898583,0.0,haco_safemarl_pilot_no_shield,emergency,21552054,3
0.0,0.0,300.0,0.8344444444444444,0.626152087404528,0.5561323334547401,1.0,0.3333333328829032,0.0,5.0,0.0,4370.982999061921,1909.8720126285327,1417.0,haco_safemarl_pilot,emergency,21552054,3
0.0,0.0,300.0,0.6855555555555555,0.77127964645659,0.7501410213509243,1.0,0.4617704204846699,0.0,5.0,0.0,700.7793474027961,972.9895258539335,823.0,haco_safemarl_mappo,emergency,21552054,3
0.0,1.0,252.0,0.38227513227513227,0.7392101076295455,0.584615985837701,0.6666666666666667,0.7965237524677322,0.0,61.0,0.0,4670.819999999983,2119.7684031806953,0.0,fixed_auv_ga_pso_tlbo_proxy,emergency,21562061,3
0.0,1.0,193.0,0.5734024179620035,0.6170530890114369,0.3245900274844869,0.6666666666666665,0.5063197641490527,0.0,48.0,0.0,4744.905000000006,1719.1999999999998,0.0,independent_greedy,emergency,21562061,3
0.0,1.0,297.0,0.4567901234567901,0.7297309608650423,0.5983049435620577,0.6666666666666669,0.7383676580708354,0.0,53.0,0.0,8142.396004884209,3307.9952052071317,0.0,communication_aware,emergency,21562061,3
0.0,1.0,235.0,0.350354609929078,0.7676952557993435,0.6154799804006779,0.5555555555555555,0.677519169404288,0.0,14.0,0.0,7399.448930006858,2039.910101939583,382.0,haco_safemarl_pilot_no_acoustic,emergency,21562061,3
0.0,1.0,190.0,0.4035087719298246,0.759073460337799,0.6200576332028488,0.6666666666666665,0.6621757857672043,0.0,47.0,0.0,6009.297223500428,1448.4303330393982,0.0,haco_safemarl_pilot_no_shield,emergency,21562061,3
0.0,0.3333333333333333,300.0,0.40777777777777774,0.7687816444281323,0.646169870838202,0.6666666666666669,0.7033873334291402,0.0,14.0,0.0,9103.880106815835,3059.9219746111303,533.0,haco_safemarl_pilot,emergency,21562061,3
0.0,0.0,300.0,0.1822222222222222,0.7997097872024672,0.7396980263391806,0.3333333333333334,0.909667365115888,0.0,15.0,0.0,876.511215139382,880.6133396299043,678.0,haco_safemarl_mappo,emergency,21562061,3
0.0,0.6666666666666666,300.0,0.9966666666666667,0.36237970755915916,0.13138431569467904,1.0,0.3333322222259259,0.0,36.0,0.043333333333333335,5560.499999999976,3114.328861860539,0.0,fixed_auv_ga_pso_tlbo_proxy,emergency,21572068,3
0.0,1.0,289.0,0.9008073817762399,0.3946285376284583,0.04212006473768589,1.0,0.36577645744065207,0.010380622837370242,27.0,0.04152249134948097,7105.06500000001,3382.2000000000116,0.0,independent_greedy,emergency,21572068,3
0.0,0.0,300.0,0.9888888888888888,0.5722514098015525,0.4155781003393798,1.0,0.33333323333336334,0.0,118.0,0.05,7683.134382667874,2970.303962609354,0.0,communication_aware,emergency,21572068,3
0.0,0.6666666666666666,300.0,0.5444444444444444,0.5659909371901974,0.1231998911676911,1.0,0.6611914817631226,0.0,12.0,0.043333333333333335,8167.850750658425,2294.3619021843588,841.0,haco_safemarl_pilot_no_acoustic,emergency,21572068,3
0.0,0.3333333333333333,300.0,0.9388888888888888,0.4169989454662091,0.20627889945739344,1.0,0.3584547893991075,0.006666666666666667,44.0,0.03666666666666667,8865.625124491384,2915.216470023648,0.0,haco_safemarl_pilot_no_shield,emergency,21572068,3
0.0,0.0,300.0,0.7044444444444444,0.6657260141858073,0.46539658062800515,1.0,0.5446707615582007,0.0,11.0,0.04666666666666667,7033.830975285462,2709.125148717668,1047.0,haco_safemarl_pilot,emergency,21572068,3
0.0,0.0,300.0,0.27,0.7962600867176616,0.782976198269489,0.4444444444444443,0.9810048474494941,0.0,17.0,0.06333333333333334,591.1725581689724,364.7744943042195,800.0,haco_safemarl_mappo,emergency,21572068,3
0.0,0.3333333333333333,300.0,0.3255555555555555,0.7448324756680086,0.665593285636143,0.6666666666666669,0.9117158712928004,0.0,76.0,0.0,5560.499999999976,2908.0345590243533,0.0,fixed_auv_ga_pso_tlbo_proxy,emergency,21582075,3
0.0,1.0,284.0,0.6690140845070423,0.47076345216817345,0.1471730451680205,1.0,0.8176434293034356,0.0,59.0,0.0,6982.140000000009,2886.000000000015,0.0,independent_greedy,emergency,21582075,3
0.0,0.3333333333333333,300.0,0.43555555555555564,0.7595139685823442,0.7139502230317667,1.0,0.9454763942864415,0.0,66.0,0.0,8189.989103050887,3206.652292253294,0.0,communication_aware,emergency,21582075,3
0.0,1.0,260.0,0.18205128205128202,0.7990290568165829,0.7184029340687831,0.3589743589743589,0.9132854077216147,0.0,4.0,0.0,8472.692857429476,2155.1941874477625,371.0,haco_safemarl_pilot_no_acoustic,emergency,21582075,3
0.0,1.0,277.0,0.4320096269554753,0.7443472391091298,0.6414876592888799,0.6666666666666669,0.7635812749481125,0.0,58.0,0.0,8718.091924254171,2338.17620682869,0.0,haco_safemarl_pilot_no_shield,emergency,21582075,3
0.0,1.0,260.0,0.17051282051282046,0.8100491274882122,0.7477992246641182,0.33333333333333337,0.9220726583308946,0.0,4.0,0.0,8472.364897593508,2235.8224401363955,365.0,haco_safemarl_pilot,emergency,21582075,3
0.0,0.0,300.0,0.015555555555555553,0.8285988516168495,0.8272857155083461,0.15555555555555553,0.9995008835251427,0.0,4.0,0.0,952.811320241548,273.3105388969067,635.0,haco_safemarl_mappo,emergency,21582075,3
1.0,1.0,194.0,0.6254295532646048,0.5105022272149151,0.2273043562401094,0.6666666666666665,0.4145643600997719,0.0,0.0,0.0,3595.789999999992,1877.5911202043687,0.0,fixed_auv_ga_pso_tlbo_proxy,emergency,21592082,3
1.0,1.0,148.0,0.5090090090090089,0.5200430920862792,0.08258761029117455,0.6666666666666665,0.5910063173040665,0.0,0.0,0.0,3638.5800000000045,1505.199999999998,0.0,independent_greedy,emergency,21592082,3
0.0,0.6666666666666666,300.0,0.6455555555555555,0.5846900245236968,0.37301888606219413,0.6666666666666669,0.37538687400617216,0.0,0.0,0.0,7931.371379108979,3481.856539798654,0.0,communication_aware,emergency,21592082,3
1.0,1.0,216.0,0.5046296296296297,0.6085606750484754,0.20863401609698476,0.6666666666666665,0.6648020901898964,0.0,0.0,0.0,6672.565065794656,1702.2297405385764,404.0,haco_safemarl_pilot_no_acoustic,emergency,21592082,3
0.0,0.3333333333333333,300.0,0.6388888888888888,0.4763079656172553,0.2039190473900924,0.6666666666666669,0.38850574699782797,0.0,0.0,0.0,8779.248219064571,3235.4775782583392,0.0,haco_safemarl_pilot_no_shield,emergency,21592082,3
0.0,0.3333333333333333,300.0,0.5933333333333334,0.6754879517454428,0.4846035701875786,0.6666666666666669,0.4732290472869041,0.0,0.0,0.0,8706.601416844396,3256.26352398903,595.0,haco_safemarl_pilot,emergency,21592082,3
0.0,0.0,300.0,0.2755555555555555,0.8020531786286135,0.7517533669282156,0.6333333333333334,0.8698456348968593,0.0,0.0,0.0,106.45923695923086,26.2849696862787,600.0,haco_safemarl_mappo,emergency,21592082,3
1.0,1.0,223.0,0.7279521674140508,0.6395468385419233,0.45165901130300606,1.0,0.7816319779397382,0.0,0.0,0.0,4133.304999999988,2242.876492237429,0.0,fixed_auv_ga_pso_tlbo_proxy,emergency,21602089,3
1.0,1.0,171.0,0.9142300194931773,0.5353169838915399,0.49869618814769534,1.0,0.6652920895347747,0.0,0.0,0.0,4204.035000000005,1839.9999999999968,0.0,independent_greedy,emergency,21602089,3
0.0,0.6666666666666666,300.0,0.6466666666666666,0.7373714847263433,0.6885982389742633,0.7888888888888889,0.5267698075355043,0.0,0.0,0.0,8126.711078050353,3922.718998427083,0.0,communication_aware,emergency,21602089,3
1.0,1.0,174.0,0.5421455938697317,0.6937247768508201,0.5149027619800014,0.6666666666666665,0.5518777231895825,0.0,0.0,0.0,5681.7144388268325,1191.05673532513,365.0,haco_safemarl_pilot_no_acoustic,emergency,21602089,3
1.0,1.0,171.0,0.6666666666666669,0.6158155261184433,0.45833238950993116,1.0,0.48918444141690937,0.0,0.0,0.0,5344.510246763515,1296.5896093396184,0.0,haco_safemarl_pilot_no_shield,emergency,21602089,3
1.0,1.0,179.0,0.49906890130353815,0.7260128180230957,0.5844187072999069,0.6666666666666665,0.6008901952346882,0.0,0.0,0.0,5863.860958552388,1348.280534931757,373.0,haco_safemarl_pilot,emergency,21602089,3
0.0,0.6666666666666666,300.0,0.2922222222222222,0.7976869484272855,0.7774662841062411,0.4222222222222221,0.8947832662293174,0.0,0.0,0.0,451.3286555474052,139.53557528774144,829.0,haco_safemarl_mappo,emergency,21602089,3
0.0,0.3333333333333333,300.0,0.8422222222222222,0.3800712172874843,0.2890361481421257,1.0,0.5060482847577087,0.0,16.0,0.0,5560.499999999976,2543.435856541808,0.0,fixed_auv_ga_pso_tlbo_proxy,emergency,21612096,3
0.0,1.0,246.0,0.8848238482384825,0.3539964237172169,0.23061680606650153,1.0,0.38428806854658915,0.0,29.0,0.0,6047.910000000008,2404.800000000009,0.0,independent_greedy,emergency,21612096,3
0.0,0.0,300.0,0.8444444444444443,0.629533963587753,0.5953075002515291,1.0,0.5259485845721201,0.0,0.0,0.0,7827.260500792007,2972.979613709002,0.0,communication_aware,emergency,21612096,3
0.0,0.3333333333333333,300.0,0.7022222222222222,0.5276118114787263,0.49406265228906127,1.0,0.9731458135167449,0.0,0.0,0.0,8953.532079180035,2948.9273154540315,834.0,haco_safemarl_pilot_no_acoustic,emergency,21612096,3
0.0,0.0,300.0,0.8922222222222221,0.41782562816995855,0.3667641156290654,1.0,0.48936391303673205,0.0,0.0,0.0,8908.629308626663,3116.8045758407775,0.0,haco_safemarl_pilot_no_shield,emergency,21612096,3
0.0,0.0,300.0,0.6666666666666666,0.6903741727206347,0.6780123140238659,1.0,0.9931801618951397,0.0,0.0,0.0,8786.744507217401,3146.8680878453497,835.0,haco_safemarl_pilot,emergency,21612096,3
0.0,0.0,300.0,0.16,0.8118860476494774,0.7788427330459362,0.3333333333333334,0.9323467229075132,0.0,0.0,0.0,441.432087183823,295.06035770503587,693.0,haco_safemarl_mappo,emergency,21612096,3
0.0,0.3333333333333333,300.0,0.8188888888888889,0.5451722259598502,0.42841288583910964,1.0,0.5800205197414838,0.04666666666666667,100.0,0.12,5560.499999999976,2896.607175140765,0.0,fixed_auv_ga_pso_tlbo_proxy,emergency,21622103,3
0.0,0.6666666666666666,300.0,0.8344444444444444,0.4623179150195314,0.28084065408601255,1.0,0.6109414112940718,0.05333333333333334,76.0,0.12,7375.50000000001,3467.0000000000177,0.0,independent_greedy,emergency,21622103,3
0.0,0.3333333333333333,300.0,0.8544444444444443,0.6681375665912138,0.6073489406563846,1.0,0.5218806055722028,0.04666666666666667,47.0,0.10333333333333333,7889.434459979981,3183.493048426455,0.0,communication_aware,emergency,21622103,3
0.0,0.3333333333333333,300.0,0.6322222222222221,0.5952518172470195,0.46753452889197405,1.0,0.8228821637332838,0.03333333333333333,0.0,0.12,7715.199460384284,2865.5383132231177,919.0,haco_safemarl_pilot_no_acoustic,emergency,21622103,3
0.0,0.3333333333333333,300.0,0.6344444444444445,0.5747398889615059,0.4003017482254837,0.9777777777777777,0.6568300834433823,0.02666666666666667,153.0,0.14666666666666667,8968.578019369936,3003.392126976205,0.0,haco_safemarl_pilot_no_shield,emergency,21622103,3
0.0,0.3333333333333333,300.0,0.6244444444444444,0.6890753350519736,0.6180328311168166,1.0,0.8903748727290645,0.03,0.0,0.10333333333333333,8507.53810119224,3137.559026874293,888.0,haco_safemarl_pilot,emergency,21622103,3
0.0,0.0,300.0,0.37777777777777777,0.7494849354897166,0.6053568395851843,0.6666666666666669,0.7447409791182165,0.0,0.0,0.19,395.0586756856544,174.31214124104582,602.0,haco_safemarl_mappo,emergency,21622103,3
0.0,1.0,220.0,0.5242424242424242,0.6512623265771793,0.5740325929934342,1.0,0.9495906766256363,0.0,32.0,0.0,4077.6999999999875,1977.6093631133003,0.0,fixed_auv_ga_pso_tlbo_proxy,emergency,21632110,3
0.0,1.0,168.0,0.5376984126984127,0.6367788252198433,0.4698078790698779,1.0,0.872575019293319,0.0,25.0,0.0,4130.280000000005,1757.7999999999997,0.0,independent_greedy,emergency,21632110,3
0.0,0.6666666666666666,300.0,0.6933333333333334,0.6381976152989921,0.59653405311083,1.0,0.952223804523861,0.0,28.0,0.0,7916.17126376935,3111.744945137517,0.0,communication_aware,emergency,21632110,3
1.0,1.0,234.0,0.48005698005698,0.701673709572919,0.5678084121732302,1.0,0.9445968841829399,0.0,0.0,0.0,7260.813104245742,2100.673160015832,497.0,haco_safemarl_pilot_no_acoustic,emergency,21632110,3
0.0,1.0,174.0,0.4655172413793105,0.656702864926621,0.5115082409202536,1.0,0.9147540980351948,0.0,50.0,0.0,5509.00505261818,1428.3645531643326,0.0,haco_safemarl_pilot_no_shield,emergency,21632110,3
0.0,0.3333333333333333,300.0,0.5255555555555554,0.7277259855251969,0.6742989870054518,1.0,0.8331345639877078,0.0,0.0,0.0,8939.240387190677,3167.0869325145527,657.0,haco_safemarl_pilot,emergency,21632110,3
0.0,0.0,300.0,0.10888888888888888,0.8248981335959863,0.7827620380261385,0.3333333333333334,0.9710029406360539,0.0,0.0,0.0,271.7116487240121,114.59621847494473,406.0,haco_safemarl_mappo,emergency,21632110,3
0.0,1.0,172.0,0.560077519379845,0.6508178101690629,0.4319406143950562,0.6666666666666665,0.5267359725271863,0.0,75.0,0.0,3188.019999999995,1561.42873442861,0.0,fixed_auv_ga_pso_tlbo_proxy,emergency,21642117,3
0.0,1.0,132.0,0.5606060606060606,0.612931214702515,0.38279338083021747,0.6666666666666666,0.5259537209164717,0.0,58.0,0.0,3245.220000000004,1404.7999999999981,0.0,independent_greedy,emergency,21642117,3
0.0,0.6666666666666666,300.0,0.611111111111111,0.6832602503203971,0.546179608350061,0.6666666666666669,0.44144144129827134,0.0,124.0,0.0,8023.809111198438,3590.2553755134063,0.0,communication_aware,emergency,21642117,3
0.0,0.6666666666666666,300.0,0.4777777777777777,0.727595300859792,0.6647029405857369,0.6666666666666669,0.6739769826924361,0.0,0.0,0.0,7547.6194833149175,2634.1756450247995,1054.0,haco_safemarl_pilot_no_acoustic,emergency,21642117,3
0.0,1.0,144.0,0.5555555555555556,0.6707708272797027,0.4787609212743982,0.6666666666666665,0.8283672640066287,0.0,69.0,0.0,4483.146812094771,1155.178518228189,0.0,haco_safemarl_pilot_no_shield,emergency,21642117,3
0.0,0.6666666666666666,300.0,0.5988888888888888,0.7077958999559478,0.6371863859857062,0.6666666666666669,0.5120567374075748,0.0,24.0,0.0,8313.624702750467,3018.5234064587053,727.0,haco_safemarl_pilot,emergency,21642117,3
0.0,0.0,300.0,0.35999999999999993,0.7815056783928567,0.6878594680772968,0.6,0.665511265044499,0.0,0.0,0.0,1061.9880103951614,1147.6031493458252,668.0,haco_safemarl_mappo,emergency,21642117,3
1.0,1.0,222.0,1.0,0.38761182254235954,0.3216440041159254,1.0,0.0,0.0,0.0,0.0,4114.769999999988,1755.423451225826,0.0,fixed_auv_ga_pso_tlbo_proxy,emergency,21652124,3
1.0,1.0,170.0,1.0,0.32239444634580006,0.2056701516292753,1.0,0.0,0.0,0.0,0.0,4179.450000000005,1431.4000000000028,0.0,independent_greedy,emergency,21652124,3
0.0,0.3333333333333333,300.0,0.9988888888888887,0.5889224874328117,0.5356099600972131,1.0,0.3333233336333243,0.0,0.0,0.016666666666666666,7734.502282957812,2961.7497692382676,0.0,communication_aware,emergency,21652124,3
0.0,0.6666666666666666,300.0,0.9144444444444446,0.4434509313375954,0.3609537304931615,1.0,0.3993399315726682,0.0,0.0,0.04666666666666667,8633.850093396852,2550.0431752352815,971.0,haco_safemarl_pilot_no_acoustic,emergency,21652124,3
0.0,0.3333333333333333,300.0,1.0,0.36208225468816435,0.32891759556215644,1.0,0.0,0.0,0.0,0.06,8916.035623246855,2868.1613051840404,0.0,haco_safemarl_pilot_no_shield,emergency,21652124,3
0.0,0.0,300.0,0.912222222222222,0.6247541681560199,0.5703843742484155,1.0,0.4814471925225451,0.0,0.0,0.043333333333333335,8772.868045591405,3114.410890387835,905.0,haco_safemarl_pilot,emergency,21652124,3
0.0,0.0,300.0,0.42333333333333323,0.6776537258850723,0.44193638036345617,0.8,0.6587212499925782,0.0,0.0,0.06333333333333334,261.48689859171526,156.93804597359514,841.0,haco_safemarl_mappo,emergency,21652124,3
0.0,0.5,300.0,0.775,0.5165956095461022,0.40151237937878237,1.0,0.49999999876543205,0.0,0.0,0.0,5306.999999999984,1952.3011958081718,0.0,fixed_auv_ga_pso_tlbo_proxy,generalization,21162031,2
0.0,0.5,300.0,0.9066666666666666,0.21827586162059168,0.21054615737508883,1.0,0.924528277356266,0.0,0.0,0.0,6942.000000000033,2317.700000000009,0.0,independent_greedy,generalization,21162031,2
0.0,0.0,300.0,0.7033333333333334,0.7433862633109136,0.6813199381297147,1.0,0.4999999992898624,0.0,89.0,0.0,7827.399752093434,2903.0523944043657,0.0,communication_aware,generalization,21162031,2
0.0,0.0,300.0,0.5266666666666666,0.7334524501254284,0.6871888314473471,1.0,0.9012649166281472,0.0,0.0,0.0,7212.09693656487,2405.7834168144814,588.0,haco_safemarl_pilot_no_acoustic,generalization,21162031,2
0.0,0.0,300.0,0.895,0.5296535061130494,0.48553193937082056,1.0,0.8050709792177712,0.0,24.0,0.0,8931.57158054948,2784.003654487506,0.0,haco_safemarl_pilot_no_shield,generalization,21162031,2
0.0,0.0,300.0,0.43166666666666664,0.7731136103940727,0.7509019883455859,1.0,0.9669937622700255,0.0,0.0,0.0,6934.837146800267,2411.459305642572,621.0,haco_safemarl_pilot,generalization,21162031,2
0.0,0.0,300.0,0.30666666666666664,0.786721186566381,0.7230253633046214,0.5,0.8363748836448648,0.0,0.0,0.0,1212.9893769015714,299.2733934354339,342.0,haco_safemarl_mappo,generalization,21162031,2
0.0,1.0,272.0,0.9117647058823529,0.3920616694122165,0.3140288845963423,1.0,0.49999999197222234,0.0,25.0,0.0,4811.679999999995,2023.8233862910465,0.0,fixed_auv_ga_pso_tlbo_proxy,generalization,21172038,2
0.0,1.0,208.0,0.9591346153846154,0.2621532645579314,0.24460144400557818,1.0,0.49999996257439727,0.0,20.0,0.0,4813.120000000003,1603.9000000000037,0.0,independent_greedy,generalization,21172038,2
0.0,0.0,300.0,0.9416666666666667,0.6723936045773502,0.6439535945448845,1.0,0.49999998163265374,0.0,98.0,0.0,7682.582907917407,2980.8005350662816,0.0,communication_aware,generalization,21172038,2
1.0,1.0,287.0,0.6533101045296167,0.631472973319886,0.5117462086295218,1.0,0.9868178399879591,0.0,0.0,0.0,8707.056534730933,2411.6713308847047,482.0,haco_safemarl_pilot_no_acoustic,generalization,21172038,2
0.0,1.0,246.0,0.8272357723577236,0.5143998704563207,0.3827579936723652,1.0,0.6748552175565535,0.0,76.0,0.0,7391.623253582162,1944.3247761102973,0.0,haco_safemarl_pilot_no_shield,generalization,21172038,2
0.0,0.0,300.0,0.8166666666666667,0.6951404021869269,0.6927397953597142,1.0,0.7117647021141867,0.0,0.0,0.0,8786.931724224361,3051.8058706532656,593.0,haco_safemarl_pilot,generalization,21172038,2
0.0,0.0,300.0,0.006666666666666667,0.8245822939902749,0.8182523268447035,0.06666666666666667,0.9999549587593575,0.0,0.0,0.0,906.4721071309875,383.933166807859,481.0,haco_safemarl_mappo,generalization,21172038,2
1.0,1.0,236.0,0.05508474576271186,0.8422555628838875,0.8410031963146087,0.5208333333333334,0.9998190515517013,0.0,0.0,0.038135593220338986,4174.840000000009,1479.8596694312102,0.0,fixed_auv_ga_pso_tlbo_proxy,generalization,21182045,2
1.0,1.0,181.0,0.4861878453038674,0.686048263235329,0.5456561561725131,1.0,0.6583193784905009,0.0,0.0,0.022099447513812154,4188.339999999994,1104.1000000000006,0.0,independent_greedy,generalization,21182045,2
1.0,1.0,205.0,0.07317073170731707,0.841967015895277,0.8404273433078198,0.5238095238095238,0.9997507543686162,0.0,0.0,0.03902439024390244,5586.25,1992.3668298426514,0.0,communication_aware,generalization,21182045,2
1.0,1.0,171.0,0.07602339181286549,0.8389600757920618,0.836348358495151,0.5,0.9974428637009927,0.0,0.0,0.017543859649122806,5362.86701053569,1185.6212833784568,104.0,haco_safemarl_pilot_no_acoustic,generalization,21182045,2
1.0,1.0,177.0,0.0847457627118644,0.8111742348782892,0.7972102235836478,0.5,0.9914994896760108,0.0,0.0,0.01694915254237288,5473.629648378894,1389.6096528730466,0.0,haco_safemarl_pilot_no_shield,generalization,21182045,2
1.0,1.0,171.0,0.05555555555555555,0.8420234127964192,0.8389988654152676,0.5,0.9965517238595838,0.0,0.0,0.017543859649122806,5359.490660022515,1389.0605246319324,101.0,haco_safemarl_pilot,generalization,21182045,2
0.0,0.0,300.0,0.0,0.8455854314100733,0.8453659697818156,0.0,0.99999999975,0.0,0.0,0.023333333333333334,922.6981486142137,203.58840332052404,249.0,haco_safemarl_mappo,generalization,21182045,2
0.0,1.0,177.0,0.0,0.9089354972327718,0.9076891825472603,0.0,0.99999999975,0.0,173.0,0.0,3131.130000000008,1531.4912271312714,0.0,fixed_auv_ga_pso_tlbo_proxy,generalization,21192052,2
0.0,1.0,136.0,0.06985294117647059,0.8830430616583179,0.8578004102691316,0.5,0.9943917971354315,0.0,132.0,0.0,3147.0399999999977,1068.8999999999994,0.0,independent_greedy,generalization,21192052,2
0.0,1.0,154.0,0.0,0.9089207513056213,0.9076808499996187,0.0,0.99999999975,0.0,151.0,0.0,4196.5,1648.2577992419915,0.0,communication_aware,generalization,21192052,2
0.0,0.5,300.0,0.0,0.900427608924036,0.8896896185853643,0.0,0.99999999975,0.0,13.0,0.0,5401.123993176042,2516.9944114789314,918.0,haco_safemarl_pilot_no_acoustic,generalization,21192052,2
0.0,1.0,132.0,0.0,0.9073015554372107,0.9031648549887891,0.0,0.99999999975,0.0,129.0,0.03787878787878788,4033.6687500000007,1090.5590389749575,0.0,haco_safemarl_pilot_no_shield,generalization,21192052,2
0.0,0.5,300.0,0.0,0.900427608924036,0.8896896185853643,0.0,0.99999999975,0.0,13.0,0.0,5401.123993176042,2516.9944114789314,918.0,haco_safemarl_pilot,generalization,21192052,2
0.0,0.0,300.0,0.0,0.868683422810315,0.8546280055027179,0.0,0.99999999975,0.0,14.0,0.10333333333333333,951.4619844895703,524.9216321238387,302.0,haco_safemarl_mappo,generalization,21192052,2
1.0,1.0,245.0,0.03469387755102041,0.8519746319702057,0.8170043178390506,0.34,0.9987099248277034,0.0,0.0,0.1673469387755102,4334.050000000006,2232.6199651349543,0.0,fixed_auv_ga_pso_tlbo_proxy,generalization,21202059,2
0.0,1.0,188.0,0.3696808510638298,0.7147110045887,0.5249824498486575,0.5,0.7440588153888196,0.05319148936170213,0.0,0.12234042553191489,4350.319999999996,1620.5000000000034,0.0,independent_greedy,generalization,21202059,2
1.0,1.0,212.0,0.007075471698113208,0.8528399640254161,0.8200578694621201,0.06818181818181818,0.9999492240059706,0.0,0.0,0.22169811320754718,5777.0,2231.412464992209,0.0,communication_aware,generalization,21202059,2
0.0,1.0,172.0,0.19476744186046513,0.8432814504064434,0.7843517364210617,0.5,0.9447290006162566,0.03488372093023256,0.0,0.11627906976744186,4927.252298493273,1243.1055318366732,110.0,haco_safemarl_pilot_no_acoustic,generalization,21202059,2
0.0,1.0,183.0,0.18032786885245902,0.8516769384378674,0.8080430332749339,0.5,0.953834414007133,0.0273224043715847,0.0,0.15846994535519127,5546.612404871025,1482.213074179372,0.0,haco_safemarl_pilot_no_shield,generalization,21202059,2
0.0,1.0,172.0,0.18895348837209303,0.8554125800825418,0.8108925339034887,0.5,0.9485170469127174,0.03488372093023256,0.0,0.1744186046511628,4936.058084418788,1227.8301387652189,117.0,haco_safemarl_pilot,generalization,21202059,2
0.0,0.0,300.0,0.07166666666666667,0.837371362544722,0.8347553144556751,0.5,0.9940755785379374,0.0,0.0,0.04,1031.4566889126188,272.14349885245167,390.0,haco_safemarl_mappo,generalization,21202059,2
0.0,1.0,292.0,0.5034246575342466,0.6758263573289912,0.6019980746240032,1.0,0.9664889206306113,0.0,10.0,0.0,5165.479999999987,2686.786828692898,0.0,fixed_auv_ga_pso_tlbo_proxy,generalization,21212066,2
0.0,1.0,223.0,0.6322869955156951,0.580398406490662,0.4254965668444769,1.0,0.689711764429719,0.0,8.0,0.0,5160.2200000000075,2116.7000000000075,0.0,independent_greedy,generalization,21212066,2
0.0,0.5,300.0,0.5333333333333333,0.7742889460607064,0.7368798367785782,1.0,0.9379785594800671,0.0,9.0,0.0,7928.134749870357,3299.9085239950173,0.0,communication_aware,generalization,21212066,2
1.0,1.0,219.0,0.2694063926940639,0.7339124098968126,0.596201172254124,0.5,0.8802998517741818,0.0,0.0,0.0,6808.113459845132,1719.7039464119034,148.0,haco_safemarl_pilot_no_acoustic,generalization,21212066,2
0.0,1.0,217.0,0.27419354838709675,0.6828287398842419,0.49632530912067674,0.5,0.8751080376659556,0.0,6.0,0.0,6650.34681968534,1680.094352209763,0.0,haco_safemarl_pilot_no_shield,generalization,21212066,2
1.0,1.0,220.0,0.2727272727272727,0.7607749783512092,0.6495561209143719,0.5,0.8767123284038281,0.0,0.0,0.0,6890.866412592032,1734.9516890483803,147.0,haco_safemarl_pilot,generalization,21212066,2
0.0,0.0,300.0,0.0,0.8759221696712226,0.8499260993507073,0.0,0.99999999975,0.0,0.0,0.0,494.0455734633559,174.880289507138,81.0,haco_safemarl_mappo,generalization,21212066,2
0.0,0.5,300.0,0.32166666666666666,0.794229617856242,0.7613077761421613,0.7166666666666667,0.8558990995203478,0.0,168.0,0.0,5306.999999999984,1795.8889532272008,0.0,fixed_auv_ga_pso_tlbo_proxy,generalization,21222073,2
0.0,1.0,252.0,0.8313492063492064,0.5401053348548748,0.36045200777073305,1.0,0.8690161107546309,0.0,151.0,0.0,5831.280000000017,1680.9000000000062,0.0,independent_greedy,generalization,21222073,2
0.0,1.0,285.0,0.3087719298245614,0.7991789388347517,0.7768098534945177,0.7068965517241379,0.8704497024184012,0.0,170.0,0.0,7725.020566740763,2754.827377482948,0.0,communication_aware,generalization,21222073,2
0.0,0.5,300.0,0.33,0.8044008919083843,0.7652925477831742,0.5,0.9439044899481834,0.0,0.0,0.0,8075.191271870266,2246.190998883663,443.0,haco_safemarl_pilot_no_acoustic,generalization,21222073,2
0.0,1.0,248.0,0.5443548387096774,0.7506119992695952,0.7277776567648392,1.0,0.8631201829612454,0.0,116.0,0.0,7637.739023929649,1960.3910036442612,0.0,haco_safemarl_pilot_no_shield,generalization,21222073,2
0.0,0.5,300.0,0.21666666666666667,0.8148616985622529,0.7858475941692457,0.5,0.9349235636114411,0.0,0.0,0.0,8175.207917268074,2462.0682991265594,452.0,haco_safemarl_pilot,generalization,21222073,2
0.0,0.0,300.0,0.20333333333333334,0.8161385464171703,0.800872856148701,0.5,0.9923386952793921,0.0,0.0,0.0,1432.2732512097418,178.05415043788682,309.0,haco_safemarl_mappo,generalization,21222073,2
0.0,1.0,166.0,0.0,0.8879530542586417,0.8878538325211561,0.0,0.99999999975,0.0,115.0,0.0,2936.5400000000072,1362.793013450553,0.0,fixed_auv_ga_pso_tlbo_proxy,generalization,21232080,2
0.0,1.0,127.0,0.24015748031496062,0.8260143034666158,0.7429206296210119,0.5,0.9091774465544513,0.023622047244094488,88.0,0.1889763779527559,2938.779999999999,1095.2999999999995,0.0,independent_greedy,generalization,21232080,2
0.0,1.0,144.0,0.0,0.888016794417267,0.8876766877967462,0.0,0.99999999975,0.0,100.0,0.0,3924.0,1489.543114620402,0.0,communication_aware,generalization,21232080,2
1.0,1.0,121.0,0.0,0.8867715342013724,0.8720511355461427,0.0,0.99999999975,0.0,0.0,0.09917355371900827,3691.7276922218543,1111.8261209214058,64.0,haco_safemarl_pilot_no_acoustic,generalization,21232080,2
0.0,1.0,124.0,0.0,0.887081613488906,0.8806287274232664,0.0,0.99999999975,0.0,11.0,0.0,3757.3546288980865,1058.6221980701087,0.0,haco_safemarl_pilot_no_shield,generalization,21232080,2
1.0,1.0,121.0,0.0,0.8870537334182855,0.8734027060074239,0.0,0.99999999975,0.0,0.0,0.09917355371900827,3694.760353198165,1073.7125683167494,58.0,haco_safemarl_pilot,generalization,21232080,2
0.0,0.0,300.0,0.0,0.8611662324915405,0.8386487085637158,0.0,0.99999999975,0.0,0.0,0.0,170.6799214454916,90.33075246945904,41.0,haco_safemarl_mappo,generalization,21232080,2
1.0,1.0,234.0,0.0,0.8857545139849009,0.869550901136443,0.0,0.99999999975,0.0,0.0,0.0,4139.46000000001,2064.7768236725888,0.0,fixed_auv_ga_pso_tlbo_proxy,generalization,21242087,2
1.0,1.0,179.0,0.19832402234636873,0.8233935201936072,0.7599469414454757,0.5,0.9423292526004671,0.0,0.0,0.0,4142.059999999993,1689.700000000004,0.0,independent_greedy,generalization,21242087,2
1.0,1.0,203.0,0.0,0.8856329720411383,0.8691443421805509,0.0,0.99999999975,0.0,0.0,0.0,5531.75,2201.3091059345193,0.0,communication_aware,generalization,21242087,2
1.0,1.0,171.0,0.0,0.8888256297887903,0.8880462967155872,0.0,0.99999999975,0.0,0.0,0.0,5158.132500000005,1400.7525460660706,21.0,haco_safemarl_pilot_no_acoustic,generalization,21242087,2
1.0,1.0,174.0,0.0,0.8884868990110184,0.887379574143416,0.0,0.99999999975,0.0,0.0,0.0,5237.853109923759,1502.5203734309428,0.0,haco_safemarl_pilot_no_shield,generalization,21242087,2
1.0,1.0,171.0,0.0,0.889035952617431,0.8878125025436596,0.0,0.99999999975,0.0,0.0,0.0,5157.1925378395745,1584.0855633282335,19.0,haco_safemarl_pilot,generalization,21242087,2
0.0,0.0,300.0,0.0,0.8642348096616281,0.8326354048473754,0.0,0.99999999975,0.0,0.0,0.0,196.15719405377718,350.48226633687057,159.0,haco_safemarl_mappo,generalization,21242087,2
1.0,1.0,210.0,0.7547619047619047,0.5952196889300451,0.4973436803064539,1.0,0.5098029782564962,0.0,0.0,0.0,3714.9000000000096,1693.7169472082865,0.0,fixed_auv_ga_pso_tlbo_proxy,generalization,21252094,2
1.0,1.0,161.0,0.6832298136645962,0.5359478255708092,0.3795218064864522,1.0,0.6191382994496143,0.0,0.0,0.0,3725.5399999999945,1406.5000000000025,0.0,independent_greedy,generalization,21252094,2
0.0,0.5,300.0,0.8083333333333333,0.6782719769023623,0.6308872286743366,1.0,0.6254137871802118,0.0,0.0,0.0,7754.182116520577,3025.183717262295,0.0,communication_aware,generalization,21252094,2
1.0,1.0,206.0,0.3907766990291262,0.6547284246050185,0.48333560435810435,1.0,0.9014308193124463,0.0,0.0,0.0,6231.730547588398,1941.6632770237406,271.0,haco_safemarl_pilot_no_acoustic,generalization,21252094,2
0.0,1.0,168.0,0.49702380952380953,0.6425476306821263,0.48951099646909296,1.0,0.9042297212207628,0.0,55.0,0.0,5126.443927319116,1225.971311681076,0.0,haco_safemarl_pilot_no_shield,generalization,21252094,2
0.0,1.0,216.0,0.3912037037037037,0.657279938143641,0.4861026162043464,1.0,0.8972499670273435,0.0,12.0,0.0,6509.079495526513,2037.3645988616697,283.0,haco_safemarl_pilot,generalization,21252094,2
0.0,0.0,300.0,0.11166666666666666,0.8273273848213102,0.7937162992975033,0.5,0.9844444133350428,0.0,0.0,0.0,357.73746421059224,165.84161649112377,318.0,haco_safemarl_mappo,generalization,21252094,2
1.0,1.0,228.0,0.06798245614035088,0.8640853137135421,0.8216554693401411,0.5,0.9947077415014985,0.0,0.0,0.0,4033.3200000000106,1809.2424447625467,0.0,fixed_auv_ga_pso_tlbo_proxy,generalization,21262101,2
1.0,1.0,174.0,0.367816091954023,0.7868849987266893,0.7439917923963244,1.0,0.9391493319537082,0.0,0.0,0.0,4026.359999999993,1230.500000000002,0.0,independent_greedy,generalization,21262101,2
1.0,1.0,198.0,0.05555555555555555,0.8645066965339941,0.8227782018584969,0.5,0.9965517238595838,0.0,0.0,0.0,5394.953128070763,2034.6822089809161,0.0,communication_aware,generalization,21262101,2
1.0,1.0,165.0,0.03636363636363636,0.8634285399400772,0.8393674744377682,0.35294117647058826,0.9985780303038839,0.0,0.0,0.0,5112.352500000006,1271.8853215831782,45.0,haco_safemarl_pilot_no_acoustic,generalization,21262101,2
1.0,1.0,170.0,0.023529411764705882,0.8625073256970252,0.8388170912597972,0.23529411764705882,0.9994197008842011,0.0,0.0,0.0,5234.532741305252,1424.0701467550136,0.0,haco_safemarl_pilot_no_shield,generalization,21262101,2
1.0,1.0,165.0,0.012121212121212121,0.86387283496864,0.8406972875475663,0.11764705882352941,0.9998494710117325,0.0,0.0,0.0,5112.914303048491,1388.337071688778,46.0,haco_safemarl_pilot,generalization,21262101,2
0.0,0.0,300.0,0.01,0.8636853926576794,0.825173468965123,0.1,0.9998979797490568,0.0,0.0,0.0,678.0245570267217,234.33900093285854,384.0,haco_safemarl_mappo,generalization,21262101,2
1.0,1.0,152.0,0.5888157894736842,0.7161932075290576,0.6989358124788718,1.0,0.9892997326290505,0.0,0.0,0.0,2688.8800000000065,1486.8170041523715,0.0,fixed_auv_ga_pso_tlbo_proxy,generalization,21272108,2
1.0,1.0,116.0,0.603448275862069,0.6487247286727241,0.48567999155664454,1.0,0.581798184779442,0.0,0.0,0.0,2684.2400000000002,1127.2999999999997,0.0,independent_greedy,generalization,21272108,2
0.0,0.5,300.0,0.8266666666666667,0.6763750726784333,0.6650839035947087,1.0,0.9996303059180474,0.0,0.0,0.013333333333333334,7746.109718732701,3222.1082840793842,0.0,communication_aware,generalization,21272108,2
1.0,1.0,113.0,0.46017699115044247,0.6695586935375893,0.4389467903274212,0.5,0.5791439685838485,0.0,0.0,0.0,3515.6537499999954,661.8823312743983,111.0,haco_safemarl_pilot_no_acoustic,generalization,21272108,2
1.0,1.0,113.0,0.43805309734513276,0.5972338440914922,0.2966378668553703,0.5,0.6220208249925728,0.0,0.0,0.0,3426.2719121064792,680.6167621481927,0.0,haco_safemarl_pilot_no_shield,generalization,21272108,2
1.0,1.0,113.0,0.4424778761061947,0.7063482801864098,0.5135375552896148,0.5,0.6135415053395303,0.0,0.0,0.0,3557.2587418858925,651.9565695623563,111.0,haco_safemarl_pilot,generalization,21272108,2
0.0,0.0,300.0,0.0,0.828362498970029,0.8277382470476433,0.0,0.99999999975,0.0,0.0,0.0,210.25117724013595,142.4805453461546,411.0,haco_safemarl_mappo,generalization,21272108,2
0.0,1.0,298.0,0.0,0.8786177495645746,0.8774366117079706,0.0,0.99999999975,0.0,193.0,0.0,5271.619999999984,2426.08470298193,0.0,fixed_auv_ga_pso_tlbo_proxy,generalization,21282115,2
0.0,1.0,228.0,0.30701754385964913,0.7293017338789634,0.5734444775282604,0.5,0.835922849890716,0.0,149.0,0.0,5275.920000000009,1910.900000000006,0.0,independent_greedy,generalization,21282115,2
0.0,1.0,258.0,0.0,0.878687789555321,0.8779694952166476,0.0,0.99999999975,0.0,168.0,0.0,7030.5,2592.700816950423,0.0,communication_aware,generalization,21282115,2
1.0,1.0,213.0,0.08215962441314555,0.8707906779122797,0.8536931341685616,0.5,0.9920509256939488,0.0,0.0,0.0,6538.267516126257,1822.9543941051588,95.0,haco_safemarl_pilot_no_acoustic,generalization,21282115,2
0.0,1.0,222.0,0.08558558558558559,0.8649464890686549,0.8566944825940005,0.5,0.9959157037007423,0.0,28.0,0.0,6754.540277444718,1898.2169299605582,0.0,haco_safemarl_pilot_no_shield,generalization,21282115,2
1.0,1.0,213.0,0.046948356807511735,0.8745786919382633,0.8609390849270978,0.45454545454545453,0.9975792197507857,0.0,0.0,0.0,6539.389997484295,1856.5443942902868,94.0,haco_safemarl_pilot,generalization,21282115,2
0.0,0.0,300.0,0.0,0.8613245580255392,0.8447676801591961,0.0,0.99999999975,0.0,0.0,0.0,1018.9622006564144,142.4590599163069,200.0,haco_safemarl_mappo,generalization,21282115,2
0.0,0.5,300.0,0.3516666666666667,0.7616864238982588,0.6805559005187332,1.0,0.9711892684204669,0.0,2.0,0.0,5306.999999999984,2519.9342864975692,0.0,fixed_auv_ga_pso_tlbo_proxy,generalization,21292122,2
0.0,1.0,247.0,0.5748987854251012,0.5641943228830725,0.29712265726872533,1.0,0.5929332037730685,0.0,17.0,0.0,5715.580000000015,2008.900000000007,0.0,independent_greedy,generalization,21292122,2
0.0,0.5,300.0,0.44,0.7709986350358807,0.7248689329747808,1.0,0.9748212612878294,0.0,2.0,0.0,7935.742154841311,2972.560139321098,0.0,communication_aware,generalization,21292122,2
0.0,1.0,287.0,0.3083623693379791,0.718612486992561,0.5441711318566438,0.5,0.834183700109502,0.0,1.0,0.0,8146.871992521707,2237.639070384289,364.0,haco_safemarl_pilot_no_acoustic,generalization,21292122,2
0.0,1.0,241.0,0.29045643153526973,0.729027838892826,0.5600947533911251,0.5,0.8564775486237584,0.0,18.0,0.0,7415.804167571117,1887.7966181082772,0.0,haco_safemarl_pilot_no_shield,generalization,21292122,2
0.0,0.0,300.0,0.455,0.7678669318877426,0.7066183005651937,1.0,0.9448528754525335,0.0,1.0,0.0,8933.8616366506,2946.6829849364,402.0,haco_safemarl_pilot,generalization,21292122,2
0.0,0.0,300.0,0.0,0.8515929443661368,0.8333074032166227,0.0,0.99999999975,0.0,1.0,0.0,554.9536855971843,158.6233762552622,286.0,haco_safemarl_mappo,generalization,21292122,2
1.0,1.0,183.0,0.0,0.8784173893855002,0.8678608460615422,0.0,0.99999999975,0.0,0.0,0.0,3237.270000000008,1715.3824428072544,0.0,fixed_auv_ga_pso_tlbo_proxy,generalization,21302129,2
1.0,1.0,140.0,0.21071428571428572,0.8437874081231481,0.8013431448057006,0.5,0.9334696682409696,0.0,0.0,0.0,3239.599999999997,1273.700000000001,0.0,independent_greedy,generalization,21302129,2
1.0,1.0,158.0,0.0,0.8787876184266624,0.8684780465334436,0.0,0.99999999975,0.0,0.0,0.0,4305.5,1837.0804013375343,0.0,communication_aware,generalization,21302129,2
1.0,1.0,139.0,0.06474820143884892,0.8655243311059737,0.8260632639253169,0.5,0.9952299626166178,0.0,0.0,0.0,4070.3995256280805,1051.972451723954,86.0,haco_safemarl_pilot_no_acoustic,generalization,21302129,2
1.0,1.0,136.0,0.3602941176470588,0.8273315067731177,0.748226300088088,0.5,0.7591775322456933,0.0,0.0,0.0,4105.499563678042,999.9872422009112,0.0,haco_safemarl_pilot_no_shield,generalization,21302129,2
1.0,1.0,139.0,0.06115107913669065,0.8658474037309359,0.8267122577275494,0.5,0.9957754711410702,0.0,0.0,0.0,4073.255270670964,1029.2790800305363,86.0,haco_safemarl_pilot,generalization,21302129,2
0.0,0.0,300.0,0.0,0.8342834418715231,0.8315226863274433,0.0,0.99999999975,0.0,0.0,0.0,698.8542497589835,561.4962717006572,352.0,haco_safemarl_mappo,generalization,21302129,2
1.0,1.0,295.0,0.5508474576271186,0.5627419485422309,0.5122659580181319,1.0,0.9719723171683614,0.0,0.0,0.003389830508474576,5218.549999999986,2387.1839725327336,0.0,fixed_auv_ga_pso_tlbo_proxy,generalization,21312136,2
1.0,1.0,226.0,0.6924778761061947,0.5459081131756655,0.40321006509648566,1.0,0.4999999993391129,0.0,0.0,0.06637168141592921,5229.6400000000085,2014.300000000002,0.0,independent_greedy,generalization,21312136,2
0.0,0.0,300.0,0.6216666666666667,0.6894695587575767,0.6574338021903643,1.0,0.9793036586693273,0.0,0.0,0.01,7821.712548947121,2964.1729009221435,0.0,communication_aware,generalization,21312136,2
0.0,0.0,300.0,0.6116666666666667,0.5877351446278186,0.5151683817234696,1.0,0.9435329680399392,0.0,0.0,0.0,8863.467043250424,3134.8556352012242,443.0,haco_safemarl_pilot_no_acoustic,generalization,21312136,2
0.0,0.0,300.0,0.67,0.5194511638000561,0.47352393413911914,1.0,0.9803941160289216,0.0,0.0,0.0033333333333333335,8863.191893122437,3102.064031866136,0.0,haco_safemarl_pilot_no_shield,generalization,21312136,2
0.0,0.0,300.0,0.5883333333333334,0.7214514243771382,0.6873816824076578,1.0,0.9803162244395595,0.0,0.0,0.0033333333333333335,8772.514280402062,3140.4638226928773,447.0,haco_safemarl_pilot,generalization,21312136,2
0.0,0.0,300.0,0.0,0.8459121084189296,0.8384314678859912,0.0,0.99999999975,0.0,0.0,0.02666666666666667,361.0946638055993,57.669654393246006,312.0,haco_safemarl_mappo,generalization,21312136,2
0.0,0.5,300.0,0.0,0.8902963362846178,0.8890775496527002,0.0,0.99999999975,0.0,0.0,0.0,5306.999999999983,2178.2758273481,0.0,fixed_auv_ga_pso_tlbo_proxy,generalization,21322143,2
1.0,1.0,281.0,0.3185053380782918,0.7230390399649803,0.579275385560431,0.896551724137931,0.8923882753746615,0.0,0.0,0.0,6502.3400000000265,2307.7000000000085,0.0,independent_greedy,generalization,21322143,2
0.0,0.5,300.0,0.0,0.8918219624623168,0.8907036094678569,0.0,0.99999999975,0.0,0.0,0.0,8175.0,3204.5702775402883,0.0,communication_aware,generalization,21322143,2
1.0,1.0,263.0,0.08555133079847908,0.8773173280715837,0.8554321186459303,0.5,0.9913233867131325,0.0,0.0,0.0,8042.695000000011,2015.1769356321433,77.0,haco_safemarl_pilot_no_acoustic,generalization,21322143,2
1.0,1.0,274.0,0.08394160583941605,0.8760022216396768,0.8552527058231146,0.5,0.9916732249549393,0.0,0.0,0.0,8334.047019801896,2369.694821838951,0.0,haco_safemarl_pilot_no_shield,generalization,21322143,2
1.0,1.0,264.0,0.058712121212121215,0.8806926114647089,0.8626670823101193,0.5,0.9961245309133125,0.0,0.0,0.0,8071.137505418018,2062.4697141359147,74.0,haco_safemarl_pilot,generalization,21322143,2
0.0,0.0,300.0,0.0,0.8490715532611851,0.840673539794255,0.0,0.99999999975,0.0,0.0,0.0,1218.0380500890597,84.93000762856761,257.0,haco_safemarl_mappo,generalization,21322143,2
0.0,0.5,300.0,0.7116666666666667,0.493122851162537,0.4259109037505346,1.0,0.9082053747120686,0.0,37.0,0.0,5306.999999999984,2358.45092097163,0.0,fixed_auv_ga_pso_tlbo_proxy,generalization,21332150,2
0.0,1.0,269.0,0.895910780669145,0.27099994717617915,0.2531655125070564,1.0,0.6847161463871736,0.0,28.0,0.0,6224.660000000023,2331.70000000001,0.0,independent_greedy,generalization,21332150,2
0.0,0.0,300.0,0.7466666666666667,0.6851256247485857,0.6521621184130995,1.0,0.952349543045694,0.0,50.0,0.0,7774.960625105372,2799.2041565060786,0.0,communication_aware,generalization,21332150,2
0.0,0.5,300.0,0.7,0.5918398379965527,0.510660668285097,1.0,0.9878048753383402,0.0,0.0,0.0,9094.545970807028,2499.5264255812394,465.0,haco_safemarl_pilot_no_acoustic,generalization,21332150,2
0.0,1.0,292.0,0.6746575342465754,0.5618389221847484,0.41082543136931704,1.0,0.957559679531953,0.0,3.0,0.0,8845.202538348118,2285.79351196324,0.0,haco_safemarl_pilot_no_shield,generalization,21332150,2
0.0,0.0,300.0,0.8333333333333334,0.686130656999097,0.6667400525818611,1.0,0.5979430726013588,0.0,0.0,0.0,8538.960441187726,2974.6298584735964,555.0,haco_safemarl_pilot,generalization,21332150,2
0.0,0.0,300.0,0.32666666666666666,0.805983521203735,0.7631653782642193,0.5,0.809474686196374,0.0,0.0,0.0,1150.0297074089192,299.25807994337515,405.0,haco_safemarl_mappo,generalization,21332150,2
0.0,1.0,283.0,0.6201413427561837,0.6944377904469708,0.6928491132318431,1.0,0.9999783654201692,0.0,57.0,0.0035335689045936395,5006.26999999999,2341.656323144228,0.0,fixed_auv_ga_pso_tlbo_proxy,generalization,21342157,2
0.0,1.0,216.0,0.8310185185185185,0.5271727667811279,0.37340727946737456,1.0,0.7069514416312647,0.06481481481481481,44.0,0.14814814814814814,4998.240000000005,1602.500000000004,0.0,independent_greedy,generalization,21342157,2
0.0,0.5,300.0,0.6866666666666666,0.7616569354873439,0.7579571327677527,1.0,0.9998868368793197,0.0,61.0,0.006666666666666667,7867.5384313706045,2904.578924284832,0.0,communication_aware,generalization,21342157,2
1.0,1.0,224.0,0.34151785714285715,0.7579217849412085,0.7183369810416407,0.5,0.995868902913868,0.0,0.0,0.11607142857142858,6922.331956785316,1582.0800814012146,332.0,haco_safemarl_pilot_no_acoustic,generalization,21342157,2
0.0,1.0,217.0,0.6129032258064516,0.6797990547994334,0.5821184176904077,1.0,0.9949238562165126,0.0,46.0,0.08294930875576037,6651.776868186869,1630.7016134256007,0.0,haco_safemarl_pilot_no_shield,generalization,21342157,2
1.0,1.0,232.0,0.25646551724137934,0.775002264472048,0.7327275051429247,0.5,0.9993199330530168,0.0,0.0,0.10344827586206896,7164.611923465381,1826.7741008971893,352.0,haco_safemarl_pilot,generalization,21342157,2
0.0,0.0,300.0,0.13666666666666666,0.824976136710316,0.8084473015493077,0.5,0.9755533576401216,0.0,0.0,0.09333333333333334,1315.2096940956105,282.15185080106545,371.0,haco_safemarl_mappo,generalization,21342157,2
0.0,0.5,300.0,0.7283333333333334,0.4976935851531827,0.46760453827008697,1.0,0.9108330448414472,0.0,63.0,0.06666666666666667,5306.999999999984,2618.104110596293,0.0,fixed_auv_ga_pso_tlbo_proxy,generalization,21352164,2
0.0,1.0,250.0,0.922,0.34786073893568414,0.3123825801547856,1.0,0.4999999897271534,0.0,47.0,0.0,5785.000000000016,2289.7000000000094,0.0,independent_greedy,generalization,21352164,2
0.0,0.5,300.0,0.7566666666666667,0.6791945441123838,0.6653615067364064,1.0,0.9645248829498987,0.0,149.0,0.06333333333333334,7768.004582249862,2905.4879367675862,0.0,communication_aware,generalization,21352164,2
0.0,0.0,300.0,0.6066666666666667,0.7018659989503171,0.6823198209718419,1.0,0.9693003813568216,0.0,0.0,0.0,8449.445885536066,3199.9057312865143,580.0,haco_safemarl_pilot_no_acoustic,generalization,21352164,2
0.0,1.0,269.0,0.6970260223048327,0.57462658605985,0.4274078359023377,1.0,0.9916025949185133,0.0,119.0,0.0,8151.687281732413,2196.354958751139,0.0,haco_safemarl_pilot_no_shield,generalization,21352164,2
0.0,0.0,300.0,0.56,0.7549798301780553,0.740484978797851,1.0,0.9729729717505086,0.0,0.0,0.0,8867.327176018633,3278.554107412014,535.0,haco_safemarl_pilot,generalization,21352164,2
0.0,0.0,300.0,0.023333333333333334,0.8287491567425029,0.82082843035788,0.23333333333333334,0.9994295557232162,0.0,0.0,0.0,623.4228667874164,261.02469821381584,278.0,haco_safemarl_mappo,generalization,21352164,2
0.0,1.0,248.0,0.15524193548387097,0.824000478985434,0.7867895759015133,0.5,0.9673315330900062,0.0,45.0,0.0,4387.120000000004,1655.431229446717,0.0,fixed_auv_ga_pso_tlbo_proxy,generalization,21362171,2
0.0,1.0,190.0,0.6,0.650333828979729,0.53257110358163,1.0,0.7489626547251831,0.0,35.0,0.0,4396.599999999997,1359.3000000000022,0.0,independent_greedy,generalization,21362171,2
0.0,1.0,215.0,0.08372093023255814,0.8245987644205708,0.7899551200126029,0.5,0.9917205424715569,0.0,40.0,0.0,5858.75,2234.4894534806836,0.0,communication_aware,generalization,21362171,2
1.0,1.0,176.0,0.22727272727272727,0.8190712663358576,0.7935076159983037,0.5,0.9565082480525829,0.0,0.0,0.0,4651.995426000936,1090.0337204970488,215.0,haco_safemarl_pilot_no_acoustic,generalization,21362171,2
0.0,1.0,187.0,0.2967914438502674,0.8057071388939996,0.7849080922090036,0.5,0.8930794056652023,0.0,63.0,0.0,5729.263872567628,1566.2017762724329,0.0,haco_safemarl_pilot_no_shield,generalization,21362171,2
1.0,1.0,176.0,0.21022727272727273,0.8227326418927065,0.8055988240735281,0.5,0.9755617264552007,0.0,0.0,0.0,4724.710445948173,1264.8432763309986,219.0,haco_safemarl_pilot,generalization,21362171,2
0.0,0.0,300.0,0.10166666666666667,0.8312518122234542,0.8194358099631266,0.5,0.987353946449311,0.0,0.0,0.0,439.98977546972355,486.55332287661054,341.0,haco_safemarl_mappo,generalization,21362171,2
0.0,0.5,300.0,0.5783333333333334,0.5240530113178276,0.5171505095686646,1.0,0.9996095810043905,0.0,39.0,0.03666666666666667,5306.999999999984,2427.8633764872716,0.0,fixed_auv_ga_pso_tlbo_proxy,generalization,21372178,2
0.0,1.0,254.0,0.6240157480314961,0.4690889152789129,0.35971715694872497,1.0,0.884559428323839,0.0,29.0,0.0,5877.560000000018,2351.3000000000043,0.0,independent_greedy,generalization,21372178,2
0.0,0.0,300.0,0.6333333333333333,0.6843027585740755,0.6833046209692499,1.0,0.9999173603422745,0.0,0.0,0.03,7795.279091253462,3000.3894209386754,0.0,communication_aware,generalization,21372178,2
0.0,0.0,300.0,0.6316666666666667,0.5723008715167373,0.5226653654852698,1.0,0.9755322956138316,0.0,0.0,0.05,8746.642835746612,3191.2505240724195,453.0,haco_safemarl_pilot_no_acoustic,generalization,21372178,2
0.0,0.0,300.0,0.685,0.49989040453323375,0.4749884656666001,1.0,0.9952911649602617,0.0,0.0,0.04666666666666667,8835.931356168387,3151.1946501389007,0.0,haco_safemarl_pilot_no_shield,generalization,21372178,2
0.0,0.0,300.0,0.615,0.7153228133735154,0.6999959974097916,1.0,0.991803277029436,0.0,0.0,0.05,8654.290853198781,3196.3953169556203,456.0,haco_safemarl_pilot,generalization,21372178,2
0.0,0.0,300.0,0.07833333333333334,0.8372202653823284,0.830761571927854,0.5,0.9928283409107436,0.0,0.0,0.006666666666666667,468.2573144583829,114.16073316765048,332.0,haco_safemarl_mappo,generalization,21372178,2
0.0,1.0,276.0,0.4855072463768116,0.6562984298682387,0.5728247876539432,1.0,0.9744357986489561,0.0,55.0,0.0,4882.439999999993,2361.062456559939,0.0,fixed_auv_ga_pso_tlbo_proxy,generalization,21382185,2
0.0,1.0,211.0,0.533175355450237,0.6241975032195227,0.5575493215829156,1.0,0.9787894062149638,0.0,42.0,0.0,4882.540000000004,1986.3000000000065,0.0,independent_greedy,generalization,21382185,2
0.0,0.5,300.0,0.59,0.7205897811868175,0.674368006254002,1.0,0.979033196011891,0.0,48.0,0.0,7845.817164460134,3019.620980073498,0.0,communication_aware,generalization,21382185,2
1.0,1.0,260.0,0.3730769230769231,0.7146035719365701,0.6240916558725386,1.0,0.9804782634670424,0.0,0.0,0.0,7477.157127996308,2126.260761130712,359.0,haco_safemarl_pilot_no_acoustic,generalization,21382185,2
0.0,1.0,211.0,0.31516587677725116,0.6957638460575548,0.557520816691761,1.0,0.9400225093770317,0.0,41.0,0.0,6479.053922519742,1723.1904172115587,0.0,haco_safemarl_pilot_no_shield,generalization,21382185,2
0.0,0.5,300.0,0.44333333333333336,0.7215644952061808,0.6502617401303041,1.0,0.9745265210033249,0.0,0.0,0.0,9010.346790967973,2709.7202209864095,436.0,haco_safemarl_pilot,generalization,21382185,2
0.0,0.0,300.0,0.0,0.8591427959971535,0.8384667434128718,0.0,0.99999999975,0.0,0.0,0.0,271.6185001562869,73.09488561715553,183.0,haco_safemarl_mappo,generalization,21382185,2
0.0,0.5,300.0,0.0,0.8600722935704581,0.8270613789500874,0.0,0.99999999975,0.0,0.0,0.09,5306.999999999984,2538.109258011428,0.0,fixed_auv_ga_pso_tlbo_proxy,generalization,21392192,2
0.0,0.5,300.0,0.695,0.6099633837330656,0.5784401162177019,1.0,0.815651028461966,0.0,37.0,0.08333333333333333,6942.000000000033,2562.7000000000103,0.0,independent_greedy,generalization,21392192,2
0.0,0.5,300.0,0.0,0.8589766009127303,0.825159944809036,0.0,0.99999999975,0.0,34.0,0.10333333333333333,8175.0,2925.240773326167,0.0,communication_aware,generalization,21392192,2
0.0,0.5,300.0,0.03333333333333333,0.8577942440318646,0.8474435026121108,0.3333333333333333,0.9992395796007448,0.0,0.0,0.14,5775.151209052045,1645.5792663024333,409.0,haco_safemarl_pilot_no_acoustic,generalization,21392192,2
0.0,0.5,300.0,0.25833333333333336,0.8287199985087516,0.7968310018867625,0.5,0.9737944663609199,0.0,36.0,0.09,9103.248247899395,2351.4844467897437,0.0,haco_safemarl_pilot_no_shield,generalization,21392192,2
0.0,0.5,300.0,0.011666666666666667,0.8593654373424571,0.8474900391378909,0.11666666666666667,0.9999744066962853,0.0,0.0,0.15,5649.629232296971,1597.2459031225285,407.0,haco_safemarl_pilot,generalization,21392192,2
0.0,0.0,300.0,0.13666666666666666,0.8292507401932934,0.8275959597986038,0.5,0.9755533576401216,0.0,0.0,0.0,238.71654400613326,207.02601837736077,281.0,haco_safemarl_mappo,generalization,21392192,2
0.0,1.0,237.0,0.79957805907173,0.4543899306213945,0.44368014007386375,1.0,0.9945999497613305,0.0,159.0,0.0,4192.530000000009,2066.3061439924995,0.0,fixed_auv_ga_pso_tlbo_proxy,generalization,21402199,2
0.0,1.0,182.0,0.8901098901098901,0.40892175258905955,0.22436654595553795,1.0,0.9615384423978368,0.0,122.0,0.0,4211.479999999994,1682.100000000004,0.0,independent_greedy,generalization,21402199,2
0.0,0.5,300.0,0.86,0.5989711667330058,0.5903233202596713,1.0,0.9977375438636344,0.0,169.0,0.0,7680.895861413958,2975.2621305813113,0.0,communication_aware,generalization,21402199,2
0.0,0.0,300.0,0.7983333333333333,0.553433004643983,0.49343149935670577,1.0,0.818390157984622,0.0,0.0,0.0,8767.961300042494,3328.85840719605,547.0,haco_safemarl_pilot_no_acoustic,generalization,21402199,2
0.0,1.0,185.0,0.5648648648648649,0.5810133336303193,0.334557863282987,1.0,0.6936312543821371,0.0,31.0,0.0,5621.595308358377,1285.3421010106895,0.0,haco_safemarl_pilot_no_shield,generalization,21402199,2
0.0,0.0,300.0,0.7766666666666666,0.670646438648636,0.6396024440586516,1.0,0.8945795097393305,0.0,0.0,0.0,8631.686291558777,3133.769900199064,552.0,haco_safemarl_pilot,generalization,21402199,2
0.0,0.0,300.0,0.09833333333333333,0.8152150245472226,0.8077920981025906,0.5,0.9882462973340868,0.0,0.0,0.0,303.92506025305875,237.31519925835485,512.0,haco_safemarl_mappo,generalization,21402199,2
0.0,0.5,300.0,0.0,0.8999532980001987,0.8991331092541472,0.0,0.99999999975,0.0,0.0,0.01,5306.999999999984,2721.759196041247,0.0,fixed_auv_ga_pso_tlbo_proxy,generalization,21412206,2
1.0,1.0,247.0,0.305668016194332,0.793034744826581,0.7815477253082895,0.56,0.9997875481330114,0.0,0.0,0.0,5715.580000000015,2218.500000000009,0.0,independent_greedy,generalization,21412206,2
1.0,1.0,280.0,0.0,0.8948683073548656,0.8939210886156508,0.0,0.99999999975,0.0,0.0,0.0,7630.0,2978.5704422224726,0.0,communication_aware,generalization,21412206,2
1.0,1.0,240.0,0.0,0.8875873310955377,0.8744856832721573,0.0,0.99999999975,0.0,0.0,0.0,7354.688750000002,2026.1931075483176,32.0,haco_safemarl_pilot_no_acoustic,generalization,21412206,2
1.0,1.0,240.0,0.025,0.8834681859881398,0.8663706224503526,0.25,0.9993429695139703,0.0,0.0,0.0,7292.531863954264,2000.0555964506723,0.0,haco_safemarl_pilot_no_shield,generalization,21412206,2
1.0,1.0,240.0,0.0,0.8875680772433474,0.8744536129433501,0.0,0.99999999975,0.0,0.0,0.0,7355.199580628222,2001.6113659463947,32.0,haco_safemarl_pilot,generalization,21412206,2
0.0,0.0,300.0,0.0,0.8916145170483966,0.8871573935282748,0.0,0.99999999975,0.0,0.0,0.04,498.9628153395892,35.04603940605017,61.0,haco_safemarl_mappo,generalization,21412206,2
0.0,1.0,225.0,0.6533333333333333,0.505880569785688,0.5018190081233137,1.0,0.9998356593830453,0.0,36.0,0.0,3980.2500000000105,1738.3700481084272,0.0,fixed_auv_ga_pso_tlbo_proxy,generalization,21422213,2
0.0,1.0,172.0,0.7180232558139535,0.48804634321786017,0.47481851820935533,1.0,0.9280923231942512,0.0,28.0,0.0,3980.0799999999936,1472.7000000000005,0.0,independent_greedy,generalization,21422213,2
0.0,0.0,300.0,0.7733333333333333,0.6052603569351334,0.5985853216833288,1.0,0.9991356909074001,0.0,31.0,0.0,7712.2775464478245,2933.913216017637,0.0,communication_aware,generalization,21422213,2
0.0,0.5,300.0,0.75,0.5183609284915954,0.49165450320460224,1.0,0.9936406955737649,0.0,0.0,0.0,6386.348755532496,2323.8386358967396,715.0,haco_safemarl_pilot_no_acoustic,generalization,21422213,2
0.0,0.0,300.0,0.805,0.4102499866493521,0.40533392599368684,1.0,0.9999269474073469,0.0,26.0,0.0,8729.371043239764,3165.1094835496215,0.0,haco_safemarl_pilot_no_shield,generalization,21422213,2
0.0,0.0,300.0,0.7433333333333333,0.6914336942985823,0.6839058488387152,1.0,0.9973086589672928,0.0,0.0,0.0,6138.238403695915,2458.2133704356647,720.0,haco_safemarl_pilot,generalization,21422213,2
0.0,0.0,300.0,0.185,0.8336061334246313,0.7897479001867919,0.5,0.9509986395049757,0.0,0.0,0.0,334.63522926315625,224.10823297836345,265.0,haco_safemarl_mappo,generalization,21422213,2
0.0,1.0,138.0,0.43478260869565216,0.7768103888192305,0.7689629712430599,1.0,0.9973770484018835,0.0,41.0,0.0,2441.2200000000057,1329.404670798665,0.0,fixed_auv_ga_pso_tlbo_proxy,generalization,21432220,2
0.0,1.0,106.0,0.5188679245283019,0.7066297883301481,0.5557271003069003,1.0,0.6310043663822194,0.0,31.0,0.10377358490566038,2452.8400000000015,1050.6999999999994,0.0,independent_greedy,generalization,21432220,2
0.0,1.0,233.0,0.703862660944206,0.7246295773434116,0.7236786591325896,1.0,0.999790001350399,0.0,35.0,0.0,6054.636417109489,2585.7650398058317,0.0,communication_aware,generalization,21432220,2
1.0,1.0,112.0,0.4419642857142857,0.7720430137851978,0.6306980816465473,0.5,0.614528435156586,0.0,0.0,0.0,3206.8871406479293,794.7808423596468,153.0,haco_safemarl_pilot_no_acoustic,generalization,21432220,2
0.0,1.0,103.0,0.441747572815534,0.6489236894747529,0.384667565369101,0.5,0.6149446663013135,0.0,30.0,0.009708737864077669,3110.7559050569794,649.8017637677558,0.0,haco_safemarl_pilot_no_shield,generalization,21432220,2
1.0,1.0,112.0,0.4419642857142857,0.7847344035354319,0.6560791180182625,0.5,0.614528435156586,0.0,0.0,0.0,3224.8292483841583,794.8112973779029,153.0,haco_safemarl_pilot,generalization,21432220,2
0.0,0.0,300.0,0.19166666666666668,0.8193998053408525,0.7747604312461781,0.5,0.9467699734948307,0.0,0.0,0.06333333333333334,308.7174388827968,519.9022062286112,371.0,haco_safemarl_mappo,generalization,21432220,2
0.0,1.0,190.0,0.9710526315789474,0.3194633780380588,0.2838004915937488,1.0,0.49999992541323424,0.0,34.0,0.0,3361.1000000000085,1574.956979360671,0.0,fixed_auv_ga_pso_tlbo_proxy,generalization,21442227,2
0.0,1.0,145.0,0.8931034482758621,0.328198957555862,0.1731989822238757,1.0,0.4999999945304371,0.0,26.0,0.0,3355.2999999999965,1347.5000000000023,0.0,independent_greedy,generalization,21442227,2
0.0,0.0,300.0,0.99,0.5336287450657673,0.5138322477684023,1.0,0.49999937500078123,0.0,0.0,0.0,7584.94218207964,2974.809326049802,0.0,communication_aware,generalization,21442227,2
0.0,0.0,300.0,0.92,0.37312765308386886,0.30472086329100856,1.0,0.4999999902343752,0.0,0.0,0.0,8681.071968125732,3376.2530786845796,599.0,haco_safemarl_pilot_no_acoustic,generalization,21442227,2
0.0,0.0,300.0,0.9883333333333333,0.30039066927863517,0.26586769422725587,1.0,0.49999954081674824,0.0,132.0,0.0,8592.990159193712,3144.224924356506,0.0,haco_safemarl_pilot_no_shield,generalization,21442227,2
0.0,0.0,300.0,0.925,0.615582717840765,0.580144314561632,1.0,0.49999998888888914,0.0,0.0,0.0,8512.357305128753,3153.3045854090124,599.0,haco_safemarl_pilot,generalization,21442227,2
0.0,0.0,300.0,0.5,0.739119153464387,0.6487896227332042,0.5,0.49999999975,0.0,0.0,0.0,95.13267408402702,115.14120751092932,542.0,haco_safemarl_mappo,generalization,21442227,2
0.0,1.0,300.0,0.3466666666666667,0.7968340706191096,0.7482983294333831,1.0,0.922020880337322,0.0,91.0,0.27666666666666667,5306.999999999984,2747.0761924360345,0.0,fixed_auv_ga_pso_tlbo_proxy,generalization,21452234,2
0.0,1.0,229.0,0.8078602620087336,0.6531552306743144,0.5800980841990543,1.0,0.5600231393283066,0.0,71.0,0.0,5299.0600000000095,2050.5000000000073,0.0,independent_greedy,generalization,21452234,2
0.0,0.5,300.0,0.3416666666666667,0.8130289667868592,0.7817981938701021,1.0,0.8869794090035124,0.0,80.0,0.23333333333333334,8061.986076352921,3437.092729023442,0.0,communication_aware,generalization,21452234,2
0.0,1.0,220.0,0.275,0.7702579979784691,0.6958268705967539,0.5,0.9624609850885926,0.0,7.0,0.0,6851.948429254229,1985.7456345582577,199.0,haco_safemarl_pilot_no_acoustic,generalization,21452234,2
0.0,1.0,224.0,0.3482142857142857,0.7815663069063785,0.7197384571107932,0.5,0.9096961415410025,0.0,182.0,0.0,6825.319543639348,1752.9546823716862,0.0,haco_safemarl_pilot_no_shield,generalization,21452234,2
0.0,1.0,220.0,0.25681818181818183,0.7845724562957646,0.7198422342106706,0.5,0.9549790118226225,0.0,7.0,0.0,6882.37616237781,1962.1943321450347,193.0,haco_safemarl_pilot,generalization,21452234,2
0.0,0.0,300.0,0.0,0.8450225710441248,0.8444518573956183,0.0,0.99999999975,0.0,7.0,0.0,220.53740578505074,240.05005781552495,246.0,haco_safemarl_mappo,generalization,21452234,2
0.0,1.0,273.0,0.029304029304029304,0.8601722909113396,0.850429466899301,0.2857142857142857,0.9990894731947348,0.0,55.0,0.14652014652014653,4829.3699999999935,2055.894758074415,0.0,fixed_auv_ga_pso_tlbo_proxy,generalization,21462241,2
0.0,1.0,209.0,0.4138755980861244,0.7114755270808161,0.607577640730507,1.0,0.8880226049828429,0.0,42.0,0.11483253588516747,4836.260000000003,1634.3000000000043,0.0,independent_greedy,generalization,21462241,2
0.0,1.0,237.0,0.0189873417721519,0.8604580900390547,0.8513668183918554,0.1875,0.9996255302388839,0.0,48.0,0.1350210970464135,6457.6448586026,2544.809230715364,0.0,communication_aware,generalization,21462241,2
0.0,1.0,259.0,0.07915057915057915,0.8520923162621387,0.8374638087014858,0.5192307692307693,0.9946449020925459,0.0,18.0,0.1776061776061776,5778.894877052374,1803.7848905817427,326.0,haco_safemarl_pilot_no_acoustic,generalization,21462241,2
0.0,1.0,203.0,0.11822660098522167,0.8487641066605712,0.8341457002708287,0.5238095238095238,0.9864232494870274,0.0,41.0,0.15763546798029557,6211.711882227778,1797.2973837097466,0.0,haco_safemarl_pilot_no_shield,generalization,21462241,2
1.0,1.0,244.0,0.04918032786885246,0.8544560270271402,0.8438512731880169,0.48,0.9981455378893181,0.0,0.0,0.20081967213114754,5505.513566007351,1580.0303231567896,315.0,haco_safemarl_pilot,generalization,21462241,2
0.0,0.0,300.0,0.14666666666666667,0.8326217285324117,0.823359121338103,0.5,0.9836547839079588,0.0,0.0,0.27666666666666667,1756.725989442036,502.45607182577317,431.0,haco_safemarl_mappo,generalization,21462241,2
0.0,1.0,266.0,0.016917293233082706,0.8815331989195917,0.8568931928682278,0.16666666666666666,0.9997039579301374,0.07142857142857142,13.0,0.13533834586466165,4705.539999999997,1894.561286148772,0.0,fixed_auv_ga_pso_tlbo_proxy,generalization,21472248,2
0.0,1.0,203.0,0.5221674876847291,0.7653756242172829,0.6857725853501646,1.0,0.6704909850418608,0.034482758620689655,10.0,0.059113300492610835,4697.420000000001,1521.3000000000036,0.0,independent_greedy,generalization,21472248,2
0.0,1.0,230.0,0.004347826086956522,0.8818929259599642,0.8578226075369535,0.043478260869565216,0.9999809310624166,0.08260869565217391,12.0,0.14347826086956522,6267.5,2404.6973056849747,0.0,communication_aware,generalization,21472248,2
1.0,1.0,198.0,0.12878787878787878,0.8656182113537312,0.8208735597746989,0.5,0.9786147695528454,0.0,0.0,0.010101010101010102,5989.935188700679,1609.3617860351303,106.0,haco_safemarl_pilot_no_acoustic,generalization,21472248,2
0.0,1.0,198.0,0.15656565656565657,0.851743044270454,0.7940196261341245,0.5,0.9666897743683007,0.030303030303030304,10.0,0.05555555555555555,6086.562776941331,1485.8553670730591,0.0,haco_safemarl_pilot_no_shield,generalization,21472248,2
1.0,1.0,198.0,0.11868686868686869,0.8666261088853197,0.8229011297238918,0.5,0.9821869200991399,0.0,0.0,0.010101010101010102,6001.735413824049,1618.956906298615,107.0,haco_safemarl_pilot,generalization,21472248,2
0.0,0.0,300.0,0.0,0.8513593131125549,0.8503413704218363,0.0,0.99999999975,0.0,12.0,0.19333333333333333,980.3528991257349,169.1053363149619,199.0,haco_safemarl_mappo,generalization,21472248,2
0.0,0.5,300.0,0.0,0.9098070311592907,0.9089935655733486,0.0,0.99999999975,0.0,0.0,0.04,5306.999999999984,2655.118089784012,0.0,fixed_auv_ga_pso_tlbo_proxy,generalization,21482255,2
1.0,1.0,235.0,0.20851063829787234,0.8053087346268667,0.7144250005350863,0.5,0.9351028458277627,0.0,0.0,0.0,5437.9000000000115,2022.7000000000064,0.0,independent_greedy,generalization,21482255,2
1.0,1.0,266.0,0.0,0.9097802443603937,0.9089520517633805,0.0,0.99999999975,0.0,0.0,0.0,7248.5,2955.166142386908,0.0,communication_aware,generalization,21482255,2
1.0,1.0,228.0,0.0,0.901579266246698,0.8904566173877727,0.0,0.99999999975,0.0,0.0,0.0,6442.530477612969,1718.8453410545108,58.0,haco_safemarl_pilot_no_acoustic,generalization,21482255,2
1.0,1.0,228.0,0.0,0.9012465600929965,0.8897987510101962,0.0,0.99999999975,0.0,0.0,0.0,6921.387239602732,1873.6169333065054,0.0,haco_safemarl_pilot_no_shield,generalization,21482255,2
1.0,1.0,228.0,0.0,0.9016525396160409,0.8906413451926063,0.0,0.99999999975,0.0,0.0,0.0,6435.598565362728,1933.2519311480632,60.0,haco_safemarl_pilot,generalization,21482255,2
0.0,0.0,300.0,0.0,0.8664999202255474,0.8532146729147613,0.0,0.99999999975,0.0,0.0,0.0,221.61093865358194,21.784926909071558,155.0,haco_safemarl_mappo,generalization,21482255,2
0.0,1.0,273.0,0.8040293040293041,0.3511219725938715,0.292294407329999,1.0,0.8266425948296862,0.0,63.0,0.0,4829.369999999994,2163.143420801838,0.0,fixed_auv_ga_pso_tlbo_proxy,generalization,21492262,2
0.0,1.0,209.0,0.80622009569378,0.34744664720208823,0.2863261537423355,1.0,0.9130253214748318,0.0,49.0,0.0,4836.260000000003,1812.5000000000005,0.0,independent_greedy,generalization,21492262,2
0.0,0.0,300.0,0.8466666666666667,0.5621300280295272,0.510934862567397,1.0,0.8542591767376536,0.0,85.0,0.0,7675.996007286392,2976.9250038305668,0.0,communication_aware,generalization,21492262,2
0.0,0.0,300.0,0.7816666666666666,0.4568058778672534,0.3757306770901566,1.0,0.8683837628704311,0.0,0.0,0.0,8733.10331156144,3248.802061676678,531.0,haco_safemarl_pilot_no_acoustic,generalization,21492262,2
0.0,0.0,300.0,0.8633333333333333,0.37406735851094247,0.334469617085223,1.0,0.9540294997357186,0.0,132.0,0.0,8683.291054033003,3123.456239993404,0.0,haco_safemarl_pilot_no_shield,generalization,21492262,2
0.0,0.0,300.0,0.77,0.6620508491950464,0.6271253083841383,1.0,0.9224956363580408,0.0,0.0,0.0,8596.203688522955,3212.616599417888,538.0,haco_safemarl_pilot,generalization,21492262,2
0.0,0.0,300.0,0.0,0.8320693169268363,0.8251279784009546,0.0,0.99999999975,0.0,0.0,0.0,685.9737264677952,814.7727929727016,441.0,haco_safemarl_mappo,generalization,21492262,2
1.0,1.0,201.0,0.43781094527363185,0.7205783582198859,0.6513011061192583,1.0,0.9634799660656914,0.0,0.0,0.0,3555.690000000009,1668.59433263714,0.0,fixed_auv_ga_pso_tlbo_proxy,generalization,21502269,2
1.0,1.0,154.0,0.42207792207792205,0.6995354266596607,0.570606813104192,1.0,0.8726451465050223,0.0,0.0,0.0,3563.5599999999954,1404.7000000000025,0.0,independent_greedy,generalization,21502269,2
0.0,0.5,300.0,0.67,0.6651545555266555,0.6229991488424228,1.0,0.9713577778141177,0.0,0.0,0.0,7785.412312905712,2995.5143554725973,0.0,communication_aware,generalization,21502269,2
1.0,1.0,196.0,0.44642857142857145,0.7349437259405589,0.6514758755477688,1.0,0.9267663838692648,0.0,0.0,0.0,4653.141441184134,1489.192176766875,321.0,haco_safemarl_pilot_no_acoustic,generalization,21502269,2
1.0,1.0,154.0,0.36038961038961037,0.7385533481615885,0.6340296069526825,1.0,0.93250516550254,0.0,0.0,0.0,4724.995811379991,1239.5701822495137,0.0,haco_safemarl_pilot_no_shield,generalization,21502269,2
0.0,0.0,300.0,0.6283333333333333,0.7065034022018493,0.6694730525494499,1.0,0.9641513806899527,0.0,0.0,0.0,7247.13996067433,2640.0809525118857,558.0,haco_safemarl_pilot,generalization,21502269,2
0.0,0.0,300.0,0.0,0.8318335574907217,0.8294781047229681,0.0,0.99999999975,0.0,0.0,0.0,1010.5614689262043,617.9121299248133,334.0,haco_safemarl_mappo,generalization,21502269,2
0.0,0.0,300.0,0.445,0.6387971057328208,0.6378734040980639,1.0,0.9999909812426799,0.0,34.0,0.0,5306.999999999984,2322.7830805980134,0.0,fixed_auv_ga_pso_tlbo_proxy,generalization,21512276,2
0.0,1.0,264.0,0.5852272727272727,0.526047141957648,0.4785085660310909,1.0,0.9523251644816876,0.0,26.0,0.0,6108.960000000021,2131.9,0.0,independent_greedy,generalization,21512276,2
0.0,0.0,300.0,0.5183333333333333,0.7403580173213669,0.737208789237146,1.0,0.9999880260290833,0.0,29.0,0.0,7867.73624706956,2939.0987218353334,0.0,communication_aware,generalization,21512276,2
0.0,0.0,300.0,0.51,0.6678492896989544,0.6620028464034925,1.0,0.9999537240861193,0.0,0.0,0.0,8922.470890728797,3133.8291650845895,370.0,haco_safemarl_pilot_no_acoustic,generalization,21512276,2
0.0,0.0,300.0,0.59,0.5720570867252709,0.5694667590404066,1.0,0.9999339046597152,0.0,25.0,0.0,8919.02373176244,3045.693315154559,0.0,haco_safemarl_pilot_no_shield,generalization,21512276,2
0.0,0.0,300.0,0.49666666666666665,0.7619449572119499,0.7598005572242701,1.0,0.9992987674766965,0.0,0.0,0.0,8852.888941181878,3156.7758921228533,371.0,haco_safemarl_pilot,generalization,21512276,2
0.0,0.0,300.0,0.0,0.8462511213977092,0.8423306962497659,0.0,0.99999999975,0.0,0.0,0.0,412.77640227697526,143.3857525814422,324.0,haco_safemarl_mappo,generalization,21512276,2
1.0,1.0,186.0,0.9301075268817204,0.3857794394622007,0.3428073819648131,1.0,0.5827586033093822,0.0,0.0,0.0,3290.3400000000083,1320.2030721465235,0.0,fixed_auv_ga_pso_tlbo_proxy,generalization,21522283,2
1.0,1.0,142.0,0.9577464788732394,0.30860427737925583,0.2452359999701482,1.0,0.9729728404119974,0.0,0.0,0.0,3285.879999999997,1041.1000000000004,0.0,independent_greedy,generalization,21522283,2
0.0,0.0,300.0,0.965,0.5770833688149902,0.5491127856157128,1.0,0.6621620726808009,0.0,0.0,0.0,7618.486903935335,2995.910784353756,0.0,communication_aware,generalization,21522283,2
1.0,1.0,265.0,0.8528301886792453,0.4883884814494302,0.3813673938551854,1.0,0.5681733246264501,0.0,0.0,0.0,7597.907158006167,2169.208978651183,539.0,haco_safemarl_pilot_no_acoustic,generalization,21522283,2
0.0,0.0,300.0,0.9816666666666667,0.3329795107461052,0.30687529233356386,1.0,0.9307685863909787,0.0,0.0,0.0,8645.025214446778,3104.186074594999,0.0,haco_safemarl_pilot_no_shield,generalization,21522283,2
0.0,0.0,300.0,0.905,0.6396814432444368,0.6180303918155626,1.0,0.6160409451187551,0.0,0.0,0.0,8587.219506125448,3104.777933959261,600.0,haco_safemarl_pilot,generalization,21522283,2
0.0,0.0,300.0,0.0,0.8257047148147835,0.8221421916225173,0.0,0.99999999975,0.0,0.0,0.0,342.12531915145667,153.18740064606624,529.0,haco_safemarl_mappo,generalization,21522283,2
0.0,1.0,267.0,0.602996254681648,0.6357943721059215,0.6351047062806772,1.0,0.9999999984138261,0.0,29.0,0.0,4723.229999999997,2302.609011631992,0.0,fixed_auv_ga_pso_tlbo_proxy,generalization,21532290,2
0.0,1.0,204.0,0.8137254901960784,0.5161197436187839,0.5003570498654791,1.0,0.7830802558854845,0.0,21.0,0.0,4720.560000000001,1653.3000000000043,0.0,independent_greedy,generalization,21532290,2
0.0,0.5,300.0,0.6916666666666667,0.7213720807481739,0.7173239573290712,1.0,0.9997371008361179,0.0,24.0,0.0,7800.127941290947,2803.778619051084,0.0,communication_aware,generalization,21532290,2
0.0,1.0,237.0,0.3881856540084388,0.7275993355148415,0.6338569982273355,1.0,0.9259667042630733,0.0,18.0,0.0,5540.870049956791,1373.5563667118327,438.0,haco_safemarl_pilot_no_acoustic,generalization,21532290,2
0.0,1.0,206.0,0.4538834951456311,0.664725589166156,0.5174991872825103,1.0,0.9140396483084499,0.0,21.0,0.0,6304.769297124112,1527.3761199904213,0.0,haco_safemarl_pilot_no_shield,generalization,21532290,2
0.0,0.0,300.0,0.555,0.7441268177622565,0.7343544591778998,1.0,0.9883404950928789,0.0,18.0,0.0,5342.2752016072545,2268.2858946087995,722.0,haco_safemarl_pilot,generalization,21532290,2
0.0,0.0,300.0,0.041666666666666664,0.8441123946911094,0.8364501110170045,0.4166666666666667,0.9981132072759843,0.0,18.0,0.0,917.6855795267843,608.3591065904141,385.0,haco_safemarl_mappo,generalization,21532290,2
1.0,1.0,262.0,0.8034351145038168,0.4572550664853991,0.35654202746117036,1.0,0.4999999983824111,0.0,0.0,0.0,4634.779999999999,1734.3542003055136,0.0,fixed_auv_ga_pso_tlbo_proxy,generalization,21542297,2
1.0,1.0,201.0,0.7338308457711443,0.38055969568985154,0.10826451090926002,1.0,0.49999999911780507,0.0,0.0,0.0,4651.14,1424.500000000001,0.0,independent_greedy,generalization,21542297,2
0.0,0.0,300.0,0.8483333333333334,0.6382385723624227,0.5804426672534927,1.0,0.5458800231292549,0.0,91.0,0.0,7731.832430427916,2851.5446044809823,0.0,communication_aware,generalization,21542297,2
0.0,0.0,300.0,0.79,0.48979846224859824,0.3371696278504779,1.0,0.4999999985827664,0.0,0.0,0.0,8919.93039412036,3055.0434920833136,504.0,haco_safemarl_pilot_no_acoustic,generalization,21542297,2
0.0,0.0,300.0,0.8766666666666667,0.4291954935030346,0.34444818479531575,1.0,0.49999999589116145,0.0,0.0,0.0,8787.486570773175,2956.650125387043,0.0,haco_safemarl_pilot_no_shield,generalization,21542297,2
0.0,0.0,300.0,0.7616666666666667,0.6906641877349092,0.6240440472256348,1.0,0.49999999889970165,0.0,0.0,0.0,8790.323705484352,3022.9882253692413,521.0,haco_safemarl_pilot,generalization,21542297,2
0.0,0.0,300.0,0.355,0.8077349390175576,0.7652409250848601,0.5,0.7675029975244428,0.0,0.0,0.0,759.183125899391,68.09568489712431,475.0,haco_safemarl_mappo,generalization,21542297,2
0.0,0.0,300.0,0.44333333333333336,0.6427773820387179,0.6426522355742182,1.0,0.9999641440480747,0.0,94.0,0.0,5306.999999999984,2287.7000160155458,0.0,fixed_auv_ga_pso_tlbo_proxy,generalization,21552304,2
0.0,1.0,289.0,0.7110726643598616,0.4750082031641603,0.403300263824425,1.0,0.6783334130307173,0.0,73.0,0.06920415224913495,6687.460000000029,2401.9,0.0,independent_greedy,generalization,21552304,2
0.0,0.0,300.0,0.5166666666666667,0.7424819804510882,0.739209470367285,1.0,0.9999999989298455,0.0,39.0,0.0,7870.025758349715,2969.6606304642924,0.0,communication_aware,generalization,21552304,2
0.0,0.0,300.0,0.48,0.6990549448257447,0.6600479962134088,1.0,0.9882639584878807,0.0,0.0,0.0,5941.316258830113,2315.0132829747945,580.0,haco_safemarl_pilot_no_acoustic,generalization,21552304,2
0.0,0.0,300.0,0.585,0.5743211944116435,0.5654305800857082,1.0,0.9998548606678451,0.0,88.0,0.0,8923.961566021653,3093.3636600531286,0.0,haco_safemarl_pilot_no_shield,generalization,21552304,2
0.0,0.0,300.0,0.46166666666666667,0.7750254303625664,0.7546710809167609,1.0,0.9949550812570719,0.0,0.0,0.0,5091.062925608207,1877.5952271478445,603.0,haco_safemarl_pilot,generalization,21552304,2
0.0,0.0,300.0,0.10666666666666667,0.8560711532514912,0.8502312453391425,0.5,0.9859433337609306,0.0,0.0,0.0,905.0087060926041,406.6716717806906,362.0,haco_safemarl_mappo,generalization,21552304,2
1.0,1.0,107.0,0.8551401869158879,0.7337737719276904,0.7148396418975724,1.0,0.5686390494021606,0.0,0.0,0.0,1892.830000000004,730.3200757146427,0.0,fixed_auv_ga_pso_tlbo_proxy,generalization,21562311,2
1.0,1.0,82.0,0.676829268292683,0.6835691837875308,0.569046732292935,1.0,0.5192236592437598,0.0,0.0,0.0,1897.4800000000032,565.2999999999997,0.0,independent_greedy,generalization,21562311,2
1.0,1.0,143.0,0.916083916083916,0.7474453177422501,0.7410245071127601,1.0,0.7999999772788894,0.0,0.0,0.0,3768.757818906586,1441.0002206994147,0.0,communication_aware,generalization,21562311,2
1.0,1.0,82.0,0.4695121951219512,0.7842481941818186,0.7526337627273794,0.5,0.6704162972092224,0.0,0.0,0.036585365853658534,2520.816025097793,591.8904424183729,133.0,haco_safemarl_pilot_no_acoustic,generalization,21562311,2
1.0,1.0,82.0,0.6219512195121951,0.7191720177946791,0.6644348490283429,1.0,0.9958549205450445,0.0,0.0,0.0975609756097561,2504.916765052418,564.6133265830612,0.0,haco_safemarl_pilot_no_shield,generalization,21562311,2
1.0,1.0,90.0,0.23333333333333334,0.7990325847738428,0.779684607649374,0.5,0.9362831854678517,0.0,0.0,0.0,2726.5251297386417,812.6125008186184,162.0,haco_safemarl_pilot,generalization,21562311,2
0.0,0.5,300.0,0.065,0.8246784071916993,0.8164636505888975,0.5,0.9951903918848,0.0,0.0,0.0,594.351221421929,264.5483914538929,426.0,haco_safemarl_mappo,generalization,21562311,2
0.0,1.0,259.0,0.4671814671814672,0.7584720957427191,0.7385920144882268,1.0,0.9883232125914978,0.05019305019305019,33.0,0.12355212355212356,4581.71,1854.7686731465662,0.0,fixed_auv_ga_pso_tlbo_proxy,generalization,21572318,2
0.0,1.0,198.0,0.5580808080808081,0.6281458153090725,0.4442135123607378,1.0,0.6621621616008777,0.0,25.0,0.21212121212121213,4581.719999999999,1432.9000000000024,0.0,independent_greedy,generalization,21572318,2
0.0,0.5,300.0,0.6033333333333334,0.7637314936330222,0.7585284575388358,1.0,0.999364853741305,0.0,29.0,0.17333333333333334,7890.217121952175,2796.722860221643,0.0,communication_aware,generalization,21572318,2
0.0,1.0,256.0,0.380859375,0.7461216053333215,0.6585341101473758,1.0,0.9175904445081431,0.01171875,0.0,0.0234375,4442.361186796071,1020.5832686821881,653.0,haco_safemarl_pilot_no_acoustic,generalization,21572318,2
0.0,1.0,193.0,0.3704663212435233,0.6995614001237153,0.5252700135065369,0.5,0.7427734027564522,0.0,96.0,0.16580310880829016,5926.663073455148,1319.5733248039544,0.0,haco_safemarl_pilot_no_shield,generalization,21572318,2
1.0,1.0,263.0,0.2414448669201521,0.7518968832597261,0.6636233919945284,1.0,0.9709627836501108,0.0,0.0,0.0038022813688212928,4885.9610519852795,1227.7563786401124,621.0,haco_safemarl_pilot,generalization,21572318,2
0.0,0.0,300.0,0.21,0.815466028762339,0.7976201200265879,0.5,0.9340017955200532,0.0,0.0,0.0,332.33809506580803,317.04850904624357,468.0,haco_safemarl_mappo,generalization,21572318,2
0.0,1.0,165.0,0.7878787878787878,0.47690509084212146,0.4601095713193915,1.0,0.9871071662219998,0.0,132.0,0.10909090909090909,2918.850000000007,1176.4340988185293,0.0,fixed_auv_ga_pso_tlbo_proxy,generalization,21582325,2
0.0,1.0,126.0,0.8214285714285714,0.43863255656520994,0.31980585130624306,1.0,0.8211678779250361,0.03968253968253968,101.0,0.14285714285714285,2915.639999999999,948.6999999999998,0.0,independent_greedy,generalization,21582325,2
0.0,0.0,300.0,0.9,0.5430309226643779,0.5426523755347881,1.0,0.9955751964596882,0.0,258.0,0.06666666666666667,7635.73537347815,2982.7991149106406,0.0,communication_aware,generalization,21582325,2
1.0,1.0,293.0,0.8464163822525598,0.5362356780161079,0.5199444919146677,1.0,0.8999999914151002,0.0,0.0,0.07849829351535836,8316.725711763958,3095.776728255196,600.0,haco_safemarl_pilot_no_acoustic,generalization,21582325,2
0.0,1.0,232.0,0.8793103448275862,0.4177977596460921,0.3702216717693677,1.0,0.9245282872164474,0.0,221.0,0.07758620689655173,6773.601648753955,2087.9834126506976,0.0,haco_safemarl_pilot_no_shield,generalization,21582325,2
0.0,0.0,300.0,0.85,0.6678194033740992,0.6659222200479563,1.0,0.9763741456275709,0.0,0.0,0.07333333333333333,8436.7388098378,3216.425538688088,616.0,haco_safemarl_pilot,generalization,21582325,2
0.0,0.0,300.0,0.19166666666666668,0.8129811038077449,0.7975177542605533,0.5,0.9467699734948307,0.0,0.0,0.0,222.36541651643407,328.43078857465554,518.0,haco_safemarl_mappo,generalization,21582325,2
0.0,1.0,296.0,0.0,0.854378063626614,0.8284292514840598,0.0,0.99999999975,0.0,45.0,0.0,5236.239999999985,1773.7053737981896,0.0,fixed_auv_ga_pso_tlbo_proxy,generalization,21592332,2
0.0,1.0,226.0,0.5973451327433629,0.599121392713217,0.523189234147321,1.0,0.9582272607919919,0.0,34.0,0.0,5229.6400000000085,1388.9000000000026,0.0,independent_greedy,generalization,21592332,2
0.0,1.0,256.0,0.0,0.8542706458611284,0.8282487071560122,0.0,0.99999999975,0.0,39.0,0.0,6976.0,2458.6769636138492,0.0,communication_aware,generalization,21592332,2
1.0,1.0,270.0,0.07962962962962963,0.8448723537006038,0.8323267874291598,0.5,0.9998016657105395,0.0,0.0,0.0,6335.880955365195,1603.5416851034413,316.0,haco_safemarl_pilot_no_acoustic,generalization,21592332,2
0.0,1.0,220.0,0.13863636363636364,0.8267414307506389,0.816423575119688,0.5,0.9998259849345594,0.0,34.0,0.0,6805.635826325451,1910.5360382186166,0.0,haco_safemarl_pilot_no_shield,generalization,21592332,2
1.0,1.0,269.0,0.06691449814126393,0.8454741289143128,0.8313150597954739,0.5,0.999603338017912,0.0,0.0,0.0,6396.410523195689,1936.3695991995892,313.0,haco_safemarl_pilot,generalization,21592332,2
0.0,0.0,300.0,0.0,0.8425215536070854,0.8415018792209209,0.0,0.99999999975,0.0,0.0,0.0,1670.5706986947075,485.2558148432661,178.0,haco_safemarl_mappo,generalization,21592332,2
1.0,1.0,222.0,0.3063063063063063,0.792015513774336,0.7106312006374625,0.8695652173913043,0.9011665459169634,0.0,0.0,0.0,3927.1800000000103,1775.2891303211288,0.0,fixed_auv_ga_pso_tlbo_proxy,generalization,21602339,2
1.0,1.0,170.0,0.4264705882352941,0.7759226314095035,0.7448935395908501,1.0,0.9721583057704306,0.0,0.0,0.0,3933.7999999999934,1487.1000000000035,0.0,independent_greedy,generalization,21602339,2
0.0,0.5,300.0,0.41833333333333333,0.7864208000005125,0.7288869903713989,1.0,0.824528505745877,0.0,0.0,0.0,7981.0637492818005,3342.769429288218,0.0,communication_aware,generalization,21602339,2
1.0,1.0,183.0,0.22131147540983606,0.8163339957157312,0.8102338880522916,0.5,0.9816184464158579,0.0,0.0,0.0,5660.101289147676,1571.0624754275048,142.0,haco_safemarl_pilot_no_acoustic,generalization,21602339,2
1.0,1.0,167.0,0.2125748502994012,0.789039705343233,0.7589843830046078,0.5,0.992410111801238,0.0,0.0,0.0,5139.185781393734,1444.6552137230337,0.0,haco_safemarl_pilot_no_shield,generalization,21602339,2
1.0,1.0,184.0,0.20380434782608695,0.8211086062233673,0.8148451436375174,0.5,0.9749142606803848,0.0,0.0,0.0,5702.933236729976,1567.515298890404,142.0,haco_safemarl_pilot,generalization,21602339,2
0.0,0.0,300.0,0.035,0.8434459202371238,0.8140025714951146,0.35,0.998686256367986,0.0,0.0,0.0,407.578740285845,97.68176127696826,315.0,haco_safemarl_mappo,generalization,21602339,2
0.0,0.5,300.0,0.0,0.8797155136068795,0.853574315692548,0.0,0.99999999975,0.0,0.0,0.11333333333333333,5306.999999999984,2148.8404574166916,0.0,fixed_auv_ga_pso_tlbo_proxy,generalization,21612346,2
0.0,1.0,244.0,0.38729508196721313,0.7313923901237924,0.7178439177987335,1.0,0.998113206883737,0.040983606557377046,0.0,0.11065573770491803,5646.160000000014,1838.3000000000056,0.0,independent_greedy,generalization,21612346,2
0.0,1.0,276.0,0.0,0.8785573714724514,0.8517252136566668,0.0,0.99999999975,0.036231884057971016,0.0,0.14130434782608695,7521.0,2553.784454889614,0.0,communication_aware,generalization,21612346,2
1.0,1.0,236.0,0.0,0.8715124116385056,0.8525391925668573,0.0,0.99999999975,0.0,0.0,0.06779661016949153,7147.807943896987,1787.2418164686383,59.0,haco_safemarl_pilot_no_acoustic,generalization,21612346,2
1.0,1.0,237.0,0.0,0.8692330646008719,0.8481642139717838,0.0,0.99999999975,0.0,0.0,0.08438818565400844,7253.504284737894,1829.5059772002676,0.0,haco_safemarl_pilot_no_shield,generalization,21612346,2
1.0,1.0,236.0,0.0,0.8716665009114498,0.8526823034585644,0.0,0.99999999975,0.0,0.0,0.06779661016949153,7147.891395357168,1788.4930186272547,57.0,haco_safemarl_pilot,generalization,21612346,2
0.0,0.0,300.0,0.0,0.8553520388953924,0.8271663240217628,0.0,0.99999999975,0.0,0.0,0.0,416.7566410665672,232.29806637105392,146.0,haco_safemarl_mappo,generalization,21612346,2
0.0,1.0,225.0,0.64,0.6010305161450519,0.5741643728748272,1.0,0.9849872372817527,0.0,36.0,0.14666666666666667,3980.2500000000105,1780.2102313007151,0.0,fixed_auv_ga_pso_tlbo_proxy,generalization,21622353,2
0.0,1.0,172.0,0.7703488372093024,0.4720891877727179,0.33061979444560663,1.0,0.641946099671741,0.0,27.0,0.21511627906976744,3980.0799999999936,1241.5000000000016,0.0,independent_greedy,generalization,21622353,2
0.0,0.0,300.0,0.7716666666666666,0.6970658611246178,0.6892407816637003,1.0,0.9973961053371427,0.0,109.0,0.13,7755.990853898038,2861.1468843269754,0.0,communication_aware,generalization,21622353,2
0.0,1.0,297.0,0.5572390572390572,0.6994753996134141,0.5973211177042382,1.0,0.9664524230089451,0.026936026936026935,0.0,0.1111111111111111,7544.885470029168,2338.3235144735936,583.0,haco_safemarl_pilot_no_acoustic,generalization,21622353,2
0.0,1.0,198.0,0.7449494949494949,0.6229335965323226,0.5871145576969071,1.0,0.9139043150126583,0.03535353535353535,26.0,0.1717171717171717,5986.178138077164,1552.1416408954337,0.0,haco_safemarl_pilot_no_shield,generalization,21622353,2
0.0,0.5,300.0,0.5933333333333334,0.7374785177931015,0.7081057031972157,1.0,0.9983231590004514,0.023333333333333334,0.0,0.11666666666666667,8498.2585943232,2633.190263564363,571.0,haco_safemarl_pilot,generalization,21622353,2
0.0,0.0,300.0,0.0,0.8419703335513379,0.834984897662658,0.0,0.99999999975,0.0,0.0,0.0,1037.647628023261,379.0036010833277,293.0,haco_safemarl_mappo,generalization,21622353,2
0.0,0.5,300.0,0.46,0.7079690931842098,0.7065525315816585,1.0,0.9999618966470133,0.0,41.0,0.07333333333333333,5306.999999999984,2457.07396607907,0.0,fixed_auv_ga_pso_tlbo_proxy,generalization,21632360,2
0.0,1.0,257.0,0.7237354085603113,0.5252271969812323,0.41349470454966936,1.0,0.9805485282647224,0.0,32.0,0.08949416342412451,5946.980000000019,2350.70000000001,0.0,independent_greedy,generalization,21632360,2
0.0,0.5,300.0,0.5333333333333333,0.7593805739928322,0.7590461143173483,1.0,0.9999489810469442,0.0,135.0,0.056666666666666664,7882.037014495661,2881.454298114065,0.0,communication_aware,generalization,21632360,2
1.0,1.0,296.0,0.32432432432432434,0.7239195238031947,0.5925086861964498,0.6666666666666666,0.8620689651102853,0.0,0.0,0.030405405405405407,5622.375453503752,1447.744654287484,487.0,haco_safemarl_pilot_no_acoustic,generalization,21632360,2
0.0,1.0,251.0,0.29282868525896416,0.681272966693589,0.49831611028478234,0.5769230769230769,0.8769152618725626,0.0,35.0,0.0,7706.6851012197385,1958.219070795932,0.0,haco_safemarl_pilot_no_shield,generalization,21632360,2
0.0,0.5,300.0,0.2966666666666667,0.7620983075977531,0.6776117780903186,0.6833333333333333,0.8824777003001834,0.0,0.0,0.006666666666666667,5458.8149413789415,1517.14875171246,606.0,haco_safemarl_pilot,generalization,21632360,2
0.0,0.0,300.0,0.215,0.8383238673229741,0.8111632466128099,0.5,0.9302211484148911,0.0,0.0,0.04666666666666667,352.3796012472812,83.24757484780277,218.0,haco_safemarl_mappo,generalization,21632360,2
1.0,1.0,292.0,0.5684931506849316,0.6040503864409349,0.5944203020173202,1.0,0.9989932027879097,0.0,0.0,0.0,5165.479999999987,2416.9596990439086,0.0,fixed_auv_ga_pso_tlbo_proxy,generalization,21642367,2
1.0,1.0,224.0,0.6339285714285714,0.46888602635962595,0.20134975848973963,1.0,0.6141200102563227,0.0,0.0,0.0,5183.360000000008,1709.1000000000051,0.0,independent_greedy,generalization,21642367,2
0.0,0.5,300.0,0.6366666666666667,0.7290028289756666,0.7203288426151667,1.0,0.9996634394200734,0.0,0.0,0.0,7825.964014321825,2955.9923826764684,0.0,communication_aware,generalization,21642367,2
1.0,1.0,286.0,0.49125874125874125,0.6758125626673978,0.5381472889352642,1.0,0.8962659546441549,0.0,0.0,0.0,8366.898681917231,2157.115749592949,424.0,haco_safemarl_pilot_no_acoustic,generalization,21642367,2
1.0,1.0,242.0,0.5392561983471075,0.6512556662272304,0.5157815124087439,1.0,0.867901147495065,0.0,0.0,0.0,7367.0057349232375,1831.348323284748,0.0,haco_safemarl_pilot_no_shield,generalization,21642367,2
0.0,0.0,300.0,0.57,0.7279347512347619,0.7065523267641528,1.0,0.9970641089015013,0.0,0.0,0.0,8865.04795463397,3011.4754917905107,481.0,haco_safemarl_pilot,generalization,21642367,2
0.0,0.0,300.0,0.115,0.8254178750098894,0.8121879695068899,0.5,0.9833950652949354,0.0,0.0,0.0,237.9814498069839,235.24726647682652,347.0,haco_safemarl_mappo,generalization,21642367,2
0.0,1.0,249.0,0.08032128514056225,0.8800783607133639,0.8794534444689818,0.8,0.9999809310190314,0.0,61.0,0.0,4404.810000000004,1933.900990162202,0.0,fixed_auv_ga_pso_tlbo_proxy,generalization,21652374,2
0.0,1.0,190.0,0.16052631578947368,0.8347171524609618,0.805567155381565,0.6842105263157895,0.9787534862428298,0.0,47.0,0.0,4396.599999999997,1376.1000000000008,0.0,independent_greedy,generalization,21652374,2
0.0,1.0,239.0,0.17154811715481172,0.8659848183367507,0.8657223083512849,1.0,0.9999744926851196,0.0,53.0,0.0,6459.560648064648,2355.4510621147306,0.0,communication_aware,generalization,21652374,2
1.0,1.0,241.0,0.14107883817427386,0.8671306580273221,0.8243239376630068,0.5,0.973730257603936,0.0,0.0,0.0,5830.056219850896,1602.6757951591248,233.0,haco_safemarl_pilot_no_acoustic,generalization,21652374,2
0.0,1.0,185.0,0.05675675675675676,0.8709996138598104,0.8467550128528608,0.5,0.9963924016778068,0.0,46.0,0.0,5738.5031119649575,1448.4198400691441,0.0,haco_safemarl_pilot_no_shield,generalization,21652374,2
1.0,1.0,241.0,0.14107883817427386,0.8702502609174735,0.8305601338126661,0.5,0.973730257603936,0.0,0.0,0.0,5844.0569688303,1627.5546564408407,233.0,haco_safemarl_pilot,generalization,21652374,2
0.0,0.0,300.0,0.0,0.8760817984439742,0.870017307860186,0.0,0.99999999975,0.0,0.0,0.0,585.7234631718271,218.07168618885908,126.0,haco_safemarl_mappo,generalization,21652374,2
0.0,0.8333333333333334,300.0,0.581111111111111,0.5460862919413645,0.2585225971541973,1.0,0.6925655755717851,0.0,57.0,0.0,6320.999999999983,3114.0401298214842,0.0,fixed_auv_ga_pso_tlbo_proxy,generalization,21162781,6
0.0,1.0,265.0,0.6779874213836478,0.47968893489731,0.17037142513775055,1.0,0.6666870122205827,0.0,79.0,0.0,7663.800000000016,3526.699999999994,0.0,independent_greedy,generalization,21162781,6
0.0,0.0,300.0,0.6816666666666666,0.6642107858348656,0.5130661596871855,1.0,0.7226536189686117,0.0,0.0,0.0,8314.971669116272,2966.025782936066,0.0,communication_aware,generalization,21162781,6
0.0,0.8333333333333334,300.0,0.6138888888888888,0.587287570916069,0.32512636583254256,1.0,0.7110733264673458,0.0,0.0,0.0,9897.67671268822,2696.779433291106,1315.0,haco_safemarl_pilot_no_acoustic,generalization,21162781,6
0.0,0.5,300.0,0.7377777777777778,0.5096401852256248,0.33466593115523996,1.0,0.6708098470986509,0.0,0.0,0.0,9736.527448117275,2870.9032433093744,0.0,haco_safemarl_pilot_no_shield,generalization,21162781,6
0.0,0.0,300.0,0.6244444444444444,0.7147182890452306,0.5944694596660315,1.0,0.7655000970428788,0.0,0.0,0.0,9354.402942378165,3108.729425237767,1369.0,haco_safemarl_pilot,generalization,21162781,6
0.0,0.0,300.0,0.12777777777777777,0.8288649128486674,0.7743100741453726,0.21666666666666662,0.948010750422172,0.0,0.0,0.0,1378.528044810699,921.181286197896,1181.0,haco_safemarl_mappo,generalization,21162781,6
0.0,1.0,293.0,0.7161547212741752,0.512968027347304,0.2547140308015616,1.0,0.8034104472978671,0.0,289.0,0.13651877133105803,6173.509999999985,3868.6668036506426,0.0,fixed_auv_ga_pso_tlbo_proxy,generalization,21172788,6
0.0,1.0,224.0,0.7299107142857143,0.5120638622137382,0.18928139879297876,1.0,0.6928573680223954,0.004464285714285714,222.0,0.12946428571428573,6478.080000000013,3468.699999999993,0.0,independent_greedy,generalization,21172788,6
0.0,0.3333333333333333,300.0,0.7716666666666666,0.6212792024348266,0.4748495983160725,1.0,0.8325743009762349,0.0,125.0,0.12,8170.4045507229275,3116.6011329054977,0.0,communication_aware,generalization,21172788,6
0.0,0.5,300.0,0.5238888888888888,0.6693205665157073,0.42648226093789393,0.811111111111111,0.732811898153572,0.016666666666666666,4.0,0.12666666666666668,4872.230155502096,2042.0159082192301,1745.0,haco_safemarl_pilot_no_acoustic,generalization,21172788,6
0.0,0.6666666666666666,300.0,0.6683333333333333,0.5827840234921179,0.40744465881920616,0.8777777777777779,0.6915433599500199,0.0,275.0,0.12666666666666668,9528.334838996487,3000.057698182089,0.0,haco_safemarl_pilot_no_shield,generalization,21172788,6
0.0,0.16666666666666666,300.0,0.5866666666666666,0.7164842251661137,0.6360439605891962,0.8333333333333331,0.7396337747242528,0.0,4.0,0.13666666666666666,7254.023759614418,2742.757151591832,1675.0,haco_safemarl_pilot,generalization,21172788,6
0.0,0.0,300.0,0.0911111111111111,0.8377473847184893,0.7877833307118227,0.1666666666666667,0.9521589653964693,0.0,5.0,0.0,643.3375963539638,668.6057617754873,939.0,haco_safemarl_mappo,generalization,21172788,6
0.0,0.8333333333333334,300.0,0.47722222222222227,0.7177300857586577,0.48241909133111677,0.8333333333333331,0.637861780881019,0.0,92.0,0.11,6320.999999999983,4367.536362073863,0.0,fixed_auv_ga_pso_tlbo_proxy,generalization,21182795,6
0.0,1.0,237.0,0.6849507735583684,0.6627785844132953,0.47510938924227436,0.8333333333333334,0.4026804702407244,0.0,74.0,0.11392405063291139,6854.040000000014,4120.499999999998,0.0,independent_greedy,generalization,21182795,6
0.0,0.6666666666666666,300.0,0.47833333333333333,0.7862275490400773,0.7111695527125982,0.7333333333333331,0.6373072836066543,0.0,37.0,0.13,8863.213834209257,4831.0096951578125,0.0,communication_aware,generalization,21182795,6
1.0,1.0,237.0,0.1729957805907173,0.822594990171565,0.746297838359468,0.3333333333333333,0.9196150715412736,0.0,0.0,0.0,7965.57485233271,2130.332446118527,599.0,haco_safemarl_pilot_no_acoustic,generalization,21182795,6
0.0,1.0,231.0,0.5649350649350651,0.7403869109770809,0.584994522945885,0.6666666666666666,0.5252021457818393,0.0,32.0,0.0,7658.744046610923,1908.4379210903444,0.0,haco_safemarl_pilot_no_shield,generalization,21182795,6
1.0,1.0,263.0,0.1520912547528517,0.8272315111982437,0.7811324349293334,0.3333333333333334,0.9497638115746664,0.0,0.0,0.0,8734.015291405312,2499.6571387579424,675.0,haco_safemarl_pilot,generalization,21182795,6
0.0,0.0,300.0,0.11333333333333333,0.8396196415177044,0.7237495462389286,0.17777777777777778,0.9261094919506385,0.0,0.0,0.25333333333333335,555.3705041017063,216.31619677669414,539.0,haco_safemarl_mappo,generalization,21182795,6
0.0,0.8333333333333334,300.0,0.5838888888888888,0.6229071766490559,0.35684551490281735,0.8333333333333331,0.5778785200032047,0.0,435.0,0.0,6320.999999999983,4082.062917291938,0.0,fixed_auv_ga_pso_tlbo_proxy,generalization,21192802,6
0.0,1.0,257.0,0.7211413748378728,0.539237292045806,0.1669389070117762,0.8333333333333333,0.4005702004660884,0.0,393.0,0.0,7432.440000000015,4200.299999999994,0.0,independent_greedy,generalization,21192802,6
0.0,0.5,300.0,0.5588888888888889,0.7657515292989971,0.6727431424018682,0.7333333333333331,0.5604054884863547,0.0,342.0,0.0,8805.438892970706,4709.284580103596,0.0,communication_aware,generalization,21192802,6
0.0,0.3333333333333333,300.0,0.44944444444444437,0.7503702026446467,0.557472721106231,0.5555555555555555,0.5984102610645846,0.0,13.0,0.0,8907.322818997824,3656.590479579541,1200.0,haco_safemarl_pilot_no_acoustic,generalization,21192802,6
0.0,0.6666666666666666,300.0,0.4894444444444444,0.7025007215442617,0.44631527637850943,0.6666666666666669,0.5715707890887327,0.0,321.0,0.0,9554.608029032814,3078.966992139121,0.0,haco_safemarl_pilot_no_shield,generalization,21192802,6
0.0,0.3333333333333333,300.0,0.4088888888888889,0.7895098284371423,0.6535247250469706,0.5,0.6629749355471611,0.0,19.0,0.0,9139.509412657313,3754.2587449817047,1191.0,haco_safemarl_pilot,generalization,21192802,6
0.0,0.0,300.0,0.0,0.8461937989837458,0.8280620235854373,0.0,0.9999999999722223,0.0,0.0,0.0,813.3425396454421,1346.2222843380548,739.0,haco_safemarl_mappo,generalization,21192802,6
0.0,0.8333333333333334,300.0,0.42722222222222217,0.6289650267800031,0.33526905675454005,0.6666666666666669,0.7518733863358663,0.0,45.0,0.0,6320.999999999983,3617.4971326153222,0.0,fixed_auv_ga_pso_tlbo_proxy,generalization,21202809,6
0.0,1.0,254.0,0.42388451443569547,0.5990093296429051,0.1704850357569446,0.6666666666666667,0.7320919136331738,0.0,34.0,0.0,7345.680000000015,3844.299999999994,0.0,independent_greedy,generalization,21202809,6
0.0,0.3333333333333333,300.0,0.45888888888888885,0.7450238648435141,0.527237528291905,0.6666666666666669,0.7136271863223936,0.0,0.0,0.0,8713.564951563787,4290.085791738357,0.0,communication_aware,generalization,21202809,6
0.0,0.3333333333333333,300.0,0.39444444444444443,0.6878956275300822,0.30089433034418195,0.6666666666666669,0.7767613607674981,0.0,0.0,0.0,9568.815479870429,3414.554946069058,847.0,haco_safemarl_pilot_no_acoustic,generalization,21202809,6
0.0,0.3333333333333333,300.0,0.48222222222222216,0.6379074576242004,0.30254139220932574,0.6666666666666669,0.6776193640718868,0.0,0.0,0.0,9543.486315933433,3380.782793723806,0.0,haco_safemarl_pilot_no_shield,generalization,21202809,6
0.0,0.3333333333333333,300.0,0.40444444444444444,0.7783627851210134,0.5675194137572784,0.6666666666666669,0.7773223267031663,0.0,0.0,0.0,9355.59948333321,3397.7164851604684,875.0,haco_safemarl_pilot,generalization,21202809,6
0.0,0.0,300.0,0.0,0.8578214588121597,0.8144601686492304,0.0,0.9999999999722223,0.0,0.0,0.0,988.9434665355346,355.8793845613628,733.0,haco_safemarl_mappo,generalization,21202809,6
0.0,0.8333333333333334,300.0,0.7611111111111111,0.39006505538955133,0.1985037523537954,1.0,0.4957955251179248,0.0,199.0,0.12666666666666668,6320.999999999983,3718.7820178145284,0.0,fixed_auv_ga_pso_tlbo_proxy,generalization,21212816,6
0.0,1.0,253.0,0.7312252964426877,0.3587751225040813,0.08839361008120299,1.0,0.4945101952574591,0.0,175.0,0.15810276679841898,7316.760000000015,3855.699999999994,0.0,independent_greedy,generalization,21212816,6
0.0,0.0,300.0,0.8027777777777777,0.5846685318038889,0.4333396639880138,1.0,0.5127094163345137,0.0,313.0,0.12,8078.513938634329,3014.8353992798843,0.0,communication_aware,generalization,21212816,6
0.0,0.3333333333333333,300.0,0.5616666666666666,0.6086564860573982,0.2697212601312388,0.9777777777777779,0.6875418308849072,0.006666666666666667,18.0,0.09666666666666666,6211.867105033712,2499.5096165832406,1702.0,haco_safemarl_pilot_no_acoustic,generalization,21212816,6
0.0,0.16666666666666666,300.0,0.821111111111111,0.4087099122451375,0.25199525426969605,1.0,0.5166427487119416,0.0,137.0,0.14,9337.34546646994,3154.361268943851,0.0,haco_safemarl_pilot_no_shield,generalization,21212816,6
0.0,0.0,300.0,0.5172222222222221,0.7241306978711161,0.5634785510283811,0.6666666666666669,0.6732038204323378,0.0,18.0,0.13,3666.3865405378547,2261.5192605537104,1854.0,haco_safemarl_pilot,generalization,21212816,6
0.0,0.0,300.0,0.39444444444444443,0.8048464578842704,0.749725030900858,0.5,0.6882317639367129,0.0,18.0,0.18666666666666668,961.1604923103415,772.592765720556,1419.0,haco_safemarl_mappo,generalization,21212816,6
0.0,0.6666666666666666,300.0,0.4833333333333332,0.6266362754267043,0.3893673288940003,0.8333333333333331,0.8172787988736738,0.0,102.0,0.0,6320.999999999983,3132.398485403344,0.0,fixed_auv_ga_pso_tlbo_proxy,generalization,21222823,6
0.0,1.0,278.0,0.6013189448441246,0.5508246130939097,0.38092365422681146,0.8333333333333331,0.6400653633787131,0.0,78.0,0.0,8039.760000000017,3763.6999999999953,0.0,independent_greedy,generalization,21222823,6
0.0,0.3333333333333333,300.0,0.5211111111111111,0.7368835270513889,0.6534897765456686,0.8333333333333331,0.7823854709508793,0.0,240.0,0.0,8621.253278453498,3553.7108662500837,0.0,communication_aware,generalization,21222823,6
0.0,0.5,300.0,0.3655555555555556,0.7331189189937161,0.5906937752176081,0.6833333333333333,0.8565195003933407,0.0,0.0,0.0,9769.411667737742,3416.303931868211,975.0,haco_safemarl_pilot_no_acoustic,generalization,21222823,6
0.0,0.3333333333333333,300.0,0.5038888888888889,0.6340245636843752,0.44888721056913566,0.8333333333333331,0.7441458338540604,0.0,98.0,0.0,9727.910535448967,3200.0895936985244,0.0,haco_safemarl_pilot_no_shield,generalization,21222823,6
0.0,0.3333333333333333,300.0,0.3505555555555555,0.788202583977408,0.7335921206776449,0.6833333333333333,0.8732365115559904,0.0,0.0,0.0,9623.61442932842,3478.759549319872,979.0,haco_safemarl_pilot,generalization,21222823,6
0.0,0.0,300.0,0.026111111111111106,0.8428331143100835,0.8124257427307346,0.1666666666666667,0.996418674870908,0.0,0.0,0.0,1009.2562785198595,386.5688372753601,993.0,haco_safemarl_mappo,generalization,21222823,6
0.0,0.6666666666666666,300.0,0.6222222222222222,0.575641126126281,0.229461827563832,1.0,0.7623871421881456,0.0,228.0,0.0,6320.999999999983,3452.792776393697,0.0,fixed_auv_ga_pso_tlbo_proxy,generalization,21232830,6
0.0,1.0,288.0,0.7453703703703703,0.43612503664317,0.11497651374969015,1.0,0.6440966675535507,0.0,213.0,0.0,8328.960000000017,4189.299999999994,0.0,independent_greedy,generalization,21232830,6
0.0,0.16666666666666666,300.0,0.6822222222222221,0.6745345477702084,0.41217307016363225,1.0,0.7571390221780786,0.0,197.0,0.0,8366.23431060063,3217.614017921731,0.0,communication_aware,generalization,21232830,6
0.0,0.16666666666666666,300.0,0.305,0.7907279672258852,0.6582850512371401,0.5,0.875054096716198,0.0,130.0,0.0,9850.981612576994,3965.006528150419,1176.0,haco_safemarl_pilot_no_acoustic,generalization,21232830,6
0.0,0.5,300.0,0.6138888888888888,0.5814816978794594,0.31274605277688067,0.8333333333333331,0.634885897249575,0.0,325.0,0.0,9737.146499330398,2864.602834478745,0.0,haco_safemarl_pilot_no_shield,generalization,21232830,6
0.0,0.16666666666666666,300.0,0.33388888888888885,0.8050800723570423,0.7369837905052757,0.6666666666666669,0.869657351806722,0.0,142.0,0.0,9722.076630617274,3898.2497397897323,1214.0,haco_safemarl_pilot,generalization,21232830,6
0.0,0.0,300.0,0.1944444444444444,0.8163792373453332,0.7074301022841445,0.3333333333333334,0.9120826110063807,0.0,38.0,0.0,1353.5210752753856,1542.3428919029636,1241.0,haco_safemarl_mappo,generalization,21232830,6
0.0,0.8333333333333334,300.0,0.7316666666666667,0.4214929017686407,0.19492329626265412,1.0,0.5680194590507035,0.0,141.0,0.0,6320.999999999983,3244.250367510416,0.0,fixed_auv_ga_pso_tlbo_proxy,generalization,21242837,6
0.0,1.0,253.0,0.7714097496706193,0.3718116169484276,0.18501907031343545,1.0,0.5098230993884558,0.0,107.0,0.0,7316.760000000015,3452.8999999999987,0.0,independent_greedy,generalization,21242837,6
0.0,0.16666666666666666,300.0,0.7583333333333333,0.6271167781596751,0.49911237174706985,1.0,0.606595372100961,0.0,269.0,0.0,8180.092574311018,3017.610923181731,0.0,communication_aware,generalization,21242837,6
0.0,0.3333333333333333,300.0,0.6688888888888888,0.5793355642597205,0.39827865643191496,1.0,0.7082166980410484,0.0,0.0,0.0,9660.01311228485,3450.485877234214,1466.0,haco_safemarl_pilot_no_acoustic,generalization,21242837,6
0.0,0.16666666666666666,300.0,0.7933333333333332,0.47185501404646746,0.34679734614996116,1.0,0.5630859372937919,0.0,169.0,0.0,9484.480482389405,3075.1871003071374,0.0,haco_safemarl_pilot_no_shield,generalization,21242837,6
0.0,0.0,300.0,0.6955555555555555,0.6921829945492921,0.6129542588025868,1.0,0.7456670935830528,0.0,0.0,0.0033333333333333335,9245.616587726587,3584.982486997358,1516.0,haco_safemarl_pilot,generalization,21242837,6
0.0,0.0,300.0,0.27944444444444444,0.8114906753518062,0.7196413932516965,0.3333333333333334,0.7662069995522852,0.0,0.0,0.07666666666666666,722.2528101292044,261.2684197826742,1142.0,haco_safemarl_mappo,generalization,21242837,6
0.0,1.0,253.0,0.40447957839262183,0.7148706043780836,0.4776889569658778,0.6666666666666667,0.7175812750727649,0.0,470.0,0.09486166007905138,5330.709999999996,3141.1776830829026,0.0,fixed_auv_ga_pso_tlbo_proxy,generalization,21252844,6
0.0,1.0,194.0,0.41838487972508587,0.6995048810507688,0.379174426444077,0.6666666666666665,0.8392182927546064,0.0,359.0,0.05154639175257732,5610.4800000000105,2767.6999999999975,0.0,independent_greedy,generalization,21252844,6
0.0,0.6666666666666666,300.0,0.43833333333333335,0.7579407116438478,0.5806374707933604,0.6666666666666669,0.7123022758470952,0.0,577.0,0.08666666666666667,8874.06997752375,4642.123384638489,0.0,communication_aware,generalization,21252844,6
0.0,0.5,300.0,0.3372222222222222,0.7553461098101563,0.5121129735609551,0.6888888888888888,0.8914282528430968,0.0,169.0,0.06333333333333334,6719.5667946138465,2458.312214871765,1598.0,haco_safemarl_pilot_no_acoustic,generalization,21252844,6
0.0,1.0,212.0,0.39858490566037735,0.7416112728663689,0.5103886133130062,0.6742424242424241,0.8495335893464715,0.0,361.0,0.0,7119.747882087436,1754.9489918325517,0.0,haco_safemarl_pilot_no_shield,generalization,21252844,6
0.0,0.5,300.0,0.29277777777777775,0.7946743923746122,0.6631092742939062,0.5611111111111111,0.8535829827533378,0.0,168.0,0.1,8477.900089974259,3131.9307944992565,1303.0,haco_safemarl_pilot,generalization,21252844,6
0.0,0.0,300.0,0.015555555555555553,0.8480933828073277,0.8194586662325369,0.15555555555555553,0.9990391357790468,0.0,35.0,0.07,1069.2715284407032,522.3528387171793,812.0,haco_safemarl_mappo,generalization,21252844,6
0.0,0.8333333333333334,300.0,0.7794444444444445,0.3738994002357469,0.265505288760911,1.0,0.6046582109337935,0.0,140.0,0.0,6320.999999999983,3761.3411996054097,0.0,fixed_auv_ga_pso_tlbo_proxy,generalization,21262851,6
0.0,1.0,260.0,0.7993589743589744,0.3050562788039328,0.07535081128865395,1.0,0.4746698061373506,0.0,146.0,0.0,7519.200000000015,4064.3,0.0,independent_greedy,generalization,21262851,6
0.0,0.16666666666666666,300.0,0.8238888888888889,0.584345829518087,0.451969417075058,1.0,0.6722661524739161,0.0,61.0,0.0,8061.427580106237,3166.4421303699687,0.0,communication_aware,generalization,21262851,6
0.0,0.6666666666666666,300.0,0.6188888888888888,0.559539074775662,0.31023192440841113,0.8333333333333331,0.7475330879649039,0.0,8.0,0.0,9651.29113786114,2914.705291858373,1375.0,haco_safemarl_pilot_no_acoustic,generalization,21262851,6
0.0,0.16666666666666666,300.0,0.7711111111111111,0.47470905352029785,0.298356827400306,1.0,0.7366210137899638,0.0,53.0,0.0,9392.96742645492,3060.788220326393,0.0,haco_safemarl_pilot_no_shield,generalization,21262851,6
0.0,0.0,300.0,0.7399999999999999,0.6583016312080495,0.5035000436952327,1.0,0.6304880995983052,0.0,8.0,0.0,9160.080322338965,3416.7676366456944,1664.0,haco_safemarl_pilot,generalization,21262851,6
0.0,0.0,300.0,0.15611111111111112,0.8103276941698456,0.702127552781755,0.3333333333333334,0.8901052142360183,0.0,7.0,0.0,439.63735003738884,693.9122099074172,1083.0,haco_safemarl_mappo,generalization,21262851,6
0.0,0.6666666666666666,300.0,0.611111111111111,0.5956257734376889,0.26249656943384964,0.8333333333333331,0.6006668627365155,0.0,0.0,0.0,6320.999999999983,3374.283825953843,0.0,fixed_auv_ga_pso_tlbo_proxy,generalization,21272858,6
1.0,1.0,259.0,0.6029601029601029,0.5258515398922223,0.05881698324155422,0.8333333333333333,0.617458340159438,0.0,0.0,0.0,7490.280000000015,3349.7000000000025,0.0,independent_greedy,generalization,21272858,6
0.0,0.16666666666666666,300.0,0.7127777777777777,0.6820672522155298,0.4358064768626869,1.0,0.6622982420756165,0.0,0.0,0.0,8325.646326544838,3150.507466259966,0.0,communication_aware,generalization,21272858,6
0.0,0.6666666666666666,300.0,0.34888888888888886,0.7047366415205046,0.404734550452642,0.6500000000000002,0.8871631117209172,0.0,0.0,0.0,10214.69795541197,2708.5570575008164,921.0,haco_safemarl_pilot_no_acoustic,generalization,21272858,6
0.0,0.6666666666666666,300.0,0.5611111111111111,0.644883950656146,0.4622413599436223,0.8333333333333331,0.7527947852372715,0.0,0.0,0.0,9960.808722738078,2695.9533699855365,0.0,haco_safemarl_pilot_no_shield,generalization,21272858,6
0.0,0.16666666666666666,300.0,0.542222222222222,0.7129189133733747,0.44111168228993575,1.0,0.8130553279480884,0.0,0.0,0.0,9483.109562048938,3001.9972802633006,1341.0,haco_safemarl_pilot,generalization,21272858,6
0.0,0.0,300.0,0.16444444444444442,0.8220846609638139,0.7738675656066741,0.3333333333333334,0.9225383245961868,0.0,0.0,0.0,799.3476833967802,841.2497145030488,1081.0,haco_safemarl_mappo,generalization,21272858,6
1.0,1.0,276.0,0.4782608695652174,0.6390842402918927,0.28628538868285924,0.6666666666666669,0.6434622505447551,0.0,0.0,0.0,5815.31999999999,4006.253994376046,0.0,fixed_auv_ga_pso_tlbo_proxy,generalization,21282865,6
1.0,1.0,211.0,0.4842022116903634,0.6240691102981714,0.3600752022481256,0.6666666666666665,0.6569133120283982,0.0,0.0,0.0,6102.120000000012,3641.6999999999957,0.0,independent_greedy,generalization,21282865,6
0.0,0.5,300.0,0.5155555555555555,0.7315691403296776,0.5701035207406395,0.6666666666666669,0.5985315045985976,0.0,0.0,0.0,8644.702136093241,4631.743351406235,0.0,communication_aware,generalization,21282865,6
0.0,0.8333333333333334,300.0,0.36833333333333335,0.7473540330756,0.46183749355606046,0.5,0.8350217609026616,0.0,0.0,0.0,9407.88562741114,3441.03800545996,854.0,haco_safemarl_pilot_no_acoustic,generalization,21282865,6
0.0,0.8333333333333334,300.0,0.5066666666666667,0.6611648636344689,0.40998241111108863,0.8333333333333331,0.7503339917372426,0.0,0.0,0.0,9590.569376854432,2657.7024688819606,0.0,haco_safemarl_pilot_no_shield,generalization,21282865,6
0.0,0.5,300.0,0.37944444444444436,0.7965003630447429,0.6721022095054578,0.5,0.814968457775452,0.0,0.0,0.0,9261.721947296648,3492.6404520923275,862.0,haco_safemarl_pilot,generalization,21282865,6
0.0,0.0,300.0,0.058333333333333334,0.8450911823211443,0.8153661217601565,0.1666666666666667,0.9815924823966286,0.0,0.0,0.0,501.3507830026423,511.4639297877154,746.0,haco_safemarl_mappo,generalization,21282865,6
0.0,1.0,267.0,0.515605493133583,0.6430316984472836,0.3737540726265214,1.0,0.808372397643749,0.0449438202247191,179.0,0.11235955056179775,5625.689999999992,2649.0144037592145,0.0,fixed_auv_ga_pso_tlbo_proxy,generalization,21292872,6
0.0,1.0,204.0,0.6143790849673202,0.5514286462924775,0.1349747905011902,0.9841269841269842,0.5771725838255205,0.0,136.0,0.15196078431372548,5899.680000000011,2022.8999999999965,0.0,independent_greedy,generalization,21292872,6
0.0,0.3333333333333333,300.0,0.6722222222222223,0.6849253555431107,0.5208603487932666,1.0,0.8644237835046832,0.0,197.0,0.10333333333333333,8432.833300863555,3080.4651083811445,0.0,communication_aware,generalization,21292872,6
0.0,0.6666666666666666,300.0,0.41388888888888886,0.6869062294860894,0.40682158195311646,0.6333333333333334,0.7428992309084123,0.0,0.0,0.17,10434.061916609477,3397.6736478230896,1154.0,haco_safemarl_pilot_no_acoustic,generalization,21292872,6
0.0,1.0,285.0,0.6263157894736842,0.6059251660987391,0.5227433569284031,0.8333333333333331,0.7787065324391915,0.0035087719298245615,376.0,0.1543859649122807,9633.404416083347,2252.1169072829775,0.0,haco_safemarl_pilot_no_shield,generalization,21292872,6
0.0,0.16666666666666666,300.0,0.45166666666666666,0.7431224877999855,0.58189726703694,0.6833333333333333,0.6360956249846563,0.0,0.0,0.09,9530.61181175958,3685.5631872592216,1309.0,haco_safemarl_pilot,generalization,21292872,6
0.0,0.0,300.0,0.0,0.8440539736691196,0.836868996803797,0.0,0.9999999999722223,0.0,0.0,0.0,617.5730911013046,809.4035175879822,622.0,haco_safemarl_mappo,generalization,21292872,6
0.0,0.6666666666666666,300.0,0.2733333333333333,0.7512863549295504,0.5609721028089508,0.5,0.8987084044683258,0.0,9.0,0.17666666666666667,6320.999999999983,3956.223146179795,0.0,fixed_auv_ga_pso_tlbo_proxy,generalization,21302879,6
0.0,0.8333333333333334,300.0,0.36666666666666664,0.6910590987020414,0.4063559985270941,0.5,0.7266895699886591,0.0,50.0,0.2,8676.000000000018,5299.899999999989,0.0,independent_greedy,generalization,21302879,6
0.0,0.6666666666666666,300.0,0.31,0.7942221618652971,0.7226108608146001,0.5666666666666667,0.8664824238718035,0.0,0.0,0.17,9037.804025889023,4752.385580547468,0.0,communication_aware,generalization,21302879,6
0.0,0.6666666666666666,300.0,0.19777777777777777,0.8015652633153185,0.6022442025871404,0.3333333333333334,0.8911568812140979,0.02,0.0,0.21,8960.80406268268,3045.289625372395,561.0,haco_safemarl_pilot_no_acoustic,generalization,21302879,6
0.0,0.6666666666666666,300.0,0.21722222222222223,0.7736180003912703,0.5442711365872641,0.4111111111111111,0.8800074645634582,0.043333333333333335,0.0,0.21,9677.395484360271,3394.4688766694453,0.0,haco_safemarl_pilot_no_shield,generalization,21302879,6
0.0,0.6666666666666666,300.0,0.1872222222222222,0.8401373384004539,0.7317126510619956,0.3333333333333334,0.9040041323261927,0.02666666666666667,0.0,0.21333333333333335,8926.105263081598,3155.286131841198,565.0,haco_safemarl_pilot,generalization,21302879,6
0.0,0.0,300.0,0.09555555555555556,0.8646893978283664,0.7798119957938687,0.1666666666666667,0.9471394101265472,0.0,0.0,0.043333333333333335,623.6463398112542,91.52147670585028,376.0,haco_safemarl_mappo,generalization,21302879,6
0.0,0.8333333333333334,300.0,0.43555555555555553,0.6272051667661571,0.3154637405194119,0.6666666666666669,0.7384249124650849,0.0,73.0,0.0,6320.999999999983,4060.7337730039876,0.0,fixed_auv_ga_pso_tlbo_proxy,generalization,21312886,6
0.0,1.0,255.0,0.4568627450980391,0.5867412819068126,0.16117807701905365,0.6666666666666667,0.6970927591075089,0.0,55.0,0.0,7374.600000000015,4232.099999999997,0.0,independent_greedy,generalization,21312886,6
0.0,0.5,300.0,0.4694444444444444,0.7340654403784779,0.5557167831915404,0.6666666666666669,0.6987187442538203,0.0,63.0,0.0,8701.38444610273,4399.272824357309,0.0,communication_aware,generalization,21312886,6
0.0,0.5,300.0,0.39055555555555554,0.7310582692663841,0.35968547320563704,0.6666666666666669,0.7909244821493329,0.0,6.0,0.0,9639.377614239611,3212.337756418733,940.0,haco_safemarl_pilot_no_acoustic,generalization,21312886,6
0.0,0.6666666666666666,300.0,0.47333333333333333,0.6591700208304712,0.32456984661648064,0.6666666666666669,0.6909429749224375,0.0,107.0,0.0,9569.84094081395,2887.5964788921774,0.0,haco_safemarl_pilot_no_shield,generalization,21312886,6
0.0,0.3333333333333333,300.0,0.43444444444444436,0.772241644043038,0.6412752429720635,0.6666666666666669,0.7578459332863805,0.0,6.0,0.0,9305.667942497708,3646.323283578878,971.0,haco_safemarl_pilot,generalization,21312886,6
0.0,0.16666666666666666,300.0,0.005555555555555556,0.847843790354506,0.8210392713428507,0.05555555555555556,0.9998776716902433,0.0,6.0,0.0,1060.780032563988,483.9590772218208,813.0,haco_safemarl_mappo,generalization,21312886,6
0.0,1.0,262.0,0.38740458015267176,0.7021505937816452,0.26319389807213156,0.6666666666666669,0.7951389781560275,0.0,96.0,0.04198473282442748,5520.339999999994,3028.402924488088,0.0,fixed_auv_ga_pso_tlbo_proxy,generalization,21322893,6
0.0,1.0,201.0,0.41459369817578773,0.655585232894806,0.11953148042686502,0.5873015873015872,0.8196288914216281,0.0,73.0,0.0,5812.920000000011,2474.4999999999986,0.0,independent_greedy,generalization,21322893,6
0.0,0.8333333333333334,300.0,0.5983333333333334,0.7013906180533211,0.40844919524591233,1.0,0.7998448444130469,0.0,125.0,0.023333333333333334,8639.982412486046,3580.7731024804634,0.0,communication_aware,generalization,21322893,6
1.0,1.0,261.0,0.29948914431673046,0.741464291959099,0.2625931714491047,0.5,0.8347581133686096,0.0,0.0,0.0038314176245210726,9133.4978398053,2398.515819833178,696.0,haco_safemarl_pilot_no_acoustic,generalization,21322893,6
0.0,1.0,204.0,0.35049019607843135,0.7165033152865581,0.31876192363468187,0.5,0.8451950156392689,0.0,39.0,0.014705882352941176,7106.387183424639,1559.6704474747094,0.0,haco_safemarl_pilot_no_shield,generalization,21322893,6
0.0,0.6666666666666666,300.0,0.3055555555555555,0.7926049290236731,0.5727156037865513,0.4722222222222222,0.8042267584528067,0.0,0.0,0.006666666666666667,9706.159200791337,3237.539960190709,728.0,haco_safemarl_pilot,generalization,21322893,6
0.0,0.0,300.0,0.0,0.8460130742713202,0.8326422086838456,0.0,0.9999999999722223,0.0,0.0,0.08333333333333333,621.1337271467713,909.3475366045338,724.0,haco_safemarl_mappo,generalization,21322893,6
1.0,1.0,261.0,0.5019157088122604,0.6231932225864282,0.28685197577314,0.6728395061728395,0.6229189959143375,0.0,0.0,0.10344827586206896,5499.269999999994,3065.7754664759827,0.0,fixed_auv_ga_pso_tlbo_proxy,generalization,21332900,6
1.0,1.0,199.0,0.5067001675041876,0.5941825140235513,0.2083309810442315,0.6666666666666665,0.5665699848404966,0.0,0.0,0.11557788944723618,5755.080000000011,2558.0999999999976,0.0,independent_greedy,generalization,21332900,6
0.0,0.5,300.0,0.6244444444444444,0.6817113679460607,0.4561725402832772,0.9166666666666666,0.5726946887591267,0.0,103.0,0.08,8477.938307668652,3452.269522052474,0.0,communication_aware,generalization,21332900,6
0.0,0.8333333333333334,300.0,0.4133333333333333,0.6965878229614603,0.3181266608112105,0.6722222222222224,0.7081577442917798,0.03666666666666667,0.0,0.09666666666666666,9421.058144451674,2658.9699077752466,1071.0,haco_safemarl_pilot_no_acoustic,generalization,21332900,6
0.0,1.0,261.0,0.5044699872286078,0.6131128483844047,0.3187909488457108,0.6913580246913578,0.7250904291360288,0.02681992337164751,57.0,0.10727969348659004,8674.184544271207,2067.042863035202,0.0,haco_safemarl_pilot_no_shield,generalization,21332900,6
0.0,0.6666666666666666,300.0,0.4288888888888889,0.7704106544363337,0.5849592886792268,0.6666666666666669,0.6973704354389623,0.03666666666666667,0.0,0.08333333333333333,9081.549817127088,3042.259722869063,1088.0,haco_safemarl_pilot,generalization,21332900,6
0.0,0.16666666666666666,300.0,0.05277777777777777,0.8364723230172967,0.791529907174196,0.1666666666666667,0.9847145300582206,0.0,0.0,0.03666666666666667,1214.0955326065248,564.0471288186462,1223.0,haco_safemarl_mappo,generalization,21332900,6
0.0,0.6666666666666666,300.0,0.3722222222222222,0.6689159886036827,0.3587439323158875,0.6333333333333334,0.7378144190360607,0.0,86.0,0.0,6320.999999999983,3021.5190658379124,0.0,fixed_auv_ga_pso_tlbo_proxy,generalization,21342907,6
0.0,1.0,290.0,0.5275862068965518,0.562441803795992,0.23754650748325984,0.8160919540229883,0.729563741366006,0.0,65.0,0.0,8386.800000000017,3875.4999999999973,0.0,independent_greedy,generalization,21342907,6
0.0,0.3333333333333333,300.0,0.42722222222222217,0.7664254789245403,0.6288607135276053,0.6666666666666669,0.7150446061161401,0.0,130.0,0.0,8804.282959505348,3750.904346260212,0.0,communication_aware,generalization,21342907,6
0.0,0.3333333333333333,300.0,0.33666666666666667,0.7263704335426958,0.4628327520458302,0.6666666666666669,0.8445090526075063,0.0,0.0,0.0,9839.1476645254,3190.4315336249497,820.0,haco_safemarl_pilot_no_acoustic,generalization,21342907,6
0.0,0.5,300.0,0.43666666666666665,0.6583911834162407,0.4561480762564044,0.6666666666666669,0.7286279178071795,0.0,119.0,0.0,9838.249238971976,2861.6382510098524,0.0,haco_safemarl_pilot_no_shield,generalization,21342907,6
0.0,0.3333333333333333,300.0,0.345,0.7924116170843518,0.6615375017715638,0.6666666666666669,0.8397527212166158,0.0,0.0,0.0,9653.009420674965,3155.046574652207,829.0,haco_safemarl_pilot,generalization,21342907,6
0.0,0.0,300.0,0.3055555555555555,0.8216866925872074,0.7320061166686666,0.5,0.7860875829501008,0.0,0.0,0.0,870.8417636606514,555.0961290241421,951.0,haco_safemarl_mappo,generalization,21342907,6
0.0,1.0,299.0,0.6655518394648829,0.5580398752260587,0.39472777829079025,1.0,0.9167583422922037,0.0,43.0,0.026755852842809364,6299.929999999983,3151.0732228569377,0.0,fixed_auv_ga_pso_tlbo_proxy,generalization,21352914,6
0.0,1.0,229.0,0.7561863173216885,0.51350610510669,0.23714234965664002,1.0,0.5848890416071373,0.0,32.0,0.026200873362445413,6622.680000000013,2696.499999999999,0.0,independent_greedy,generalization,21352914,6
0.0,0.16666666666666666,300.0,0.7088888888888889,0.6816493302860758,0.5496733186274183,1.0,0.9129891200417328,0.0,37.0,0.02666666666666667,8327.712864936238,3056.4052941254954,0.0,communication_aware,generalization,21352914,6
0.0,0.5,300.0,0.5144444444444445,0.6487159080843968,0.39517560049481854,0.8333333333333331,0.8672879453769046,0.0,0.0,0.016666666666666666,9354.646308997668,2972.7433520229056,1345.0,haco_safemarl_pilot_no_acoustic,generalization,21352914,6
0.0,0.5,300.0,0.6666666666666665,0.5711416549673667,0.4046493017078489,0.9,0.6794401412081397,0.0,35.0,0.016666666666666666,9689.54386165206,2941.517236429183,0.0,haco_safemarl_pilot_no_shield,generalization,21352914,6
0.0,0.16666666666666666,300.0,0.5055555555555554,0.7404723620760862,0.624510700658733,0.8333333333333331,0.8841546449321855,0.0,0.0,0.016666666666666666,9302.689581534392,3124.423111503499,1361.0,haco_safemarl_pilot,generalization,21352914,6
0.0,0.0,300.0,0.08777777777777777,0.8309624626927151,0.7843583266107892,0.1666666666666667,0.9557530279909361,0.0,0.0,0.0,646.3935003661843,754.9082250578414,907.0,haco_safemarl_mappo,generalization,21352914,6
0.0,0.8333333333333334,300.0,0.5288888888888889,0.5518995174894944,0.3239761363878034,0.6666666666666669,0.5926922302994663,0.0,209.0,0.07333333333333333,6320.999999999983,3386.123724518651,0.0,fixed_auv_ga_pso_tlbo_proxy,generalization,21362921,6
0.0,1.0,261.0,0.5593869731800766,0.51540273771445,0.30857796322897263,0.6666666666666669,0.5479064243066021,0.0,191.0,0.2260536398467433,7548.120000000015,3860.3000000000175,0.0,independent_greedy,generalization,21362921,6
0.0,0.3333333333333333,300.0,0.545,0.7185329485049397,0.5996291592438114,0.6666666666666669,0.566143367135988,0.0,176.0,0.0,8586.374217610783,3971.789663084345,0.0,communication_aware,generalization,21362921,6
0.0,0.3333333333333333,300.0,0.4633333333333333,0.6909236420290498,0.4875430681692009,0.6666666666666669,0.7201277954771409,0.0,4.0,0.05,5524.802180972384,2129.593345837345,1274.0,haco_safemarl_pilot_no_acoustic,generalization,21362921,6
0.0,0.5,300.0,0.555,0.5872880621741418,0.40556305457296205,0.6666666666666669,0.558828447903182,0.0,325.0,0.07666666666666666,9530.275857370887,2984.8253503743717,0.0,haco_safemarl_pilot_no_shield,generalization,21362921,6
0.0,0.3333333333333333,300.0,0.44944444444444437,0.7663005830759809,0.636946921336974,0.6666666666666669,0.7454340238526128,0.0,3.0,0.0,5988.496505048224,2106.9223611646266,1258.0,haco_safemarl_pilot,generalization,21362921,6
0.0,0.0,300.0,0.21277777777777773,0.8157086335319115,0.6868734659566389,0.3333333333333334,0.8635970288221128,0.0,3.0,0.0,737.2800402140225,346.39292289895707,1133.0,haco_safemarl_mappo,generalization,21362921,6
0.0,0.6666666666666666,300.0,0.8388888888888889,0.3503196128451284,0.15311376145290903,1.0,0.5295302855581304,0.016666666666666666,44.0,0.11666666666666667,6320.999999999983,3152.201173013122,0.0,fixed_auv_ga_pso_tlbo_proxy,generalization,21372928,6
0.0,1.0,281.0,0.8890865954922894,0.3032349509154509,0.05065533355037476,1.0,0.6025190384304161,0.0,34.0,0.1103202846975089,8126.520000000017,3937.0999999999967,0.0,independent_greedy,generalization,21372928,6
0.0,0.0,300.0,0.8488888888888888,0.5941877630401589,0.39771462397022894,1.0,0.4994194677673301,0.023333333333333334,39.0,0.10666666666666667,8023.164694900276,3026.40023308577,0.0,communication_aware,generalization,21372928,6
0.0,0.16666666666666666,300.0,0.7277777777777777,0.5132330603889869,0.16814794417197368,1.0,0.8000773083546365,0.0,0.0,0.07333333333333333,9198.080264612485,3283.716884652822,1694.0,haco_safemarl_pilot_no_acoustic,generalization,21372928,6
0.0,0.16666666666666666,300.0,0.865,0.41126193755923196,0.21274645542410758,1.0,0.6772761674930052,0.04666666666666667,138.0,0.10666666666666667,9319.35277877543,3052.758810243245,0.0,haco_safemarl_pilot_no_shield,generalization,21372928,6
0.0,0.0,300.0,0.7216666666666667,0.6783866297220078,0.5174573971451921,1.0,0.77424996739624,0.01,0.0,0.11666666666666667,8748.975972785063,3135.1013775090096,1708.0,haco_safemarl_pilot,generalization,21372928,6
0.0,0.0,300.0,0.09888888888888886,0.822048581356061,0.7657561550138425,0.3333333333333334,0.9711814753131818,0.0,0.0,0.11,810.5240027057775,535.9731185840801,1248.0,haco_safemarl_mappo,generalization,21372928,6
0.0,1.0,232.0,0.5395114942528736,0.6324718835199729,0.3986685151396983,0.8333333333333334,0.6495505578347079,0.0,73.0,0.0,4888.2400000000025,3016.0981663961043,0.0,fixed_auv_ga_pso_tlbo_proxy,generalization,21382935,6
0.0,1.0,178.0,0.594569288389513,0.5997128972993505,0.3532473633053356,0.8333333333333335,0.6534402597857861,0.0,55.0,0.0,5147.760000000009,2609.8999999999955,0.0,independent_greedy,generalization,21382935,6
0.0,0.6666666666666666,300.0,0.6422222222222221,0.7084380980438192,0.6153302637476206,0.8333333333333331,0.5578457481906139,0.0,120.0,0.0,8427.02709771926,3835.689922384915,0.0,communication_aware,generalization,21382935,6
1.0,1.0,217.0,0.37941628264208915,0.703380518000818,0.4213686666503112,0.6666666666666665,0.7642593918880459,0.0,0.0,0.0,6222.337983166129,1695.2041038979537,881.0,haco_safemarl_pilot_no_acoustic,generalization,21382935,6
0.0,1.0,181.0,0.511049723756906,0.6307837797896174,0.39281168063851507,0.6754385964912281,0.7140675570360744,0.0,111.0,0.0,6223.715361795942,1332.473175562563,0.0,haco_safemarl_pilot_no_shield,generalization,21382935,6
0.0,0.5,300.0,0.3916666666666666,0.7684237692371689,0.583273761341991,0.6666666666666669,0.7598644059629492,0.0,0.0,0.0,9380.892640959672,3351.843857310817,1059.0,haco_safemarl_pilot,generalization,21382935,6
0.0,0.16666666666666666,300.0,0.0011111111111111111,0.84321482658602,0.8242714574323805,0.01111111111111111,0.9999938134306109,0.0,0.0,0.0,900.6774841629607,525.0275776827523,967.0,haco_safemarl_mappo,generalization,21382935,6
0.0,0.6666666666666666,300.0,0.5816666666666666,0.6119591264643153,0.32885031361352757,1.0,0.9042773071760766,0.0,398.0,0.0,6320.999999999983,3527.7903345238738,0.0,fixed_auv_ga_pso_tlbo_proxy,generalization,21392942,6
0.0,1.0,236.0,0.6186440677966102,0.5931310932256362,0.21798936932690424,1.0,0.8275157499117733,0.0,310.0,0.0,6825.1200000000135,3225.699999999999,0.0,independent_greedy,generalization,21392942,6
0.0,0.5,300.0,0.665,0.6952062559737875,0.53566422586273,1.0,0.9021973766427036,0.0,475.0,0.0,8522.139339950516,3539.0290239884102,0.0,communication_aware,generalization,21392942,6
0.0,0.3333333333333333,300.0,0.32555555555555554,0.7227947302178278,0.37137406143873475,0.5,0.7971256235792858,0.0,34.0,0.0,5534.4571020554295,2728.448989357739,1592.0,haco_safemarl_pilot_no_acoustic,generalization,21392942,6
0.0,0.6666666666666666,300.0,0.4422222222222222,0.6771449850250743,0.35696261948656044,0.6666666666666669,0.7546272589289281,0.0,344.0,0.0,9660.12122960482,2957.6387851558543,0.0,haco_safemarl_pilot_no_shield,generalization,21392942,6
0.0,0.16666666666666666,300.0,0.3261111111111111,0.7907414176549487,0.6141010193277047,0.5,0.7993173553022906,0.0,34.0,0.0,6217.421041601386,3270.215176713343,1603.0,haco_safemarl_pilot,generalization,21392942,6
0.0,0.0,300.0,0.13166666666666665,0.8523374297678042,0.7791702696781136,0.17777777777777778,0.9537698788834156,0.0,73.0,0.0,722.4679392826287,548.0625372185707,796.0,haco_safemarl_mappo,generalization,21392942,6
0.0,0.8333333333333334,300.0,0.5677777777777777,0.574214843217256,0.19751555361092957,0.6666666666666669,0.6468285008974253,0.0,273.0,0.0,6320.999999999983,4361.059259402776,0.0,fixed_auv_ga_pso_tlbo_proxy,generalization,21402949,6
0.0,1.0,269.0,0.7137546468401487,0.5093011560317832,0.15136087342238827,0.8333333333333331,0.4288297410052105,0.0,308.0,0.0,7779.480000000016,4982.499999999998,0.0,independent_greedy,generalization,21402949,6
0.0,0.5,300.0,0.6005555555555556,0.6951776490692684,0.5019693443570697,0.8333333333333331,0.611607216734641,0.0,323.0,0.0,8530.387187352057,4232.305234809125,0.0,communication_aware,generalization,21402949,6
0.0,0.3333333333333333,300.0,0.4777777777777777,0.7012093167812685,0.47462894899708896,0.6666666666666669,0.679036254156666,0.0,0.0,0.0,9484.542610492583,4073.0379564437794,1015.0,haco_safemarl_pilot_no_acoustic,generalization,21402949,6
0.0,0.5,300.0,0.5244444444444444,0.6386852734477364,0.2584719622034817,0.6666666666666669,0.6154197616254719,0.0,127.0,0.0,9425.758274317757,3140.914227176824,0.0,haco_safemarl_pilot_no_shield,generalization,21402949,6
0.0,0.3333333333333333,300.0,0.45388888888888884,0.7798126126272436,0.6766304547770217,0.6666666666666669,0.7108756456925588,0.0,0.0,0.0,9309.333771615511,3841.575893426646,1018.0,haco_safemarl_pilot,generalization,21402949,6
0.0,0.0,300.0,0.14222222222222222,0.8305557271017808,0.7423430073526179,0.1666666666666667,0.8906982304817659,0.0,0.0,0.0,612.7262685018419,297.91829766772446,887.0,haco_safemarl_mappo,generalization,21402949,6
0.0,0.8333333333333334,300.0,0.6861111111111111,0.45407850588606985,0.2009072925400624,1.0,0.6274298224849374,0.0,110.0,0.0,6320.999999999983,3163.143394004731,0.0,fixed_auv_ga_pso_tlbo_proxy,generalization,21412956,6
0.0,1.0,253.0,0.7147562582345192,0.4051997189085048,0.15651717148695618,1.0,0.6298382814977415,0.0,85.0,0.0,7316.760000000015,3338.900000000001,0.0,independent_greedy,generalization,21412956,6
0.0,0.0,300.0,0.7388888888888889,0.6423240487375992,0.5161268215427557,1.0,0.638823338719536,0.0,79.0,0.0,8224.00579392771,2994.294182216624,0.0,communication_aware,generalization,21412956,6
0.0,0.3333333333333333,300.0,0.6283333333333333,0.5669517416206951,0.3000494697129314,1.0,0.7000206457408544,0.0,22.0,0.0,5348.617135408647,1633.6600712582222,1699.0,haco_safemarl_pilot_no_acoustic,generalization,21412956,6
0.0,0.16666666666666666,300.0,0.7611111111111111,0.47470108767150715,0.2763042470667923,1.0,0.6130230089013591,0.0,202.0,0.0,9487.228346768637,3126.656898876253,0.0,haco_safemarl_pilot_no_shield,generalization,21412956,6
0.0,0.0,300.0,0.6355555555555555,0.7117039624772649,0.5931693319697025,1.0,0.723681909188072,0.0,21.0,0.0,3505.987267748301,1248.3902490711446,1777.0,haco_safemarl_pilot,generalization,21412956,6
0.0,0.0,300.0,0.03222222222222222,0.8287047154499431,0.8078468430001052,0.1666666666666667,0.9962154786888712,0.0,17.0,0.0,1330.186866306361,826.4615547237076,1125.0,haco_safemarl_mappo,generalization,21412956,6
0.0,0.6666666666666666,300.0,0.6205555555555555,0.5459811884150869,0.3672120238983363,1.0,0.7683308461734907,0.0,164.0,0.0,6320.999999999983,2992.6818032768742,0.0,fixed_auv_ga_pso_tlbo_proxy,generalization,21422963,6
0.0,1.0,288.0,0.7037037037037037,0.4581295011575545,0.21640345641025727,1.0,0.7468745368447105,0.0,185.0,0.0,8328.960000000017,3937.5000000000055,0.0,independent_greedy,generalization,21422963,6
0.0,0.16666666666666666,300.0,0.6788888888888889,0.6793750018373148,0.5933050108168415,1.0,0.7845220313762623,0.0,112.0,0.0,8317.938233553825,2967.929417085839,0.0,communication_aware,generalization,21422963,6
0.0,0.16666666666666666,300.0,0.5088888888888888,0.6681615082653745,0.4947733189430054,0.8333333333333331,0.877716976126782,0.0,20.0,0.0,8778.287506652285,3071.4033781568837,1401.0,haco_safemarl_pilot_no_acoustic,generalization,21422963,6
0.0,0.16666666666666666,300.0,0.6738888888888889,0.5488305380025718,0.43174667838346875,1.0,0.9127317130433681,0.0,97.0,0.0,9635.020231255992,3057.329731370101,0.0,haco_safemarl_pilot_no_shield,generalization,21422963,6
0.0,0.16666666666666666,300.0,0.5333333333333333,0.7388285919343776,0.6652498194627205,1.0,0.7879924952303681,0.0,30.0,0.0,8561.219432870068,3074.133704178617,1484.0,haco_safemarl_pilot,generalization,21422963,6
0.0,0.0,300.0,0.05833333333333332,0.8340438242581564,0.8130467217318168,0.1666666666666667,0.9941545053909927,0.0,43.0,0.0,1084.5520741069033,714.044898286793,1124.0,haco_safemarl_mappo,generalization,21422963,6
0.0,0.8333333333333334,300.0,0.5416666666666665,0.5661023763065586,0.24425670460455398,0.8333333333333331,0.6975832487134414,0.0,0.0,0.0,6320.999999999983,3541.2407334707837,0.0,fixed_auv_ga_pso_tlbo_proxy,generalization,21432970,6
1.0,1.0,297.0,0.6324354657687989,0.46491686957788214,0.1958559283521126,0.8333333333333331,0.5608037980159056,0.0,0.0,0.0,8589.240000000018,4906.300000000001,0.0,independent_greedy,generalization,21432970,6
0.0,0.3333333333333333,300.0,0.5844444444444444,0.7028182582982211,0.5118043065075129,0.8333333333333331,0.6511827115326528,0.0,0.0,0.0,8496.796075607774,3632.9345847924096,0.0,communication_aware,generalization,21432970,6
0.0,0.6666666666666666,300.0,0.5427777777777777,0.6358920544131891,0.39502796225510844,0.8333333333333331,0.7495048145655808,0.0,0.0,0.0,9676.352217195948,3090.8728800594517,1167.0,haco_safemarl_pilot_no_acoustic,generalization,21432970,6
0.0,0.3333333333333333,300.0,0.6216666666666667,0.5725501930973693,0.3495121717028214,0.8333333333333331,0.5890599397261296,0.0,0.0,0.0,9556.012383507179,3304.6421037565224,0.0,haco_safemarl_pilot_no_shield,generalization,21432970,6
0.0,0.16666666666666666,300.0,0.5394444444444444,0.7398367401123159,0.6247745970257176,0.8333333333333331,0.7601702094895977,0.0,0.0,0.0,9281.837341148128,3485.600017737709,1181.0,haco_safemarl_pilot,generalization,21432970,6
0.0,0.0,300.0,0.03666666666666665,0.8464893361230019,0.8033498806093675,0.1666666666666667,0.9928084064084587,0.0,0.0,0.16,812.275329115707,351.2551867561687,832.0,haco_safemarl_mappo,generalization,21432970,6
0.0,1.0,264.0,0.6426767676767677,0.6252259196983287,0.42352926035618776,1.0,0.866229706619367,0.0,233.0,0.0,5562.479999999993,3451.4107906925396,0.0,fixed_auv_ga_pso_tlbo_proxy,generalization,21442977,6
0.0,1.0,202.0,0.6328382838283829,0.6163376814585622,0.3556588715490652,1.0,0.7597469363389395,0.0,131.0,0.0,5841.840000000011,3215.6999999999935,0.0,independent_greedy,generalization,21442977,6
0.0,0.5,300.0,0.7205555555555555,0.6731530368478912,0.5985476603480371,1.0,0.8530712842926625,0.0,323.0,0.0,8313.481213115161,3349.247467920894,0.0,communication_aware,generalization,21442977,6
0.0,0.8333333333333334,300.0,0.36277777777777775,0.7342337024505182,0.45265450266527113,0.6666666666666669,0.8052359564697714,0.0,0.0,0.0,9940.167612648109,3056.1075162612615,1014.0,haco_safemarl_pilot_no_acoustic,generalization,21442977,6
0.0,1.0,202.0,0.4298679867986798,0.7019711274588649,0.46181183664202285,0.8333333333333334,0.842037971631699,0.0,82.0,0.0,6885.806465541903,1621.3635996328985,0.0,haco_safemarl_pilot_no_shield,generalization,21442977,6
0.0,0.3333333333333333,300.0,0.43444444444444436,0.778294992103429,0.6638340784748019,0.6666666666666669,0.7765099745316277,0.0,0.0,0.0,9436.540016035593,3655.075143358121,1015.0,haco_safemarl_pilot,generalization,21442977,6
0.0,0.16666666666666666,300.0,0.05333333333333334,0.8508805795392465,0.8175241586756258,0.3333333333333334,0.9932841824951579,0.0,0.0,0.0,804.5594137541855,286.8115670764163,809.0,haco_safemarl_mappo,generalization,21442977,6
0.0,1.0,204.0,0.7001633986928104,0.6114268260780634,0.297779246326927,0.8333333333333334,0.4453912950849671,0.0,128.0,0.10294117647058823,4298.280000000011,2670.3561155452758,0.0,fixed_auv_ga_pso_tlbo_proxy,generalization,21452984,6
0.0,1.0,156.0,0.6559829059829059,0.607346222325196,0.19595456595243127,0.8333333333333334,0.525983644747467,0.0,99.0,0.1346153846153846,4511.520000000008,2405.5000000000005,0.0,independent_greedy,generalization,21452984,6
0.0,0.5,300.0,0.7511111111111111,0.6667929626169834,0.4388091211928089,0.8333333333333331,0.3457075926155545,0.0,214.0,0.05333333333333334,8472.674629665906,4606.161660286588,0.0,communication_aware,generalization,21452984,6
0.0,0.6666666666666666,300.0,0.38666666666666666,0.731440363077941,0.32388295657800986,0.5,0.7415617128057405,0.0,0.0,0.09,9279.46202867193,3652.2277407214615,915.0,haco_safemarl_pilot_no_acoustic,generalization,21452984,6
0.0,0.6666666666666666,300.0,0.4816666666666667,0.6365287187714936,0.25240254954842717,0.5055555555555555,0.6084535926442511,0.0,432.0,0.09666666666666666,9203.069543237794,3244.150748234346,0.0,haco_safemarl_pilot_no_shield,generalization,21452984,6
0.0,0.5,300.0,0.4122222222222222,0.7736551983009091,0.5487453972012465,0.5,0.7000347714319822,0.0,0.0,0.09333333333333334,9028.497935420879,3545.2886726605307,925.0,haco_safemarl_pilot,generalization,21452984,6
0.0,0.0,300.0,0.14888888888888888,0.8282471568368349,0.7467777970271238,0.23888888888888882,0.898181612194313,0.0,0.0,0.0,522.5395954291563,531.3682116795958,1014.0,haco_safemarl_mappo,generalization,21452984,6
0.0,0.8333333333333334,300.0,0.655,0.5333742879962993,0.3411944885506579,1.0,0.7447251027035414,0.0,346.0,0.0,6320.999999999983,3240.1621054434636,0.0,fixed_auv_ga_pso_tlbo_proxy,generalization,21462991,6
0.0,1.0,247.0,0.7469635627530364,0.4946812768853642,0.2324776019463109,1.0,0.6142707376164068,0.0,316.0,0.0,7143.240000000014,3139.6999999999994,0.0,independent_greedy,generalization,21462991,6
0.0,0.0,300.0,0.7033333333333334,0.6875219976956812,0.5649254250952261,1.0,0.7545486296745587,0.0,77.0,0.0,8311.697824700792,3038.00169381805,0.0,communication_aware,generalization,21462991,6
0.0,0.3333333333333333,300.0,0.5116666666666667,0.6590129875540999,0.3993524475328523,1.0,0.822565809146294,0.0,0.0,0.0,9730.128660669068,3162.0252393896376,1440.0,haco_safemarl_pilot_no_acoustic,generalization,21462991,6
0.0,0.3333333333333333,300.0,0.7016666666666667,0.5570791680492129,0.36340327234062364,1.0,0.8467643895646249,0.0,107.0,0.0,9718.348200436361,3005.7219835882684,0.0,haco_safemarl_pilot_no_shield,generalization,21462991,6
0.0,0.0,300.0,0.5444444444444444,0.7348276136058798,0.6168540901210158,1.0,0.8638054715245543,0.0,0.0,0.0,8891.206058991293,3143.1424716397023,1508.0,haco_safemarl_pilot,generalization,21462991,6
0.0,0.0,300.0,0.245,0.8255435366846723,0.7843047993450024,0.5,0.9299866761717235,0.0,0.0,0.0,1321.2689731534024,730.9663605976881,1057.0,haco_safemarl_mappo,generalization,21462991,6
0.0,1.0,223.0,0.4275037369207771,0.6944835292541384,0.5019204907796695,0.8333333333333333,0.8553843103019181,0.0,86.0,0.0,4698.610000000005,2270.458530183335,0.0,fixed_auv_ga_pso_tlbo_proxy,generalization,21472998,6
0.0,1.0,170.0,0.5117647058823528,0.6793319622476722,0.5302524056069479,0.8333333333333334,0.708089217744019,0.0,65.0,0.0,4916.400000000009,1853.100000000003,0.0,independent_greedy,generalization,21472998,6
0.0,0.5,300.0,0.5727777777777777,0.7156983958555354,0.6295965122782251,0.8333333333333331,0.7164416885775142,0.0,170.0,0.0,8533.895979332678,3608.662066874805,0.0,communication_aware,generalization,21472998,6
0.0,1.0,299.0,0.3338907469342252,0.7221649029910199,0.4871593509822285,0.6666666666666669,0.8658443713962238,0.0,8.0,0.0,9357.766020832012,2847.8132442729766,916.0,haco_safemarl_pilot_no_acoustic,generalization,21472998,6
0.0,1.0,277.0,0.5060168471720818,0.6529284590808005,0.45384887646238053,0.7857142857142856,0.7466893982566939,0.0,83.0,0.0,9045.354734160628,2399.837334982313,0.0,haco_safemarl_pilot_no_shield,generalization,21472998,6
0.0,0.5,300.0,0.3549999999999999,0.7849279722720809,0.680062697780724,0.6666666666666669,0.8575182932622486,0.0,8.0,0.0,9600.00109645754,3436.7465381933484,954.0,haco_safemarl_pilot,generalization,21472998,6
0.0,0.0,300.0,0.0,0.8622990804856492,0.8337504092876681,0.0,0.9999999999722223,0.0,7.0,0.0,828.0414750735149,723.4227222378562,609.0,haco_safemarl_mappo,generalization,21472998,6
0.0,1.0,293.0,0.5944254835039817,0.5485435742175929,0.20205279211713187,0.8333333333333331,0.6263401711898348,0.017064846416382253,237.0,0.08532423208191127,6173.509999999985,3562.1018776830065,0.0,fixed_auv_ga_pso_tlbo_proxy,generalization,21483005,6
0.0,1.0,225.0,0.48,0.5447604022417444,0.0708109688445404,0.6666666666666664,0.6691051876495243,0.0,181.0,0.1111111111111111,6507.000000000013,3142.499999999999,0.0,independent_greedy,generalization,21483005,6
0.0,0.3333333333333333,300.0,0.6783333333333331,0.6409014500633107,0.41795800914077397,0.8333333333333331,0.500349246366447,0.0,369.0,0.08333333333333333,8341.11566926996,3496.340388579478,0.0,communication_aware,generalization,21483005,6
0.0,0.6666666666666666,300.0,0.5422222222222222,0.654494124303557,0.20532460079112827,0.8222222222222221,0.6232248020515833,0.0,9.0,0.08,8824.758594092622,2806.2513692361204,1313.0,haco_safemarl_pilot_no_acoustic,generalization,21483005,6
0.0,0.5,300.0,0.5966666666666667,0.5583162708013086,0.2427976874646375,0.8333333333333331,0.5705026626278896,0.0033333333333333335,125.0,0.08,9394.208661374369,3046.176594274254,0.0,haco_safemarl_pilot_no_shield,generalization,21483005,6
0.0,0.16666666666666666,300.0,0.5116666666666667,0.7375040548477884,0.5291947406420363,0.7166666666666665,0.6363804835631511,0.03333333333333333,0.0,0.07333333333333333,7853.774287091019,2880.3517834686886,1410.0,haco_safemarl_pilot,generalization,21483005,6
0.0,0.0,300.0,0.048333333333333325,0.8367299000824019,0.8065994481072006,0.1666666666666667,0.9872670675500306,0.0,0.0,0.0,778.1289256341338,838.0514875376721,1035.0,haco_safemarl_mappo,generalization,21483005,6
0.0,1.0,291.0,0.7875143184421536,0.36526815183995226,0.22657551916683555,1.0,0.8406378634175793,0.0,279.0,0.09965635738831616,6131.369999999985,3564.4465746034984,0.0,fixed_auv_ga_pso_tlbo_proxy,generalization,21493012,6
0.0,1.0,223.0,0.773542600896861,0.3711706810250215,0.12749464796090598,1.0,0.6222904548717864,0.0,216.0,0.11210762331838565,6449.160000000013,3205.6999999999944,0.0,independent_greedy,generalization,21493012,6
0.0,0.3333333333333333,300.0,0.8255555555555556,0.5701930248047943,0.49060036341704605,1.0,0.8512570790456802,0.03666666666666667,325.0,0.09666666666666666,8032.66046418483,3026.960812244351,0.0,communication_aware,generalization,21493012,6
0.0,0.3333333333333333,300.0,0.47111111111111104,0.6551482408511121,0.32886977388104466,0.6666666666666669,0.7359493810141363,0.0,9.0,0.10666666666666667,9393.044360257032,4304.175926449296,1549.0,haco_safemarl_pilot_no_acoustic,generalization,21493012,6
0.0,0.3333333333333333,300.0,0.808888888888889,0.4575471994226551,0.3121389204006189,1.0,0.7704166662152504,0.0,215.0,0.08333333333333333,9334.61635291364,3103.5942933440024,0.0,haco_safemarl_pilot_no_shield,generalization,21493012,6
0.0,0.0,300.0,0.5177777777777777,0.7276507820936122,0.6045431888416508,0.6666666666666669,0.6244500803485995,0.0,9.0,0.08666666666666667,9035.938366213702,4415.22012813468,1606.0,haco_safemarl_pilot,generalization,21493012,6
0.0,0.0,300.0,0.047222222222222214,0.83930752844115,0.8182016486498733,0.1666666666666667,0.9878667270932517,0.0,7.0,0.07666666666666666,1701.2488531703475,1577.4779064208633,1378.0,haco_safemarl_mappo,generalization,21493012,6
0.0,0.6666666666666666,300.0,0.688888888888889,0.47339879760658665,0.1909198734113756,1.0,0.7622825694255524,0.0,111.0,0.0,6320.999999999983,2963.174484921205,0.0,fixed_auv_ga_pso_tlbo_proxy,generalization,21503019,6
0.0,1.0,265.0,0.7930817610062894,0.3686456811384162,0.18950292772196026,1.0,0.7134730732970559,0.0,86.0,0.0,7663.800000000016,3327.499999999997,0.0,independent_greedy,generalization,21503019,6
0.0,0.16666666666666666,300.0,0.7238888888888889,0.6588062288568217,0.5155387872854663,1.0,0.7582312672491613,0.0,134.0,0.0,8275.390871591731,3022.779890624236,0.0,communication_aware,generalization,21503019,6
0.0,0.3333333333333333,300.0,0.6727777777777777,0.5747136755127192,0.3980056641508195,1.0,0.8097722316222017,0.0,0.0,0.0,7868.631764257629,2376.3606491413507,1556.0,haco_safemarl_pilot_no_acoustic,generalization,21503019,6
0.0,0.16666666666666666,300.0,0.7827777777777777,0.49409334920205833,0.3683073235478528,1.0,0.7595363715167859,0.0,52.0,0.0,9637.048453775365,3093.3161245714,0.0,haco_safemarl_pilot_no_shield,generalization,21503019,6
0.0,0.0,300.0,0.6744444444444446,0.7115186777956375,0.6859529333689882,1.0,0.8703529099670212,0.0,0.0,0.0,9406.953353411249,3589.5142902389134,1481.0,haco_safemarl_pilot,generalization,21503019,6
0.0,0.0,300.0,0.21444444444444444,0.818125207900546,0.7153650763489119,0.5,0.8630958239107984,0.0,0.0,0.0,1318.463941231716,1182.9551806862569,969.0,haco_safemarl_mappo,generalization,21503019,6
0.0,0.6666666666666666,300.0,0.551111111111111,0.5690546479211435,0.32371816801064857,0.8333333333333331,0.7659378768085597,0.0,43.0,0.0,6320.999999999983,3361.7793309462977,0.0,fixed_auv_ga_pso_tlbo_proxy,generalization,21513026,6
0.0,1.0,253.0,0.5606060606060606,0.5236874376301223,0.20469135173181724,0.8333333333333333,0.6398868339691247,0.0,33.0,0.0,7316.760000000015,3540.6999999999875,0.0,independent_greedy,generalization,21513026,6
0.0,0.3333333333333333,300.0,0.6611111111111111,0.6839821141744582,0.556146534841532,1.0,0.8191127780851116,0.0,0.0,0.0,8524.512591070361,3612.434780190375,0.0,communication_aware,generalization,21513026,6
0.0,0.5,300.0,0.48555555555555563,0.6772748535046539,0.41482500441679976,0.8333333333333331,0.7966679301553986,0.0,0.0,0.0,9689.563389863219,2979.195244591594,1166.0,haco_safemarl_pilot_no_acoustic,generalization,21513026,6
0.0,0.5,300.0,0.5838888888888889,0.6081460988171381,0.3398541344847451,0.8333333333333331,0.6733267080256565,0.0,29.0,0.0,9689.042548378375,3031.7816721349964,0.0,haco_safemarl_pilot_no_shield,generalization,21513026,6
0.0,0.16666666666666666,300.0,0.5155555555555554,0.7421740245788812,0.657874555192897,0.8333333333333331,0.7918192230852195,0.0,0.0,0.0,9309.549875250628,3298.7061922414987,1198.0,haco_safemarl_pilot,generalization,21513026,6
0.0,0.0,300.0,0.07055555555555555,0.8392593521205217,0.7888658064959709,0.1666666666666667,0.9763149541173112,0.0,0.0,0.0,1221.6882880934957,770.9063401597537,1108.0,haco_safemarl_mappo,generalization,21513026,6
0.0,0.8333333333333334,300.0,0.4366666666666666,0.6715184600109495,0.295889037556539,0.7555555555555552,0.7187568156581604,0.0,125.0,0.11,6320.999999999983,3343.653004010453,0.0,fixed_auv_ga_pso_tlbo_proxy,generalization,21523033,6
0.0,1.0,285.0,0.554970760233918,0.5527056983568742,0.09564726990905803,0.7413793103448273,0.5459316323015183,0.0,110.0,0.11228070175438597,8242.200000000017,4278.899999999995,0.0,independent_greedy,generalization,21523033,6
0.0,0.6666666666666666,300.0,0.49833333333333324,0.747730090592061,0.5668426500659256,0.8333333333333331,0.6793682294620075,0.0,94.0,0.1,8733.843256373319,3587.0299985231313,0.0,communication_aware,generalization,21523033,6
0.0,0.8333333333333334,300.0,0.2861111111111111,0.7576482760185814,0.3343537527301172,0.5111111111111111,0.8035603921228133,0.0033333333333333335,0.0,0.16333333333333333,8293.324549246401,2113.472291190304,1023.0,haco_safemarl_pilot_no_acoustic,generalization,21523033,6
0.0,0.8333333333333334,300.0,0.39055555555555554,0.6911754072084874,0.3207265477293758,0.5666666666666667,0.7018050612729658,0.06333333333333334,115.0,0.16333333333333333,9916.164573421722,2457.9673637947894,0.0,haco_safemarl_pilot_no_shield,generalization,21523033,6
0.0,0.5,300.0,0.3005555555555555,0.792997366123448,0.584476539212195,0.33888888888888896,0.7307100109689578,0.04666666666666667,0.0,0.14,8493.085288611614,2674.4260214795354,976.0,haco_safemarl_pilot,generalization,21523033,6
0.0,0.0,300.0,0.21833333333333332,0.8154126478158554,0.6153864580236027,0.3333333333333334,0.8239535806822063,0.0,0.0,0.0,717.8684012470388,583.5483207206228,854.0,haco_safemarl_mappo,generalization,21523033,6
0.0,0.8333333333333334,300.0,0.7005555555555555,0.4504654542828719,0.17538635478272047,1.0,0.6461967230782147,0.0,90.0,0.07666666666666666,6320.999999999983,3509.659329087964,0.0,fixed_auv_ga_pso_tlbo_proxy,generalization,21533040,6
0.0,1.0,299.0,0.7870680044593087,0.36182345872676325,0.1269455239106544,1.0,0.581305670873491,0.0,69.0,0.06688963210702341,8647.080000000018,4974.099999999999,0.0,independent_greedy,generalization,21533040,6
0.0,0.0,300.0,0.7433333333333333,0.640442318308314,0.5188150631758532,1.0,0.636227062818911,0.0,275.0,0.07333333333333333,8216.103978755616,3035.6271895513714,0.0,communication_aware,generalization,21533040,6
0.0,0.5,300.0,0.701111111111111,0.6366541337846816,0.5554464095272312,1.0,0.755389224504961,0.0,0.0,0.06333333333333334,9603.693513731889,3576.6244186607164,1489.0,haco_safemarl_pilot_no_acoustic,generalization,21533040,6
0.0,0.6666666666666666,300.0,0.7783333333333333,0.49639861963141874,0.28843580089891885,1.0,0.6597255026257272,0.0,230.0,0.06666666666666667,9555.7291743405,2928.443056752975,0.0,haco_safemarl_pilot_no_shield,generalization,21533040,6
0.0,0.0,300.0,0.7038888888888889,0.703423334684569,0.6045407363263144,1.0,0.7479136060064127,0.0,0.0,0.06666666666666667,9126.114844921052,3398.320645516471,1523.0,haco_safemarl_pilot,generalization,21533040,6
0.0,0.0,300.0,0.11333333333333333,0.8252054088531251,0.7716640437411421,0.20555555555555546,0.9553574241194795,0.0,0.0,0.16333333333333333,960.4114175133636,755.1570676668921,1194.0,haco_safemarl_mappo,generalization,21533040,6
0.0,1.0,300.0,0.5283333333333333,0.5854984582434349,0.13442056919396725,0.8055555555555554,0.6924001313499709,0.0,538.0,0.013333333333333334,6320.999999999983,3619.6925578100727,0.0,fixed_auv_ga_pso_tlbo_proxy,generalization,21543047,6
0.0,1.0,230.0,0.4862318840579712,0.5681250188390182,0.04522489395785951,0.6666666666666664,0.6434086201914858,0.06086956521739131,411.0,0.2,6651.600000000013,3228.2999999999947,0.0,independent_greedy,generalization,21543047,6
0.0,0.5,300.0,0.6388888888888887,0.6587079746265446,0.2922505302070029,0.8333333333333331,0.5616259902555614,0.0,300.0,0.0,8407.576849484198,3540.242624009459,0.0,communication_aware,generalization,21543047,6
0.0,0.5,300.0,0.36722222222222217,0.683745685222091,0.23411807060335504,0.5611111111111111,0.7325449553490055,0.0,24.0,0.08666666666666667,7369.803571889555,2446.147541350855,1314.0,haco_safemarl_pilot_no_acoustic,generalization,21543047,6
0.0,0.5,300.0,0.5533333333333333,0.5836027337441598,0.17514701646639377,0.7833333333333331,0.6269917941604791,0.0,346.0,0.08333333333333333,9512.983740057514,3089.2773110620865,0.0,haco_safemarl_pilot_no_shield,generalization,21543047,6
0.0,0.16666666666666666,300.0,0.43166666666666664,0.7440928927312414,0.4402506409590226,0.6666666666666669,0.7350097974715024,0.0,24.0,0.10333333333333333,4658.345760835377,1990.0349042962862,1621.0,haco_safemarl_pilot,generalization,21543047,6
0.0,0.0,300.0,0.19444444444444442,0.8259667567017646,0.7648283632531349,0.3333333333333334,0.8789157210415128,0.0,28.0,0.09,876.6510762490163,535.7611224201621,990.0,haco_safemarl_mappo,generalization,21543047,6
0.0,1.0,218.0,0.5229357798165137,0.657100870227103,0.3527699469272485,0.8333333333333333,0.7027635795983891,0.05045871559633028,0.0,0.10550458715596331,4593.260000000007,2320.593770000126,0.0,fixed_auv_ga_pso_tlbo_proxy,generalization,21553054,6
1.0,1.0,167.0,0.560878243512974,0.6484723473787724,0.23342524399940306,1.0,0.7339338245668096,0.0,0.0,0.15568862275449102,4829.6400000000085,2036.8999999999999,0.0,independent_greedy,generalization,21553054,6
0.0,0.6666666666666666,300.0,0.7394444444444443,0.6690926450402445,0.4792764600097649,1.0,0.7115577464721823,0.04,0.0,0.09,8297.137362333651,3325.1721945726354,0.0,communication_aware,generalization,21553054,6
0.0,1.0,271.0,0.3677736777367774,0.718151774051532,0.4001901487107327,0.6547619047619049,0.7991917211478244,0.01107011070110701,0.0,0.13284132841328414,8506.06031697884,2381.518051183776,868.0,haco_safemarl_pilot_no_acoustic,generalization,21553054,6
0.0,0.6666666666666666,300.0,0.46888888888888897,0.6711535510784938,0.35161974198445334,0.6666666666666669,0.6807169329683238,0.03666666666666667,0.0,0.09,9539.480589028413,2951.2012685909945,0.0,haco_safemarl_pilot_no_shield,generalization,21553054,6
0.0,0.6666666666666666,300.0,0.39,0.7806479921300301,0.6473958859713698,0.6999999999999997,0.7997564120456752,0.023333333333333334,0.0,0.1,9194.865327717358,2881.77785991462,1011.0,haco_safemarl_pilot,generalization,21553054,6
0.0,0.0,300.0,0.16666666666666666,0.8098172016261651,0.6140533684203932,0.1666666666666667,0.8333333333055556,0.0,0.0,0.05333333333333334,595.5783202105184,538.9942268278245,915.0,haco_safemarl_mappo,generalization,21553054,6
0.0,0.6666666666666666,300.0,0.5099999999999999,0.5648520754442955,0.27369400198863,0.8333333333333331,0.6983184858268358,0.0,193.0,0.15,6320.999999999983,3179.1068099131367,0.0,fixed_auv_ga_pso_tlbo_proxy,generalization,21563061,6
0.0,1.0,277.0,0.5836341756919374,0.4860076998978573,0.20043573919132907,0.8333333333333331,0.6115291292532857,0.0,148.0,0.12274368231046931,8010.8400000000165,3945.699999999996,0.0,independent_greedy,generalization,21563061,6
0.0,0.16666666666666666,300.0,0.5638888888888888,0.6931756726671731,0.4803933863219663,0.8333333333333331,0.6675473774099528,0.0,301.0,0.14,8524.716784233817,3587.132160919822,0.0,communication_aware,generalization,21563061,6
0.0,0.3333333333333333,300.0,0.4722222222222221,0.6639337928922227,0.34707251557332036,0.8333333333333331,0.7832732750886168,0.04666666666666667,0.0,0.17333333333333334,6515.538014346473,2399.456030916558,1358.0,haco_safemarl_pilot_no_acoustic,generalization,21563061,6
0.0,0.3333333333333333,300.0,0.6022222222222221,0.5673218158651572,0.3368578343588896,0.8333333333333331,0.6183163754460794,0.08,255.0,0.16,9578.266594997322,3129.952277634244,0.0,haco_safemarl_pilot_no_shield,generalization,21563061,6
0.0,0.16666666666666666,300.0,0.4694444444444444,0.7617604171114096,0.6149950971308902,0.8333333333333331,0.788415621896816,0.0,0.0,0.19,7926.3147481535,3071.754228175884,1299.0,haco_safemarl_pilot,generalization,21563061,6
0.0,0.0,300.0,0.06833333333333332,0.8558983895549275,0.7866173896017858,0.2833333333333333,0.9825519604759753,0.0,0.0,0.0,645.4759923583515,384.6002145269495,495.0,haco_safemarl_mappo,generalization,21563061,6
0.0,0.8333333333333334,300.0,0.6799999999999999,0.5082429231750102,0.2096447631283286,0.8333333333333331,0.4774057637563148,0.0,264.0,0.0,6320.999999999983,4688.8325763475095,0.0,fixed_auv_ga_pso_tlbo_proxy,generalization,21573068,6
0.0,1.0,261.0,0.7215836526181353,0.45920395285739296,0.11445916719562176,0.8333333333333331,0.39252027680026497,0.0,234.0,0.0,7548.120000000015,5042.099999999995,0.0,independent_greedy,generalization,21573068,6
0.0,0.6666666666666666,300.0,0.7049999999999998,0.6285143104829246,0.4321206192404837,0.8333333333333331,0.4356049720846666,0.0,161.0,0.0,8287.061449580522,3948.149303062309,0.0,communication_aware,generalization,21573068,6
0.0,0.6666666666666666,300.0,0.4672222222222222,0.6706895058875246,0.3396116253316481,0.6666666666666669,0.7051935583807837,0.0,0.0,0.0,6428.255761815126,2141.0854992381646,1430.0,haco_safemarl_pilot_no_acoustic,generalization,21573068,6
0.0,0.6666666666666666,300.0,0.6166666666666667,0.606013631879475,0.24687191788606844,0.8333333333333331,0.584203318887672,0.0,145.0,0.0,9425.613308790067,2912.9297587354936,0.0,haco_safemarl_pilot_no_shield,generalization,21573068,6
0.0,0.5,300.0,0.5055555555555555,0.7456416819142271,0.5733601653032931,0.6666666666666669,0.6706187539069145,0.0,0.0,0.0,5693.219286433533,2197.0054062731147,1415.0,haco_safemarl_pilot,generalization,21573068,6
0.0,0.16666666666666666,300.0,0.1827777777777778,0.8151922441709563,0.7484534589899231,0.5,0.9429511834014167,0.0,0.0,0.0,878.715408353324,615.0064064143362,1189.0,haco_safemarl_mappo,generalization,21573068,6
0.0,0.6666666666666666,300.0,0.6199999999999999,0.5402954404521285,0.2779371016419798,1.0,0.7154680416683611,0.0,0.0,0.0,6320.999999999983,3540.131496052592,0.0,fixed_auv_ga_pso_tlbo_proxy,generalization,21583075,6
0.0,0.8333333333333334,300.0,0.7422222222222222,0.39604397271187375,0.08065626071327957,1.0,0.6064744389948542,0.0,0.0,0.03,8676.000000000018,4595.900000000002,0.0,independent_greedy,generalization,21583075,6
0.0,0.3333333333333333,300.0,0.6866666666666666,0.6848340809940442,0.5226060400506712,1.0,0.7350470009285733,0.0,0.0,0.0,8353.036433247402,3191.3534972782827,0.0,communication_aware,generalization,21583075,6
0.0,0.6666666666666666,300.0,0.5327777777777777,0.6682355553518579,0.4127868400155,0.8722222222222222,0.8531222482639393,0.0,0.0,0.0,10063.619870392913,2849.8448078760302,1275.0,haco_safemarl_pilot_no_acoustic,generalization,21583075,6
0.0,0.6666666666666666,300.0,0.6677777777777776,0.5821711970609967,0.34953766034146755,1.0,0.7581238762503155,0.0,0.0,0.0,9993.10423512343,2672.8743555373676,0.0,haco_safemarl_pilot_no_shield,generalization,21583075,6
0.0,0.16666666666666666,300.0,0.5438888888888888,0.7394461283502803,0.5436466919170907,0.8333333333333331,0.8125577133158168,0.0,0.0,0.0,9424.170665210637,3072.530277316244,1258.0,haco_safemarl_pilot,generalization,21583075,6
0.0,0.0,300.0,0.0033333333333333335,0.8469277451114758,0.8258719989059016,0.03333333333333333,0.9999440753137391,0.0,0.0,0.0,818.8851840754938,517.7916101686736,941.0,haco_safemarl_mappo,generalization,21583075,6
0.0,0.5,300.0,0.4977777777777777,0.6189733209718291,0.5270082355079133,1.0,0.9479848175926869,0.0,293.0,0.12,6320.999999999983,2871.331379017631,0.0,fixed_auv_ga_pso_tlbo_proxy,generalization,21593082,6
0.0,1.0,267.0,0.6292134831460674,0.5264776613552098,0.4139227754779215,1.0,0.8142619771576476,0.0,264.0,0.10112359550561797,7721.640000000016,3244.8999999999937,0.0,independent_greedy,generalization,21593082,6
0.0,0.0,300.0,0.5633333333333334,0.7164313146842136,0.6642464602938796,1.0,0.9516969830091365,0.0,115.0,0.13,8542.399546078024,3040.5559926108403,0.0,communication_aware,generalization,21593082,6
0.0,0.3333333333333333,300.0,0.5416666666666666,0.6778323305357296,0.5752761033279119,1.0,0.9555769893747535,0.0,22.0,0.17333333333333334,7319.693394716493,2618.156864763877,1491.0,haco_safemarl_pilot_no_acoustic,generalization,21593082,6
0.0,0.5,300.0,0.6316666666666667,0.5993413898705435,0.47966013746507014,1.0,0.9496104937945515,0.0,278.0,0.1,9973.782512229145,2983.779423436617,0.0,haco_safemarl_pilot_no_shield,generalization,21593082,6
0.0,0.0,300.0,0.525,0.7453304739731073,0.6969324082917048,1.0,0.960098817074716,0.0,25.0,0.15666666666666668,6983.702744460795,2573.282607568586,1512.0,haco_safemarl_pilot,generalization,21593082,6
0.0,0.0,300.0,0.09222222222222222,0.8387384043973647,0.8122093804783919,0.3166666666666667,0.989479473303236,0.0,0.0,0.10666666666666667,1243.1876536598977,384.5922497913227,905.0,haco_safemarl_mappo,generalization,21593082,6
0.0,0.6666666666666666,300.0,0.6833333333333333,0.4888893085054403,0.13468288041555504,1.0,0.628233983694648,0.0,153.0,0.0,6320.999999999983,3028.5007384717037,0.0,fixed_auv_ga_pso_tlbo_proxy,generalization,21603089,6
0.0,1.0,299.0,0.754180602006689,0.4102732971630929,0.036874031053506826,1.0,0.6529845482437281,0.010033444816053512,118.0,0.07692307692307693,8647.080000000018,4153.899999999991,0.0,independent_greedy,generalization,21603089,6
0.0,0.16666666666666666,300.0,0.7322222222222221,0.6284754103197692,0.3087448230601108,1.0,0.6194513767417753,0.0,257.0,0.0,8212.73632199778,2932.8174837188208,0.0,communication_aware,generalization,21603089,6
0.0,0.16666666666666666,300.0,0.465,0.6523856100005585,0.12693415589113427,0.7333333333333331,0.72201720001107,0.0,10.0,0.0,9779.498514692274,3554.7086465387883,1336.0,haco_safemarl_pilot_no_acoustic,generalization,21603089,6
0.0,0.16666666666666666,300.0,0.7077777777777777,0.518700262573837,0.15343807727374234,1.0,0.7101904613585986,0.0,128.0,0.0,9555.411112611804,2945.414350318289,0.0,haco_safemarl_pilot_no_shield,generalization,21603089,6
0.0,0.16666666666666666,300.0,0.4866666666666667,0.7384328281285482,0.46637215051297337,0.7722222222222219,0.7436036788714776,0.0,10.0,0.0,9449.771207518721,3467.3709567836618,1395.0,haco_safemarl_pilot,generalization,21603089,6
0.0,0.0,300.0,0.2561111111111111,0.7967224658080382,0.5493360101530963,0.3333333333333334,0.8216003812274854,0.0,10.0,0.06,1084.768092574823,621.3645700692855,1063.0,haco_safemarl_mappo,generalization,21603089,6
0.0,0.5,300.0,0.6244444444444444,0.5445423170849187,0.22897705932998036,1.0,0.8021513528945782,0.0,252.0,0.0,6320.999999999983,3141.818611712278,0.0,fixed_auv_ga_pso_tlbo_proxy,generalization,21613096,6
0.0,1.0,267.0,0.7053682896379526,0.4684596456228779,0.07009780680577164,1.0,0.7198655808087163,0.0,233.0,0.0,7721.640000000016,3342.899999999991,0.0,independent_greedy,generalization,21613096,6
0.0,0.0,300.0,0.686111111111111,0.6539699217255017,0.4044412168203622,1.0,0.80268193435159,0.0,63.0,0.0,8314.004800157798,2880.4353342934464,0.0,communication_aware,generalization,21613096,6
0.0,0.3333333333333333,300.0,0.5094444444444445,0.6282616998965186,0.17557666011469164,0.861111111111111,0.7504730828183394,0.0,21.0,0.07666666666666666,9936.282704111723,3325.736592788763,1359.0,haco_safemarl_pilot_no_acoustic,generalization,21613096,6
0.0,0.16666666666666666,300.0,0.6749999999999998,0.5310452504590151,0.24091373505044203,1.0,0.7634417955662268,0.0,230.0,0.0,9645.832784708027,3020.2450919695175,0.0,haco_safemarl_pilot_no_shield,generalization,21613096,6
0.0,0.0,300.0,0.6444444444444445,0.6928181092779588,0.3941394575247736,1.0,0.8224305068829985,0.0,21.0,0.0,9535.122514884079,3541.20290543782,1439.0,haco_safemarl_pilot,generalization,21613096,6
0.0,0.0,300.0,0.12944444444444442,0.8369669552160882,0.7869550755275411,0.3333333333333334,0.9568378655869157,0.0,33.0,0.0,1847.6660961580696,465.42063215611387,944.0,haco_safemarl_mappo,generalization,21613096,6
0.0,0.8333333333333334,300.0,0.5327777777777776,0.6356262428086519,0.33412624412212033,0.8333333333333331,0.7360196220982047,0.0,26.0,0.12666666666666668,6320.999999999983,3775.512399896699,0.0,fixed_auv_ga_pso_tlbo_proxy,generalization,21623103,6
0.0,1.0,257.0,0.7263294422827498,0.5536753037619251,0.24231659585869042,0.8333333333333333,0.39218639881539924,0.0,42.0,0.14785992217898833,7432.440000000015,3907.7000000000007,0.0,independent_greedy,generalization,21623103,6
0.0,0.6666666666666666,300.0,0.5727777777777777,0.7188509760993546,0.5714111080809868,0.8333333333333331,0.6909956648529586,0.0,23.0,0.11666666666666667,8567.041194519761,3546.6329805564587,0.0,communication_aware,generalization,21623103,6
0.0,0.6666666666666666,300.0,0.3172222222222222,0.7486558246012815,0.4926087613185739,0.5,0.8436021683316388,0.0,0.0,0.17333333333333334,7926.583303374105,2342.185083517611,1002.0,haco_safemarl_pilot_no_acoustic,generalization,21623103,6
0.0,0.6666666666666666,300.0,0.4266666666666667,0.6990299038582315,0.4554694634885487,0.6666666666666669,0.7194494207618625,0.0,125.0,0.14333333333333334,9698.655945759754,3009.131388205915,0.0,haco_safemarl_pilot_no_shield,generalization,21623103,6
0.0,0.6666666666666666,300.0,0.3466666666666666,0.7962760400044275,0.6531435186665305,0.5,0.8068384684431331,0.06666666666666667,0.0,0.18,8809.285758873346,2783.4843324072035,972.0,haco_safemarl_pilot,generalization,21623103,6
0.0,0.16666666666666666,300.0,0.09777777777777777,0.8296840988556751,0.7606386284714256,0.1666666666666667,0.949358905104482,0.0,0.0,0.0,933.3760206565316,296.9084786488619,970.0,haco_safemarl_mappo,generalization,21623103,6
0.0,0.8333333333333334,300.0,0.6188888888888887,0.494268278951386,0.21036103415199045,0.8333333333333331,0.5039947222057727,0.04666666666666667,68.0,0.18666666666666668,6320.999999999983,2984.489241777507,0.0,fixed_auv_ga_pso_tlbo_proxy,generalization,21633110,6
0.0,1.0,241.0,0.5809128630705396,0.48701732168082884,0.0704141014942962,0.8333333333333333,0.5963056058360872,0.04564315352697095,64.0,0.17012448132780084,6969.720000000014,2867.9,0.0,independent_greedy,generalization,21633110,6
0.0,0.3333333333333333,300.0,0.7561111111111111,0.6468536586725742,0.4457950494692426,1.0,0.6035016188041662,0.02666666666666667,74.0,0.16333333333333333,8187.7124217489345,3074.76969518301,0.0,communication_aware,generalization,21633110,6
0.0,0.3333333333333333,300.0,0.5549999999999999,0.6330105285595186,0.256268676527924,0.8333333333333331,0.6713006848381943,0.07333333333333333,0.0,0.17,8714.409278559406,2867.265189233868,1357.0,haco_safemarl_pilot_no_acoustic,generalization,21633110,6
0.0,0.5,300.0,0.6772222222222221,0.5319237217353475,0.21969943123976368,0.8333333333333331,0.47312040449378845,0.06333333333333334,181.0,0.16,9591.310353409654,2911.7453977942782,0.0,haco_safemarl_pilot_no_shield,generalization,21633110,6
0.0,0.16666666666666666,300.0,0.5883333333333333,0.7209112572868422,0.5499336008302493,0.8333333333333331,0.6497738551839576,0.056666666666666664,0.0,0.12333333333333334,8431.224226819168,2859.3496342332405,1365.0,haco_safemarl_pilot,generalization,21633110,6
0.0,0.0,300.0,0.17999999999999997,0.8171124496616686,0.7023514637945848,0.3333333333333334,0.8955073693017565,0.0,0.0,0.12333333333333334,551.6229731880267,383.44603450051176,1016.0,haco_safemarl_mappo,generalization,21633110,6
0.0,0.5,300.0,0.5205555555555554,0.581425315220672,0.2358090635548514,0.8333333333333331,0.7000037595159545,0.0,0.0,0.0,6320.999999999983,3574.8039224714144,0.0,fixed_auv_ga_pso_tlbo_proxy,generalization,21643117,6
1.0,1.0,271.0,0.6365313653136531,0.49088398135533995,0.12520163396966524,1.0,0.7097043583214031,0.0,0.0,0.0,7837.320000000016,4007.6999999999866,0.0,independent_greedy,generalization,21643117,6
0.0,0.3333333333333333,300.0,0.5722222222222221,0.700213509674824,0.508580533322697,0.8333333333333331,0.6609898905453705,0.0,0.0,0.0,8523.277555290193,3603.727776502277,0.0,communication_aware,generalization,21643117,6
0.0,0.6666666666666666,300.0,0.4827777777777777,0.6597106196737789,0.3971508750282234,0.7333333333333331,0.6766886357873364,0.0,0.0,0.0,9718.751703684313,2844.505632053728,1039.0,haco_safemarl_pilot_no_acoustic,generalization,21643117,6
0.0,0.6666666666666666,300.0,0.5422222222222223,0.6049188222610413,0.32027917201511635,0.8166666666666664,0.60703723169201,0.0,0.0,0.0,9818.98676938633,2849.6077154453315,0.0,haco_safemarl_pilot_no_shield,generalization,21643117,6
0.0,0.16666666666666666,300.0,0.5449999999999999,0.736571977040494,0.5932927810904628,0.8333333333333331,0.6773105933769976,0.0,0.0,0.0,9368.544779490558,3343.3161176531253,1124.0,haco_safemarl_pilot,generalization,21643117,6
0.0,0.0,300.0,0.1372222222222222,0.8319728299000899,0.7684032956953598,0.3333333333333334,0.9299415539876542,0.0,0.0,0.0,935.4369454964858,292.7629622462192,1021.0,haco_safemarl_mappo,generalization,21643117,6
0.0,0.6666666666666666,300.0,0.48888888888888876,0.6055316194296791,0.3985096267221319,0.8333333333333331,0.8130737337287492,0.0,245.0,0.0,6320.999999999983,3073.528020721593,0.0,fixed_auv_ga_pso_tlbo_proxy,generalization,21653124,6
0.0,1.0,244.0,0.5655737704918032,0.562403773175442,0.28758779434927806,0.8333333333333333,0.6748618562635501,0.0,204.0,0.0,7056.480000000014,2929.2999999999956,0.0,independent_greedy,generalization,21653124,6
0.0,0.3333333333333333,300.0,0.5522222222222221,0.7028113448092174,0.5795468866128688,1.0,0.8100118701148854,0.0,148.0,0.0,8609.094001936237,3443.3365635015284,0.0,communication_aware,generalization,21653124,6
0.0,0.3333333333333333,300.0,0.43555555555555553,0.7109383781877131,0.48588921434146964,0.8333333333333331,0.8306344408329737,0.0,0.0,0.0,9654.89607437879,3347.7748052297425,1304.0,haco_safemarl_pilot_no_acoustic,generalization,21653124,6
0.0,0.5,300.0,0.5688888888888889,0.6210424952556303,0.4022288464234012,0.8333333333333331,0.7332378697190749,0.0,295.0,0.0,9819.198591213086,2942.368628178123,0.0,haco_safemarl_pilot_no_shield,generalization,21653124,6
0.0,0.16666666666666666,300.0,0.4544444444444444,0.7585481653835032,0.6670361476345674,0.8333333333333331,0.842113168464035,0.0,0.0,0.0,9384.72424111408,3535.380066171562,1329.0,haco_safemarl_pilot,generalization,21653124,6
0.0,0.0,300.0,0.021666666666666667,0.8334828245215598,0.8023973001243813,0.21666666666666665,0.9992740159291353,0.0,0.0,0.04666666666666667,802.0186787071905,697.6519028083565,874.0,haco_safemarl_mappo,generalization,21653124,6
0.0,0.75,300.0,0.6358333333333334,0.5086664238250129,0.13175026055103026,0.875,0.5345797688560149,0.0,114.0,0.0,6828.0000000000455,4786.415624795913,0.0,fixed_auv_ga_pso_tlbo_proxy,generalization,21163331,8
0.0,0.875,300.0,0.67,0.45654126933059475,0.05078044653306639,0.875,0.5218919314296563,0.0,129.0,0.07,9543.000000000024,6631.299999999995,0.0,independent_greedy,generalization,21163331,8
0.0,0.5,300.0,0.6779166666666666,0.6383193778161459,0.3521653990215022,0.875,0.49700976833005267,0.0,98.0,0.0,8553.007198855552,3677.463875027567,0.0,communication_aware,generalization,21163331,8
0.0,0.625,300.0,0.44375,0.6889248100442715,0.33092188227853325,0.5875,0.7763683615947985,0.0,10.0,0.0,10016.515910811482,3355.470761165788,1370.0,haco_safemarl_pilot_no_acoustic,generalization,21163331,8
0.0,0.625,300.0,0.59,0.592150363687547,0.2731449886759497,0.875,0.6722879519659876,0.0,113.0,0.0,9821.261475039186,3023.570136618885,0.0,haco_safemarl_pilot_no_shield,generalization,21163331,8
0.0,0.25,300.0,0.5891666666666666,0.7232521528511869,0.5149761184387673,0.8333333333333334,0.5778680728941739,0.0,10.0,0.0,9412.967664665575,3541.554471139891,1659.0,haco_safemarl_pilot,generalization,21163331,8
0.0,0.0,300.0,0.17666666666666667,0.8094055019661938,0.6343399936791126,0.375,0.8665097236991876,0.0,11.0,0.0,1354.4025827534538,1258.9746114266338,1346.0,haco_safemarl_mappo,generalization,21163331,8
0.0,0.75,300.0,0.5525,0.5800422933521795,0.19072621886612384,0.875,0.6790201655459637,0.0,180.0,0.0,6828.0000000000455,4673.414302019417,0.0,fixed_auv_ga_pso_tlbo_proxy,generalization,21173338,8
0.0,0.875,300.0,0.6575,0.47914030179977907,0.061223170914772806,0.875,0.5160414247827614,0.0,137.0,0.0,9543.000000000025,6348.299999999976,0.0,independent_greedy,generalization,21173338,8
0.0,0.375,300.0,0.5970833333333333,0.6923739274971069,0.45842148543706446,0.875,0.6471132499167899,0.0,289.0,0.0,8920.221096008985,4358.352584265825,0.0,communication_aware,generalization,21173338,8
0.0,0.625,300.0,0.3933333333333333,0.709179454282386,0.20255022725918048,0.5416666666666666,0.7613706233987305,0.0,6.0,0.0,10229.459319478694,3281.3672979876287,1307.0,haco_safemarl_pilot_no_acoustic,generalization,21173338,8
0.0,0.625,300.0,0.46375,0.6554372206115996,0.19944699132311722,0.7166666666666667,0.7106415457369472,0.0,135.0,0.0,10002.406216242152,2847.1186772676215,0.0,haco_safemarl_pilot_no_shield,generalization,21173338,8
0.0,0.375,300.0,0.3975,0.7593417597873808,0.47576296608602303,0.625,0.7425549746907387,0.0,6.0,0.0,9782.261980297162,3644.1966401640507,1332.0,haco_safemarl_pilot,generalization,21173338,8
0.0,0.0,300.0,0.24,0.8029230028840237,0.5474724285249942,0.375,0.8274643543407318,0.0,6.0,0.0,1360.5669629123204,1319.3341360636525,1439.0,haco_safemarl_mappo,generalization,21173338,8
0.0,0.75,300.0,0.5954166666666667,0.5258041703164523,0.18633568988938043,0.875,0.6323615813067661,0.0,265.0,0.06,6828.0000000000455,4008.2532577223596,0.0,fixed_auv_ga_pso_tlbo_proxy,generalization,21183345,8
0.0,1.0,259.0,0.6206563706563707,0.48323615118656316,0.10142223391780694,0.875,0.6141601717420884,0.0,217.0,0.06563706563706563,8238.790000000045,4455.699999999997,0.0,independent_greedy,generalization,21183345,8
0.0,0.375,300.0,0.6316666666666667,0.6587335073089848,0.44863732173444826,0.875,0.5973776586876031,0.0,216.0,0.08333333333333333,8693.890385915043,3648.305291366222,0.0,communication_aware,generalization,21183345,8
0.0,0.375,300.0,0.57,0.6197818232949248,0.2562909221027037,0.875,0.6556673003251727,0.0,0.0,0.0,9308.22526520817,3447.343326727323,1674.0,haco_safemarl_pilot_no_acoustic,generalization,21183345,8
0.0,0.375,300.0,0.6075,0.5754394609156968,0.24047994051348334,0.875,0.6123603259049054,0.0,325.0,0.0,9862.830278640022,3207.621749259935,0.0,haco_safemarl_pilot_no_shield,generalization,21183345,8
0.0,0.25,300.0,0.61375,0.7224870690576779,0.5877679420739322,0.875,0.6245740857699513,0.0,0.0,0.056666666666666664,8283.775091866626,3209.8472240701058,1826.0,haco_safemarl_pilot,generalization,21183345,8
0.0,0.0,300.0,0.09333333333333334,0.8347643060246146,0.6877025034845297,0.14583333333333334,0.9543090243454059,0.0,0.0,0.0,1488.0201611454308,1303.1746616345317,1432.0,haco_safemarl_mappo,generalization,21183345,8
0.0,0.375,300.0,0.5879166666666666,0.5429136344777025,0.2604340833751468,1.0,0.8913726168481175,0.0,72.0,0.0,6828.0000000000455,2918.979091965539,0.0,fixed_auv_ga_pso_tlbo_proxy,generalization,21193352,8
0.0,1.0,257.0,0.7816147859922179,0.4082350655309351,0.1036661367075737,1.0,0.562038606404526,0.0,82.0,0.0,8175.170000000046,2770.2999999999984,0.0,independent_greedy,generalization,21193352,8
0.0,0.125,300.0,0.6491666666666667,0.6794518353192507,0.4660585007453204,1.0,0.8854612124819008,0.0,214.0,0.08,8682.962571965278,3110.3294952669,0.0,communication_aware,generalization,21193352,8
0.0,0.25,300.0,0.5316666666666666,0.6608206813873246,0.426820752004899,1.0,0.896856045920756,0.0,7.0,0.0,10507.904630781195,3301.8954676526246,1740.0,haco_safemarl_pilot_no_acoustic,generalization,21193352,8
0.0,0.25,300.0,0.7220833333333333,0.5246958369785251,0.34870227836411544,1.0,0.8488304203686277,0.0,116.0,0.0,10310.78112040067,2977.5400541144613,0.0,haco_safemarl_pilot_no_shield,generalization,21193352,8
0.0,0.0,300.0,0.5454166666666667,0.7309908990007216,0.5427808944387148,1.0,0.9268773010071619,0.0,7.0,0.0,9977.965711751494,3583.6603852734215,1764.0,haco_safemarl_pilot,generalization,21193352,8
0.0,0.0,300.0,0.13125,0.8315015695004693,0.757417690298796,0.375,0.956330284009879,0.0,1.0,0.26,773.2914069645278,309.3664677276414,1312.0,haco_safemarl_mappo,generalization,21193352,8
0.0,0.625,300.0,0.6916666666666667,0.45607384209697327,0.16365178043540726,0.875,0.505972620519114,0.0,49.0,0.0,6828.0000000000455,3939.2672596729326,0.0,fixed_auv_ga_pso_tlbo_proxy,generalization,21203359,8
0.0,1.0,265.0,0.714622641509434,0.4007344508703779,0.16214507699004607,0.875,0.48618195241302165,0.0,66.0,0.0,8429.650000000041,4499.299999999987,0.0,independent_greedy,generalization,21203359,8
0.0,0.25,300.0,0.71375,0.6350559220905988,0.4216458851177773,0.875,0.47588649760545837,0.0,88.0,0.0,8565.157757039397,3919.3036649666756,0.0,communication_aware,generalization,21203359,8
0.0,0.5,300.0,0.61,0.5944442190311297,0.31993586374511956,0.875,0.673803898358558,0.0,10.0,0.0,9900.041285350328,3118.8483532445266,1837.0,haco_safemarl_pilot_no_acoustic,generalization,21203359,8
0.0,0.375,300.0,0.6904166666666667,0.5186461194082848,0.26896079304280157,0.875,0.5315400583411273,0.0,45.0,0.0,9667.272715328125,3214.444184735532,0.0,haco_safemarl_pilot_no_shield,generalization,21203359,8
0.0,0.125,300.0,0.6408333333333334,0.7009123099500546,0.6221916089182654,0.875,0.6495321546944862,0.0,10.0,0.0,9337.034953506663,3680.385446651112,1901.0,haco_safemarl_pilot,generalization,21203359,8
0.0,0.0,300.0,0.19041666666666668,0.7982398650574922,0.7247524943319431,0.375,0.907318101308745,0.0,9.0,0.12333333333333334,1283.8842646946418,1042.4328605265105,2031.0,haco_safemarl_mappo,generalization,21203359,8
0.0,1.0,299.0,0.5,0.601126580080143,0.24012094346839355,0.625,0.6643703785998425,0.0,110.0,0.0,6805.240000000045,4189.304367681413,0.0,fixed_auv_ga_pso_tlbo_proxy,generalization,21213366,8
0.0,1.0,229.0,0.48417030567685587,0.5659733093707867,0.07041975086252653,0.6413043478260869,0.6670378968241666,0.0,84.0,0.039301310043668124,7284.490000000034,3574.5000000000027,0.0,independent_greedy,generalization,21213366,8
0.0,0.5,300.0,0.7175,0.665043002642379,0.37677709821478056,1.0,0.6316006418494381,0.0,11.0,0.0,8614.58399050311,3297.8034923832784,0.0,communication_aware,generalization,21213366,8
0.0,0.75,300.0,0.33958333333333335,0.6980645803094447,0.245927448222968,0.4375,0.7781236139148902,0.0,0.0,0.0,10409.486449977594,3009.689080562375,1027.0,haco_safemarl_pilot_no_acoustic,generalization,21213366,8
0.0,0.625,300.0,0.42375,0.6681444329887222,0.2690901039433667,0.625,0.7012454354576575,0.0,10.0,0.0,10098.198352564244,3095.49652774741,0.0,haco_safemarl_pilot_no_shield,generalization,21213366,8
0.0,0.375,300.0,0.4575,0.7395627763708936,0.48746547921744515,0.625,0.6670081966976913,0.0,0.0,0.0,9800.385703418942,3309.494855208345,1398.0,haco_safemarl_pilot,generalization,21213366,8
0.0,0.0,300.0,0.13583333333333333,0.8246267633361913,0.7586527127615361,0.25,0.9320463661616237,0.0,0.0,0.16333333333333333,1278.3899554425668,690.3996803850655,1315.0,haco_safemarl_mappo,generalization,21213366,8
0.0,0.875,300.0,0.5383333333333333,0.559706346331508,0.2624789172441492,0.8666666666666667,0.6753183886163524,0.0,126.0,0.0,6828.0000000000455,4116.658279629668,0.0,fixed_auv_ga_pso_tlbo_proxy,generalization,21223373,8
0.0,1.0,260.0,0.604326923076923,0.4922966486365739,0.054377089636066106,0.875,0.6383969974635285,0.0,96.0,0.0,8270.600000000044,4485.099999999995,0.0,independent_greedy,generalization,21223373,8
0.0,0.375,300.0,0.6129166666666667,0.6850977630168579,0.4279439784069958,0.875,0.6447263441808365,0.0,46.0,0.0,8760.575141104602,3869.322333757608,0.0,communication_aware,generalization,21223373,8
0.0,0.5,300.0,0.38666666666666666,0.6929609695743362,0.32398700927706275,0.6416666666666667,0.8131668858070839,0.0,0.0,0.0,7527.703469563702,2110.5808119258277,1583.0,haco_safemarl_pilot_no_acoustic,generalization,21223373,8
0.0,0.625,300.0,0.5883333333333334,0.5997364862762402,0.33424413557590976,0.875,0.6734777232769427,0.0,275.0,0.0,10107.83565367125,3013.0592311788405,0.0,haco_safemarl_pilot_no_shield,generalization,21223373,8
0.0,0.125,300.0,0.54125,0.7284156013847285,0.4916600615384877,0.875,0.7004253858270362,0.0,0.0,0.0,9595.858074789792,3524.871152262272,1588.0,haco_safemarl_pilot,generalization,21223373,8
0.0,0.0,300.0,0.018333333333333333,0.843883063047898,0.8141412331069943,0.125,0.9975644682500654,0.0,0.0,0.0,1584.2522134591206,1023.519968803445,1368.0,haco_safemarl_mappo,generalization,21223373,8
0.0,0.625,300.0,0.51,0.6043326312520032,0.3148770415530439,0.875,0.7706696862047395,0.0,506.0,0.09666666666666666,6828.0000000000455,3899.777588173824,0.0,fixed_auv_ga_pso_tlbo_proxy,generalization,21233380,8
0.0,1.0,289.0,0.5899653979238755,0.5146715257265561,0.2733912944821626,0.875,0.6989323577267375,0.0,504.0,0.11072664359861592,9193.09000000003,5264.7000000000035,0.0,independent_greedy,generalization,21233380,8
0.0,0.25,300.0,0.5616666666666666,0.7086866143985097,0.5652209709438408,0.875,0.7345432533596861,0.0,491.0,0.09,8882.478636644373,3954.060714181309,0.0,communication_aware,generalization,21233380,8
0.0,0.25,300.0,0.4554166666666667,0.700991818818216,0.48203017524145375,0.75,0.8349768117161513,0.0,40.0,0.12666666666666668,9707.732387867658,3644.0728656897004,1650.0,haco_safemarl_pilot_no_acoustic,generalization,21233380,8
0.0,0.375,300.0,0.5191666666666667,0.6146219724852114,0.4017746914306564,0.75,0.7767680490856975,0.0,300.0,0.13,9970.837934600177,3260.543007607997,0.0,haco_safemarl_pilot_no_shield,generalization,21233380,8
0.0,0.125,300.0,0.44166666666666665,0.7736196048511963,0.6866158855031518,0.75,0.8501378703958696,0.0,40.0,0.11333333333333333,9514.070556054197,3535.1610574223823,1666.0,haco_safemarl_pilot,generalization,21233380,8
0.0,0.0,300.0,0.21166666666666667,0.8142223089986584,0.6662542462541927,0.5,0.8939255304921014,0.0,25.0,0.05333333333333334,1279.1089965261392,425.01206014486553,1058.0,haco_safemarl_mappo,generalization,21233380,8
0.0,0.75,300.0,0.6620833333333334,0.49736428014306416,0.1914958442489532,0.875,0.5415837751978338,0.0,198.0,0.0,6828.0000000000455,4270.396327608645,0.0,fixed_auv_ga_pso_tlbo_proxy,generalization,21243387,8
0.0,1.0,274.0,0.6792883211678832,0.47158803906125846,0.07602983179592028,0.875,0.4867442895390856,0.0,183.0,0.0,8715.940000000037,5216.899999999982,0.0,independent_greedy,generalization,21243387,8
0.0,0.375,300.0,0.6983333333333334,0.6420643024521717,0.4109088296426393,0.875,0.49741884542227716,0.0,112.0,0.0,8575.980220451303,3929.322129531907,0.0,communication_aware,generalization,21243387,8
0.0,0.375,300.0,0.5558333333333333,0.6216742426472572,0.2483058219001783,0.75,0.6461972740507071,0.0,0.0,0.0,9876.118086839013,3669.9282582054107,1585.0,haco_safemarl_pilot_no_acoustic,generalization,21243387,8
0.0,0.375,300.0,0.6133333333333333,0.5669782793358105,0.2779808673977266,0.7541666666666667,0.5894967416536233,0.0,329.0,0.0,9640.910675136845,3255.074078816343,0.0,haco_safemarl_pilot_no_shield,generalization,21243387,8
0.0,0.25,300.0,0.57125,0.7360452906591313,0.5585719377702663,0.75,0.6306198512152387,0.0,0.0,0.0,9450.577079513203,3630.366632986119,1653.0,haco_safemarl_pilot,generalization,21243387,8
0.0,0.0,300.0,0.14416666666666667,0.8233472548294032,0.7335655841506074,0.2875,0.9091268760231768,0.0,0.0,0.0,1331.9038008597308,1350.6346148435337,1665.0,haco_safemarl_mappo,generalization,21243387,8
0.0,1.0,299.0,0.689799331103679,0.4977559231662306,0.24502421615054545,1.0,0.604898393218368,0.0,172.0,0.0,6805.240000000045,3696.610320480673,0.0,fixed_auv_ga_pso_tlbo_proxy,generalization,21253394,8
0.0,1.0,229.0,0.7237991266375546,0.48027132372015124,0.207758431156574,1.0,0.5305082216636132,0.0,130.0,0.0,7284.490000000034,3348.7000000000016,0.0,independent_greedy,generalization,21253394,8
0.0,0.375,300.0,0.7341666666666666,0.66088715522342,0.5587459872011197,1.0,0.6083564492940362,0.0,445.0,0.0,8612.819069329393,3460.13980413187,0.0,communication_aware,generalization,21253394,8
0.0,0.625,300.0,0.45958333333333334,0.6646323611442486,0.3798589574622438,0.725,0.7499603221007084,0.0,10.0,0.0,10173.863700813663,3395.2847256012146,1621.0,haco_safemarl_pilot_no_acoustic,generalization,21253394,8
0.0,0.5,300.0,0.62875,0.5744722360023231,0.30806353268574765,0.75,0.5883772878611918,0.0,230.0,0.0,9936.62589373137,3047.837457042954,0.0,haco_safemarl_pilot_no_shield,generalization,21253394,8
0.0,0.125,300.0,0.5545833333333333,0.7379995879068548,0.6419139143511663,0.875,0.7456822298231449,0.0,10.0,0.0,9773.50648936825,4018.402044877994,1759.0,haco_safemarl_pilot,generalization,21253394,8
0.0,0.125,300.0,0.09791666666666667,0.8193494399617651,0.685166859072699,0.24583333333333332,0.9423679300496167,0.0,10.0,0.0,1097.0801394947318,524.0064677938727,1286.0,haco_safemarl_mappo,generalization,21253394,8
0.0,0.75,300.0,0.6225,0.6439052531721485,0.4404595711995866,1.0,0.6980087893013919,0.0,96.0,0.0,6828.0000000000455,4383.143044995679,0.0,fixed_auv_ga_pso_tlbo_proxy,generalization,21263401,8
0.0,1.0,235.0,0.6813829787234043,0.5930599784078595,0.4455736037779166,1.0,0.6724257484423779,0.0,74.0,0.0,7475.350000000037,3989.0999999999963,0.0,independent_greedy,generalization,21263401,8
0.0,0.5,300.0,0.68625,0.722225971142938,0.6531489354100414,1.0,0.7127598325805914,0.0,64.0,0.0,8765.37445312555,3677.7253490377793,0.0,communication_aware,generalization,21263401,8
0.0,0.75,300.0,0.28833333333333333,0.7503593710788632,0.4658946790794542,0.5583333333333333,0.8784188085421862,0.0,0.0,0.0,10411.87441445196,3156.615836133699,1158.0,haco_safemarl_pilot_no_acoustic,generalization,21263401,8
0.0,0.75,300.0,0.39875,0.7189349850140663,0.4608698694982534,0.625,0.8868936876736432,0.0,66.0,0.0,10210.944418219771,2994.050513254329,0.0,haco_safemarl_pilot_no_shield,generalization,21263401,8
0.0,0.375,300.0,0.35625,0.7830630306725836,0.6866845746226808,0.6416666666666667,0.8705187172042359,0.0,0.0,0.0,9939.688284235923,3528.6379333904592,1264.0,haco_safemarl_pilot,generalization,21263401,8
0.0,0.125,300.0,0.020416666666666666,0.853900642306448,0.8072041857513826,0.20416666666666666,0.9986804598768235,0.0,0.0,0.0,1241.2137358083576,663.0635428634178,868.0,haco_safemarl_mappo,generalization,21263401,8
0.0,0.5,300.0,0.5845833333333333,0.5391261711400268,0.3166496091460858,1.0,0.8908231704412723,0.0,112.0,0.16,6828.0000000000455,2546.0389098854225,0.0,fixed_auv_ga_pso_tlbo_proxy,generalization,21273408,8
0.0,1.0,274.0,0.7915145985401459,0.41389874354771355,0.13081089114530484,1.0,0.6418854956597141,0.0,109.0,0.051094890510948905,8715.940000000037,3287.499999999998,0.0,independent_greedy,generalization,21273408,8
0.0,0.0,300.0,0.6375,0.691702279777538,0.5792221325107256,1.0,0.8935992367625664,0.0,103.0,0.16666666666666666,8694.600292744522,2955.40643302502,0.0,communication_aware,generalization,21273408,8
0.0,0.125,300.0,0.54875,0.622213790916646,0.40480077642295,1.0,0.8933656183311882,0.0,0.0,0.15666666666666668,9594.08260252388,3252.38159816359,1897.0,haco_safemarl_pilot_no_acoustic,generalization,21273408,8
0.0,0.25,300.0,0.7025,0.51535874399359,0.37186422392113283,1.0,0.8761067420554307,0.0,111.0,0.14333333333333334,10187.146538774587,3020.0966398178925,0.0,haco_safemarl_pilot_no_shield,generalization,21273408,8
0.0,0.0,300.0,0.5579166666666666,0.7303583450355935,0.6232498396388909,1.0,0.9203744218985397,0.0,0.0,0.15,9320.132394040407,3399.3810905713553,1912.0,haco_safemarl_pilot,generalization,21273408,8
0.0,0.0,300.0,0.2725,0.8067024300084598,0.7310492744375956,0.5,0.8650137334353363,0.0,0.0,0.07666666666666666,1509.636949863943,361.368262077072,1414.0,haco_safemarl_mappo,generalization,21273408,8
0.0,0.875,300.0,0.8345833333333333,0.3972054126657113,0.17798283442758728,1.0,0.5250413078403454,0.0,113.0,0.07,6828.0000000000455,4208.7022092025845,0.0,fixed_auv_ga_pso_tlbo_proxy,generalization,21283415,8
0.0,1.0,240.0,0.8411458333333334,0.3584362227836436,0.11357093204385187,1.0,0.5263262117508012,0.0,86.0,0.016666666666666666,7634.400000000039,4051.9000000000106,0.0,independent_greedy,generalization,21283415,8
0.0,0.125,300.0,0.8629166666666667,0.6062863330315589,0.38112098245342396,1.0,0.5228629668863387,0.0,85.0,0.10333333333333333,8240.094153456797,3193.7236545064443,0.0,communication_aware,generalization,21283415,8
0.0,0.5,300.0,0.6579166666666667,0.5609967328965002,0.2693063454756874,0.875,0.5229177656733416,0.0,8.0,0.08333333333333333,9944.36436402182,3237.9836334255974,1928.0,haco_safemarl_pilot_no_acoustic,generalization,21283415,8
0.0,0.25,300.0,0.7695833333333333,0.4677244834680886,0.26102640639932184,0.875,0.353014036995231,0.0,189.0,0.09,9572.794318082942,3199.6542732052653,0.0,haco_safemarl_pilot_no_shield,generalization,21283415,8
0.0,0.25,300.0,0.65125,0.6997380192503653,0.5765313587029044,0.875,0.6057393009094995,0.0,8.0,0.08666666666666667,9359.003706157408,3363.563836451929,1982.0,haco_safemarl_pilot,generalization,21283415,8
0.0,0.0,300.0,0.2675,0.8056903782952867,0.6938829271297906,0.375,0.8081680682626421,0.0,9.0,0.10666666666666667,824.5383982061202,521.582984180536,1659.0,haco_safemarl_mappo,generalization,21283415,8
0.0,1.0,297.0,0.5858585858585859,0.5656227508632514,0.2844585800094963,0.875,0.7051256655688172,0.0,66.0,0.0,6759.720000000045,4269.445712544576,0.0,fixed_auv_ga_pso_tlbo_proxy,generalization,21293422,8
0.0,1.0,227.0,0.6701541850220264,0.532963314339609,0.13597099135872312,0.875,0.5608579163453358,0.0,50.0,0.0,7220.8700000000335,3799.9,0.0,independent_greedy,generalization,21293422,8
0.0,0.375,300.0,0.6275,0.69600158394501,0.5051620208843669,0.875,0.6563855088737199,0.0,141.0,0.0,8811.774454075587,4051.7052112516635,0.0,communication_aware,generalization,21293422,8
0.0,0.625,300.0,0.40291666666666665,0.6984176523590172,0.44283422308216075,0.6125,0.8031003319294696,0.0,0.0,0.0,9999.640738128499,3934.3571370879636,1525.0,haco_safemarl_pilot_no_acoustic,generalization,21293422,8
0.0,0.5,300.0,0.55,0.6150587081803987,0.41261508736966607,0.75,0.6567153422424349,0.0,75.0,0.0,9920.056140848581,3430.530944466648,0.0,haco_safemarl_pilot_no_shield,generalization,21293422,8
0.0,0.25,300.0,0.44083333333333335,0.7560810993150997,0.5832287423845244,0.625,0.7171361128197743,0.0,0.0,0.0,9735.278045738583,4264.751911229091,1555.0,haco_safemarl_pilot,generalization,21293422,8
0.0,0.0,300.0,0.20166666666666666,0.8190357410034425,0.7837549666858511,0.5,0.9543301125718299,0.0,0.0,0.0,1101.8018991762222,462.96497478606557,1489.0,haco_safemarl_mappo,generalization,21293422,8
0.0,0.875,300.0,0.56625,0.609158645845897,0.4391384875408328,0.875,0.71002943161013,0.0,211.0,0.0,6828.0000000000455,3739.032994367207,0.0,fixed_auv_ga_pso_tlbo_proxy,generalization,21303429,8
0.0,1.0,257.0,0.767023346303502,0.521028408918667,0.28795059719482463,0.875,0.5160616283533841,0.0,217.0,0.0,8175.170000000046,4025.700000000003,0.0,independent_greedy,generalization,21303429,8
0.0,0.375,300.0,0.6170833333333333,0.7185930562770224,0.6367203874632504,0.8875,0.7000996398514778,0.0,284.0,0.0,8840.841874608366,3473.503467127323,0.0,communication_aware,generalization,21303429,8
0.0,0.375,300.0,0.33916666666666667,0.7354486308028908,0.4980974817666983,0.625,0.8911602319272797,0.0,0.0,0.0,10368.773727202657,3849.912906577973,1543.0,haco_safemarl_pilot_no_acoustic,generalization,21303429,8
0.0,0.5,300.0,0.5525,0.6480442112692949,0.4676213773745232,0.8583333333333333,0.811155429986017,0.0,172.0,0.0,10208.994775586829,3137.318162974867,0.0,haco_safemarl_pilot_no_shield,generalization,21303429,8
0.0,0.375,300.0,0.31958333333333333,0.779546191842181,0.6750441351011549,0.5791666666666667,0.8838220165027376,0.0,0.0,0.0,10154.775781443652,3922.307285307652,1572.0,haco_safemarl_pilot,generalization,21303429,8
0.0,0.0,300.0,0.10083333333333333,0.82893546461303,0.7490401167122022,0.125,0.9290827286866702,0.0,0.0,0.0,1222.5736157207396,1139.4293373957735,1358.0,haco_safemarl_mappo,generalization,21303429,8
0.0,0.75,300.0,0.5170833333333333,0.6430398083251483,0.3723349015899452,0.875,0.807497030335414,0.0,116.0,0.013333333333333334,6828.0000000000455,3704.337768973277,0.0,fixed_auv_ga_pso_tlbo_proxy,generalization,21313436,8
0.0,1.0,257.0,0.617704280155642,0.582473493338302,0.17394507550330954,0.875,0.6889385504256504,0.0,103.0,0.038910505836575876,8175.170000000046,3878.1000000000013,0.0,independent_greedy,generalization,21313436,8
0.0,0.25,300.0,0.5666666666666667,0.7165662674554828,0.5445053221696857,0.875,0.7972732311445512,0.0,87.0,0.013333333333333334,8954.524064231553,3757.217774456857,0.0,communication_aware,generalization,21313436,8
0.0,0.5,300.0,0.35541666666666666,0.7214637375970472,0.3528720427428202,0.75,0.869339795329499,0.0,16.0,0.023333333333333334,10332.87262551689,3418.48485658781,1443.0,haco_safemarl_pilot_no_acoustic,generalization,21313436,8
0.0,0.5,300.0,0.5245833333333333,0.6572799106334191,0.336446006047609,0.75,0.7716551440854226,0.0,133.0,0.02,10330.187570670212,3163.5460222932784,0.0,haco_safemarl_pilot_no_shield,generalization,21313436,8
0.0,0.25,300.0,0.45916666666666667,0.7569026976220973,0.6068811386055153,0.875,0.855904753350339,0.0,15.0,0.023333333333333334,9925.533252336338,3450.9598838972734,1529.0,haco_safemarl_pilot,generalization,21313436,8
0.0,0.0,300.0,0.04041666666666666,0.832239229769519,0.8103592079691917,0.19166666666666668,0.9935337431327903,0.0,10.0,0.0,1352.0058612794303,478.72659860539864,1633.0,haco_safemarl_mappo,generalization,21313436,8
0.0,0.75,300.0,0.3304166666666667,0.7096962187718951,0.46037141126689535,0.625,0.8699168231666566,0.0,619.0,0.2,6828.0000000000455,4803.073907799576,0.0,fixed_auv_ga_pso_tlbo_proxy,generalization,21323443,8
0.0,0.875,300.0,0.6325,0.5988963033952526,0.15073042870155887,0.75,0.5261077746798751,0.03333333333333333,614.0,0.19,9543.000000000024,6412.699999999995,0.0,independent_greedy,generalization,21323443,8
0.0,0.625,300.0,0.44375,0.766047961083976,0.578925483645231,0.75,0.8058036763553507,0.0,587.0,0.19333333333333333,9343.272888098967,5143.193474856138,0.0,communication_aware,generalization,21323443,8
0.0,0.5,300.0,0.2925,0.7825761390530664,0.5858589898068831,0.5791666666666667,0.8800817077812866,0.0,49.0,0.26,9727.898801288451,3484.3735888622246,1585.0,haco_safemarl_pilot_no_acoustic,generalization,21323443,8
0.0,0.75,300.0,0.375,0.7041987107530128,0.3502352894167628,0.625,0.7894869808084298,0.0,429.0,0.25,10236.474916937517,2749.176953962325,0.0,haco_safemarl_pilot_no_shield,generalization,21323443,8
0.0,0.375,300.0,0.295,0.8092466258344914,0.6509020116502323,0.5,0.8751381701624654,0.0,43.0,0.25333333333333335,9584.171509146836,3712.3499292079487,1562.0,haco_safemarl_pilot,generalization,21323443,8
0.0,0.0,300.0,0.19458333333333333,0.8300912349206857,0.6740726133525202,0.25,0.8374938809812963,0.0,0.0,0.0,1036.6793773224535,1061.897548730406,1144.0,haco_safemarl_mappo,generalization,21323443,8
0.0,0.75,300.0,0.5420833333333334,0.5387561396348857,0.27786224044076835,0.75,0.6642254558724454,0.0,373.0,0.0,6828.0000000000455,3604.6652495178473,0.0,fixed_auv_ga_pso_tlbo_proxy,generalization,21333450,8
0.0,1.0,241.0,0.5855809128630706,0.5033940384016948,0.1146264825174432,0.75,0.5533950873848467,0.0,323.0,0.0,7666.210000000039,3412.8999999999905,0.0,independent_greedy,generalization,21333450,8
0.0,0.25,300.0,0.7079166666666666,0.6638714406138068,0.48798645352371695,1.0,0.7965186014891551,0.0,245.0,0.0,8780.453538596434,3975.862554515129,0.0,communication_aware,generalization,21333450,8
0.0,0.125,300.0,0.47708333333333336,0.6260874311867517,0.366101319649766,0.625,0.6376392257857261,0.0,0.0,0.0,9789.912490076165,3743.2388758845773,1714.0,haco_safemarl_pilot_no_acoustic,generalization,21333450,8
0.0,0.25,300.0,0.6070833333333333,0.5515909938388304,0.32062552734154354,0.75,0.5476183731178744,0.0,61.0,0.0,9776.958690059084,3308.0030675420276,0.0,haco_safemarl_pilot_no_shield,generalization,21333450,8
0.0,0.125,300.0,0.46708333333333335,0.743059224553816,0.6258142946331013,0.75,0.699749588466622,0.0,0.0,0.0,9603.851035419228,3787.2375250300847,1728.0,haco_safemarl_pilot,generalization,21333450,8
0.0,0.125,300.0,0.03791666666666667,0.8394910041418803,0.8036075793988661,0.125,0.9916289220604146,0.0,0.0,0.0,1587.4900530509262,1168.758663816131,1353.0,haco_safemarl_mappo,generalization,21333450,8
0.0,1.0,283.0,0.6457597173144877,0.5398756381629706,0.14630212824773428,1.0,0.5945199502650788,0.0,352.0,0.0,6441.080000000042,3349.6157485212616,0.0,fixed_auv_ga_pso_tlbo_proxy,generalization,21343457,8
0.0,1.0,216.0,0.6024305555555556,0.5131819483472649,0.079839470020894,1.0,0.618181222784039,0.0,270.0,0.0,6870.960000000029,2890.7000000000007,0.0,independent_greedy,generalization,21343457,8
0.0,0.25,300.0,0.725,0.6401555295921245,0.3842423302367189,1.0,0.6325658123200313,0.0,356.0,0.0,8526.089350274258,3079.4893848119846,0.0,communication_aware,generalization,21343457,8
0.0,0.625,300.0,0.5429166666666667,0.6355347372397161,0.1714099135907636,0.825,0.6735327237626334,0.0,9.0,0.0,8507.69388341073,2692.3609375082906,1877.0,haco_safemarl_pilot_no_acoustic,generalization,21343457,8
0.0,0.625,300.0,0.6825,0.5712037895502747,0.25379712966093876,1.0,0.7376666801335601,0.0,353.0,0.0,10190.191297454403,2916.5460316153444,0.0,haco_safemarl_pilot_no_shield,generalization,21343457,8
0.0,0.0,300.0,0.6095833333333334,0.7099363459844173,0.5156810155886904,1.0,0.6647372453316638,0.0,9.0,0.0,9708.112894083597,3668.683596611732,1885.0,haco_safemarl_pilot,generalization,21343457,8
0.0,0.0,300.0,0.17375,0.8218715044000519,0.7066672002630189,0.26666666666666666,0.8603802986347313,0.0,26.0,0.0,1405.7578508951847,1347.4909963143607,1421.0,haco_safemarl_mappo,generalization,21343457,8
0.0,0.875,300.0,0.5725,0.5969419439485455,0.3030725632211914,0.75,0.5724499917061538,0.0,0.0,0.0,6828.0000000000455,4483.151237680325,0.0,fixed_auv_ga_pso_tlbo_proxy,generalization,21353464,8
1.0,1.0,285.0,0.6074561403508771,0.5253032695659855,0.09441877099042224,0.75,0.5669287715892982,0.0,0.0,0.0,9065.850000000031,5759.900000000017,0.0,independent_greedy,generalization,21353464,8
0.0,0.625,300.0,0.59875,0.6941129887886179,0.5043415980633057,0.8166666666666667,0.5482278064660763,0.0,0.0,0.0,8864.372690024502,3957.0773735161292,0.0,communication_aware,generalization,21353464,8
0.0,0.75,300.0,0.3779166666666667,0.7355067185483686,0.3863499377579178,0.5,0.7723127295164894,0.0,0.0,0.0,10293.056658398986,2974.514867253221,1094.0,haco_safemarl_pilot_no_acoustic,generalization,21353464,8
0.0,0.75,300.0,0.46458333333333335,0.7031176206152248,0.3594479144271191,0.7333333333333333,0.7254458401436766,0.0,18.0,0.0,10117.849737220846,2931.4400279249494,0.0,haco_safemarl_pilot_no_shield,generalization,21353464,8
0.0,0.5,300.0,0.4066666666666667,0.7816270508668729,0.647217884498144,0.5625,0.7507122928769363,0.0,0.0,0.0,9920.311722546705,3249.1381081136014,1182.0,haco_safemarl_pilot,generalization,21353464,8
0.0,0.0,300.0,0.027083333333333334,0.8479723667651319,0.8073551049735597,0.125,0.9946048742950282,0.0,0.0,0.0,1232.5075711137542,527.0259507799179,874.0,haco_safemarl_mappo,generalization,21353464,8
0.0,0.875,300.0,0.6745833333333333,0.4987148624825133,0.23060569153637478,1.0,0.6861327087306948,0.0,111.0,0.0,6828.0000000000455,4371.8506320620645,0.0,fixed_auv_ga_pso_tlbo_proxy,generalization,21363471,8
0.0,1.0,236.0,0.7388771186440678,0.4792695295875215,0.1853324160666837,1.0,0.5606097650267937,0.0,84.0,0.0,7507.160000000037,4144.70000000001,0.0,independent_greedy,generalization,21363471,8
0.0,0.25,300.0,0.6595833333333333,0.6654958842378048,0.5166252461954701,0.875,0.5826097506018787,0.0,63.0,0.043333333333333335,8646.98016493571,3652.8648333355964,0.0,communication_aware,generalization,21363471,8
0.0,0.625,300.0,0.54375,0.6348824117184726,0.35139017113784504,0.775,0.6784793551575447,0.0,20.0,0.0,10136.498212805654,3464.028171397343,1907.0,haco_safemarl_pilot_no_acoustic,generalization,21363471,8
0.0,0.625,300.0,0.6404166666666666,0.5539523601571548,0.30030552816918626,0.875,0.5569115843252758,0.0,133.0,0.0,9951.698014929398,2981.289269568698,0.0,haco_safemarl_pilot_no_shield,generalization,21363471,8
0.0,0.125,300.0,0.5458333333333333,0.7285245682127726,0.6150052748534378,0.75,0.6539404853839792,0.0,20.0,0.0,9532.769964040928,3887.4730623905084,1825.0,haco_safemarl_pilot,generalization,21363471,8
0.0,0.0,300.0,0.2945833333333333,0.816668365092085,0.7154735342997077,0.5,0.7737467794657892,0.0,26.0,0.0,1025.847159408472,984.4962058550736,1254.0,haco_safemarl_mappo,generalization,21363471,8
0.0,0.875,300.0,0.5745833333333333,0.5639388391005322,0.35212528437881063,1.0,0.8504723753577144,0.04666666666666667,460.0,0.12666666666666668,6828.0000000000455,3326.5635392409367,0.0,fixed_auv_ga_pso_tlbo_proxy,generalization,21373478,8
0.0,1.0,284.0,0.6945422535211268,0.48775353007244415,0.17017081886891897,1.0,0.8598186231266969,0.03873239436619718,403.0,0.11971830985915492,9034.040000000032,4669.100000000011,0.0,independent_greedy,generalization,21373478,8
0.0,0.125,300.0,0.6341666666666667,0.6775834482786832,0.5246046173366996,1.0,0.8514668197439338,0.0,349.0,0.11666666666666667,8706.327778627505,3006.8824052262366,0.0,communication_aware,generalization,21373478,8
0.0,0.125,300.0,0.4920833333333333,0.7037411150415351,0.34920081749493076,1.0,0.8488450605309841,0.04666666666666667,79.0,0.12,6605.940021893069,2962.0365856687245,2107.0,haco_safemarl_pilot_no_acoustic,generalization,21373478,8
0.0,0.375,300.0,0.6091666666666666,0.5727689843236962,0.37970870306212823,1.0,0.8210318466844094,0.056666666666666664,457.0,0.13,10168.273021746918,2989.6833784022965,0.0,haco_safemarl_pilot_no_shield,generalization,21373478,8
0.0,0.0,300.0,0.48125,0.7665854331467348,0.599400015160388,1.0,0.8605398328706207,0.03333333333333333,79.0,0.15333333333333332,5189.360723874855,2327.3128753470196,2170.0,haco_safemarl_pilot,generalization,21373478,8
0.0,0.0,300.0,0.17666666666666667,0.8312993941145878,0.7669135020718958,0.375,0.9471057380500748,0.0,46.0,0.06333333333333334,1955.5189650392408,1264.813358869428,1302.0,haco_safemarl_mappo,generalization,21373478,8
0.0,0.875,300.0,0.6058333333333333,0.5718571389325701,0.3231651890459783,1.0,0.7811875863574327,0.0,502.0,0.14,6828.0000000000455,3775.2451061323536,0.0,fixed_auv_ga_pso_tlbo_proxy,generalization,21383485,8
0.0,1.0,238.0,0.6292016806722689,0.5426932853935826,0.2847781613398015,1.0,0.7578516517617141,0.02100840336134454,409.0,0.14285714285714285,7570.780000000038,3582.6999999999994,0.0,independent_greedy,generalization,21383485,8
0.0,0.375,300.0,0.6108333333333333,0.7074737005710104,0.6293873792640221,1.0,0.717936478621619,0.0,290.0,0.13666666666666666,8829.636425872062,3511.101269945129,0.0,communication_aware,generalization,21383485,8
0.0,0.5,300.0,0.44,0.7018078291722005,0.43103373858364213,0.75,0.8171277196002061,0.0,15.0,0.12333333333333334,9219.579688401936,3087.2973799090105,1898.0,haco_safemarl_pilot_no_acoustic,generalization,21383485,8
0.0,0.625,300.0,0.5641666666666667,0.6347904774162347,0.3976109312815129,0.8625,0.6948285847432488,0.0,334.0,0.13333333333333333,10158.942297532294,2828.540864431151,0.0,haco_safemarl_pilot_no_shield,generalization,21383485,8
0.0,0.25,300.0,0.45625,0.7658828671298701,0.6452254296089411,0.75,0.7957436051414575,0.0,15.0,0.13666666666666666,9670.989155008147,3383.746406554157,1782.0,haco_safemarl_pilot,generalization,21383485,8
0.0,0.0,300.0,0.14083333333333334,0.8432926900696895,0.7400192317648995,0.25,0.9230617596818499,0.0,16.0,0.0,1027.1189196725713,515.8801659731508,1220.0,haco_safemarl_mappo,generalization,21383485,8
0.0,1.0,297.0,0.6818181818181818,0.48847994146443463,0.24068679998342052,1.0,0.7182699267280651,0.006734006734006734,429.0,0.11447811447811448,6759.720000000045,3889.9215539734705,0.0,fixed_auv_ga_pso_tlbo_proxy,generalization,21393492,8
0.0,1.0,227.0,0.7153083700440529,0.47544451398485915,0.23110572805930787,1.0,0.6062074752081164,0.06607929515418502,327.0,0.13656387665198239,7220.8700000000335,3432.7000000000035,0.0,independent_greedy,generalization,21393492,8
0.0,0.125,300.0,0.7283333333333334,0.6445063756520922,0.5113327178431617,1.0,0.7321502382507552,0.0,436.0,0.11,8489.340028641482,3156.5302450251743,0.0,communication_aware,generalization,21393492,8
0.0,0.375,300.0,0.59875,0.5950028883991684,0.39724271039217174,0.875,0.6453794740628085,0.0,34.0,0.13,9898.95720796373,3913.992969321097,1788.0,haco_safemarl_pilot_no_acoustic,generalization,21393492,8
0.0,0.5,300.0,0.6825,0.5343562072857797,0.31266929333932164,0.875,0.6022278459444486,0.0,312.0,0.08666666666666667,9939.562030172061,3038.6125271314386,0.0,haco_safemarl_pilot_no_shield,generalization,21393492,8
0.0,0.125,300.0,0.60375,0.7103690061625008,0.5391224621708282,0.875,0.6758743609983943,0.0,40.0,0.11,9664.830270646062,4016.831526410174,1820.0,haco_safemarl_pilot,generalization,21393492,8
0.0,0.0,300.0,0.11958333333333333,0.8333439490424298,0.6649652840674125,0.125,0.8856292914917057,0.0,14.0,0.0,959.9480431468065,1326.7715679571847,1063.0,haco_safemarl_mappo,generalization,21393492,8
0.0,0.875,300.0,0.7170833333333333,0.4549034507867981,0.22070153814139257,0.875,0.3944054161030595,0.0,103.0,0.0,6828.0000000000455,4265.621217773129,0.0,fixed_auv_ga_pso_tlbo_proxy,generalization,21403499,8
0.0,1.0,284.0,0.7077464788732394,0.4074813420311663,0.06482707051340553,0.875,0.5466158850520612,0.0,84.0,0.0,9034.040000000032,5504.500000000013,0.0,independent_greedy,generalization,21403499,8
0.0,0.375,300.0,0.7520833333333333,0.6355044337316106,0.4467121353014535,0.875,0.36861323745223445,0.0,203.0,0.0,8448.884511936507,3432.6130185601764,0.0,communication_aware,generalization,21403499,8
0.0,0.5,300.0,0.4625,0.6377893756892171,0.3601706392126964,0.7541666666666667,0.6912229923911017,0.0,0.0,0.0,10222.090687525813,3486.0788060479126,1719.0,haco_safemarl_pilot_no_acoustic,generalization,21403499,8
0.0,0.375,300.0,0.69625,0.5232701356927051,0.20204543607490888,0.875,0.43689370668450017,0.0,206.0,0.0,9863.444922365503,3033.652523079332,0.0,haco_safemarl_pilot_no_shield,generalization,21403499,8
0.0,0.125,300.0,0.6033333333333334,0.7137724417188341,0.5483991639000986,0.875,0.6824167218379785,0.0,0.0,0.0,9535.773261695915,3711.06643415626,1896.0,haco_safemarl_pilot,generalization,21403499,8
0.0,0.125,300.0,0.185,0.8153654748151282,0.7290579713908071,0.45,0.9256022079143206,0.0,0.0,0.0,1470.4662468134284,474.7799451601122,1329.0,haco_safemarl_mappo,generalization,21403499,8
0.0,0.875,300.0,0.69875,0.4793435914510973,0.20690735959750503,1.0,0.5885580395551997,0.0,100.0,0.0,6828.000000000045,3838.0174632765525,0.0,fixed_auv_ga_pso_tlbo_proxy,generalization,21413506,8
0.0,0.875,300.0,0.7375,0.40074288283363013,0.06173073651309329,1.0,0.6471589574067915,0.0,76.0,0.0,9543.000000000024,5587.500000000014,0.0,independent_greedy,generalization,21413506,8
0.0,0.125,300.0,0.7625,0.6398269487417834,0.4521756488008894,1.0,0.6356429598830686,0.0,120.0,0.0,8460.703863790524,3212.951958237804,0.0,communication_aware,generalization,21413506,8
0.0,0.5,300.0,0.535,0.615226414012301,0.26745751347549573,0.875,0.7523122867309846,0.0,0.0,0.0,10209.736299003076,3182.6203909996425,1733.0,haco_safemarl_pilot_no_acoustic,generalization,21413506,8
0.0,0.375,300.0,0.6895833333333333,0.5341517546784049,0.24228735823651182,0.875,0.6602347236186594,0.0,209.0,0.0,9932.264518806547,2988.6067663883455,0.0,haco_safemarl_pilot_no_shield,generalization,21413506,8
0.0,0.125,300.0,0.5745833333333333,0.721471675857943,0.5259630347217024,0.875,0.681865217828944,0.0,0.0,0.0,9610.860192342183,3239.9709186664645,1768.0,haco_safemarl_pilot,generalization,21413506,8
0.0,0.0,300.0,0.15625,0.8202971530863796,0.7011668306464129,0.25,0.9056582645988615,0.0,0.0,0.0,1109.3549916701163,447.71176620669667,1009.0,haco_safemarl_mappo,generalization,21413506,8
0.0,0.875,300.0,0.62375,0.5585557557702966,0.2970899858788661,1.0,0.8076875073569756,0.0,0.0,0.0,6828.0000000000455,4323.096345160003,0.0,fixed_auv_ga_pso_tlbo_proxy,generalization,21423513,8
1.0,1.0,235.0,0.7164893617021276,0.5029754660386316,0.28106649658470273,1.0,0.7058041658244938,0.0,0.0,0.0,7475.350000000037,3962.9,0.0,independent_greedy,generalization,21423513,8
0.0,0.375,300.0,0.6420833333333333,0.6945799800955001,0.5685524726725711,1.0,0.7115425412297989,0.0,0.0,0.0,8780.55959292438,3867.150058112924,0.0,communication_aware,generalization,21423513,8
0.0,0.75,300.0,0.4483333333333333,0.6849174446055643,0.43783835181132985,0.7166666666666667,0.7926853090875895,0.0,0.0,0.0,10272.649920873224,2924.018964871479,1392.0,haco_safemarl_pilot_no_acoustic,generalization,21423513,8
0.0,0.75,300.0,0.5995833333333334,0.6157222324919898,0.4104126795501679,0.875,0.7088870227392889,0.0,0.0,0.0,10116.902563562544,2888.471755883024,0.0,haco_safemarl_pilot_no_shield,generalization,21423513,8
0.0,0.25,300.0,0.47458333333333336,0.7479494878464448,0.6230795035790924,0.75,0.7623729954143093,0.0,0.0,0.0,9760.183829819593,3271.9557292193044,1461.0,haco_safemarl_pilot,generalization,21423513,8
0.0,0.0,300.0,0.0625,0.8348969012839765,0.7809965700838667,0.125,0.9698275861901754,0.0,0.0,0.0,1426.7686190424954,594.5940663983865,1077.0,haco_safemarl_mappo,generalization,21423513,8
0.0,0.875,300.0,0.7154166666666667,0.4771651574783391,0.15275175714054845,1.0,0.7142732461012091,0.013333333333333334,362.0,0.29,6828.0000000000455,4426.708325119012,0.0,fixed_auv_ga_pso_tlbo_proxy,generalization,21433520,8
0.0,1.0,233.0,0.7478540772532188,0.45293069767757016,0.12448662542170036,1.0,0.736294064183335,0.0,279.0,0.1759656652360515,7411.730000000036,4093.900000000008,0.0,independent_greedy,generalization,21433520,8
0.0,0.25,300.0,0.7675,0.6142985244003505,0.37082877842108675,1.0,0.7412863780218749,0.11666666666666667,417.0,0.3333333333333333,8409.051932201346,3323.782758026429,0.0,communication_aware,generalization,21433520,8
0.0,0.5,300.0,0.56375,0.664527738606904,0.5213513555565144,0.75,0.6628553702456105,0.0,0.0,0.11666666666666667,10178.020457357019,3869.030981524122,1698.0,haco_safemarl_pilot_no_acoustic,generalization,21433520,8
0.0,0.5,300.0,0.68,0.5245128546031378,0.2439569556561845,0.9083333333333333,0.5841507280763487,0.0,306.0,0.20666666666666667,9728.13362863216,3108.8721761441057,0.0,haco_safemarl_pilot_no_shield,generalization,21433520,8
0.0,0.25,300.0,0.5745833333333333,0.7302458009010393,0.6393542953705731,0.825,0.6742303313709928,0.0,0.0,0.24666666666666667,9567.037272828138,3542.53579750066,1797.0,haco_safemarl_pilot,generalization,21433520,8
0.0,0.125,300.0,0.16125,0.804134997356327,0.5941090155737553,0.25,0.8670679006367,0.0,0.0,0.13666666666666666,997.2208552609425,507.6483136599086,1462.0,haco_safemarl_mappo,generalization,21433520,8
0.0,0.75,300.0,0.5929166666666666,0.5274160214125925,0.22922761069460654,0.875,0.6693413796356421,0.0,34.0,0.0,6828.0000000000455,3943.1858785620184,0.0,fixed_auv_ga_pso_tlbo_proxy,generalization,21443527,8
0.0,1.0,252.0,0.6537698412698413,0.48584784115685953,0.14537364723786858,0.875,0.5614191157080225,0.0,26.0,0.0,8016.120000000044,4153.100000000003,0.0,independent_greedy,generalization,21443527,8
0.0,0.125,300.0,0.63875,0.6728190497675329,0.46606742278346636,0.875,0.625710875178706,0.0,29.0,0.0,8684.100694817535,3567.8305682124924,0.0,communication_aware,generalization,21443527,8
0.0,0.625,300.0,0.55375,0.6170630217331704,0.32144276949497275,0.875,0.7324917110280289,0.0,11.0,0.0,10183.7306323524,3018.2701272896757,1625.0,haco_safemarl_pilot_no_acoustic,generalization,21443527,8
0.0,0.5,300.0,0.6525,0.5459249792812797,0.3525661449420911,0.875,0.6005449797842451,0.0,25.0,0.0,9993.349567091289,3010.9684878269345,0.0,haco_safemarl_pilot_no_shield,generalization,21443527,8
0.0,0.25,300.0,0.585,0.7223593965970078,0.5912518664725293,0.875,0.7232545931283954,0.0,11.0,0.0,9565.760500666485,3395.1050282382425,1693.0,haco_safemarl_pilot,generalization,21443527,8
0.0,0.0,300.0,0.19166666666666668,0.831324502733595,0.7565123431875126,0.375,0.8733806859137304,0.0,21.0,0.07666666666666666,660.5089744962876,558.5609742435968,1275.0,haco_safemarl_mappo,generalization,21443527,8
0.0,0.875,300.0,0.6483333333333333,0.5019933464937535,0.18830856813696653,1.0,0.6602452877205754,0.0,255.0,0.0,6828.0000000000455,4835.000119593441,0.0,fixed_auv_ga_pso_tlbo_proxy,generalization,21453534,8
0.0,1.0,246.0,0.711890243902439,0.4824906369635886,0.08411267052978375,1.0,0.679726746754253,0.0,194.0,0.0,7825.260000000041,4929.300000000014,0.0,independent_greedy,generalization,21453534,8
0.0,0.375,300.0,0.61375,0.6435002389691405,0.4190138006263797,0.875,0.5591764837228549,0.0,425.0,0.0,8755.344342716506,4155.642128411269,0.0,communication_aware,generalization,21453534,8
0.0,0.875,300.0,0.41541666666666666,0.6682930114050072,0.2262104146042815,0.6625,0.7657248288879244,0.0,11.0,0.0,7318.915374906779,2663.705242025297,1838.0,haco_safemarl_pilot_no_acoustic,generalization,21453534,8
0.0,0.625,300.0,0.5483333333333333,0.5961507953963453,0.2114150973123615,0.75,0.6160124139954282,0.0,442.0,0.0,9788.513547012086,3062.4118892898377,0.0,haco_safemarl_pilot_no_shield,generalization,21453534,8
0.0,0.25,300.0,0.41875,0.7467994857823436,0.5456080230638766,0.75,0.7046546439753096,0.0,11.0,0.0,6617.534778213268,3307.7388370815875,1947.0,haco_safemarl_pilot,generalization,21453534,8
0.0,0.125,300.0,0.13958333333333334,0.8205248498140171,0.7080016526650702,0.25,0.9063978876598703,0.0,10.0,0.0,1153.7707929497667,704.4604552207584,1562.0,haco_safemarl_mappo,generalization,21453534,8
0.0,0.875,300.0,0.5875,0.5677019985709314,0.24885673355431873,1.0,0.7201872883270897,0.0,272.0,0.04666666666666667,6828.0000000000455,3831.082453696208,0.0,fixed_auv_ga_pso_tlbo_proxy,generalization,21463541,8
0.0,1.0,248.0,0.702116935483871,0.5059335637006002,0.08494019307696034,1.0,0.6594487742222145,0.0,205.0,0.004032258064516129,7888.880000000042,3914.7000000000094,0.0,independent_greedy,generalization,21463541,8
0.0,0.25,300.0,0.6095833333333334,0.709887187866547,0.4472856348585854,0.875,0.6315197000414048,0.0,425.0,0.0,8793.212705703074,3875.618978529263,0.0,communication_aware,generalization,21463541,8
0.0,0.25,300.0,0.45,0.6778443180256317,0.24125498065230355,0.75,0.7257967768752577,0.0,0.0,0.06333333333333334,10005.560117762136,3665.6798504700973,1536.0,haco_safemarl_pilot_no_acoustic,generalization,21463541,8
0.0,0.5,300.0,0.5516666666666666,0.6013920475396405,0.24438504902897004,0.75,0.6068517275795577,0.0,411.0,0.06333333333333334,10028.877088008301,3003.593129935795,0.0,haco_safemarl_pilot_no_shield,generalization,21463541,8
0.0,0.25,300.0,0.41583333333333333,0.7607054548643606,0.5509001253684839,0.625,0.755968973618045,0.0,0.0,0.06666666666666667,10011.952837441007,4208.846561871819,1512.0,haco_safemarl_pilot,generalization,21463541,8
0.0,0.0,300.0,0.035,0.8397955906302317,0.8061110428751277,0.125,0.9939162686281934,0.0,0.0,0.0,582.1052033676826,454.17439359704304,1215.0,haco_safemarl_mappo,generalization,21463541,8
1.0,1.0,217.0,0.7188940092165899,0.49558473083537186,0.22278018846878994,1.0,0.6676834738038294,0.0,0.0,0.12442396313364056,4938.920000000027,2607.447455112407,0.0,fixed_auv_ga_pso_tlbo_proxy,generalization,21473548,8
1.0,1.0,166.0,0.7567771084337349,0.490542889563047,0.18139836629050649,1.0,0.6229935985216691,0.0,0.0,0.1566265060240964,5280.460000000009,2322.900000000003,0.0,independent_greedy,generalization,21473548,8
0.0,0.375,300.0,0.8229166666666666,0.58991979920989,0.4588786601730743,1.0,0.6596968588043364,0.0,0.0,0.09333333333333334,8251.904617351276,3276.697028123726,0.0,communication_aware,generalization,21473548,8
0.0,0.875,300.0,0.6079166666666667,0.5793728653220708,0.23464005377426878,0.9166666666666666,0.5633948976828064,0.0,0.0,0.08666666666666667,9672.405551014184,2837.785179507187,1752.0,haco_safemarl_pilot_no_acoustic,generalization,21473548,8
0.0,0.625,300.0,0.6404166666666666,0.5278730471835481,0.23408105534658522,0.9041666666666667,0.5028716462269157,0.0,0.0,0.08333333333333333,9604.009768899181,2985.507682176974,0.0,haco_safemarl_pilot_no_shield,generalization,21473548,8
0.0,0.375,300.0,0.6208333333333333,0.7059507905802829,0.5509789488852678,0.8875,0.558880538154311,0.0,0.0,0.08666666666666667,9095.19216843312,3246.593895971973,1801.0,haco_safemarl_pilot,generalization,21473548,8
0.0,0.0,300.0,0.24125,0.7975939540073712,0.622448490822648,0.375,0.8154910395283506,0.0,0.0,0.08666666666666667,840.3567240473827,918.616807488702,1579.0,haco_safemarl_mappo,generalization,21473548,8
0.0,0.875,300.0,0.6020833333333333,0.6118505327438671,0.4121848238194421,0.875,0.6199224845867888,0.0,86.0,0.14666666666666667,6828.0000000000455,4516.051303915811,0.0,fixed_auv_ga_pso_tlbo_proxy,generalization,21483555,8
0.0,0.875,300.0,0.7170833333333333,0.5257514142425672,0.169702396679002,0.875,0.4293098503055762,0.02,65.0,0.20666666666666667,9543.000000000024,6302.300000000011,0.0,independent_greedy,generalization,21483555,8
0.0,0.375,300.0,0.6354166666666666,0.7224501447581991,0.5915155455639995,0.875,0.5900934437848692,0.0,127.0,0.14666666666666667,8824.897028232033,3921.092043792954,0.0,communication_aware,generalization,21483555,8
0.0,0.75,300.0,0.30791666666666667,0.7725370847787316,0.4913099138407197,0.5,0.8810638343823065,0.0,7.0,0.17,8396.732313830295,2846.0687833114657,1515.0,haco_safemarl_pilot_no_acoustic,generalization,21483555,8
0.0,0.75,300.0,0.49916666666666665,0.7011421399501018,0.44935832084767746,0.7875,0.7886691353971172,0.06333333333333334,67.0,0.15333333333333332,10142.745775650184,2938.6601478947073,0.0,haco_safemarl_pilot_no_shield,generalization,21483555,8
0.0,0.625,300.0,0.32416666666666666,0.7995278031202812,0.6582026291999364,0.5,0.8559661944892228,0.0,7.0,0.17666666666666667,7849.955183943592,2866.66546214328,1587.0,haco_safemarl_pilot,generalization,21483555,8
0.0,0.0,300.0,0.24541666666666667,0.8129925388733387,0.7547739828804119,0.5916666666666667,0.8633771130641904,0.0,16.0,0.37,1631.6093118194342,1132.8584480089685,1602.0,haco_safemarl_mappo,generalization,21483555,8
0.0,0.75,300.0,0.515,0.6008337338890639,0.3217265581063378,0.875,0.7903770766805502,0.0,168.0,0.0,6828.0000000000455,4024.713693596,0.0,fixed_auv_ga_pso_tlbo_proxy,generalization,21493562,8
0.0,1.0,297.0,0.6203703703703703,0.5207397799952022,0.21073775320410204,0.875,0.6643357328081925,0.0,260.0,0.0,9447.570000000025,5623.300000000003,0.0,independent_greedy,generalization,21493562,8
0.0,0.375,300.0,0.5616666666666666,0.7091624717262853,0.562175488951842,0.875,0.7566068693474524,0.0,11.0,0.0,8893.21076479448,3736.970266464062,0.0,communication_aware,generalization,21493562,8
0.0,0.5,300.0,0.43583333333333335,0.6726169453981731,0.41468375028919907,0.7458333333333333,0.7639275022881568,0.0,0.0,0.0,10193.977650975014,3335.8136201155603,1289.0,haco_safemarl_pilot_no_acoustic,generalization,21493562,8
0.0,0.5,300.0,0.52875,0.6288721602517391,0.3394862967158249,0.8041666666666667,0.722608179829943,0.0,126.0,0.0,10093.068069055818,3176.005260347774,0.0,haco_safemarl_pilot_no_shield,generalization,21493562,8
0.0,0.375,300.0,0.43666666666666665,0.7630154938556436,0.6499617211910098,0.775,0.7965806244370942,0.0,0.0,0.0,9816.908476123735,3432.5107259431065,1364.0,haco_safemarl_pilot,generalization,21493562,8
0.0,0.0,300.0,0.12458333333333334,0.8370204989179242,0.7461320179136837,0.25,0.9384489297652793,0.0,0.0,0.0033333333333333335,1428.333426705297,746.05587299082,942.0,haco_safemarl_mappo,generalization,21493562,8
0.0,0.875,300.0,0.35208333333333336,0.7897736077510402,0.6497390265694096,0.75,0.8565978608382621,0.0,261.0,0.04,6828.0000000000455,5191.003544942394,0.0,fixed_auv_ga_pso_tlbo_proxy,generalization,21503569,8
0.0,1.0,267.0,0.5650749063670412,0.7036887877031532,0.37199092770265446,0.75,0.6523048015466355,0.0,200.0,0.08614232209737828,8493.27000000004,5819.3000000000175,0.0,independent_greedy,generalization,21503569,8
0.0,0.875,300.0,0.41125,0.7922549599154011,0.656424082954513,0.75,0.8224103926697749,0.0,225.0,0.03333333333333333,9373.647535233153,4981.2944911240265,0.0,communication_aware,generalization,21503569,8
0.0,1.0,296.0,0.08868243243243243,0.8530964412008563,0.789265519112296,0.25,0.981047953521529,0.0,62.0,0.0,9027.582650944109,2821.219045381092,974.0,haco_safemarl_pilot_no_acoustic,generalization,21503569,8
0.0,1.0,260.0,0.24423076923076922,0.8245628669728102,0.7100617618044487,0.375,0.9179296080787941,0.0,348.0,0.0,9009.775659817606,2198.906142226821,0.0,haco_safemarl_pilot_no_shield,generalization,21503569,8
0.0,1.0,293.0,0.07977815699658702,0.8549897169345428,0.7997569853548873,0.25,0.9865885507049569,0.0,58.0,0.0,9066.651072197816,2842.5132941789316,935.0,haco_safemarl_pilot,generalization,21503569,8
0.0,0.0,300.0,0.0,0.8427453716519931,0.8299756553851922,0.0,0.9999999999843749,0.0,13.0,0.0,1401.2887531483611,937.2239876810402,1211.0,haco_safemarl_mappo,generalization,21503569,8
0.0,0.875,300.0,0.6970833333333334,0.4919292987494926,0.16772160974472955,0.875,0.5420009762160459,0.0,134.0,0.12666666666666668,6828.0000000000455,4400.278841758069,0.0,fixed_auv_ga_pso_tlbo_proxy,generalization,21513576,8
0.0,1.0,259.0,0.724903474903475,0.4632287141193589,0.10385340777496307,0.875,0.48577221180717123,0.0,101.0,0.04247104247104247,8238.790000000045,5006.70000000001,0.0,independent_greedy,generalization,21513576,8
0.0,0.375,300.0,0.7195833333333334,0.6379759710906294,0.4276299308160506,0.875,0.4913442595439642,0.0,49.0,0.11666666666666667,8540.462597249718,3749.632403204958,0.0,communication_aware,generalization,21513576,8
0.0,0.5,300.0,0.5183333333333333,0.6265418696020681,0.22857871613086336,0.875,0.6795905580694497,0.0,0.0,0.14,9964.336416470253,3599.28909435977,1629.0,haco_safemarl_pilot_no_acoustic,generalization,21513576,8
0.0,0.5,300.0,0.575,0.5829827129507114,0.25336405502962633,0.875,0.6129807691982653,0.0,177.0,0.11666666666666667,9669.515832244055,3347.6277373790344,0.0,haco_safemarl_pilot_no_shield,generalization,21513576,8
0.0,0.375,300.0,0.5470833333333334,0.7315809899930469,0.5515211446436675,0.875,0.6691227104143612,0.0,0.0,0.12,9447.991490776938,3451.833200821234,1702.0,haco_safemarl_pilot,generalization,21513576,8
0.0,0.125,300.0,0.04583333333333333,0.8315405981329929,0.7705769301336893,0.125,0.9862402919831024,0.0,0.0,0.12,1052.878583765877,689.8834097335239,1644.0,haco_safemarl_mappo,generalization,21513576,8
0.0,0.75,300.0,0.6116666666666667,0.4941054021812785,0.19565153701625082,0.875,0.5968644523966562,0.0,95.0,0.0,6828.0000000000455,3938.2673570532593,0.0,fixed_auv_ga_pso_tlbo_proxy,generalization,21523583,8
0.0,0.875,300.0,0.6808333333333333,0.41424555014218994,0.13838555359196272,0.875,0.5223595185109569,0.0,73.0,0.0,9543.000000000024,5776.099999999994,0.0,independent_greedy,generalization,21523583,8
0.0,0.25,300.0,0.6475,0.6485734432351219,0.4666435620435388,0.875,0.5650793951165528,0.0,82.0,0.0,8653.175040289161,3819.306768435213,0.0,communication_aware,generalization,21523583,8
0.0,0.5,300.0,0.5879166666666666,0.596923882550337,0.3492174033143961,0.875,0.6562209835528564,0.0,5.0,0.0,9981.930749474372,3315.4031867822937,1656.0,haco_safemarl_pilot_no_acoustic,generalization,21523583,8
0.0,0.375,300.0,0.62,0.5379100402792166,0.3182506505101597,0.7541666666666667,0.5012583528323105,0.0,146.0,0.0,9743.759846732772,3211.252169810114,0.0,haco_safemarl_pilot_no_shield,generalization,21523583,8
0.0,0.25,300.0,0.5733333333333334,0.7215654496238796,0.5881450025204825,0.7541666666666667,0.5842768753161691,0.0,5.0,0.0,9447.711772472214,3691.6003127101335,1626.0,haco_safemarl_pilot,generalization,21523583,8
0.0,0.125,300.0,0.32958333333333334,0.8107839253440075,0.6375405319619547,0.5,0.7300832372443302,0.0,9.0,0.0,1468.450638928702,780.3408671533916,1471.0,haco_safemarl_mappo,generalization,21523583,8
0.0,0.875,300.0,0.4691666666666667,0.7040897803146623,0.4946852153148312,0.75,0.8650020464479283,0.0,308.0,0.09,6828.0000000000455,4516.34694898983,0.0,fixed_auv_ga_pso_tlbo_proxy,generalization,21533590,8
0.0,1.0,270.0,0.5597222222222222,0.6591906639794818,0.39350926922073975,0.875,0.721558161757937,0.0,274.0,0.12962962962962962,8588.700000000039,5422.900000000003,0.0,independent_greedy,generalization,21533590,8
0.0,0.625,300.0,0.5433333333333333,0.7465566336513341,0.6677536158115571,0.875,0.7922334194643981,0.0,305.0,0.08666666666666667,9069.983397489348,4201.114910633011,0.0,communication_aware,generalization,21533590,8
0.0,0.625,300.0,0.23375,0.7859630027992908,0.5758137223391899,0.5,0.9196020112935956,0.0,2.0,0.09,9363.050363400667,3381.710838827226,1329.0,haco_safemarl_pilot_no_acoustic,generalization,21533590,8
0.0,0.75,300.0,0.3179166666666667,0.7379057015690311,0.5343250454423094,0.5041666666666667,0.8691586208253362,0.0,281.0,0.10333333333333333,10170.973491615665,2963.556663129758,0.0,haco_safemarl_pilot_no_shield,generalization,21533590,8
0.0,0.5,300.0,0.23625,0.8196958069513458,0.7132972116848018,0.5,0.922618576856931,0.0,2.0,0.09666666666666666,10155.618461653581,3966.655882033604,1233.0,haco_safemarl_pilot,generalization,21533590,8
0.0,0.0,300.0,0.16208333333333333,0.8295152687037087,0.7068786219620422,0.375,0.8766365994630008,0.0,17.0,0.21,1414.1885496843688,936.5641942214056,1410.0,haco_safemarl_mappo,generalization,21533590,8
0.0,0.875,300.0,0.69125,0.44928350145407764,0.14672827374353142,0.875,0.4479777887681709,0.0,66.0,0.0,6828.0000000000455,3736.38021058236,0.0,fixed_auv_ga_pso_tlbo_proxy,generalization,21543597,8
0.0,1.0,233.0,0.7129828326180258,0.440917138738054,0.06227178789823758,0.875,0.49363436301066704,0.0,50.0,0.0,7411.730000000036,3363.9000000000224,0.0,independent_greedy,generalization,21543597,8
0.0,0.25,300.0,0.7395833333333334,0.6194254044048237,0.2890816202197082,0.875,0.4023909101773711,0.0,167.0,0.0,8422.799756278391,3356.275566023467,0.0,communication_aware,generalization,21543597,8
0.0,0.375,300.0,0.6041666666666666,0.6042512200827765,0.18159201672292472,0.7958333333333333,0.6364957119884869,0.0,0.0,0.0,10068.13643491368,3498.9596818029427,1740.0,haco_safemarl_pilot_no_acoustic,generalization,21543597,8
0.0,0.5,300.0,0.6908333333333333,0.5234157663558435,0.16321660118201292,0.8416666666666667,0.488740306184854,0.0,195.0,0.0,9806.249289397863,3058.4917434990452,0.0,haco_safemarl_pilot_no_shield,generalization,21543597,8
0.0,0.125,300.0,0.6533333333333333,0.7054414823447658,0.5069805776645685,0.875,0.5648410470242545,0.0,0.0,0.0,9491.897784626006,3710.1592729712415,1851.0,haco_safemarl_pilot,generalization,21543597,8
0.0,0.0,300.0,0.20875,0.8227957269468222,0.7609895385466817,0.25,0.8244463760047351,0.0,0.0,0.0,852.2800986496667,893.9640582815977,1576.0,haco_safemarl_mappo,generalization,21543597,8
0.0,0.75,300.0,0.59,0.538125412103853,0.24189831053864883,0.875,0.633231136233617,0.0,362.0,0.19666666666666666,6828.0000000000455,3697.6551535784524,0.0,fixed_auv_ga_pso_tlbo_proxy,generalization,21553604,8
0.0,1.0,289.0,0.7192906574394463,0.4565429324643263,0.05469259971774209,1.0,0.6816167807164899,0.0,322.0,0.12110726643598616,9193.09000000003,4947.299999999995,0.0,independent_greedy,generalization,21553604,8
0.0,0.25,300.0,0.6854166666666667,0.676094496716657,0.431556050961789,1.0,0.6967498654687484,0.0,320.0,0.15,8698.579459769813,3459.5133260704974,0.0,communication_aware,generalization,21553604,8
0.0,0.375,300.0,0.4091666666666667,0.6658976461666235,0.26997742227368077,0.5,0.6651718370195069,0.023333333333333334,41.0,0.13333333333333333,6183.422626408834,2927.122695351796,2279.0,haco_safemarl_pilot_no_acoustic,generalization,21553604,8
0.0,0.25,300.0,0.59875,0.5688399505816062,0.2396828808462026,0.75,0.5900585114979962,0.06666666666666667,472.0,0.19333333333333333,10015.253196762838,3042.5205499087656,0.0,haco_safemarl_pilot_no_shield,generalization,21553604,8
0.0,0.125,300.0,0.4091666666666667,0.772279170920261,0.5612745822887621,0.5,0.6657215279529134,0.03,22.0,0.17333333333333334,5121.516204581684,2742.682995740846,2192.0,haco_safemarl_pilot,generalization,21553604,8
0.0,0.125,300.0,0.14708333333333334,0.8213587041666435,0.6950344879105114,0.32083333333333336,0.9520934559028467,0.0,32.0,0.09333333333333334,2170.749365160645,1589.9921460106843,1774.0,haco_safemarl_mappo,generalization,21553604,8
0.0,1.0,274.0,0.4329379562043796,0.6487652516481662,0.25742606483127867,0.9464285714285714,0.7689167426147878,0.0,202.0,0.0,6236.24000000004,3162.7989837341065,0.0,fixed_auv_ga_pso_tlbo_proxy,generalization,21563611,8
0.0,1.0,210.0,0.5607142857142857,0.5665675295917174,0.12189906880771965,0.875,0.6699254112838211,0.0,156.0,0.0,6680.100000000027,2534.300000000001,0.0,independent_greedy,generalization,21563611,8
0.0,0.5,300.0,0.60125,0.6933556947615434,0.4091803532170609,1.0,0.7921089138437026,0.0,206.0,0.0,8840.925198066789,3199.299239330472,0.0,communication_aware,generalization,21563611,8
0.0,0.75,300.0,0.4608333333333333,0.7066186929197441,0.3799884669925597,0.7875,0.8116289620480263,0.0,58.0,0.0,11073.987340253103,3080.6206525908788,1512.0,haco_safemarl_pilot_no_acoustic,generalization,21563611,8
0.0,1.0,269.0,0.5534386617100372,0.645971162166669,0.25039613900981267,0.9027777777777778,0.7022118981334494,0.0,106.0,0.0,9605.739163685721,2186.6187269190573,0.0,haco_safemarl_pilot_no_shield,generalization,21563611,8
0.0,0.375,300.0,0.43666666666666665,0.756177292026157,0.5317691638099369,0.7458333333333333,0.7466342508809776,0.0,8.0,0.0,10207.868297407724,3707.35064299001,1464.0,haco_safemarl_pilot,generalization,21563611,8
0.0,0.125,300.0,0.08666666666666667,0.8018535178994959,0.5331864147610235,0.125,0.9407076984597676,0.0,10.0,0.0,1689.5769428713534,1142.8515684021943,1505.0,haco_safemarl_mappo,generalization,21563611,8
0.0,0.75,300.0,0.5108333333333334,0.666034159498665,0.47362216038371535,0.875,0.7887112132098215,0.03666666666666667,214.0,0.08,6828.0000000000455,4101.347760644396,0.0,fixed_auv_ga_pso_tlbo_proxy,generalization,21573618,8
0.0,1.0,249.0,0.6179718875502008,0.6167238994956113,0.37814774944224144,0.875,0.6043943542811473,0.0,184.0,0.0,7920.690000000042,4175.899999999991,0.0,independent_greedy,generalization,21573618,8
0.0,0.5,300.0,0.5579166666666666,0.7293633073986999,0.6242349973134191,0.875,0.7555620734191008,0.0,121.0,0.08,8931.108363342048,3629.4822489852404,0.0,communication_aware,generalization,21573618,8
0.0,0.5,300.0,0.30375,0.7491045324566465,0.49835912229795204,0.5916666666666667,0.875089005644101,0.0,0.0,0.05,10215.863212982502,3683.0919702045458,1215.0,haco_safemarl_pilot_no_acoustic,generalization,21573618,8
0.0,0.625,300.0,0.41625,0.7062838775073423,0.49942243260354785,0.6875,0.8445990952983315,0.016666666666666666,137.0,0.07333333333333333,10195.793039237837,2927.9572232751084,0.0,haco_safemarl_pilot_no_shield,generalization,21573618,8
0.0,0.375,300.0,0.2945833333333333,0.8032312767561649,0.683751488967933,0.5,0.8769342276676789,0.03666666666666667,0.0,0.08,9669.799521033718,3585.694089269772,1262.0,haco_safemarl_pilot,generalization,21573618,8
0.0,0.0,300.0,0.07208333333333333,0.8389734624760875,0.8033950380015156,0.25,0.9819371737939689,0.0,0.0,0.14666666666666667,1164.2005189193117,625.9142796646908,1172.0,haco_safemarl_mappo,generalization,21573618,8
0.0,1.0,278.0,0.48156474820143885,0.5941188604697869,0.3661066453948042,0.7544642857142857,0.6977528667539724,0.0,211.0,0.0,6327.280000000041,2968.4942010133805,0.0,fixed_auv_ga_pso_tlbo_proxy,generalization,21583625,8
0.0,1.0,213.0,0.6889671361502347,0.5416790397894683,0.29725020984805056,0.875,0.5328310418674048,0.0,162.0,0.0,6775.530000000028,2526.699999999997,0.0,independent_greedy,generalization,21583625,8
0.0,0.375,300.0,0.5358333333333334,0.7230847207785932,0.6283693997494991,0.75,0.645158540004084,0.0,248.0,0.0,8942.407458102309,4079.7356320449003,0.0,communication_aware,generalization,21583625,8
0.0,0.5,300.0,0.4775,0.698876917731583,0.5460079678642464,0.75,0.7585204250621922,0.0,0.0,0.0,10210.48685451403,3461.585446315025,1577.0,haco_safemarl_pilot_no_acoustic,generalization,21583625,8
0.0,0.5,300.0,0.5708333333333333,0.5935254065401924,0.4177530052961619,0.75,0.6012699837374781,0.0,244.0,0.0,10064.90735604095,3051.072054922155,0.0,haco_safemarl_pilot_no_shield,generalization,21583625,8
0.0,0.25,300.0,0.4558333333333333,0.7657520710762307,0.6439854594524326,0.75,0.7933072623703287,0.0,0.0,0.0,9825.73690842509,3847.9314494570513,1576.0,haco_safemarl_pilot,generalization,21583625,8
0.0,0.0,300.0,0.0,0.8488035661513714,0.8231791006088993,0.0,0.9999999999843749,0.0,0.0,0.0,787.9459223726294,1072.0354127862995,1093.0,haco_safemarl_mappo,generalization,21583625,8
0.0,0.75,300.0,0.705,0.48321617532353506,0.16904353472107408,1.0,0.6863019999592445,0.02666666666666667,105.0,0.08333333333333333,6828.0000000000455,3496.508971334163,0.0,fixed_auv_ga_pso_tlbo_proxy,generalization,21593632,8
0.0,1.0,271.0,0.7753690036900369,0.42336169071565916,0.08873499570512787,1.0,0.6563378643311726,0.0,122.0,0.033210332103321034,8620.510000000038,4284.299999999998,0.0,independent_greedy,generalization,21593632,8
0.0,0.125,300.0,0.7504166666666666,0.6317393658438105,0.4015451097081671,1.0,0.6970908001703124,0.0,195.0,0.06333333333333334,8437.287890181371,3067.3647972753006,0.0,communication_aware,generalization,21593632,8
0.0,0.25,300.0,0.6020833333333333,0.604319529803482,0.39654383701701673,0.875,0.6942562526547851,0.0,18.0,0.06666666666666667,10091.472294492338,3603.970154018803,1829.0,haco_safemarl_pilot_no_acoustic,generalization,21593632,8
0.0,0.25,300.0,0.7233333333333334,0.513605885765114,0.24972392271325414,0.875,0.6435611190709506,0.0,106.0,0.056666666666666664,9845.58395193011,3115.291103192129,0.0,haco_safemarl_pilot_no_shield,generalization,21593632,8
0.0,0.125,300.0,0.6129166666666667,0.7093913863259599,0.5782903831701213,0.875,0.7488607097895676,0.0033333333333333335,18.0,0.07666666666666666,9418.13870622885,3249.3517739244235,1890.0,haco_safemarl_pilot,generalization,21593632,8
0.0,0.0,300.0,0.24125,0.7924030870187987,0.6053747266626138,0.5541666666666667,0.8587736263217364,0.0,21.0,0.08666666666666667,1431.8315556487573,387.0209004987389,1452.0,haco_safemarl_mappo,generalization,21593632,8
0.0,1.0,281.0,0.4443950177935943,0.6232324889766087,0.18459260003315933,0.625,0.6808497173367968,0.02491103202846975,28.0,0.08185053380782918,6395.560000000041,4152.6551668098045,0.0,fixed_auv_ga_pso_tlbo_proxy,generalization,21603639,8
0.0,1.0,215.0,0.5296511627906977,0.5878695718705016,0.16151740575902834,0.625,0.596314134077937,0.0,22.0,0.11627906976744186,6839.15000000003,3754.4999999999973,0.0,independent_greedy,generalization,21603639,8
0.0,0.5,300.0,0.5229166666666667,0.7288025855754934,0.4805844392544134,0.75,0.6396417098660204,0.01,0.0,0.08333333333333333,9092.683685368289,5075.799334099684,0.0,communication_aware,generalization,21603639,8
0.0,0.5,300.0,0.39125,0.6841985901610362,0.25266451148130403,0.5,0.7009147758857868,0.023333333333333334,0.0,0.06666666666666667,9412.740994504953,3551.742682966862,1088.0,haco_safemarl_pilot_no_acoustic,generalization,21603639,8
0.0,0.5,300.0,0.42,0.651875026912112,0.24766118376459914,0.5,0.6604315840361078,0.03,69.0,0.07333333333333333,9689.080064488571,3703.963090800531,0.0,haco_safemarl_pilot_no_shield,generalization,21603639,8
0.0,0.5,300.0,0.3858333333333333,0.7820386719834962,0.5589474721682268,0.5,0.707822721447098,0.02666666666666667,0.0,0.07,9202.24796837596,3645.681331330318,1088.0,haco_safemarl_pilot,generalization,21603639,8
0.0,0.125,300.0,0.21333333333333335,0.7988873503605909,0.6161723707670329,0.25,0.8134603026064157,0.0,0.0,0.0,754.4900894814751,482.9172887702193,946.0,haco_safemarl_mappo,generalization,21603639,8
0.0,0.75,300.0,0.46541666666666665,0.629071600628655,0.2523145425874881,0.75,0.6772891629467334,0.0,195.0,0.09666666666666666,6828.0000000000455,4322.686749384539,0.0,fixed_auv_ga_pso_tlbo_proxy,generalization,21613646,8
0.0,0.875,300.0,0.5358333333333334,0.5639121751590007,0.06962332528230403,0.75,0.6279073061847239,0.0,220.0,0.1,9543.000000000024,6087.700000000004,0.0,independent_greedy,generalization,21613646,8
0.0,0.5,300.0,0.5170833333333333,0.7035738631145684,0.4157047860579386,0.75,0.6407242723802744,0.0,39.0,0.09666666666666666,8977.427216129183,4022.0580217193724,0.0,communication_aware,generalization,21613646,8
0.0,0.75,300.0,0.35,0.7377342028778361,0.40486244265611027,0.5,0.8168679745616523,0.0,0.0,0.11666666666666667,10038.749303662278,2885.0659764012494,1075.0,haco_safemarl_pilot_no_acoustic,generalization,21613646,8
0.0,0.75,300.0,0.41875,0.697829419288081,0.41399836080310165,0.625,0.7463789960805348,0.0,0.0,0.06666666666666667,10184.14115253834,2870.4656670713302,0.0,haco_safemarl_pilot_no_shield,generalization,21613646,8
0.0,0.5,300.0,0.48333333333333334,0.7600201164978535,0.5395705391187984,0.75,0.700177047861666,0.0,0.0,0.08666666666666667,9854.601118207409,3189.7188544860824,1328.0,haco_safemarl_pilot,generalization,21613646,8
0.0,0.125,300.0,0.13708333333333333,0.821363637454866,0.698881765216735,0.375,0.9556874109639379,0.0,0.0,0.0,1356.8333727148267,519.5277649857439,1104.0,haco_safemarl_mappo,generalization,21613646,8
0.0,0.875,300.0,0.64,0.5652945872003104,0.21053734495967327,0.875,0.5745812807483741,0.0,75.0,0.0,6828.0000000000455,4291.259188512462,0.0,fixed_auv_ga_pso_tlbo_proxy,generalization,21623653,8
0.0,1.0,247.0,0.6705465587044535,0.5249851404597684,0.23594900815623646,0.875,0.5201850469469752,0.0,57.0,0.0,7857.070000000042,4404.499999999996,0.0,independent_greedy,generalization,21623653,8
0.0,0.375,300.0,0.6625,0.687860624153411,0.5330706504673898,0.875,0.5556026014074212,0.0,57.0,0.0,8719.701278792687,3977.4799007670204,0.0,communication_aware,generalization,21623653,8
0.0,0.375,300.0,0.4533333333333333,0.6929015535409985,0.49462791427003416,0.625,0.7768639202486198,0.0,0.0,0.0,9992.288802003275,3948.57672320318,1398.0,haco_safemarl_pilot_no_acoustic,generalization,21623653,8
0.0,0.375,300.0,0.5633333333333334,0.6100167860393527,0.36371240858189635,0.75,0.6663366240159571,0.0,219.0,0.0,9815.733166000104,3398.7695223090373,0.0,haco_safemarl_pilot_no_shield,generalization,21623653,8
0.0,0.375,300.0,0.4425,0.7661223846860219,0.6704010454514324,0.625,0.7995701667560092,0.0,0.0,0.0,9717.216687594233,3683.585609271295,1424.0,haco_safemarl_pilot,generalization,21623653,8
0.0,0.25,300.0,0.03875,0.8400352115815909,0.8183493208627022,0.2,0.9958985196405443,0.0,0.0,0.0,1500.588193661305,446.98000490492893,1145.0,haco_safemarl_mappo,generalization,21623653,8
0.0,0.875,300.0,0.585,0.555984939827352,0.2377383910765441,0.8625,0.6414206202684821,0.0,293.0,0.0,6828.0000000000455,4389.357539091923,0.0,fixed_auv_ga_pso_tlbo_proxy,generalization,21633660,8
0.0,1.0,241.0,0.6327800829875518,0.517064664688003,0.0836425257730672,0.875,0.5483328957383307,0.0,225.0,0.0,7666.210000000039,4220.100000000003,0.0,independent_greedy,generalization,21633660,8
0.0,0.375,300.0,0.6416666666666667,0.6742671530393534,0.41836322117519636,0.875,0.6395622336100845,0.0,451.0,0.0,8733.31990663417,3821.093817171068,0.0,communication_aware,generalization,21633660,8
0.0,0.5,300.0,0.45916666666666667,0.7144754289308434,0.38899911829148237,0.6833333333333333,0.797052879341139,0.0,81.0,0.0,10130.720677702984,4197.10965636442,1691.0,haco_safemarl_pilot_no_acoustic,generalization,21633660,8
0.0,0.625,300.0,0.5633333333333334,0.6176372545719856,0.28267575756295116,0.75,0.6479761365008604,0.0,288.0,0.0,9942.068765138007,3064.7094907246287,0.0,haco_safemarl_pilot_no_shield,generalization,21633660,8
0.0,0.25,300.0,0.4525,0.7666236379527669,0.6221250833651719,0.75,0.7974832983203328,0.0,76.0,0.0,9942.256777545943,4437.593148941027,1752.0,haco_safemarl_pilot,generalization,21633660,8
0.0,0.0,300.0,0.02375,0.8395929057307809,0.8047574849813373,0.19166666666666668,0.9989883913238756,0.0,35.0,0.0,1695.6408135026697,1080.2738366905432,1430.0,haco_safemarl_mappo,generalization,21633660,8
0.0,0.625,300.0,0.50625,0.5851549328359239,0.3513870323858974,0.875,0.8217108742948968,0.0,55.0,0.0,6828.0000000000455,3734.685929258557,0.0,fixed_auv_ga_pso_tlbo_proxy,generalization,21643667,8
0.0,0.875,300.0,0.6270833333333333,0.47405138375177025,0.3207816231732133,0.875,0.7306222408098105,0.0,41.0,0.0,9543.000000000024,5279.299999999979,0.0,independent_greedy,generalization,21643667,8
0.0,0.25,300.0,0.5554166666666667,0.6970219041770158,0.5624615692027658,0.875,0.7822602144379741,0.0,34.0,0.0,8895.517835784072,3782.321676515186,0.0,communication_aware,generalization,21643667,8
0.0,0.375,300.0,0.47541666666666665,0.6820755805487623,0.5307103460669996,0.75,0.8519339255127067,0.0,0.0,0.0,10147.322055163377,3419.6029580867003,1498.0,haco_safemarl_pilot_no_acoustic,generalization,21643667,8
0.0,0.375,300.0,0.5683333333333334,0.6077425258127892,0.48409743000053124,0.875,0.8076501679022474,0.0,58.0,0.0,10088.928944654623,3258.6740080046347,0.0,haco_safemarl_pilot_no_shield,generalization,21643667,8
0.0,0.125,300.0,0.5145833333333333,0.7428641348990516,0.6611124774274646,0.875,0.7969013485353298,0.0,0.0,0.0,9702.441987365506,3616.359392044353,1568.0,haco_safemarl_pilot,generalization,21643667,8
0.0,0.0,300.0,0.04625,0.8346352578401877,0.8066334615157632,0.21666666666666667,0.9933434218558941,0.0,0.0,0.0,1281.9835103765815,434.17051746975017,1308.0,haco_safemarl_mappo,generalization,21643667,8
0.0,0.875,300.0,0.46875,0.6603206698292371,0.2830243096191776,0.875,0.7980862131588785,0.0,13.0,0.0,6828.0000000000455,3794.19443297795,0.0,fixed_auv_ga_pso_tlbo_proxy,generalization,21653674,8
0.0,1.0,259.0,0.7422779922779923,0.5336651837643421,0.2626550476851314,0.8942307692307693,0.49553050097098533,0.0,10.0,0.0,8238.790000000045,4234.300000000007,0.0,independent_greedy,generalization,21653674,8
0.0,0.375,300.0,0.49041666666666667,0.7809880350047661,0.6618279033110444,0.875,0.7677870380282056,0.0,11.0,0.0,9182.245779057053,4329.357672285551,0.0,communication_aware,generalization,21653674,8
0.0,0.875,300.0,0.25,0.7649722137352949,0.3993741046790461,0.5083333333333333,0.885935285139985,0.0,7.0,0.0,9198.73164908187,2646.5433216410956,1317.0,haco_safemarl_pilot_no_acoustic,generalization,21653674,8
0.0,0.875,300.0,0.46166666666666667,0.6976005053814663,0.36841150729628824,0.6708333333333333,0.6962368282053274,0.0,131.0,0.0,10403.027595487341,2740.253174461283,0.0,haco_safemarl_pilot_no_shield,generalization,21653674,8
0.0,0.5,300.0,0.19416666666666665,0.8070205986608255,0.6125799415104692,0.4625,0.8967820576070787,0.0,7.0,0.0,8884.894771082507,2915.325716390835,1227.0,haco_safemarl_pilot,generalization,21653674,8
0.0,0.0,300.0,0.07833333333333334,0.856372239706065,0.7683656081732113,0.125,0.9518694439435921,0.0,9.0,0.0,2056.7364448099415,712.6429519697188,721.0,haco_safemarl_mappo,generalization,21653674,8
