success,task_completion,mission_time,outage_rate,mean_packet,worst_agent_packet,cvar_outage_90,comm_fairness,usv_collision_rate,auv_collision_count,colregs_violation_rate,energy,smoothness,shield_interventions,policy,scenario,seed,num_auvs
0.0,1.0,270.0,0.5592592592592592,0.5527865066090778,0.2677944504153501,0.6666666666666669,0.534397524271534,0.12962962962962962,0.0,0.2037037037037037,5004.449999999981,2274.603619503136,0.0,fixed_auv_ga_pso_tlbo_proxy,survey,21160730,3
0.0,1.0,206.0,0.551779935275081,0.518769176349799,0.09889355347569574,0.6666666666666665,0.5387099716855132,0.03398058252427184,0.0,0.0,5064.510000000007,1934.0,0.0,independent_greedy,survey,21160730,3
0.0,0.3333333333333333,300.0,0.5822222222222222,0.6897826267067927,0.5322235962238144,0.6666666666666669,0.4976906611017511,0.08333333333333333,0.0,0.24,8008.611171023565,3321.4895558958483,0.0,communication_aware,survey,21160730,3
0.0,1.0,294.0,0.5510204081632653,0.6224990217281826,0.2710100125843311,0.6666666666666669,0.6566999168456388,0.034013605442176874,0.0,0.09863945578231292,8892.68228575875,2372.292990076104,570.0,haco_safemarl_pilot_no_acoustic,survey,21160730,3
0.0,0.3333333333333333,300.0,0.6066666666666667,0.567191618520685,0.3045772088796513,0.6666666666666669,0.44956735101072987,0.02,0.0,0.14,8945.3340526123,3036.305033866796,0.0,haco_safemarl_pilot_no_shield,survey,21160730,3
0.0,0.3333333333333333,300.0,0.5755555555555556,0.7428307128453343,0.5733588617614014,0.6666666666666669,0.5104879446498751,0.02666666666666667,0.0,0.12,8717.06083463737,3063.1516500340126,605.0,haco_safemarl_pilot,survey,21160730,3
0.0,0.0,300.0,0.27777777777777773,0.753928512430119,0.4797060345608805,0.3333333333333334,0.8355681070571369,0.0,0.0,0.006666666666666667,1262.3150736896248,731.7708234550408,713.0,mappo_no_acoustic_shield,survey,21160730,3
0.0,0.6666666666666666,300.0,0.5477777777777777,0.5526991241767021,0.5074019164183406,1.0,0.9895222899884889,0.0,42.0,0.0,5560.499999999976,2460.4856808602926,0.0,fixed_auv_ga_pso_tlbo_proxy,survey,21170737,3
0.0,1.0,244.0,0.5737704918032787,0.5224682673618546,0.4794651053997836,1.0,0.993691430767436,0.0,32.0,0.0,5998.740000000008,2430.4000000000074,0.0,independent_greedy,survey,21170737,3
0.0,0.0,300.0,0.6144444444444445,0.6972101582058947,0.6799636890152634,1.0,0.99403951020413,0.0,93.0,0.0,7963.364710973352,2945.3635182039784,0.0,communication_aware,survey,21170737,3
0.0,0.3333333333333333,300.0,0.6322222222222222,0.6193247004744198,0.5707743558442283,1.0,0.9902207994259025,0.0,0.0,0.0,9131.28528907857,3145.954007454535,615.0,haco_safemarl_pilot_no_acoustic,survey,21170737,3
0.0,0.0,300.0,0.6666666666666666,0.5209256221345795,0.4991553048456988,1.0,0.9981368102893228,0.0,86.0,0.0,9050.243276107069,3179.2348722322195,0.0,haco_safemarl_pilot_no_shield,survey,21170737,3
0.0,0.0,300.0,0.6177777777777778,0.7310236262077293,0.7223414913454712,1.0,0.9956417109259448,0.0,0.0,0.0,8939.156678339408,3245.3163990941284,617.0,haco_safemarl_pilot,survey,21170737,3
0.0,0.0,300.0,0.5155555555555555,0.721916822737721,0.6510920208704396,1.0,0.8915904503529705,0.0,0.0,0.0,990.9031029086744,518.7568923257177,787.0,mappo_no_acoustic_shield,survey,21170737,3
1.0,1.0,187.0,0.0053475935828877,0.9462153071216175,0.9086636472953884,0.05263157894736842,0.9999421930780615,0.0,0.0,0.0,3466.044999999993,1830.1989333234246,0.0,fixed_auv_ga_pso_tlbo_proxy,survey,21180744,3
1.0,1.0,143.0,0.0,0.9410049605779588,0.9023416413395416,0.0,0.9999999998888889,0.0,0.0,0.0,3515.6550000000043,1526.6000000000017,0.0,independent_greedy,survey,21180744,3
1.0,1.0,162.0,0.004115226337448559,0.9461808957295849,0.9085459404688422,0.0392156862745098,0.9999658503814367,0.0,0.0,0.0,4596.75,1923.9329279237718,0.0,communication_aware,survey,21180744,3
1.0,1.0,139.0,0.002398081534772182,0.9486525194052015,0.9250596627355419,0.023809523809523808,0.9999884430692556,0.0,0.0,0.0,4375.570000000002,1150.2520994882757,3.0,haco_safemarl_pilot_no_acoustic,survey,21180744,3
1.0,1.0,139.0,0.004796163069544364,0.9485826301816671,0.9250596561765042,0.047619047619047616,0.9999535511817127,0.0,0.0,0.0,4372.040720192429,1149.3004707058708,0.0,haco_safemarl_pilot_no_shield,survey,21180744,3
1.0,1.0,139.0,0.002398081534772182,0.9486545050699863,0.9250596629053043,0.023809523809523808,0.9999884430692556,0.0,0.0,0.0,4375.717561993943,1150.2822458746653,3.0,haco_safemarl_pilot,survey,21180744,3
0.0,0.0,300.0,0.0,0.9421176729445176,0.8938935331709557,0.0,0.9999999998888889,0.0,0.0,0.0,603.6462260311515,35.51545564170719,198.0,mappo_no_acoustic_shield,survey,21180744,3
0.0,0.6666666666666666,300.0,0.14666666666666667,0.8985314391229368,0.8440719034829091,0.45555555555555544,0.9849606731649275,0.0,0.0,0.0,5560.499999999976,2956.1306215740947,0.0,fixed_auv_ga_pso_tlbo_proxy,survey,21190751,3
1.0,1.0,232.0,0.3390804597701149,0.8114711793159818,0.6348130546011284,0.6666666666666666,0.7693929938644479,0.0,0.0,0.0,5703.7200000000075,2482.600000000004,0.0,independent_greedy,survey,21190751,3
1.0,1.0,263.0,0.1685678073510773,0.8990483777672511,0.8427237205781898,0.6666666666666669,0.9766557274317798,0.0,0.0,0.0,7435.87960703016,3133.4952844460804,0.0,communication_aware,survey,21190751,3
1.0,1.0,226.0,0.0,0.928276724261744,0.8941914865620181,0.0,0.9999999998888889,0.0,0.0,0.0,7080.133749999992,1840.1758644002273,18.0,haco_safemarl_pilot_no_acoustic,survey,21190751,3
1.0,1.0,226.0,0.010324483775811208,0.9216454991390809,0.8757972041534317,0.10144927536231883,0.9997823860445911,0.0,0.0,0.0,7059.370776634862,1795.6747960423882,0.0,haco_safemarl_pilot_no_shield,survey,21190751,3
1.0,1.0,226.0,0.0,0.9283423260074614,0.8943755947407542,0.0,0.9999999998888889,0.0,0.0,0.0,7080.5427877560805,1838.6657113185163,18.0,haco_safemarl_pilot,survey,21190751,3
0.0,0.0,300.0,0.0,0.9296757392295888,0.8687144663708662,0.0,0.9999999998888889,0.0,0.0,0.0,1295.7248200118956,122.99930437157184,224.0,mappo_no_acoustic_shield,survey,21190751,3
0.0,0.6666666666666666,300.0,0.5422222222222222,0.6015536216237254,0.47670538608354834,1.0,0.9189159922331807,0.0,16.0,0.0,5560.499999999976,2734.905569610653,0.0,fixed_auv_ga_pso_tlbo_proxy,survey,21200758,3
0.0,1.0,233.0,0.5364806866952789,0.5867239725561288,0.47632870744242506,1.0,0.8677280162747928,0.0,12.0,0.0,5728.305000000008,2547.600000000012,0.0,independent_greedy,survey,21200758,3
0.0,0.3333333333333333,300.0,0.6044444444444443,0.7028443925250408,0.644909763097084,1.0,0.9204177372809447,0.0,14.0,0.0,7976.7612074450035,3006.073399131482,0.0,communication_aware,survey,21200758,3
0.0,0.3333333333333333,300.0,0.6055555555555554,0.6411570779196483,0.5492112113805907,1.0,0.912887265704994,0.0,0.0,0.0,9199.367665107095,3053.0433148441816,610.0,haco_safemarl_pilot_no_acoustic,survey,21200758,3
0.0,0.6666666666666666,300.0,0.6477777777777778,0.579092160895046,0.5243659842273484,1.0,0.943638428741138,0.0,71.0,0.0,9194.463566892839,2888.442483322873,0.0,haco_safemarl_pilot_no_shield,survey,21200758,3
0.0,0.0,300.0,0.6088888888888888,0.7315614455584013,0.6945146819632634,1.0,0.9454134804049565,0.0,0.0,0.0,8933.123009430223,3238.6748066440014,618.0,haco_safemarl_pilot,survey,21200758,3
0.0,0.0,300.0,0.17,0.8689293125352643,0.8394105053991865,0.3333333333333334,0.9225927412581891,0.0,0.0,0.0,656.6695847433522,121.3153995147769,535.0,mappo_no_acoustic_shield,survey,21200758,3
1.0,1.0,288.0,0.0,0.9350165708554814,0.9185134657314082,0.0,0.9999999998888889,0.0,0.0,0.1840277777777778,5338.079999999978,2288.6205588741636,0.0,fixed_auv_ga_pso_tlbo_proxy,survey,21210765,3
1.0,1.0,221.0,0.3695324283559578,0.7330127911967386,0.5399261529595266,0.6666666666666664,0.8362000476628817,0.0,0.0,0.0,5433.285000000007,1428.0000000000011,0.0,independent_greedy,survey,21210765,3
1.0,1.0,250.0,0.0,0.9349161013839109,0.9188340630205366,0.0,0.9999999998888889,0.0,0.0,0.152,7093.75,2042.9991368264243,0.0,communication_aware,survey,21210765,3
1.0,1.0,214.0,0.04672897196261682,0.9130089408701532,0.8696841570580324,0.33333333333333326,0.9980175224209001,0.0,0.0,0.09813084112149532,6684.7046593112955,1766.6508276692598,124.0,haco_safemarl_pilot_no_acoustic,survey,21210765,3
1.0,1.0,214.0,0.07476635514018691,0.9071567419294154,0.8595298894588017,0.33333333333333326,0.9965936243563193,0.0,0.0,0.10747663551401869,6919.47369285955,1609.4454697541344,0.0,haco_safemarl_pilot_no_shield,survey,21210765,3
1.0,1.0,214.0,0.03426791277258567,0.9141042895699025,0.8725284905012001,0.33333333333333326,0.999121479953226,0.0,0.0,0.09345794392523364,6693.980008647991,1525.4665588636885,124.0,haco_safemarl_pilot,survey,21210765,3
0.0,0.0,300.0,0.14333333333333334,0.8987676761490684,0.8112793895579621,0.3333333333333334,0.946979798278495,0.0,0.0,0.0,2776.0138348891196,52.23390744372772,470.0,mappo_no_acoustic_shield,survey,21210765,3
0.0,1.0,284.0,0.10093896713615023,0.885963052368336,0.8441006891955005,0.4942528735632183,0.9853165405886283,0.014084507042253521,0.0,0.2640845070422535,5263.939999999979,3273.093924872461,0.0,fixed_auv_ga_pso_tlbo_proxy,survey,21220772,3
0.0,1.0,218.0,0.3455657492354739,0.8077559170529329,0.6112609214070146,0.6666666666666665,0.7526727969012399,0.8302752293577982,0.0,0.48623853211009177,5359.530000000007,2687.2000000000035,0.0,independent_greedy,survey,21220772,3
1.0,1.0,278.0,0.17266187050359705,0.8754005775603225,0.8377408640355757,0.6666666666666669,0.9763269924874408,0.0,0.0,0.2805755395683453,7795.161866209303,3861.4931146710387,0.0,communication_aware,survey,21220772,3
1.0,1.0,211.0,0.001579778830963665,0.905880440860815,0.8409290326176875,0.01515151515151515,0.9999949927032271,0.0,0.0,0.0947867298578199,6492.443314898983,1807.4969235293613,123.0,haco_safemarl_pilot_no_acoustic,survey,21220772,3
1.0,1.0,211.0,0.18325434439178517,0.8795992704852835,0.759527209867287,0.33333333333333326,0.9085251238423784,0.0,0.0,0.0947867298578199,6475.336990377506,1653.2576881255416,0.0,haco_safemarl_pilot_no_shield,survey,21220772,3
1.0,1.0,211.0,0.0,0.9059150846687297,0.8410321364270636,0.0,0.9999999998888889,0.0,0.0,0.0947867298578199,6488.416155047737,1806.1018593344102,122.0,haco_safemarl_pilot,survey,21220772,3
0.0,0.3333333333333333,300.0,0.03333333333333333,0.9136554744657408,0.8224450855561524,0.3333333333333334,0.9976275206408509,0.0,0.0,0.056666666666666664,1170.5453236424444,222.9545952761629,641.0,mappo_no_acoustic_shield,survey,21220772,3
0.0,1.0,242.0,0.27961432506887063,0.8126849488885649,0.6613007414286151,0.6666666666666667,0.9265040119831187,0.0,115.0,0.0,4485.469999999985,2288.416656699669,0.0,fixed_auv_ga_pso_tlbo_proxy,survey,21230779,3
0.0,1.0,186.0,0.4103942652329749,0.7750936228723676,0.6334380345235731,0.6666666666666665,0.7313630495793737,0.0,89.0,0.0,4572.810000000006,1853.2000000000035,0.0,independent_greedy,survey,21230779,3
0.0,0.6666666666666666,300.0,0.4066666666666667,0.8109159677638603,0.7142701571770027,0.6666666666666669,0.8091184580316529,0.0,190.0,0.0,8173.011423766916,3512.743072808771,0.0,communication_aware,survey,21230779,3
0.0,0.6666666666666666,300.0,0.2211111111111111,0.8389604657602614,0.7747008841238074,0.4444444444444443,0.9611285510019041,0.0,0.0,0.0,9345.25267995199,2793.9740864150526,473.0,haco_safemarl_pilot_no_acoustic,survey,21230779,3
0.0,1.0,182.0,0.25641025641025633,0.7713443589680294,0.5798864713246744,0.6666666666666665,0.9570356950248448,0.0,40.0,0.0,5793.171167810266,1287.2181121930812,0.0,haco_safemarl_pilot_no_shield,survey,21230779,3
0.0,0.6666666666666666,300.0,0.19333333333333333,0.8496471615123626,0.7954613670924745,0.36666666666666664,0.9729855456100704,0.0,0.0,0.0,9447.960195006084,2761.892001434686,461.0,haco_safemarl_pilot,survey,21230779,3
0.0,0.0,300.0,0.22333333333333333,0.8453529362447119,0.6390037187461571,0.3333333333333334,0.8580934767164409,0.0,0.0,0.0,656.1900112132031,42.058152002334865,396.0,mappo_no_acoustic_shield,survey,21230779,3
0.0,0.6666666666666666,300.0,0.6188888888888887,0.577946081098998,0.37116880227539983,1.0,0.7375511709617423,0.0,31.0,0.0,5560.499999999976,2997.5665966265233,0.0,fixed_auv_ga_pso_tlbo_proxy,survey,21240786,3
0.0,1.0,246.0,0.5921409214092139,0.5149210829946814,0.0774058440159459,1.0,0.7067546586571031,0.0,24.0,0.0,6047.910000000008,2609.6000000000126,0.0,independent_greedy,survey,21240786,3
0.0,0.3333333333333333,300.0,0.731111111111111,0.682704427229869,0.576887620152665,1.0,0.8026203975517937,0.0,27.0,0.0,7898.217395648092,3066.623173678539,0.0,communication_aware,survey,21240786,3
1.0,1.0,248.0,0.36962365591397855,0.6768774096186176,0.30923917058388545,0.6666666666666667,0.7192146090400556,0.0,0.0,0.0,7139.687037857795,1682.2026510526389,403.0,haco_safemarl_pilot_no_acoustic,survey,21240786,3
0.0,1.0,240.0,0.4041666666666667,0.6425539577350257,0.25934464129753165,0.7083333333333334,0.687369046003905,0.0,95.0,0.0,7603.906511181682,1809.8621485824879,0.0,haco_safemarl_pilot_no_shield,survey,21240786,3
1.0,1.0,255.0,0.3464052287581699,0.696067741529132,0.3618729429685267,0.6666666666666667,0.7206147707382612,0.0,0.0,0.0,6356.063607023594,1491.313872966558,486.0,haco_safemarl_pilot,survey,21240786,3
0.0,0.0,300.0,0.5744444444444444,0.6707680495568646,0.5638777519432131,1.0,0.7511072875282281,0.0,0.0,0.0,2361.9153650592652,1174.5403777837923,870.0,mappo_no_acoustic_shield,survey,21240786,3
0.0,1.0,270.0,0.6679012345679013,0.5290481330715059,0.26554457807862675,1.0,0.8262368825833513,0.0,12.0,0.1962962962962963,5004.449999999981,2379.1644454792468,0.0,fixed_auv_ga_pso_tlbo_proxy,survey,21250793,3
0.0,1.0,206.0,0.7006472491909385,0.482774879579083,0.3095878042312479,1.0,0.907656402298849,0.0,9.0,0.0,5064.510000000007,2174.8000000000043,0.0,independent_greedy,survey,21250793,3
0.0,0.3333333333333333,300.0,0.7477777777777778,0.6198710364093089,0.46897605455072144,1.0,0.8442532960435355,0.0,11.0,0.16,7854.205471821555,3004.639129726493,0.0,communication_aware,survey,21250793,3
0.0,0.6666666666666666,300.0,0.6077777777777779,0.5702979201125365,0.4758876137732607,1.0,0.9808565731671106,0.0,7.0,0.06666666666666667,9306.32645533783,2519.6994664813933,659.0,haco_safemarl_pilot_no_acoustic,survey,21250793,3
0.0,0.3333333333333333,300.0,0.7500000000000001,0.5029711374332212,0.38715817737268265,1.0,0.8093913365493913,0.0,9.0,0.0,8942.208819956166,3024.0357171270184,0.0,haco_safemarl_pilot_no_shield,survey,21250793,3
0.0,0.3333333333333333,300.0,0.6444444444444444,0.7080709193389318,0.6381766475840905,1.0,0.8184274039414118,0.0,7.0,0.05,8880.910724061552,3073.505570538179,704.0,haco_safemarl_pilot,survey,21250793,3
0.0,0.0,300.0,0.4877777777777777,0.7077498962588905,0.4055480211207326,0.6666666666666669,0.6647118248842763,0.0,7.0,0.45666666666666667,551.7010767666586,63.5358055827851,677.0,mappo_no_acoustic_shield,survey,21250793,3
0.0,1.0,272.0,0.43995098039215685,0.6043646822905357,0.37845292611882175,0.6666666666666669,0.7585048464783299,0.0,68.0,0.0,5041.51999999998,2474.1002093730135,0.0,fixed_auv_ga_pso_tlbo_proxy,survey,21260800,3
0.0,1.0,208.0,0.578525641025641,0.5455196635339613,0.18969507925332502,0.6666666666666665,0.5139504987833862,0.0,51.0,0.0,5113.680000000007,1897.800000000003,0.0,independent_greedy,survey,21260800,3
0.0,0.3333333333333333,300.0,0.7022222222222222,0.676829162729511,0.5742297629781983,1.0,0.9540660438635273,0.0,58.0,0.0,7958.7837852636485,3168.0499946060327,0.0,communication_aware,survey,21260800,3
0.0,0.3333333333333333,300.0,0.4955555555555555,0.6285963234526556,0.4151001452812495,0.6666666666666669,0.6722898480680716,0.0,0.0,0.0,7763.533644239046,2622.0055067211993,652.0,haco_safemarl_pilot_no_acoustic,survey,21260800,3
0.0,0.3333333333333333,300.0,0.5777777777777777,0.5911622537333412,0.4176955068713236,1.0,0.6310251096568157,0.0,171.0,0.0,8975.453662668668,2986.162166373273,0.0,haco_safemarl_pilot_no_shield,survey,21260800,3
0.0,0.3333333333333333,300.0,0.4755555555555555,0.768349768914368,0.670935051239469,0.6666666666666669,0.7075607724537084,0.0,0.0,0.0,8532.722702486599,3061.9766497981486,624.0,haco_safemarl_pilot,survey,21260800,3
0.0,0.0,300.0,0.055555555555555546,0.8874860774820041,0.8333737792166394,0.3333333333333334,0.993127147643462,0.0,0.0,0.0,1816.5689939707045,746.2891531224101,614.0,mappo_no_acoustic_shield,survey,21260800,3
0.0,1.0,253.0,0.15019762845849796,0.9002685172907974,0.8527393086010434,0.6666666666666667,0.9843972938675017,0.0,31.0,0.019762845849802372,4689.354999999983,2049.475365534629,0.0,fixed_auv_ga_pso_tlbo_proxy,survey,21270807,3
0.0,1.0,193.0,0.2521588946459412,0.8533529445977648,0.7471288448378429,0.6666666666666665,0.9142103439385351,0.0,23.0,0.0,4744.905000000006,1646.6,0.0,independent_greedy,survey,21270807,3
0.0,1.0,262.0,0.23282442748091597,0.8866739315534355,0.8355998184439368,0.6666666666666669,0.9557917811679786,0.0,27.0,0.015267175572519083,7291.877278264861,2951.9955126186005,0.0,communication_aware,survey,21270807,3
1.0,1.0,189.0,0.033509700176366834,0.9177583943929017,0.8861848191238516,0.33333333333333326,0.9976015359615603,0.0,0.0,0.0,6032.406353191775,1680.3660498315207,76.0,haco_safemarl_pilot_no_acoustic,survey,21270807,3
0.0,1.0,188.0,0.07446808510638299,0.8871389195519671,0.7932061859324299,0.33333333333333326,0.987217946919365,0.0,24.0,0.0,6000.888232856323,1302.3326745529705,0.0,haco_safemarl_pilot_no_shield,survey,21270807,3
1.0,1.0,191.0,0.019197207678883072,0.9178667017298369,0.8889882161624602,0.18333333333333335,0.9992343854632816,0.0,0.0,0.0,6093.144886589704,1722.8629717524134,82.0,haco_safemarl_pilot,survey,21270807,3
0.0,0.6666666666666666,300.0,0.25666666666666665,0.7937345191824748,0.6867577731648404,0.6666666666666669,0.9428788116398398,0.0,0.0,0.006666666666666667,2492.486493887828,386.73420366289145,521.0,mappo_no_acoustic_shield,survey,21270807,3
0.0,0.3333333333333333,300.0,0.18999999999999997,0.8391310605756045,0.6860996690484711,0.6666666666666669,0.9633784891919154,0.0,35.0,0.0,5560.499999999976,2342.1841255477198,0.0,fixed_auv_ga_pso_tlbo_proxy,survey,21280814,3
0.0,1.0,257.0,0.40726329442282744,0.7051870648107779,0.5006910879269025,0.6666666666666667,0.9350624345240047,0.0,27.0,0.0,6318.345000000008,2041.4000000000028,0.0,independent_greedy,survey,21280814,3
0.0,0.0,300.0,0.31333333333333335,0.8403759475556707,0.767127629638051,1.0,0.9609456376803762,0.0,31.0,0.0,8248.115361500293,2943.3587057529576,0.0,communication_aware,survey,21280814,3
0.0,0.6666666666666666,300.0,0.34666666666666673,0.7886838613479771,0.7191589971803133,1.0,0.9660028160918317,0.0,9.0,0.0,9507.666781487133,2659.483179591329,393.0,haco_safemarl_pilot_no_acoustic,survey,21280814,3
0.0,0.6666666666666666,300.0,0.4277777777777778,0.7204321785385256,0.6905453058808042,1.0,0.965546490442285,0.0,25.0,0.0,9423.745221914263,2649.871899289319,0.0,haco_safemarl_pilot_no_shield,survey,21280814,3
0.0,0.6666666666666666,300.0,0.3311111111111111,0.8236312041138085,0.7777067273552838,0.9666666666666667,0.952827162410662,0.0,9.0,0.0,9383.411112038486,2779.092486283583,401.0,haco_safemarl_pilot,survey,21280814,3
0.0,0.0,300.0,0.18555555555555556,0.8571142540924259,0.8114685018795239,0.3333333333333334,0.9059499178313151,0.0,81.0,0.0,1436.8966924675203,310.48199396850794,763.0,mappo_no_acoustic_shield,survey,21280814,3
0.0,0.6666666666666666,300.0,0.29999999999999993,0.7177303356537515,0.47690113501094145,0.6666666666666669,0.893025892845055,0.0,61.0,0.0,5560.499999999976,2558.7956154564426,0.0,fixed_auv_ga_pso_tlbo_proxy,survey,21290821,3
0.0,1.0,255.0,0.503267973856209,0.6392756213206,0.45512744631598023,1.0,0.9597107571187066,0.0,48.0,0.0,6269.175000000008,2646.600000000011,0.0,independent_greedy,survey,21290821,3
0.0,0.3333333333333333,300.0,0.5022222222222222,0.748786722273879,0.6109617786921653,1.0,0.9573745464311973,0.0,54.0,0.0,8158.5174286722295,3139.961909600837,0.0,communication_aware,survey,21290821,3
0.0,0.6666666666666666,300.0,0.4044444444444444,0.6939516501896542,0.6111451414395999,0.8555555555555555,0.8937501941812489,0.0,6.0,0.0,9327.33445816771,2741.6376076089764,434.0,haco_safemarl_pilot_no_acoustic,survey,21290821,3
0.0,0.3333333333333333,300.0,0.4766666666666667,0.6575011144698872,0.5236640331051587,1.0,0.8321273839535945,0.0,117.0,0.0,9134.371610147113,3115.0282205998055,0.0,haco_safemarl_pilot_no_shield,survey,21290821,3
0.0,0.3333333333333333,300.0,0.38888888888888884,0.7920238726101645,0.7186064738903885,0.8444444444444444,0.8557235883332625,0.0,6.0,0.0,9112.223876335212,3302.812523072842,471.0,haco_safemarl_pilot,survey,21290821,3
0.0,0.0,300.0,0.24666666666666667,0.7539508463494576,0.49440096592672544,0.5555555555555555,0.8608121164365722,0.0,23.0,0.0,1087.9743364554263,431.9821462132487,704.0,mappo_no_acoustic_shield,survey,21290821,3
0.0,1.0,297.0,0.4635241301907968,0.6052200906605042,0.3451735592024935,0.6666666666666669,0.7234581502751058,0.0,38.0,0.0,5504.894999999977,2932.8913112167456,0.0,fixed_auv_ga_pso_tlbo_proxy,survey,21300828,3
0.0,1.0,227.0,0.5580029368575624,0.5548073872130234,0.3152397001242996,0.6666666666666664,0.5449454758110606,0.0,29.0,0.0,5580.795000000007,2507.4000000000065,0.0,independent_greedy,survey,21300828,3
0.0,0.3333333333333333,300.0,0.5,0.7198936466828829,0.5510881794849647,0.6666666666666669,0.6647757487842652,0.0,34.0,0.0,8074.906577519487,3455.3742918652606,0.0,communication_aware,survey,21300828,3
0.0,0.6666666666666666,300.0,0.46777777777777774,0.6888374812309105,0.4931661026261637,0.6666666666666669,0.8036096427401733,0.0,2.0,0.0,9156.858058210759,2581.2223870017547,488.0,haco_safemarl_pilot_no_acoustic,survey,21300828,3
0.0,0.6666666666666666,300.0,0.5122222222222222,0.6277855205443386,0.41161566018464213,0.6666666666666669,0.7071733392644084,0.0,28.0,0.0,9052.08767501199,2598.8433429828724,0.0,haco_safemarl_pilot_no_shield,survey,21300828,3
0.0,0.3333333333333333,300.0,0.47333333333333333,0.7841701502258552,0.6845267172219325,0.6666666666666669,0.7109685011930258,0.0,2.0,0.0,8892.482764096616,3279.888111993189,499.0,haco_safemarl_pilot,survey,21300828,3
0.0,0.0,300.0,0.0,0.8898142107124907,0.8488765603157601,0.0,0.9999999998888889,0.0,1.0,0.0,1101.7877467863932,1272.2550770822031,597.0,mappo_no_acoustic_shield,survey,21300828,3
0.0,0.6666666666666666,300.0,0.4244444444444444,0.7013914205825009,0.4958596154580786,1.0,0.867722198254702,0.0,84.0,0.0,5560.499999999976,2647.1179074706124,0.0,fixed_auv_ga_pso_tlbo_proxy,survey,21310835,3
0.0,1.0,258.0,0.58656330749354,0.5942677826708538,0.3509750415804208,1.0,0.7296877446052209,0.0,66.0,0.0,6342.9300000000085,2537.800000000012,0.0,independent_greedy,survey,21310835,3
0.0,0.6666666666666666,300.0,0.5155555555555555,0.7534045986798202,0.6559123072121706,1.0,0.8833867741089044,0.0,212.0,0.0,8056.360058774057,2927.0458899732876,0.0,communication_aware,survey,21310835,3
0.0,0.3333333333333333,300.0,0.33444444444444443,0.7344915689352952,0.511936946043766,1.0,0.8908578080684049,0.0,0.0,0.0,8392.254206163161,3099.8806076197657,582.0,haco_safemarl_pilot_no_acoustic,survey,21310835,3
0.0,0.6666666666666666,300.0,0.5844444444444444,0.6267806006188351,0.5745196637832465,1.0,0.9577136904239981,0.0,127.0,0.0,9302.812547877078,2409.494189386137,0.0,haco_safemarl_pilot_no_shield,survey,21310835,3
0.0,0.0,300.0,0.38555555555555554,0.8084435309807125,0.7346882898781628,0.8333333333333334,0.9229601458250217,0.0,0.0,0.0,8227.249488675487,3129.854624308825,624.0,haco_safemarl_pilot,survey,21310835,3
0.0,0.0,300.0,0.1422222222222222,0.8664223390534466,0.8236690393063872,0.3333333333333334,0.9478840622609398,0.0,0.0,0.0,2292.290477492786,685.404560588634,526.0,mappo_no_acoustic_shield,survey,21310835,3
1.0,1.0,276.0,0.28864734299516903,0.815409128048205,0.646627657736753,0.6666666666666669,0.8904657398892899,0.0,0.0,0.286231884057971,5115.65999999998,2835.425892871513,0.0,fixed_auv_ga_pso_tlbo_proxy,survey,21320842,3
1.0,1.0,211.0,0.37282780410742494,0.7173286577926106,0.3498482366880813,0.6666666666666665,0.7622246401453995,0.0,0.0,0.037914691943127965,5187.435000000007,2275.200000000001,0.0,independent_greedy,survey,21320842,3
0.0,0.6666666666666666,300.0,0.391111111111111,0.8195965367518119,0.6965773446185055,0.6666666666666669,0.8223901849216366,0.0,0.0,0.3,8212.331052340916,3623.090695686721,0.0,communication_aware,survey,21320842,3
1.0,1.0,205.0,0.22276422764227638,0.8734163326667225,0.7316738566681521,0.33333333333333326,0.8588913697510173,0.0,0.0,0.15121951219512195,6604.81158054598,1585.9586453035,189.0,haco_safemarl_pilot_no_acoustic,survey,21320842,3
0.0,1.0,205.0,0.2569105691056911,0.803747119980711,0.5165781468648682,0.33333333333333326,0.8070616784570626,0.0,27.0,0.13658536585365855,6432.71536628017,1528.8649788743328,0.0,haco_safemarl_pilot_no_shield,survey,21320842,3
1.0,1.0,205.0,0.20162601626016258,0.8796312850552046,0.7509533984794032,0.33333333333333326,0.8868717188962679,0.0,0.0,0.16097560975609757,6627.003407936045,1580.0058161332508,189.0,haco_safemarl_pilot,survey,21320842,3
0.0,0.3333333333333333,300.0,0.042222222222222223,0.9073032303430261,0.8427773231051954,0.3333333333333334,0.9961283332935822,0.0,0.0,0.08666666666666667,1381.2984141280895,140.71811873073938,431.0,mappo_no_acoustic_shield,survey,21320842,3
0.0,0.6666666666666666,300.0,0.45333333333333325,0.765807335289736,0.7470232304253924,1.0,0.9817252703558612,0.0,85.0,0.0,5560.499999999976,2651.2975345247214,0.0,fixed_auv_ga_pso_tlbo_proxy,survey,21330849,3
0.0,1.0,271.0,0.6223862238622385,0.6341662258194306,0.47151975546435093,1.0,0.944823713879394,0.0,65.0,0.0,6662.535000000009,2892.2000000000075,0.0,independent_greedy,survey,21330849,3
0.0,0.6666666666666666,300.0,0.5244444444444444,0.7954842586785456,0.7654848104956237,1.0,0.9847649147468049,0.0,132.0,0.0,8108.361618198771,3038.07958577942,0.0,communication_aware,survey,21330849,3
1.0,1.0,274.0,0.32725060827250607,0.7553917097666324,0.6434673556361669,0.6666666666666669,0.8938882407548732,0.0,0.0,0.0,8150.220720112269,2152.9681699174075,390.0,haco_safemarl_pilot_no_acoustic,survey,21330849,3
0.0,1.0,264.0,0.35227272727272724,0.6851648942427201,0.5188414555461515,0.6666666666666669,0.8711234245912359,0.0,132.0,0.0,8384.608139782604,2020.7479850833222,0.0,haco_safemarl_pilot_no_shield,survey,21330849,3
1.0,1.0,288.0,0.2650462962962963,0.8024713421802562,0.7311841144497778,0.6666666666666669,0.9304898843716961,0.0,0.0,0.0,8159.970626635967,2234.8935661978812,455.0,haco_safemarl_pilot,survey,21330849,3
0.0,0.3333333333333333,300.0,0.20444444444444446,0.8408215282534565,0.7485644683216239,0.5666666666666667,0.9157351337327113,0.0,0.0,0.0,2027.260949487931,736.9559598928212,728.0,mappo_no_acoustic_shield,survey,21330849,3
0.0,1.0,284.0,0.41784037558685444,0.7165485259024549,0.5302268363266388,1.0,0.9462444995372152,0.0,70.0,0.0,5263.939999999979,2917.4976685938313,0.0,fixed_auv_ga_pso_tlbo_proxy,survey,21340856,3
0.0,1.0,217.0,0.5852534562211981,0.6556814303675566,0.5840212662005966,1.0,0.7027589793790635,0.0,53.0,0.0,5334.945000000007,2477.400000000011,0.0,independent_greedy,survey,21340856,3
0.0,0.3333333333333333,300.0,0.5155555555555555,0.76878011816461,0.6938532633761106,1.0,0.9464575549654906,0.0,59.0,0.0,8105.424746794336,3513.3339230999986,0.0,communication_aware,survey,21340856,3
0.0,0.6666666666666666,300.0,0.3255555555555556,0.7698234662034904,0.6952842586917618,0.6666666666666669,0.8959790866784896,0.0,2.0,0.0,6359.463269720553,2117.1883518732816,579.0,haco_safemarl_pilot_no_acoustic,survey,21340856,3
0.0,1.0,263.0,0.3713561470215463,0.7278368741245704,0.64702547173643,0.6666666666666669,0.9114134137138736,0.0,51.0,0.0,8020.379306292886,2275.058613225514,0.0,haco_safemarl_pilot_no_shield,survey,21340856,3
0.0,0.3333333333333333,300.0,0.3133333333333333,0.8251883688325176,0.7762881353979088,0.6666666666666669,0.907126875580982,0.0,2.0,0.0,6446.348944042502,2420.3108362478692,579.0,haco_safemarl_pilot,survey,21340856,3
0.0,0.3333333333333333,300.0,0.09,0.8708741382180076,0.7984993833406304,0.3333333333333334,0.9858637610967894,0.0,2.0,0.0,1689.9790318976088,619.7017990883559,711.0,mappo_no_acoustic_shield,survey,21340856,3
1.0,1.0,276.0,0.06763285024154587,0.9178020150436019,0.8858497592774806,0.3333333333333334,0.9895858238433777,0.0,0.0,0.0,5115.65999999998,2233.336392448835,0.0,fixed_auv_ga_pso_tlbo_proxy,survey,21350863,3
1.0,1.0,211.0,0.4281200631911533,0.7520603797550166,0.5829373297258288,0.6666666666666665,0.7378354333026521,0.0,0.0,0.0,5187.435000000007,1552.2,0.0,independent_greedy,survey,21350863,3
1.0,1.0,240.0,0.0736111111111111,0.9185696923739515,0.8996433280404771,0.4444444444444444,0.992287223830748,0.0,0.0,0.0,6790.594876971617,2079.154058204253,0.0,communication_aware,survey,21350863,3
1.0,1.0,205.0,0.06178861788617888,0.8957986521837427,0.8216100770867918,0.34920634920634913,0.9920559005894272,0.0,0.0,0.0,6658.040579965576,1407.228602629197,74.0,haco_safemarl_pilot_no_acoustic,survey,21350863,3
1.0,1.0,205.0,0.07317073170731707,0.8833324783555846,0.7871798820518866,0.4126984126984127,0.991304347698979,0.0,0.0,0.0,6611.496925959663,1521.8695543025474,0.0,haco_safemarl_pilot_no_shield,survey,21350863,3
1.0,1.0,205.0,0.05853658536585367,0.8957766525285904,0.8230189162416711,0.33333333333333326,0.9923275700073629,0.0,0.0,0.0,6677.0844514699065,1587.4411570743844,69.0,haco_safemarl_pilot,survey,21350863,3
0.0,0.3333333333333333,300.0,0.17222222222222225,0.8460684843450543,0.7071250229059015,0.6555555555555557,0.955044385906668,0.0,0.0,0.0,2866.740650317336,127.91579455958626,570.0,mappo_no_acoustic_shield,survey,21350863,3
1.0,1.0,238.0,0.1134453781512605,0.9002040020217398,0.7966000806957014,0.40277777777777773,0.9736544754704954,0.0,0.0,0.0,4411.329999999985,2036.309739078744,0.0,fixed_auv_ga_pso_tlbo_proxy,survey,21360870,3
1.0,1.0,182.0,0.18131868131868137,0.8777117394653666,0.8179605015562994,0.6666666666666665,0.9924896059880729,0.0,0.0,0.0,4474.470000000006,1517.4000000000012,0.0,independent_greedy,survey,21360870,3
0.0,0.6666666666666666,300.0,0.2955555555555555,0.8695485721865776,0.7762023781759616,0.6666666666666669,0.9106595072793687,0.0,0.0,0.0,8296.001819134095,3524.5236931068844,0.0,communication_aware,survey,21360870,3
1.0,1.0,199.0,0.08877721943048576,0.9005078056945458,0.858374510110669,0.4833333333333333,0.9891636415806916,0.0,0.0,0.0,4172.092364115971,812.3304781848854,242.0,haco_safemarl_pilot_no_acoustic,survey,21360870,3
1.0,1.0,179.0,0.09869646182495345,0.8963720655551822,0.8429146001668063,0.5925925925925924,0.9947429657151667,0.0,0.0,0.0,5741.799912739443,1291.2697001814538,0.0,haco_safemarl_pilot_no_shield,survey,21360870,3
1.0,1.0,198.0,0.08417508417508414,0.9047645326032625,0.8672335751812766,0.4333333333333333,0.9894414463720766,0.0,0.0,0.0,4110.717055652473,827.9131142241049,239.0,haco_safemarl_pilot,survey,21360870,3
0.0,0.3333333333333333,300.0,0.0,0.9454312444992795,0.9206921542642796,0.0,0.9999999998888889,0.0,0.0,0.0,2399.6746852892766,1075.05793943355,556.0,mappo_no_acoustic_shield,survey,21360870,3
0.0,0.6666666666666666,300.0,0.4777777777777777,0.6696348455949033,0.5105553415390963,1.0,0.9308185637677139,0.0,45.0,0.0,5560.499999999976,2680.4473257127884,0.0,fixed_auv_ga_pso_tlbo_proxy,survey,21370877,3
0.0,1.0,273.0,0.6153846153846154,0.5973827132651484,0.3682377829004394,1.0,0.8465791286945769,0.0,34.0,0.0,6711.705000000009,2821.000000000016,0.0,independent_greedy,survey,21370877,3
0.0,0.3333333333333333,300.0,0.5555555555555555,0.725996168693617,0.6567392059118987,1.0,0.9397281831261496,0.0,39.0,0.0,8026.081922331229,3017.627406612075,0.0,communication_aware,survey,21370877,3
0.0,0.3333333333333333,300.0,0.45666666666666667,0.7303086212180638,0.674072321780916,1.0,0.9050928288519527,0.0,0.0,0.0,9165.785344374583,2974.052209710435,550.0,haco_safemarl_pilot_no_acoustic,survey,21370877,3
0.0,0.3333333333333333,300.0,0.5844444444444444,0.6294626143354239,0.5761064712102604,1.0,0.9635722349430885,0.0,73.0,0.0,9147.24702471447,2923.325535865301,0.0,haco_safemarl_pilot_no_shield,survey,21370877,3
0.0,0.3333333333333333,300.0,0.45666666666666667,0.7875261158382707,0.7577916420691554,1.0,0.924535742547689,0.0,0.0,0.0,9171.413688542363,3147.9109612972206,533.0,haco_safemarl_pilot,survey,21370877,3
0.0,0.0,300.0,0.38333333333333336,0.7600996459143203,0.6526437738487109,0.6666666666666669,0.8343694383494554,0.0,0.0,0.0,1855.8833960107158,593.1552797679977,716.0,mappo_no_acoustic_shield,survey,21370877,3
1.0,1.0,269.0,0.3382899628252788,0.7280684894820171,0.4170723275714178,0.6666666666666669,0.8314701095185769,0.0,0.0,0.0,4985.914999999981,2389.250435855267,0.0,fixed_auv_ga_pso_tlbo_proxy,survey,21380884,3
1.0,1.0,206.0,0.41909385113268605,0.6374149172419022,0.20158059680763937,0.6666666666666665,0.6962212677009164,0.0,0.0,0.0,5064.510000000007,1745.400000000004,0.0,independent_greedy,survey,21380884,3
0.0,0.3333333333333333,300.0,0.43666666666666665,0.77203148622278,0.605559982935663,0.6666666666666669,0.7510189411553211,0.0,0.0,0.0,8159.719271631469,3351.801157608069,0.0,communication_aware,survey,21380884,3
1.0,1.0,287.0,0.42392566782810676,0.7455452165815457,0.6522871593085787,0.6666666666666669,0.8675976863046158,0.0,0.0,0.0,8940.109961910033,2258.7555926146138,437.0,haco_safemarl_pilot_no_acoustic,survey,21380884,3
1.0,1.0,271.0,0.4907749077490775,0.6918465704198354,0.5723085370606794,0.6666666666666669,0.7474684038739527,0.0,0.0,0.0,8351.335064173789,2285.8269904963827,0.0,haco_safemarl_pilot_no_shield,survey,21380884,3
0.0,0.3333333333333333,300.0,0.4266666666666667,0.8095255939284864,0.6998178607566453,0.6666666666666669,0.7708984780146709,0.0,0.0,0.0,9068.880204764906,2994.607099693576,470.0,haco_safemarl_pilot,survey,21380884,3
0.0,0.0,300.0,0.30777777777777776,0.795975208901314,0.5144876034940734,0.3333333333333334,0.7166512488953785,0.0,0.0,0.0,1275.2154219042045,144.14981994002224,404.0,mappo_no_acoustic_shield,survey,21380884,3
0.0,1.0,239.0,0.49651324965132493,0.6325687659421589,0.5115735362938569,1.0,0.9087745719970284,0.0,51.0,0.0,4429.864999999985,1999.4680320452155,0.0,fixed_auv_ga_pso_tlbo_proxy,survey,21390891,3
0.0,1.0,183.0,0.5300546448087432,0.5995626594994454,0.2920665054604333,1.0,0.7313600102787206,0.0,39.0,0.0,4499.055000000006,1627.4000000000046,0.0,independent_greedy,survey,21390891,3
0.0,0.3333333333333333,300.0,0.6655555555555556,0.6571107602988143,0.5764064262045682,1.0,0.9271584841899297,0.0,0.0,0.0,7919.821461154288,2978.144267879901,0.0,communication_aware,survey,21390891,3
0.0,0.6666666666666666,300.0,0.5899999999999999,0.5974453352453606,0.3728127470119212,1.0,0.8833420909188168,0.0,0.0,0.0,9238.516238430517,2693.4091941707225,634.0,haco_safemarl_pilot_no_acoustic,survey,21390891,3
0.0,1.0,235.0,0.6184397163120567,0.598703185177011,0.4473498692218269,1.0,0.9347154937464359,0.0,34.0,0.0,7259.564120812125,1937.5755392599337,0.0,haco_safemarl_pilot_no_shield,survey,21390891,3
0.0,0.0,300.0,0.6488888888888888,0.7072646411414695,0.6337660375642183,1.0,0.9181147819768821,0.0,0.0,0.0,8873.403162214607,3122.837818862809,662.0,haco_safemarl_pilot,survey,21390891,3
0.0,0.0,300.0,0.22,0.8481311792704388,0.8023442655124184,0.3333333333333334,0.862733976041039,0.0,0.0,0.0,634.410489137776,50.022011825964924,592.0,mappo_no_acoustic_shield,survey,21390891,3
1.0,1.0,299.0,0.46934225195094753,0.7033596690006627,0.4430760573941124,0.6666666666666669,0.6790258870506729,0.0,0.0,0.0,5541.9649999999765,2735.2783557684406,0.0,fixed_auv_ga_pso_tlbo_proxy,survey,21400898,3
1.0,1.0,229.0,0.5851528384279477,0.6115522403753426,0.3147918564997186,0.6666666666666664,0.5011383195668822,0.0,0.0,0.0,5629.965000000007,2257.400000000002,0.0,independent_greedy,survey,21400898,3
0.0,0.6666666666666666,300.0,0.4744444444444444,0.7915109618652609,0.6402638946657195,0.6666666666666669,0.6750394499586534,0.0,0.0,0.0,8117.108524994175,3218.750960379801,0.0,communication_aware,survey,21400898,3
1.0,1.0,236.0,0.2612994350282486,0.7743060001121888,0.48839616432091754,0.3611111111111111,0.8050108450251017,0.0,0.0,0.0,7433.624646429826,1874.4362500668158,264.0,haco_safemarl_pilot_no_acoustic,survey,21400898,3
0.0,1.0,224.0,0.29315476190476186,0.7431087326532674,0.404727967828647,0.6086956521739129,0.7973995496039588,0.0,32.0,0.0,7090.1724590080385,1666.2712909874951,0.0,haco_safemarl_pilot_no_shield,survey,21400898,3
0.0,0.3333333333333333,300.0,0.41,0.8044407086347343,0.6687919881886101,0.6666666666666669,0.7767199700565961,0.0,0.0,0.0,9031.483303308767,3072.8118845737663,467.0,haco_safemarl_pilot,survey,21400898,3
0.0,0.0,300.0,0.04222222222222222,0.8852045866001368,0.8043708792426381,0.3333333333333334,0.9961283332935822,0.0,0.0,0.0,1030.2699463208255,42.239016768373844,407.0,mappo_no_acoustic_shield,survey,21400898,3
1.0,1.0,165.0,0.3616161616161615,0.7941012952646413,0.5621764366653371,0.6666666666666666,0.7011867142820741,0.0,0.0,0.0,3058.274999999996,1446.9898046445128,0.0,fixed_auv_ga_pso_tlbo_proxy,survey,21410905,3
1.0,1.0,126.0,0.3439153439153438,0.7240751844624043,0.2956304648259994,0.4871794871794872,0.677058564390698,0.0,0.0,0.0,3097.7100000000037,1160.0,0.0,independent_greedy,survey,21410905,3
1.0,1.0,237.0,0.6385372714486638,0.7416593556814146,0.6019076104307056,1.0,0.7184315000777333,0.0,0.0,0.0,6340.6519465644,2430.179283093221,0.0,communication_aware,survey,21410905,3
1.0,1.0,123.0,0.32791327913279134,0.8125651462839062,0.5387894179224332,0.3333333333333333,0.6774612824637136,0.0,0.0,0.0,4002.7470875009103,919.0207442545797,123.0,haco_safemarl_pilot_no_acoustic,survey,21410905,3
1.0,1.0,123.0,0.32791327913279134,0.7776293508501124,0.4406770752324484,0.3333333333333333,0.6774612824637136,0.0,0.0,0.0,3929.0985388594436,915.2576459963709,0.0,haco_safemarl_pilot_no_shield,survey,21410905,3
1.0,1.0,123.0,0.32791327913279134,0.8296697109640652,0.6025834711489455,0.3333333333333333,0.6774612824637136,0.0,0.0,0.0,4010.3408571982063,927.2034425641838,123.0,haco_safemarl_pilot,survey,21410905,3
0.0,0.0,300.0,0.32111111111111107,0.845272597846487,0.6433933327021393,0.3333333333333334,0.6908707663881902,0.0,0.0,0.0,1169.9613524990352,625.6646979512631,470.0,mappo_no_acoustic_shield,survey,21410905,3
0.0,0.6666666666666666,300.0,0.26999999999999996,0.8190737444500309,0.7189411381190477,0.6666666666666669,0.935903523367328,0.0,53.0,0.0,5560.499999999976,2634.3436841932817,0.0,fixed_auv_ga_pso_tlbo_proxy,survey,21420912,3
0.0,1.0,280.0,0.4369047619047619,0.6135662920123485,0.17012515327064887,0.6666666666666669,0.7079247549939047,0.0,40.0,0.0,6883.800000000009,2606.400000000006,0.0,independent_greedy,survey,21420912,3
0.0,0.3333333333333333,300.0,0.4022222222222222,0.8176295672581974,0.7719506122702873,1.0,0.9616015837551107,0.0,101.0,0.0,8190.682487423825,2962.754977369335,0.0,communication_aware,survey,21420912,3
0.0,0.3333333333333333,300.0,0.18333333333333332,0.8613264002863088,0.8112531318174476,0.4444444444444443,0.991007599900224,0.0,8.0,0.0,9427.407441760686,2900.425097672025,337.0,haco_safemarl_pilot_no_acoustic,survey,21420912,3
0.0,1.0,272.0,0.21323529411764705,0.7906054567067153,0.5174440668585423,0.5238095238095237,0.9008104066313357,0.0,89.0,0.0,8656.883207930066,2085.5167838988973,0.0,haco_safemarl_pilot_no_shield,survey,21420912,3
0.0,0.3333333333333333,300.0,0.17111111111111113,0.8642212919082961,0.818070986092735,0.5555555555555555,0.9873291959151478,0.0,8.0,0.0,9399.589976349,2928.623094485523,359.0,haco_safemarl_pilot,survey,21420912,3
0.0,0.0,300.0,0.0,0.8926081929816156,0.8445096852690955,0.0,0.9999999998888889,0.0,65.0,0.0,1722.4900502331525,129.23867421620307,398.0,mappo_no_acoustic_shield,survey,21420912,3
0.0,0.3333333333333333,300.0,0.5411111111111111,0.5978237284150171,0.40124421206170063,1.0,0.6640776167514746,0.0,0.0,0.46,5560.499999999976,2799.1371283147955,0.0,fixed_auv_ga_pso_tlbo_proxy,survey,21430919,3
1.0,1.0,252.0,0.578042328042328,0.5596116119516408,0.3663784595126073,1.0,0.655098269944692,0.0,0.0,0.5277777777777778,6195.420000000008,2649.4000000000224,0.0,independent_greedy,survey,21430919,3
0.0,0.3333333333333333,300.0,0.5988888888888888,0.7003215408476196,0.5813420304420948,1.0,0.6772208794608574,0.0,0.0,0.5033333333333333,7981.678854017505,2933.972154953797,0.0,communication_aware,survey,21430919,3
0.0,0.3333333333333333,300.0,0.6000000000000001,0.6711031456362858,0.6128554650751933,1.0,0.8999625009999817,0.0,0.0,0.30333333333333334,8953.628070800734,2781.7694414227753,722.0,haco_safemarl_pilot_no_acoustic,survey,21430919,3
0.0,0.3333333333333333,300.0,0.6433333333333333,0.5940840532679726,0.5142894140976357,1.0,0.8607192074722066,0.0,0.0,0.19666666666666666,9180.401215466116,2861.346129507888,0.0,haco_safemarl_pilot_no_shield,survey,21430919,3
0.0,0.0,300.0,0.5877777777777777,0.7377390103901335,0.6579298285812639,1.0,0.7842926085882587,0.0,0.0,0.55,7959.209525669772,2570.1139494644676,889.0,haco_safemarl_pilot,survey,21430919,3
0.0,0.0,300.0,0.44111111111111106,0.7491215617333111,0.5388262059866544,0.6666666666666669,0.7622245317047005,0.0,0.0,0.7666666666666667,892.5892080866182,231.9537147620524,783.0,mappo_no_acoustic_shield,survey,21430919,3
0.0,1.0,238.0,0.44537815126050423,0.6735443083880828,0.37165877419958043,1.0,0.8221970552484554,0.0,30.0,0.0,4411.329999999985,1980.750070576573,0.0,fixed_auv_ga_pso_tlbo_proxy,survey,21440926,3
0.0,1.0,182.0,0.44322344322344315,0.6340300759083033,0.17793623223786362,0.9298245614035087,0.728327343609127,0.0,23.0,0.0,4474.470000000006,1588.2000000000037,0.0,independent_greedy,survey,21440926,3
0.0,0.3333333333333333,300.0,0.6622222222222222,0.6562917225165862,0.48620610428015537,1.0,0.8606284099992871,0.0,60.0,0.0,7927.248902532329,2939.6999881826237,0.0,communication_aware,survey,21440926,3
0.0,0.6666666666666666,300.0,0.41444444444444445,0.6556520642120448,0.27025349185899583,0.6666666666666669,0.7262654709109303,0.0,0.0,0.0,9082.33140138492,3013.437636147374,590.0,haco_safemarl_pilot_no_acoustic,survey,21440926,3
0.0,0.3333333333333333,300.0,0.678888888888889,0.548530548905929,0.3415351314831302,1.0,0.7466899104447535,0.0,26.0,0.0,9036.96500354971,2933.0064253613114,0.0,haco_safemarl_pilot_no_shield,survey,21440926,3
0.0,0.0,300.0,0.48,0.7361216531823567,0.5800285348380095,0.8222222222222222,0.7129130534588374,0.0,0.0,0.0,8998.231227260174,3297.955618181412,651.0,haco_safemarl_pilot,survey,21440926,3
0.0,0.0,300.0,0.42888888888888876,0.7423975960134062,0.5071405444496371,0.6666666666666669,0.7288004676708045,0.0,0.0,0.0,1032.7205599304975,250.20277151715612,760.0,mappo_no_acoustic_shield,survey,21440926,3
1.0,1.0,250.0,0.21599999999999997,0.7945613076612321,0.5495465469770685,0.4933333333333333,0.8923991821641605,0.0,0.0,0.0,4633.749999999984,2227.1883264173753,0.0,fixed_auv_ga_pso_tlbo_proxy,survey,21450933,3
1.0,1.0,191.0,0.23211169284467703,0.7734770530310703,0.6242525658345811,0.6666666666666665,0.9322662350408351,0.0,0.0,0.0,4695.735000000006,1852.0000000000036,0.0,independent_greedy,survey,21450933,3
0.0,0.6666666666666666,300.0,0.33555555555555555,0.8177950075792395,0.6868317852766535,0.6666666666666669,0.8389143029640784,0.0,0.0,0.0,8258.494827526494,3732.6100546926677,0.0,communication_aware,survey,21450933,3
1.0,1.0,243.0,0.29629629629629634,0.7946126259757345,0.7032311128034157,0.6666666666666667,0.9642327179509217,0.0,0.0,0.0,7578.246312275267,2039.2563389795487,286.0,haco_safemarl_pilot_no_acoustic,survey,21450933,3
0.0,1.0,205.0,0.30406504065040646,0.7860209287049751,0.7180906819100253,0.746031746031746,0.9833693000862882,0.0,27.0,0.0,6417.102110612832,1565.8043855200108,0.0,haco_safemarl_pilot_no_shield,survey,21450933,3
0.0,0.6666666666666666,300.0,0.35333333333333333,0.8057612990558232,0.7272061116802305,0.6666666666666669,0.8754865621461113,0.0,0.0,0.0,9105.043369127323,2797.5037097013196,384.0,haco_safemarl_pilot,survey,21450933,3
0.0,0.0,300.0,0.23,0.8594199860940996,0.6974481370387186,0.3333333333333334,0.8485759265861083,0.0,0.0,0.0,1062.175356014031,353.74567875706344,789.0,mappo_no_acoustic_shield,survey,21450933,3
0.0,0.6666666666666666,300.0,0.33888888888888885,0.7421035603254647,0.6440960161635313,1.0,0.966702983496205,0.0,0.0,0.0,5560.499999999976,2510.9299216689196,0.0,fixed_auv_ga_pso_tlbo_proxy,survey,21460940,3
1.0,1.0,242.0,0.41873278236914596,0.7006628274038769,0.5677232088056818,1.0,0.9751508577438167,0.0,0.0,0.0,5949.570000000008,2331.800000000005,0.0,independent_greedy,survey,21460940,3
0.0,0.3333333333333333,300.0,0.46,0.7869051974256415,0.7406688859701792,1.0,0.9859987472814031,0.0,0.0,0.0,8121.677067835264,3063.0076693759925,0.0,communication_aware,survey,21460940,3
0.0,0.6666666666666666,300.0,0.3888888888888889,0.7549244668444474,0.6282045988048102,0.9555555555555555,0.9045132968495843,0.0,0.0,0.0,9307.407498422157,2658.564646296311,397.0,haco_safemarl_pilot_no_acoustic,survey,21460940,3
0.0,0.6666666666666666,300.0,0.48,0.6875461508922659,0.5863405557418241,1.0,0.9528333895149563,0.0,24.0,0.0,9251.397226934558,2705.1565912804062,0.0,haco_safemarl_pilot_no_shield,survey,21460940,3
0.0,0.3333333333333333,300.0,0.39,0.8136977153008808,0.7660849985658967,0.9777777777777777,0.8941447652937912,0.0,0.0,0.0,9165.48374640213,2998.33180050594,405.0,haco_safemarl_pilot,survey,21460940,3
0.0,0.0,300.0,0.4,0.7867543755034183,0.6578858530181146,0.6666666666666669,0.8165185394693002,0.0,0.0,0.0,1107.2146853663942,115.80689354484218,678.0,mappo_no_acoustic_shield,survey,21460940,3
0.0,0.6666666666666666,300.0,0.48444444444444446,0.7005698672838611,0.5789017624693483,1.0,0.9798652826862013,0.0,0.0,0.0,5560.499999999976,2940.3115087285114,0.0,fixed_auv_ga_pso_tlbo_proxy,survey,21470947,3
1.0,1.0,275.0,0.616969696969697,0.595042094024344,0.27404144052522744,1.0,0.7022222218487656,0.0,0.0,0.0,6760.875000000009,3150.4000000000146,0.0,independent_greedy,survey,21470947,3
0.0,0.3333333333333333,300.0,0.561111111111111,0.753369651066367,0.7105011127756713,1.0,0.9893346516702483,0.0,0.0,0.0,8039.79706678446,3122.577817749862,0.0,communication_aware,survey,21470947,3
0.0,0.6666666666666666,300.0,0.3422222222222222,0.7631493029187313,0.5568052917374857,0.6666666666666669,0.9329734159546387,0.0,0.0,0.0,9459.549803997556,2545.8699667694664,389.0,haco_safemarl_pilot_no_acoustic,survey,21470947,3
1.0,1.0,273.0,0.43345543345543347,0.7048871056017736,0.5138009246587284,1.0,0.8528263019862934,0.0,0.0,0.0,8601.123084253364,2094.941179276125,0.0,haco_safemarl_pilot_no_shield,survey,21470947,3
0.0,0.3333333333333333,300.0,0.36666666666666664,0.8103035011995198,0.7489344837542415,0.6666666666666669,0.9354108722895339,0.0,0.0,0.0,9168.804019149044,3146.3592538862654,418.0,haco_safemarl_pilot,survey,21470947,3
0.0,0.0,300.0,0.06888888888888887,0.8823745979242015,0.8623057752870371,0.3333333333333334,0.989170793697107,0.0,42.0,0.0,900.4435757879263,306.2604567336685,597.0,mappo_no_acoustic_shield,survey,21470947,3
0.0,1.0,256.0,0.3151041666666667,0.7088878018496398,0.3317819210770803,0.6794871794871795,0.785498111882922,0.0,30.0,0.0,4744.959999999983,2453.875453419825,0.0,fixed_auv_ga_pso_tlbo_proxy,survey,21480954,3
0.0,1.0,196.0,0.3180272108843538,0.6617044485794794,0.08642514116684298,0.33333333333333326,0.6968956265443988,0.0,23.0,0.0,4818.660000000006,1915.6000000000047,0.0,independent_greedy,survey,21480954,3
0.0,0.3333333333333333,300.0,0.711111111111111,0.6757373307105872,0.5067709355002594,1.0,0.8706179316596397,0.0,0.0,0.0,7903.285446910311,3026.6599711589956,0.0,communication_aware,survey,21480954,3
1.0,1.0,191.0,0.3106457242582898,0.7330106829004747,0.2566294677970183,0.33333333333333326,0.7111667189657644,0.0,0.0,0.0,6132.382850460023,1555.3984342318886,204.0,haco_safemarl_pilot_no_acoustic,survey,21480954,3
0.0,1.0,191.0,0.3089005235602095,0.7271269009993995,0.23928136118091317,0.33333333333333326,0.7145083243296885,0.0,23.0,0.0,6084.828071519623,1327.0487829483611,0.0,haco_safemarl_pilot_no_shield,survey,21480954,3
0.0,0.0,300.0,0.6122222222222221,0.7156784715764606,0.5098609768078368,1.0,0.7495123282845897,0.0,0.0,0.0,8885.540054427334,3025.864683796472,663.0,haco_safemarl_pilot,survey,21480954,3
0.0,0.0,300.0,0.0,0.9041861616664055,0.8564369191354851,0.0,0.9999999998888889,0.0,0.0,0.0,1173.8986528574558,453.62222710243066,575.0,mappo_no_acoustic_shield,survey,21480954,3
0.0,1.0,235.0,0.19007092198581557,0.8791106523261962,0.7874301139512151,0.6666666666666666,0.9697972901037877,0.0,68.0,0.0,4355.724999999986,2229.007834441613,0.0,fixed_auv_ga_pso_tlbo_proxy,survey,21490961,3
0.0,1.0,180.0,0.19444444444444436,0.8689518423675957,0.8147664502207949,0.6666666666666665,0.9704294042728031,0.0,52.0,0.0,4425.300000000006,1922.2000000000012,0.0,independent_greedy,survey,21490961,3
0.0,0.6666666666666666,300.0,0.34444444444444444,0.8465431845468386,0.7590224968844871,0.6666666666666669,0.877856627479593,0.0,71.0,0.0,8228.955018374432,3618.96104811414,0.0,communication_aware,survey,21490961,3
0.0,1.0,187.0,0.0998217468805704,0.8815758027710788,0.774301001869746,0.3508771929824561,0.9772308374845373,0.0,13.0,0.0,5948.331430191176,1632.5193839104365,128.0,haco_safemarl_pilot_no_acoustic,survey,21490961,3
0.0,1.0,175.0,0.09333333333333332,0.8738187257218238,0.7527956183565446,0.33333333333333326,0.9804664847893603,0.0,66.0,0.0,5528.524048089985,1372.61561577188,0.0,haco_safemarl_pilot_no_shield,survey,21490961,3
0.0,1.0,187.0,0.09803921568627448,0.8845735730715477,0.7830501381572625,0.33333333333333326,0.9769159740155455,0.0,13.0,0.0,5969.634455267329,1623.8924745045026,128.0,haco_safemarl_pilot,survey,21490961,3
0.0,0.3333333333333333,300.0,0.15888888888888886,0.8886974731961541,0.8063966486738103,0.3333333333333334,0.9333851291984412,0.0,13.0,0.0,1924.8645286396338,919.3097612461365,584.0,mappo_no_acoustic_shield,survey,21490961,3
0.0,0.3333333333333333,300.0,0.43555555555555553,0.6649456367090251,0.5339275497627884,1.0,0.9702821388763861,0.0,59.0,0.17,5560.499999999976,2271.700265208511,0.0,fixed_auv_ga_pso_tlbo_proxy,survey,21500968,3
0.0,0.6666666666666666,300.0,0.56,0.5156250319531381,0.29835043533975286,1.0,0.8663197317446785,0.0,52.0,0.51,7375.50000000001,2945.6000000000117,0.0,independent_greedy,survey,21500968,3
0.0,0.0,300.0,0.5188888888888888,0.7401248617204096,0.6607385775179666,1.0,0.9724785389272382,0.0,0.0,0.0033333333333333335,8050.0148956587,2926.0181531419153,0.0,communication_aware,survey,21500968,3
0.0,0.0,300.0,0.5288888888888889,0.6496123426328458,0.4688215109789998,1.0,0.9365382006257178,0.0,0.0,0.47,8678.982776096702,2810.891421625708,715.0,haco_safemarl_pilot_no_acoustic,survey,21500968,3
0.0,0.0,300.0,0.5944444444444443,0.5917616843852005,0.4775383566987813,1.0,0.9670593694458209,0.0,0.0,0.2866666666666667,9170.158672305617,3046.8539236791144,0.0,haco_safemarl_pilot_no_shield,survey,21500968,3
0.0,0.0,300.0,0.5311111111111111,0.7595684772157112,0.6780315437703198,1.0,0.9558683022230732,0.0,0.0,0.45,9059.431370957644,3066.4371729476857,627.0,haco_safemarl_pilot,survey,21500968,3
0.0,0.0,300.0,0.5377777777777777,0.6578398445158673,0.5106107204067866,1.0,0.9242963195898803,0.0,0.0,0.4,1105.0725566360165,69.71675794810767,838.0,mappo_no_acoustic_shield,survey,21500968,3
0.0,0.3333333333333333,300.0,0.0,0.9625809674277856,0.9535862012280704,0.0,0.9999999998888889,0.0,0.0,0.09,5560.499999999976,1831.6767630734587,0.0,fixed_auv_ga_pso_tlbo_proxy,survey,21510975,3
0.0,1.0,274.0,0.34428223844282235,0.7532990394856904,0.515796959094581,1.0,0.9140278181998837,0.0,40.0,0.021897810218978103,6736.290000000009,1959.200000000007,0.0,independent_greedy,survey,21510975,3
0.0,0.6666666666666666,300.0,0.0,0.962924610006678,0.9551120358583459,0.0,0.9999999998888889,0.0,25.0,0.07333333333333333,8512.5,2973.9198167036398,0.0,communication_aware,survey,21510975,3
0.0,0.6666666666666666,300.0,0.02,0.9466784556156566,0.9082136826517074,0.19999999999999993,0.9991677069173754,0.0,0.0,0.08666666666666667,8956.250084287745,2262.1643469506894,162.0,haco_safemarl_pilot_no_acoustic,survey,21510975,3
0.0,1.0,266.0,0.016290726817042606,0.9431924674056481,0.893300961795356,0.16049382716049382,0.9994517996202864,0.0,30.0,0.09774436090225563,8554.713487001261,1961.2425951146508,0.0,haco_safemarl_pilot_no_shield,survey,21510975,3
0.0,0.6666666666666666,300.0,0.01111111111111111,0.9471646747457855,0.9095124179451316,0.11111111111111112,0.9997475702511963,0.0,0.0,0.09333333333333334,8954.664074646167,2357.56536142611,159.0,haco_safemarl_pilot,survey,21510975,3
0.0,0.0,300.0,0.0,0.9428206499028824,0.9194617876805021,0.0,0.9999999998888889,0.0,0.0,0.29333333333333333,2294.5661445480478,238.85602534267244,609.0,mappo_no_acoustic_shield,survey,21510975,3
0.0,0.6666666666666666,300.0,0.26666666666666666,0.7549432873432612,0.4574379295911146,0.511111111111111,0.8229799581442743,0.0,174.0,0.18666666666666668,5560.499999999976,2944.925546786932,0.0,fixed_auv_ga_pso_tlbo_proxy,survey,21520982,3
0.0,1.0,261.0,0.36781609195402293,0.6525367231795458,0.1483914280672188,0.6666666666666669,0.7288441115414831,0.0,149.0,0.0,6416.685000000009,2860.0000000000055,0.0,independent_greedy,survey,21520982,3
0.0,0.6666666666666666,300.0,0.5688888888888888,0.7498218493417713,0.6267436622171143,1.0,0.8444339734796268,0.0,263.0,0.0,8059.168702751246,2967.9847429876418,0.0,communication_aware,survey,21520982,3
1.0,1.0,294.0,0.18934240362811788,0.846575464619709,0.6347588189915446,0.3333333333333334,0.901626622649381,0.0,0.0,0.11564625850340136,7628.027832570487,2293.5570856416866,539.0,haco_safemarl_pilot_no_acoustic,survey,21520982,3
0.0,1.0,254.0,0.28215223097112857,0.7582623779030051,0.3526587699265345,0.33333333333333337,0.7639528261848004,0.0,195.0,0.03937007874015748,7960.033368264725,2037.699005060245,0.0,haco_safemarl_pilot_no_shield,survey,21520982,3
1.0,1.0,294.0,0.1655328798185941,0.8601683559622151,0.6840618461246294,0.3333333333333334,0.9270409768483974,0.0,0.0,0.03741496598639456,7676.8985490238165,2347.5112340778874,520.0,haco_safemarl_pilot,survey,21520982,3
0.0,0.0,300.0,0.12,0.8568518414952213,0.780047911173637,0.3333333333333334,0.9641434261614454,0.0,0.0,0.0,2099.0426103475975,848.0927604878585,579.0,mappo_no_acoustic_shield,survey,21520982,3
0.0,1.0,232.0,0.5445402298850573,0.5463211217561547,0.19639920254260843,0.6666666666666666,0.5660363540425822,0.0,26.0,0.0,4300.119999999986,1862.7651797583082,0.0,fixed_auv_ga_pso_tlbo_proxy,survey,21530989,3
0.0,1.0,178.0,0.47191011235955055,0.5745192330879022,0.07663582259661574,0.6666666666666665,0.6327397716455204,0.0,20.0,0.0,4376.130000000006,1583.600000000003,0.0,independent_greedy,survey,21530989,3
0.0,0.3333333333333333,300.0,0.7644444444444444,0.5889208364693274,0.3856257940507225,1.0,0.6005505217396304,0.0,0.0,0.37333333333333335,7820.218363344319,2954.2551439650224,0.0,communication_aware,survey,21530989,3
1.0,1.0,298.0,0.5682326621923937,0.5173239202546355,0.14867773891211214,0.8666666666666667,0.5579246143119146,0.0,0.0,0.0,8979.491391056832,2717.0996186230022,548.0,haco_safemarl_pilot_no_acoustic,survey,21530989,3
0.0,0.3333333333333333,300.0,0.7044444444444444,0.49822173314231133,0.2534725560114939,1.0,0.469285154985371,0.0,38.0,0.08,8897.811385599789,3003.194303354702,0.0,haco_safemarl_pilot_no_shield,survey,21530989,3
0.0,0.3333333333333333,300.0,0.5988888888888889,0.712832598225085,0.5555953533162542,0.9111111111111111,0.5209110275167699,0.0,0.0,0.0,8830.903957617931,3070.0379350377916,611.0,haco_safemarl_pilot,survey,21530989,3
0.0,0.0,300.0,0.5522222222222222,0.7167361815783905,0.6200037995745923,0.6666666666666669,0.557847733696717,0.0,0.0,0.0,858.507863062037,366.5482667775513,686.0,mappo_no_acoustic_shield,survey,21530989,3
0.0,0.6666666666666666,300.0,0.6477777777777777,0.519032255057043,0.2780773784534807,1.0,0.8182410364410215,0.0,49.0,0.0,5560.499999999976,3016.7995504612404,0.0,fixed_auv_ga_pso_tlbo_proxy,survey,21540996,3
0.0,1.0,269.0,0.7273853779429987,0.425943284053206,0.15678999669103147,1.0,0.6451268921054324,0.0,38.0,0.0,6613.365000000009,3076.400000000013,0.0,independent_greedy,survey,21540996,3
0.0,0.3333333333333333,300.0,0.711111111111111,0.6322300303556557,0.5116664359097836,1.0,0.8303240219774344,0.0,43.0,0.0,7886.744998005019,3067.316079972574,0.0,communication_aware,survey,21540996,3
0.0,0.6666666666666666,300.0,0.5955555555555555,0.645797148114799,0.49149755789403327,1.0,0.802160145832913,0.0,0.0,0.0,9154.197340486786,3030.3351861653696,603.0,haco_safemarl_pilot_no_acoustic,survey,21540996,3
0.0,0.3333333333333333,300.0,0.7555555555555556,0.5251447912178849,0.4378578412280616,1.0,0.9022107877344264,0.0,120.0,0.0,9028.624906908803,2946.5505027061936,0.0,haco_safemarl_pilot_no_shield,survey,21540996,3
0.0,0.3333333333333333,300.0,0.6622222222222223,0.7144202136346687,0.6616476454524413,1.0,0.8073945932041593,0.0,0.0,0.0,9061.48837978894,3111.394063894783,694.0,haco_safemarl_pilot,survey,21540996,3
0.0,0.0,300.0,0.7144444444444443,0.67702398871269,0.6308784319679674,1.0,0.8365821829325483,0.0,2.0,0.0,837.3670879409829,87.34847713911374,857.0,mappo_no_acoustic_shield,survey,21540996,3
0.0,1.0,251.0,0.4594953519256308,0.6984572970149223,0.4649943822850837,1.0,0.9337019685429642,0.0,64.0,0.0,4652.2849999999835,2387.759548527038,0.0,fixed_auv_ga_pso_tlbo_proxy,survey,21551003,3
0.0,1.0,192.0,0.5659722222222222,0.6560755125859852,0.4972591016563532,1.0,0.8788211137490248,0.0,49.0,0.0,4720.320000000006,2111.2000000000044,0.0,independent_greedy,survey,21551003,3
0.0,0.6666666666666666,300.0,0.6433333333333333,0.7165276090455411,0.6174836788794261,1.0,0.9500456385776734,0.0,93.0,0.0,8011.800771542598,3279.570995376652,0.0,communication_aware,survey,21551003,3
0.0,0.3333333333333333,300.0,0.4577777777777778,0.7219144552879913,0.6379737846119914,0.6777777777777779,0.866286894682593,0.0,0.0,0.0,9157.090112625508,3273.7301874224822,495.0,haco_safemarl_pilot_no_acoustic,survey,21551003,3
0.0,1.0,208.0,0.5096153846153845,0.6790082946868977,0.6221021106868885,1.0,0.940177118695144,0.0,40.0,0.0,6506.709593941579,1601.8248703518,0.0,haco_safemarl_pilot_no_shield,survey,21551003,3
0.0,0.3333333333333333,300.0,0.4522222222222222,0.7758181484711297,0.728487023518285,0.688888888888889,0.8774363803516645,0.0,0.0,0.0,9047.064469191493,3125.5609854409868,495.0,haco_safemarl_pilot,survey,21551003,3
0.0,0.0,300.0,0.26222222222222225,0.7476594684961463,0.3392872126178347,0.3333333333333334,0.7983081289619769,0.0,0.0,0.0,687.2661399828324,91.71991327015988,377.0,mappo_no_acoustic_shield,survey,21551003,3
0.0,1.0,244.0,0.453551912568306,0.6142638213605671,0.4155617755082147,0.6666666666666667,0.7412967130712208,0.0,41.0,0.0,4522.5399999999845,2335.9489841794275,0.0,fixed_auv_ga_pso_tlbo_proxy,survey,21561010,3
0.0,1.0,187.0,0.45454545454545464,0.6112398539803277,0.4096290965385214,0.6666666666666665,0.739095429585244,0.0,31.0,0.0,4597.395000000006,2020.800000000007,0.0,independent_greedy,survey,21561010,3
0.0,0.3333333333333333,300.0,0.5211111111111112,0.6909481897054588,0.5431624712452872,0.6666666666666669,0.6275815467947691,0.0,38.0,0.0,8040.689543955446,3653.482093121101,0.0,communication_aware,survey,21561010,3
0.0,0.3333333333333333,300.0,0.4988888888888889,0.6121999756377341,0.41821079251843984,0.6666666666666669,0.667450933868635,0.0,0.0,0.0,8877.049566384288,3485.276461438385,501.0,haco_safemarl_pilot_no_acoustic,survey,21561010,3
0.0,0.3333333333333333,300.0,0.5366666666666666,0.5787389783894986,0.3907486460579951,0.6666666666666669,0.5984389355652854,0.0,32.0,0.0,8841.775650968182,3435.884425612782,0.0,haco_safemarl_pilot_no_shield,survey,21561010,3
0.0,0.3333333333333333,300.0,0.49888888888888894,0.7566009983000614,0.6585483436340476,0.6666666666666669,0.6683720912972287,0.0,0.0,0.0,8765.127969346278,3504.9617568716385,499.0,haco_safemarl_pilot,survey,21561010,3
0.0,0.3333333333333333,300.0,0.5311111111111111,0.6607024792729382,0.4786937853982685,0.6666666666666669,0.6083973897210354,0.0,0.0,0.0,757.2288493630058,534.0423832524004,780.0,mappo_no_acoustic_shield,survey,21561010,3
0.0,0.6666666666666666,300.0,0.38888888888888884,0.7307040377124538,0.4515979546220624,0.6666666666666669,0.8023787544105258,0.0,81.0,0.23,5560.499999999976,2441.2182786957496,0.0,fixed_auv_ga_pso_tlbo_proxy,survey,21571017,3
0.0,1.0,273.0,0.5836385836385836,0.5707659356206033,0.17956480963371516,0.6666666666666669,0.7690389737153647,0.0,61.0,0.08791208791208792,6711.705000000009,2600.4000000000033,0.0,independent_greedy,survey,21571017,3
0.0,0.3333333333333333,300.0,0.461111111111111,0.774966008802883,0.6483097143538389,0.8666666666666667,0.7668971675778448,0.0,70.0,0.2733333333333333,8145.347534253464,2848.7784005255753,0.0,communication_aware,survey,21571017,3
0.0,0.6666666666666666,300.0,0.3055555555555555,0.7890237576067285,0.6056872361271077,0.6666666666666669,0.8376057928004297,0.0,37.0,0.24666666666666667,9574.363812490079,2486.579776588817,554.0,haco_safemarl_pilot_no_acoustic,survey,21571017,3
0.0,1.0,265.0,0.36981132075471695,0.742967751667663,0.4746769574705076,0.6666666666666669,0.7589463083810408,0.0,61.0,0.27547169811320754,8346.572617779095,2110.00297455844,0.0,haco_safemarl_pilot_no_shield,survey,21571017,3
0.0,0.6666666666666666,300.0,0.3144444444444444,0.8097776837305309,0.7414670829470571,0.6666666666666669,0.9131269082021135,0.0,39.0,0.23666666666666666,9421.95279411358,2729.818005935511,659.0,haco_safemarl_pilot,survey,21571017,3
0.0,0.0,300.0,0.007777777777777777,0.9028498451025319,0.8707248411164108,0.07777777777777777,0.9998771231162689,0.0,25.0,0.8133333333333334,1808.4947306330334,253.00719015338743,586.0,mappo_no_acoustic_shield,survey,21571017,3
0.0,1.0,256.0,0.5013020833333334,0.6128623513399301,0.2719355636155898,1.0,0.7344990058326892,0.0,131.0,0.0,4744.959999999983,2173.0869330801893,0.0,fixed_auv_ga_pso_tlbo_proxy,survey,21581024,3
0.0,1.0,196.0,0.5306122448979592,0.576976592158628,0.26433079632796985,0.9666666666666666,0.6652693353458657,0.0,101.0,0.44387755102040816,4818.660000000006,1807.0000000000039,0.0,independent_greedy,survey,21581024,3
0.0,0.3333333333333333,300.0,0.6466666666666666,0.654420262842883,0.4642453266093497,1.0,0.7446648693867374,0.0,75.0,0.0,7933.120447153024,2992.249577133738,0.0,communication_aware,survey,21581024,3
0.0,0.6666666666666666,300.0,0.6344444444444445,0.6344706735665525,0.4922122600595454,1.0,0.8547613965006868,0.0,1.0,0.0,8238.278627934475,2275.826071221073,724.0,haco_safemarl_pilot_no_acoustic,survey,21581024,3
0.0,1.0,269.0,0.6604708798017349,0.5371369557284283,0.4310672674789627,1.0,0.8637168948885272,0.0,125.0,0.0,8293.802752327989,2121.3982644347716,0.0,haco_safemarl_pilot_no_shield,survey,21581024,3
0.0,0.6666666666666666,300.0,0.5944444444444444,0.7199454809396083,0.6078828672650425,1.0,0.7491916205965008,0.0,1.0,0.03666666666666667,6843.003038890616,2110.248978977153,785.0,haco_safemarl_pilot,survey,21581024,3
0.0,0.0,300.0,0.31333333333333335,0.7565959265965756,0.4210749941914942,0.3333333333333334,0.7059958739758442,0.0,5.0,0.0,953.5620951298008,770.5970186062234,459.0,mappo_no_acoustic_shield,survey,21581024,3
0.0,1.0,245.0,0.4013605442176872,0.7344333767227886,0.4791022752162271,0.6666666666666667,0.768821431508381,0.0,124.0,0.0,4541.074999999984,2344.8145921475902,0.0,fixed_auv_ga_pso_tlbo_proxy,survey,21591031,3
0.0,1.0,187.0,0.42780748663101603,0.6860597183115476,0.3426022485644051,0.6666666666666665,0.7531741330881904,0.0,95.0,0.0,4597.395000000006,1890.3999999999965,0.0,independent_greedy,survey,21591031,3
0.0,0.6666666666666666,300.0,0.5022222222222222,0.7695769462380185,0.6214490820162065,0.6666666666666669,0.6495275079014321,0.0,196.0,0.0,8096.84044927965,3531.8715556302177,0.0,communication_aware,survey,21591031,3
1.0,1.0,196.0,0.3265306122448979,0.76994092546028,0.4996621974494901,0.6666666666666665,0.7995350116210603,0.0,0.0,0.0,6204.11287621377,1515.1601298509806,258.0,haco_safemarl_pilot_no_acoustic,survey,21591031,3
0.0,1.0,183.0,0.33697632058287785,0.7373195310602274,0.40317074733110075,0.6666666666666665,0.8027433444394981,0.0,73.0,0.0,5764.360056339353,1270.6983134508826,0.0,haco_safemarl_pilot_no_shield,survey,21591031,3
1.0,1.0,232.0,0.33764367816091945,0.802599620450211,0.6189098793668965,0.6666666666666666,0.8178382724189871,0.0,0.0,0.0,7180.205982953122,1886.3628368715497,331.0,haco_safemarl_pilot,survey,21591031,3
0.0,0.3333333333333333,300.0,0.013333333333333332,0.9197264500070281,0.8535168903837641,0.13333333333333336,0.99963490313531,0.0,0.0,0.0,1420.8435690651772,283.5199433919761,477.0,mappo_no_acoustic_shield,survey,21591031,3
0.0,0.6666666666666666,300.0,0.35888888888888887,0.7275108286697721,0.5516875478143441,1.0,0.9441821154615809,0.0,0.0,0.0,5560.499999999976,2172.5584890438236,0.0,fixed_auv_ga_pso_tlbo_proxy,survey,21601038,3
1.0,1.0,234.0,0.4002849002849003,0.6822959086810609,0.36679554801400877,0.9027777777777777,0.8271660247565404,0.0,0.0,0.0,5752.890000000008,1891.0000000000016,0.0,independent_greedy,survey,21601038,3
0.0,0.0,300.0,0.48333333333333334,0.7616980861357526,0.6710826812792311,1.0,0.9661139628569434,0.0,0.0,0.0,8083.764811977654,2878.431991353559,0.0,communication_aware,survey,21601038,3
0.0,0.6666666666666666,300.0,0.4277777777777777,0.6763923189699411,0.4508364136863475,1.0,0.9173177553338846,0.0,0.0,0.0,9296.80368359693,2740.6287191693427,465.0,haco_safemarl_pilot_no_acoustic,survey,21601038,3
0.0,0.3333333333333333,300.0,0.56,0.6211402056806247,0.504976551009863,1.0,0.9548094832746815,0.0,0.0,0.0,9247.210949099564,2858.1337652252173,0.0,haco_safemarl_pilot_no_shield,survey,21601038,3
0.0,0.0,300.0,0.47888888888888886,0.7771380968414688,0.6732561709502838,1.0,0.9371088470906569,0.0,0.0,0.0,9094.449349909077,3013.861346092087,511.0,haco_safemarl_pilot,survey,21601038,3
0.0,0.0,300.0,0.39444444444444443,0.7945823805761534,0.638023272780445,0.6666666666666669,0.8147157647306468,0.0,0.0,0.0,1236.4222985469205,357.7679297127217,732.0,mappo_no_acoustic_shield,survey,21601038,3
0.0,0.6666666666666666,300.0,0.2722222222222222,0.7739502226944314,0.6106553602519156,0.6666666666666669,0.9279205623357298,0.0,213.0,0.0,5560.499999999976,2774.7394620701166,0.0,fixed_auv_ga_pso_tlbo_proxy,survey,21611045,3
0.0,1.0,254.0,0.305774278215223,0.7251311127524547,0.5902361347385977,0.6666666666666667,0.9099721323372979,0.0,194.0,0.0,6244.590000000008,2718.2000000000135,0.0,independent_greedy,survey,21611045,3
0.0,0.3333333333333333,300.0,0.32888888888888884,0.825549115041938,0.7391959605152454,0.6666666666666669,0.8890188565106285,0.0,225.0,0.0,8218.682118569788,3494.3166046173997,0.0,communication_aware,survey,21611045,3
0.0,0.3333333333333333,300.0,0.4044444444444445,0.7298252761186056,0.6105433108237942,1.0,0.917784762955223,0.0,0.0,0.0,9174.638367266652,3244.544237004755,537.0,haco_safemarl_pilot_no_acoustic,survey,21611045,3
0.0,0.3333333333333333,300.0,0.36666666666666664,0.7253442008254953,0.6052499859228997,0.6666666666666669,0.8564108239439788,0.0,119.0,0.0,9125.035176364861,3062.8714490364223,0.0,haco_safemarl_pilot_no_shield,survey,21611045,3
0.0,0.3333333333333333,300.0,0.39777777777777784,0.8111674079202966,0.7680758355025297,1.0,0.917089678253326,0.0,0.0,0.0,9093.857844377539,3321.6090623933633,539.0,haco_safemarl_pilot,survey,21611045,3
0.0,0.0,300.0,0.22222222222222218,0.8211369991983055,0.6264211666332321,0.3333333333333334,0.8596491226712836,0.0,0.0,0.0,965.1348459016725,123.24641370561969,649.0,mappo_no_acoustic_shield,survey,21611045,3
1.0,1.0,158.0,0.5168776371308016,0.6806692075045835,0.44079188139692616,0.6666666666666666,0.6326806373038687,0.0,0.0,0.0,2928.5299999999966,1323.3575566832953,0.0,fixed_auv_ga_pso_tlbo_proxy,survey,21621052,3
1.0,1.0,121.0,0.6280991735537189,0.6026363719321902,0.25785755565844404,0.6666666666666666,0.41217178899440016,0.0,0.0,0.0,2974.7850000000035,1096.9999999999989,0.0,independent_greedy,survey,21621052,3
1.0,1.0,191.0,0.7102966841186736,0.698889433437083,0.5909529037063896,1.0,0.6932327037662939,0.0,0.0,0.0,5052.048456487834,1873.6335062923306,0.0,communication_aware,survey,21621052,3
1.0,1.0,118.0,0.4265536723163841,0.7467288184560426,0.5308502173963746,0.6666666666666666,0.6848648018225382,0.0,0.0,0.0,3077.8018003368556,813.6647549264301,269.0,haco_safemarl_pilot_no_acoustic,survey,21621052,3
1.0,1.0,117.0,0.5840455840455843,0.7022543265238457,0.46822895839428225,0.6666666666666666,0.5027121360576947,0.0,0.0,0.0,3689.04131186364,801.7042773626828,0.0,haco_safemarl_pilot_no_shield,survey,21621052,3
1.0,1.0,174.0,0.5632183908045979,0.734602335687318,0.6843679734789586,1.0,0.7948623849531304,0.0,0.0,0.13793103448275862,4515.218526309948,1177.662028276338,472.0,haco_safemarl_pilot,survey,21621052,3
0.0,0.0,300.0,0.023333333333333334,0.8485207929415994,0.8262685621879778,0.23333333333333328,0.9988597622955009,0.0,0.0,0.0,1263.5883568422287,1002.7939863430115,417.0,mappo_no_acoustic_shield,survey,21621052,3
0.0,0.3333333333333333,300.0,0.4622222222222222,0.7029445600399872,0.5057864979938461,1.0,0.8222278378892519,0.0,48.0,0.0,5560.499999999976,2792.678228542248,0.0,fixed_auv_ga_pso_tlbo_proxy,survey,21631059,3
0.0,1.0,261.0,0.5172413793103449,0.6723898993188353,0.390052219620002,1.0,0.8387278551219494,0.0,37.0,0.0,6416.685000000009,2754.2000000000135,0.0,independent_greedy,survey,21631059,3
0.0,0.3333333333333333,300.0,0.5311111111111111,0.7456053128050374,0.6475228475251819,1.0,0.8265062697855554,0.0,88.0,0.0,8057.736594707637,3039.98903872658,0.0,communication_aware,survey,21631059,3
0.0,0.3333333333333333,300.0,0.37888888888888883,0.7567330992290864,0.695492820114351,0.6666666666666669,0.9475926647765718,0.0,0.0,0.0,9176.494561977135,2984.034546395319,439.0,haco_safemarl_pilot_no_acoustic,survey,21631059,3
0.0,0.3333333333333333,300.0,0.4877777777777777,0.6656080531365504,0.6126777695195488,1.0,0.9864555624154352,0.0,36.0,0.0,9172.49968785991,2934.257592192964,0.0,haco_safemarl_pilot_no_shield,survey,21631059,3
0.0,0.3333333333333333,300.0,0.38555555555555554,0.8088199436772922,0.7708760928163467,0.6666666666666669,0.9567264522195043,0.0,0.0,0.0,9116.848668577413,3022.443994516227,434.0,haco_safemarl_pilot,survey,21631059,3
0.0,0.0,300.0,0.34888888888888886,0.8498272689356673,0.7616953079387399,0.6666666666666669,0.8555852877555633,0.0,0.0,0.0,895.2622161882422,307.36397080933006,741.0,mappo_no_acoustic_shield,survey,21631059,3
0.0,0.6666666666666666,300.0,0.38,0.7680415879305126,0.5205402511925563,0.6666666666666669,0.7516838794954117,0.0,30.0,0.0,5560.499999999976,2300.45658956194,0.0,fixed_auv_ga_pso_tlbo_proxy,survey,21641066,3
0.0,1.0,293.0,0.6291240045506257,0.5418489127774999,0.12776594017681112,0.9444444444444444,0.5029435703183165,0.0,23.0,0.0,7203.40500000001,2514.400000000005,0.0,independent_greedy,survey,21641066,3
0.0,0.3333333333333333,300.0,0.4122222222222222,0.8279722440960343,0.6827819487912911,0.6666666666666669,0.7426482489634478,0.0,0.0,0.0,8256.507624580321,2919.6353585479906,0.0,communication_aware,survey,21641066,3
0.0,0.6666666666666666,300.0,0.43,0.7725459292126624,0.6111460511920483,0.6666666666666669,0.7103709640428608,0.0,0.0,0.0,9542.375487910409,2273.4293996515066,413.0,haco_safemarl_pilot_no_acoustic,survey,21641066,3
0.0,0.6666666666666666,300.0,0.43888888888888894,0.7372503763824066,0.625030131390067,0.6666666666666669,0.740510059593178,0.0,28.0,0.0,9459.371706011865,2436.534028317361,0.0,haco_safemarl_pilot_no_shield,survey,21641066,3
0.0,0.3333333333333333,300.0,0.4633333333333333,0.8250956058583263,0.6746242419564235,0.6666666666666669,0.6297160069407679,0.0,0.0,0.0,9394.227144235307,2989.071250810298,451.0,haco_safemarl_pilot,survey,21641066,3
0.0,0.3333333333333333,300.0,0.16777777777777778,0.8706142349680628,0.829343643281094,0.3333333333333334,0.9793413459580145,0.0,0.0,0.0,2446.061949372343,308.7480845346764,641.0,mappo_no_acoustic_shield,survey,21641066,3
0.0,0.6666666666666666,300.0,0.43666666666666665,0.6769355792929905,0.445315663459252,1.0,0.9234972674609573,0.0,0.0,0.0,5560.499999999976,2677.2751012426124,0.0,fixed_auv_ga_pso_tlbo_proxy,survey,21651073,3
1.0,1.0,264.0,0.5138888888888888,0.6208234268990014,0.27146527430600487,1.0,0.821869576230345,0.0,0.0,0.0,6490.440000000009,2774.400000000008,0.0,independent_greedy,survey,21651073,3
0.0,0.3333333333333333,300.0,0.5266666666666666,0.7410917165778228,0.6181272027605309,1.0,0.9306747895639831,0.0,0.0,0.0,8054.399846398571,3036.469744766771,0.0,communication_aware,survey,21651073,3
0.0,0.3333333333333333,300.0,0.4422222222222222,0.6882848027658381,0.43516394973489525,0.9666666666666667,0.8049034448284453,0.0,0.0,0.0,9197.820999777263,2944.83459188724,439.0,haco_safemarl_pilot_no_acoustic,survey,21651073,3
0.0,0.3333333333333333,300.0,0.5633333333333334,0.631723406749837,0.46048592686079864,1.0,0.8692781760054311,0.0,0.0,0.0,9147.202206701404,2927.786983926012,0.0,haco_safemarl_pilot_no_shield,survey,21651073,3
0.0,0.3333333333333333,300.0,0.44666666666666666,0.7922030171956296,0.674652968990315,0.9888888888888888,0.8126535986436151,0.0,0.0,0.0,9105.243651264898,3051.4957041057924,457.0,haco_safemarl_pilot,survey,21651073,3
0.0,0.0,300.0,0.4377777777777777,0.7659310795936317,0.49018101385526935,0.6666666666666669,0.7147251763829795,0.0,0.0,0.0,869.4955291590089,33.01645536302878,670.0,mappo_no_acoustic_shield,survey,21651073,3
1.0,1.0,229.0,0.2634643377001455,0.7864423538801931,0.6045770176757159,0.6666666666666664,0.9055207779045575,0.0,0.0,0.0,4244.514999999987,1856.0031775355092,0.0,fixed_auv_ga_pso_tlbo_proxy,traffic,21161080,3
1.0,1.0,175.0,0.4742857142857142,0.7415379719586978,0.6742968153758294,0.6666666666666665,0.7584229388368507,0.0,0.0,0.0,4302.3750000000055,1358.0000000000011,0.0,independent_greedy,traffic,21161080,3
0.0,0.6666666666666666,300.0,0.3944444444444444,0.7775581295141142,0.664939266971016,0.6666666666666669,0.8060926790893593,0.0,0.0,0.0,8190.091666663637,3345.0288950294316,0.0,communication_aware,traffic,21161080,3
1.0,1.0,217.0,0.2872503840245776,0.780018330875556,0.7012428905667684,0.6666666666666665,0.998321416098591,0.0,0.0,0.0,6960.235952220188,1680.498674488304,238.0,haco_safemarl_pilot_no_acoustic,traffic,21161080,3
1.0,1.0,186.0,0.30465949820788535,0.7649575808492595,0.699926135111859,0.7894736842105263,0.988327358922597,0.0,0.0,0.0,5950.018824240234,1412.4232737190962,0.0,haco_safemarl_pilot_no_shield,traffic,21161080,3
1.0,1.0,226.0,0.275811209439528,0.7914260611427484,0.704398258859755,0.6666666666666664,0.9940541719722571,0.0,0.0,0.0,7284.221616605592,1817.725011515653,267.0,haco_safemarl_pilot,traffic,21161080,3
0.0,0.0,300.0,0.17555555555555555,0.8566797137844074,0.7460523528212871,0.3333333333333334,0.916854845555783,0.0,0.0,0.0,1283.198525077398,90.92851448179769,499.0,mappo_no_acoustic_shield,traffic,21161080,3
0.0,1.0,210.0,0.0,0.9150679299053076,0.8999524653094089,0.0,0.9999999998888889,0.0,74.0,0.07142857142857142,3892.3499999999894,1320.0975006696015,0.0,fixed_auv_ga_pso_tlbo_proxy,traffic,21171087,3
0.0,1.0,161.0,0.2111801242236025,0.8236657357220144,0.6459063936190164,0.3333333333333333,0.8746271892782914,0.0,58.0,0.11801242236024845,3958.185000000005,1065.6000000000004,0.0,independent_greedy,traffic,21171087,3
0.0,1.0,182.0,0.0,0.9150410871828285,0.9000430333019965,0.0,0.9999999998888889,0.0,64.0,0.12637362637362637,5164.25,1539.1480940006384,0.0,communication_aware,traffic,21171087,3
0.0,1.0,206.0,0.0,0.9087915614656367,0.8921010519341959,0.0,0.9999999998888889,0.038834951456310676,0.0,0.14563106796116504,5826.438096997084,1659.7321968926765,165.0,haco_safemarl_pilot_no_acoustic,traffic,21171087,3
0.0,1.0,156.0,0.03205128205128205,0.9000391837078066,0.8768581185179526,0.3125,0.9978119118332639,0.07692307692307693,56.0,0.26282051282051283,5029.017348046747,1062.871754910776,0.0,haco_safemarl_pilot_no_shield,traffic,21171087,3
0.0,1.0,206.0,0.0,0.9088190651196232,0.8921387490228672,0.0,0.9999999998888889,0.038834951456310676,0.0,0.14563106796116504,5825.581722261534,1648.5045498322888,164.0,haco_safemarl_pilot,traffic,21171087,3
0.0,0.0,300.0,0.016666666666666663,0.8975836347493997,0.860047128932902,0.16666666666666663,0.9994257822567413,0.0,0.0,0.05333333333333334,1424.5383431126197,219.26351195985774,413.0,mappo_no_acoustic_shield,traffic,21171087,3
0.0,0.6666666666666666,300.0,0.2577777777777777,0.8014419536594304,0.6458833647429885,0.6555555555555557,0.8624185847246523,0.0,209.0,0.0,5560.499999999976,3419.078656583716,0.0,fixed_auv_ga_pso_tlbo_proxy,traffic,21181094,3
0.0,1.0,233.0,0.3161659513590844,0.7108863393771753,0.3301716794201553,0.4444444444444444,0.7231833689751256,0.0,163.0,0.0,5728.305000000008,2980.800000000007,0.0,independent_greedy,traffic,21181094,3
0.0,0.6666666666666666,300.0,0.3944444444444444,0.7960690556457618,0.717438052687308,0.6666666666666669,0.8829702161475793,0.0,221.0,0.0,8256.422338490109,3986.4452219588443,0.0,communication_aware,traffic,21181094,3
1.0,1.0,227.0,0.1013215859030837,0.8779519496282837,0.817044077102171,0.3333333333333332,0.9927954576629564,0.0,0.0,0.13215859030837004,6055.005791142098,1844.9020513864118,291.0,haco_safemarl_pilot_no_acoustic,traffic,21181094,3
0.0,1.0,226.0,0.3067846607669617,0.8373518498753664,0.6472679860654758,0.3333333333333332,0.7185422276542791,0.0,122.0,0.10619469026548672,6925.1791907409615,1876.4547625775203,0.0,haco_safemarl_pilot_no_shield,traffic,21181094,3
1.0,1.0,227.0,0.09985315712187957,0.8787646476181891,0.8198322714179176,0.3333333333333332,0.9933174197755079,0.0,0.0,0.14537444933920704,6057.377950262133,1840.8225846162889,287.0,haco_safemarl_pilot,traffic,21181094,3
0.0,0.3333333333333333,300.0,0.0911111111111111,0.8871080963496022,0.7975391274305417,0.3333333333333334,0.9802980490142771,0.0,0.0,0.0,1689.7959677800006,691.8541980144247,478.0,mappo_no_acoustic_shield,traffic,21181094,3
0.0,0.6666666666666666,300.0,0.5011111111111111,0.5804331257840001,0.32541987776243225,0.6666666666666669,0.6619352972633767,0.02,0.0,0.07666666666666666,5560.499999999976,2839.0303996315556,0.0,fixed_auv_ga_pso_tlbo_proxy,traffic,21191101,3
0.0,0.6666666666666666,300.0,0.6944444444444444,0.4264995927129015,0.16389372909929595,1.0,0.5969436480955035,0.0,0.0,0.08,7375.50000000001,3154.400000000011,0.0,independent_greedy,traffic,21191101,3
0.0,0.0,300.0,0.5466666666666666,0.7076637849430875,0.5717937244489353,0.8444444444444444,0.626940546191126,0.01,0.0,0.07666666666666666,8037.709758435928,2986.9993403897674,0.0,communication_aware,traffic,21191101,3
0.0,0.6666666666666666,300.0,0.5644444444444444,0.6482543886527237,0.4945280490735544,1.0,0.7082008311269434,0.0,0.0,0.0,9329.377954292,2545.1440921693243,595.0,haco_safemarl_pilot_no_acoustic,traffic,21191101,3
0.0,0.6666666666666666,300.0,0.59,0.5954899587481554,0.45707802133447983,1.0,0.7095155462601344,0.0,0.0,0.043333333333333335,9302.851873974767,2293.494363899552,0.0,haco_safemarl_pilot_no_shield,traffic,21191101,3
0.0,0.0,300.0,0.5311111111111111,0.7137626666863682,0.5864164316863233,0.9222222222222222,0.6779968169700232,0.013333333333333334,0.0,0.08666666666666667,8834.257173932254,3219.811401838691,604.0,haco_safemarl_pilot,traffic,21191101,3
0.0,0.0,300.0,0.26555555555555554,0.7005442765365534,0.3024076926062467,0.3333333333333334,0.7927255638144335,0.0,0.0,0.0,1310.011695526547,95.43696226539014,556.0,mappo_no_acoustic_shield,traffic,21191101,3
0.0,1.0,279.0,0.7885304659498208,0.43526961291493804,0.32412380743842584,1.0,0.9449823523192965,0.0,76.0,0.16129032258064516,5171.264999999979,2331.668878498629,0.0,fixed_auv_ga_pso_tlbo_proxy,traffic,21201108,3
0.0,1.0,214.0,0.7274143302180687,0.37435856820035657,0.17464832855890994,1.0,0.5235311208442205,0.0,58.0,0.0794392523364486,5261.190000000007,1763.0000000000023,0.0,independent_greedy,traffic,21201108,3
0.0,0.0,300.0,0.8333333333333334,0.6411070117686452,0.5600928898842399,1.0,0.9568767506115968,0.0,44.0,0.18333333333333332,7802.147423883332,2928.871500671199,0.0,communication_aware,traffic,21201108,3
0.0,0.0,300.0,0.6455555555555555,0.5465496717455233,0.3553498822017117,1.0,0.6460400593077256,0.0,0.0,0.07,9149.727084060847,3265.2991698314922,775.0,haco_safemarl_pilot_no_acoustic,traffic,21201108,3
0.0,0.3333333333333333,300.0,0.8477777777777777,0.43392870465328526,0.34903220779590977,1.0,0.8369676666520807,0.0,181.0,0.17666666666666667,8976.61998229754,2878.0627798887945,0.0,haco_safemarl_pilot_no_shield,traffic,21201108,3
0.0,0.0,300.0,0.53,0.7209868633274823,0.6296676483173145,0.6666666666666669,0.6079258781738905,0.0,0.0,0.08666666666666667,8869.809417604956,3236.8708679001857,798.0,haco_safemarl_pilot,traffic,21201108,3
0.0,0.0,300.0,0.4777777777777778,0.7293534586241412,0.6120598718654713,0.6666666666666669,0.6623012944419246,0.0,0.0,0.0,1626.2145735557622,635.8463585946872,776.0,mappo_no_acoustic_shield,traffic,21201108,3
1.0,1.0,264.0,0.7664141414141413,0.4896200001487817,0.23528264175838137,1.0,0.7625381535738284,0.0,0.0,0.0,4893.239999999982,2454.9089988359515,0.0,fixed_auv_ga_pso_tlbo_proxy,traffic,21211115,3
1.0,1.0,202.0,0.7755775577557756,0.4837317747904862,0.11424986685500689,1.0,0.41129641946225165,0.0,0.0,0.04950495049504951,4966.170000000006,2120.799999999999,0.0,independent_greedy,traffic,21211115,3
0.0,0.3333333333333333,300.0,0.821111111111111,0.6059676261419702,0.4668204301815517,1.0,0.7510068066756304,0.0,0.0,0.0,7798.001024988081,2983.022163864214,0.0,communication_aware,traffic,21211115,3
1.0,1.0,273.0,0.5799755799755799,0.5909148968054387,0.2759734158925005,1.0,0.6908356390096134,0.0,0.0,0.0,8348.001242167902,2273.44710682341,629.0,haco_safemarl_pilot_no_acoustic,traffic,21211115,3
0.0,0.6666666666666666,300.0,0.7733333333333333,0.5084886814166534,0.2977446778919428,1.0,0.6545248646015029,0.0,67.0,0.0,8990.564203177424,2481.542201006441,0.0,haco_safemarl_pilot_no_shield,traffic,21211115,3
0.0,0.3333333333333333,300.0,0.7133333333333334,0.685759121786962,0.5931793542731142,1.0,0.7373388268602896,0.0,0.0,0.0,8879.626603292269,3099.2817360148188,799.0,haco_safemarl_pilot,traffic,21211115,3
0.0,0.0,300.0,0.6044444444444443,0.598802774212081,0.30030522319800623,0.6666666666666669,0.46034928645631223,0.0,0.0,0.0,1285.6625073597743,368.22141787277144,765.0,mappo_no_acoustic_shield,traffic,21211115,3
1.0,1.0,257.0,0.7418936446173799,0.40879431483017564,0.3907735242508144,1.0,0.9762838038487642,0.0,0.0,0.0,4763.494999999983,2325.760669419765,0.0,fixed_auv_ga_pso_tlbo_proxy,traffic,21221122,3
1.0,1.0,196.0,0.7363945578231291,0.4116571015204488,0.3213170210214111,1.0,0.9467234095295217,0.0,0.0,0.0,4818.660000000006,2058.6000000000026,0.0,independent_greedy,traffic,21221122,3
0.0,0.0,300.0,0.811111111111111,0.5651593620850509,0.5415431343938473,1.0,0.9823917299471324,0.0,0.0,0.0,7777.1834821032935,2970.590840693064,0.0,communication_aware,traffic,21221122,3
0.0,0.6666666666666666,300.0,0.7933333333333333,0.4511184436733821,0.385669047100158,1.0,0.9834555663053327,0.0,0.0,0.0,5476.1858016815,1593.7103995091052,992.0,haco_safemarl_pilot_no_acoustic,traffic,21221122,3
0.0,0.3333333333333333,300.0,0.8333333333333334,0.3971174199136015,0.37169664527708207,1.0,0.9949588710733926,0.0,0.0,0.0,8921.898981748567,2934.9321021171404,0.0,haco_safemarl_pilot_no_shield,traffic,21221122,3
0.0,0.0,300.0,0.7811111111111111,0.661321173451248,0.6396504172400346,1.0,0.9936503036733872,0.0,0.0,0.0,6646.18974031509,2490.69583436526,1006.0,haco_safemarl_pilot,traffic,21221122,3
0.0,0.0,300.0,0.5488888888888889,0.5775539213666763,0.3835840848882679,0.6666666666666669,0.5745857122131611,0.0,0.0,0.0,1910.2430807118394,928.3583032161993,657.0,mappo_no_acoustic_shield,traffic,21221122,3
0.0,1.0,296.0,0.463963963963964,0.6001398965902334,0.3580489424991425,0.6666666666666669,0.7078022690120495,0.0,58.0,0.07432432432432433,5486.359999999977,3066.1621563489757,0.0,fixed_auv_ga_pso_tlbo_proxy,traffic,21231129,3
0.0,1.0,226.0,0.5781710914454277,0.5759612583825939,0.3849212399861354,1.0,0.8474337452261295,0.0,45.0,0.01327433628318584,5556.210000000007,2707.40000000001,0.0,independent_greedy,traffic,21231129,3
0.0,0.6666666666666666,300.0,0.5122222222222222,0.7319260520886377,0.6143235667331058,0.9555555555555555,0.7043201143769116,0.0,53.0,0.07666666666666666,8083.640455515022,3653.1539575749835,0.0,communication_aware,traffic,21231129,3
0.0,0.6666666666666666,300.0,0.3655555555555556,0.7435011617015529,0.5519139423851117,0.6666666666666669,0.9231398661811374,0.0,0.0,0.07333333333333333,7021.764167383892,1761.8058321280769,577.0,haco_safemarl_pilot_no_acoustic,traffic,21231129,3
0.0,1.0,268.0,0.4701492537313433,0.6471096119424654,0.4548667122608291,0.6666666666666669,0.8947991239952858,0.0,43.0,0.0708955223880597,8235.71549730458,2200.7209733566237,0.0,haco_safemarl_pilot_no_shield,traffic,21231129,3
0.0,0.6666666666666666,300.0,0.39555555555555555,0.7909829410855796,0.7272863367837914,0.6666666666666669,0.8236368087354238,0.0,0.0,0.07333333333333333,5374.208522576441,1926.8166819173775,779.0,haco_safemarl_pilot,traffic,21231129,3
0.0,0.0,300.0,0.21333333333333335,0.8171288199877914,0.6589873751509397,0.3333333333333334,0.8717756071763436,0.0,21.0,0.01,2105.065694861577,916.0487223849327,412.0,mappo_no_acoustic_shield,traffic,21231129,3
0.0,0.6666666666666666,300.0,0.36666666666666664,0.6694961469963836,0.5012838908829285,0.6666666666666669,0.8548290339907423,0.02666666666666667,0.0,0.07,5560.499999999976,2817.163914279923,0.0,fixed_auv_ga_pso_tlbo_proxy,traffic,21241136,3
0.0,0.6666666666666666,300.0,0.6533333333333333,0.5404294745263473,0.30283334411571655,1.0,0.92968884224713,0.0,0.0,0.04,7375.50000000001,3727.8000000000225,0.0,independent_greedy,traffic,21241136,3
0.0,0.6666666666666666,300.0,0.41444444444444445,0.7539397321759631,0.6696113534678033,0.6666666666666669,0.7992776456667818,0.023333333333333334,0.0,0.07666666666666666,8143.142150863944,3483.8375910224227,0.0,communication_aware,traffic,21241136,3
0.0,0.6666666666666666,300.0,0.38666666666666666,0.6894586023922464,0.439699530180569,0.6666666666666669,0.8913226619388891,0.0,0.0,0.09,9148.970866609234,2511.988404390003,443.0,haco_safemarl_pilot_no_acoustic,traffic,21241136,3
0.0,0.6666666666666666,300.0,0.44333333333333336,0.6547755735420779,0.44838206168117106,0.6666666666666669,0.8211905577402393,0.0,0.0,0.07666666666666666,9137.984902150716,2618.9668531479447,0.0,haco_safemarl_pilot_no_shield,traffic,21241136,3
0.0,0.3333333333333333,300.0,0.41444444444444445,0.7805144606783886,0.6778560264967993,0.6666666666666669,0.7971853138270181,0.0,0.0,0.07666666666666666,8802.81163070054,3197.714082185108,455.0,haco_safemarl_pilot,traffic,21241136,3
0.0,0.3333333333333333,300.0,0.3522222222222222,0.7898573080961562,0.6539914431859649,0.6666666666666669,0.8247831202168664,0.0,0.0,0.10333333333333333,1180.51121691579,323.3179662672462,725.0,mappo_no_acoustic_shield,traffic,21241136,3
0.0,1.0,276.0,0.41062801932367143,0.6979606874488902,0.49489958095474756,1.0,0.9322090953996601,0.0,92.0,0.0,5115.65999999998,2143.8135504101488,0.0,fixed_auv_ga_pso_tlbo_proxy,traffic,21251143,3
0.0,1.0,211.0,0.43601895734597157,0.6572859065765231,0.32972992417367697,1.0,0.7830823392818343,0.0,70.0,0.0,5187.435000000007,1778.400000000002,0.0,independent_greedy,traffic,21251143,3
0.0,0.3333333333333333,300.0,0.5544444444444444,0.7155140651553057,0.5956041225928725,1.0,0.9508494315305361,0.0,176.0,0.0,8030.151140768522,2905.4354379952974,0.0,communication_aware,traffic,21251143,3
0.0,0.3333333333333333,300.0,0.37111111111111106,0.7045297647495633,0.44344656814081135,0.6666666666666669,0.8138505701464659,0.0,0.0,0.0,9196.83900022273,3128.4759060990264,533.0,haco_safemarl_pilot_no_acoustic,traffic,21251143,3
0.0,0.3333333333333333,300.0,0.5911111111111111,0.6060716466314685,0.4466796696253106,1.0,0.894667300350668,0.0,139.0,0.0,9158.00174824828,2860.098577205562,0.0,haco_safemarl_pilot_no_shield,traffic,21251143,3
0.0,0.0,300.0,0.39444444444444443,0.7627273547752619,0.6393776075435772,0.6666666666666669,0.8040763508499836,0.0,0.0,0.0,9067.760620824685,3155.931840371225,574.0,haco_safemarl_pilot,traffic,21251143,3
0.0,0.0,300.0,0.31888888888888894,0.7949880856673821,0.645699035206547,0.6666666666666669,0.8117872240482947,0.0,0.0,0.0033333333333333335,1279.8774254117404,185.7301723072875,615.0,mappo_no_acoustic_shield,traffic,21251143,3
0.0,0.6666666666666666,300.0,0.29,0.8002171202589908,0.706188897630008,0.6666666666666669,0.9038789752550694,0.0,30.0,0.05333333333333334,5560.499999999976,3248.3886680791306,0.0,fixed_auv_ga_pso_tlbo_proxy,traffic,21261150,3
0.0,1.0,239.0,0.37517433751743373,0.7030333772858487,0.3484967584783181,0.6666666666666666,0.709647764174867,0.0,23.0,0.07112970711297072,5875.815000000008,2960.2000000000066,0.0,independent_greedy,traffic,21261150,3
0.0,0.6666666666666666,300.0,0.3466666666666666,0.8151999739577553,0.7498697365782874,0.6666666666666669,0.868341344870856,0.0,26.0,0.09666666666666666,8261.57463920211,3695.002586521473,0.0,communication_aware,traffic,21261150,3
1.0,1.0,232.0,0.1982758620689655,0.7484135227902134,0.43368802658155,0.3333333333333333,0.8910064900245024,0.0,0.0,0.22844827586206898,7035.869692010523,1900.2980721359354,297.0,haco_safemarl_pilot_no_acoustic,traffic,21261150,3
0.0,1.0,233.0,0.2317596566523605,0.7499311677754587,0.4403396534568516,0.47222222222222215,0.8692699335702924,0.0,91.0,0.21888412017167383,7257.082983812114,1808.320215085856,0.0,haco_safemarl_pilot_no_shield,traffic,21261150,3
1.0,1.0,232.0,0.18821839080459765,0.7620281161098963,0.47516288308788257,0.3333333333333333,0.9029209693517444,0.0,0.0,0.28448275862068967,7072.799173337154,1890.0788222361327,305.0,haco_safemarl_pilot,traffic,21261150,3
0.0,0.3333333333333333,300.0,0.04444444444444444,0.8926028011464101,0.8828573552382443,0.3333333333333334,0.9956919761852284,0.0,0.0,0.043333333333333335,2200.56674940905,496.5581137219478,463.0,mappo_no_acoustic_shield,traffic,21261150,3
1.0,1.0,139.0,0.5275779376498799,0.7024828306372215,0.48927444478697907,0.6666666666666666,0.5887912853097865,0.0,0.0,0.0,2576.365,928.3958857465853,0.0,fixed_auv_ga_pso_tlbo_proxy,traffic,21271157,3
1.0,1.0,107.0,0.6105919003115267,0.6271883682084203,0.4144719093555033,0.6666666666666667,0.44733602436022923,0.0,0.0,0.0,2630.595000000003,721.2,0.0,independent_greedy,traffic,21271157,3
1.0,1.0,232.0,0.5833333333333333,0.7269087122470247,0.6031879432069919,0.6666666666666666,0.4956037996683674,0.0,0.0,0.0,6226.985975938111,2594.2276347481175,0.0,communication_aware,traffic,21271157,3
1.0,1.0,141.0,0.45390070921985803,0.7727710306160459,0.6470399307092172,0.6666666666666665,0.6846683858294278,0.0,0.0,0.0,4358.180855545101,1084.9702864475962,274.0,haco_safemarl_pilot_no_acoustic,traffic,21271157,3
1.0,1.0,113.0,0.5663716814159292,0.7260456252324632,0.5591494193663753,0.6666666666666666,0.5345454543766083,0.0,0.0,0.0,3561.514370857959,778.4990063688175,0.0,haco_safemarl_pilot_no_shield,traffic,21271157,3
1.0,1.0,202.0,0.45544554455445546,0.7777400751742332,0.7058254723044463,0.6666666666666665,0.7194672372896952,0.0,0.0,0.0,6109.304972815934,1715.0609088021968,388.0,haco_safemarl_pilot,traffic,21271157,3
0.0,0.0,300.0,0.09444444444444443,0.8526722865437142,0.7891590519498538,0.3333333333333334,0.9787085127813995,0.0,0.0,0.0,1329.265145284483,226.721947060345,383.0,mappo_no_acoustic_shield,traffic,21271157,3
1.0,1.0,231.0,0.4141414141414142,0.8022649125031702,0.767665346337062,0.861111111111111,0.8825141875624165,0.0,0.0,0.08658008658008658,4281.584999999986,2383.714643903096,0.0,fixed_auv_ga_pso_tlbo_proxy,traffic,21281164,3
1.0,1.0,177.0,0.3220338983050847,0.7382687858696613,0.5120243728205098,0.5370370370370369,0.7300503598265466,0.0,0.0,0.06779661016949153,4351.5450000000055,1898.5999999999963,0.0,independent_greedy,traffic,21281164,3
1.0,1.0,273.0,0.6105006105006104,0.7742008555207803,0.7494735829315395,1.0,0.8504960337036944,0.0,0.0,0.07326007326007326,7375.3354923164625,3144.458907313908,0.0,communication_aware,traffic,21281164,3
1.0,1.0,172.0,0.20348837209302326,0.8392723547851421,0.7588083322916122,0.33333333333333326,0.9503451533465264,0.0,0.0,0.0,5502.328246453195,1209.6851356466748,134.0,haco_safemarl_pilot_no_acoustic,traffic,21281164,3
1.0,1.0,172.0,0.23255813953488372,0.7913601342065019,0.6603349428371829,0.33333333333333326,0.9472310813036214,0.0,0.0,0.0,5380.798179486661,1267.234768823933,0.0,haco_safemarl_pilot_no_shield,traffic,21281164,3
1.0,1.0,172.0,0.19961240310077516,0.8427629910442059,0.7690428247751304,0.33333333333333326,0.9503774897444439,0.0,0.0,0.0,5520.477825224642,1223.3350887459414,132.0,haco_safemarl_pilot,traffic,21281164,3
0.0,0.0,300.0,0.02666666666666667,0.8844619305845477,0.8514793649763452,0.2666666666666666,0.9985010304245711,0.0,0.0,0.13,1496.3974001433937,162.04364389617007,354.0,mappo_no_acoustic_shield,traffic,21281164,3
0.0,0.6666666666666666,300.0,0.2755555555555555,0.760106085981163,0.5745230554006284,0.6666666666666669,0.9201385279592804,0.0,26.0,0.06666666666666667,5560.499999999976,2723.0520552782605,0.0,fixed_auv_ga_pso_tlbo_proxy,traffic,21291171,3
0.0,1.0,265.0,0.32955974842767294,0.6948434443343516,0.5698586605845782,0.6666666666666669,0.8920572117418095,0.0,20.0,0.04150943396226415,6515.025000000009,2948.6000000000176,0.0,independent_greedy,traffic,21291171,3
0.0,0.3333333333333333,300.0,0.32999999999999996,0.8099891644895457,0.6992570565778736,0.6666666666666669,0.8827025174862454,0.0,22.0,0.07333333333333333,8218.929947637715,3374.0972803389254,0.0,communication_aware,traffic,21291171,3
0.0,0.6666666666666666,300.0,0.3522222222222222,0.7543921724887095,0.6611157139576093,0.6666666666666669,0.8704590095593749,0.0,3.0,0.05333333333333334,9155.122380005287,2953.915560322652,371.0,haco_safemarl_pilot_no_acoustic,traffic,21291171,3
0.0,0.6666666666666666,300.0,0.3755555555555556,0.7098651288482511,0.5941606466980427,0.6666666666666669,0.8467894579580924,0.0,19.0,0.05,9153.09237957946,2985.0585816838357,0.0,haco_safemarl_pilot_no_shield,traffic,21291171,3
0.0,0.3333333333333333,300.0,0.3411111111111111,0.8189852881338947,0.7547140366306855,0.6666666666666669,0.8817434823027526,0.0,3.0,0.04666666666666667,9062.258170596564,3183.3147632835967,368.0,haco_safemarl_pilot,traffic,21291171,3
0.0,0.0,300.0,0.20222222222222222,0.7982300653491345,0.5811101304201632,0.3333333333333334,0.8861272112103171,0.0,2.0,0.08333333333333333,874.8661964124901,134.3902050676317,438.0,mappo_no_acoustic_shield,traffic,21291171,3
1.0,1.0,267.0,0.132334581772784,0.8621513835260083,0.7764071241261108,0.3333333333333334,0.9555447409814107,0.0,0.0,0.0,4948.844999999981,1736.0763029138682,0.0,fixed_auv_ga_pso_tlbo_proxy,traffic,21301178,3
1.0,1.0,204.0,0.4150326797385621,0.7100443677571144,0.453326532665906,0.6666666666666665,0.7426697260800886,0.0,0.0,0.0,5015.3400000000065,1391.2000000000023,0.0,independent_greedy,traffic,21301178,3
1.0,1.0,282.0,0.22222222222222218,0.8528894747566274,0.7950263343669723,0.6666666666666669,0.9376995212037993,0.0,0.0,0.0,7872.6518546769685,2833.8206908825427,0.0,communication_aware,traffic,21301178,3
1.0,1.0,215.0,0.03875968992248061,0.8734946038455986,0.8271263140209647,0.33333333333333326,0.9967587189262924,0.0,0.0,0.0,4971.069448021105,1251.2969876287223,292.0,haco_safemarl_pilot_no_acoustic,traffic,21301178,3
1.0,1.0,200.0,0.105,0.8542583915469785,0.7942175532013382,0.4833333333333333,0.9828829103847246,0.0,0.0,0.0,6427.917123741138,1633.2965482048837,0.0,haco_safemarl_pilot_no_shield,traffic,21301178,3
1.0,1.0,219.0,0.024353120243531198,0.8722144933744373,0.8278254117862027,0.24242424242424238,0.9987554478372229,0.0,0.0,0.0,4976.627413729521,1285.5769979523861,291.0,haco_safemarl_pilot,traffic,21301178,3
0.0,0.0,300.0,0.12,0.8656114172899702,0.8527736735953578,0.3333333333333334,0.9806669479413725,0.0,0.0,0.0,2873.398921341259,756.6467347566194,665.0,mappo_no_acoustic_shield,traffic,21301178,3
0.0,0.6666666666666666,300.0,0.31,0.7424393162507578,0.6489447365725005,0.6666666666666669,0.9082475463160721,0.07,64.0,0.16666666666666666,5560.499999999976,3005.958794073697,0.0,fixed_auv_ga_pso_tlbo_proxy,traffic,21311185,3
0.0,1.0,297.0,0.4736251402918069,0.6073033158753065,0.386659115855159,0.6666666666666669,0.7811253748507526,0.0,49.0,0.18855218855218855,7301.74500000001,3515.6000000000195,0.0,independent_greedy,traffic,21311185,3
0.0,0.3333333333333333,300.0,0.3588888888888889,0.8049167649301159,0.7440473221970074,0.6666666666666669,0.8644565094012141,0.07333333333333333,80.0,0.17666666666666667,8201.501704871858,3570.10935067141,0.0,communication_aware,traffic,21311185,3
0.0,0.6666666666666666,300.0,0.27555555555555555,0.7698742346253955,0.582177829523127,0.6666666666666669,0.8948502911645437,0.05,0.0,0.18666666666666668,8695.38883466423,2590.55064352547,464.0,haco_safemarl_pilot_no_acoustic,traffic,21311185,3
0.0,0.6666666666666666,300.0,0.3933333333333333,0.6875183498723181,0.48859626758529867,0.6666666666666669,0.929179211678086,0.056666666666666664,67.0,0.13666666666666666,9309.660640542757,2489.207593920791,0.0,haco_safemarl_pilot_no_shield,traffic,21311185,3
0.0,0.3333333333333333,300.0,0.33555555555555555,0.8197312954851721,0.7516193580002648,0.6666666666666669,0.8766737758846296,0.056666666666666664,0.0,0.15666666666666668,8541.891203987687,3222.578726814442,488.0,haco_safemarl_pilot,traffic,21311185,3
0.0,0.3333333333333333,300.0,0.3155555555555556,0.7866806101289906,0.6671244676381723,0.6666666666666669,0.7987202153913344,0.0,0.0,0.0,1757.0966701980215,307.24741756526385,570.0,mappo_no_acoustic_shield,traffic,21311185,3
0.0,0.6666666666666666,300.0,0.6277777777777778,0.5905790858438937,0.4409087288392123,1.0,0.8607729885066417,0.0,0.0,0.0,5560.499999999976,3170.5563842847932,0.0,fixed_auv_ga_pso_tlbo_proxy,traffic,21321192,3
1.0,1.0,248.0,0.45698924731182794,0.5306217903500787,0.10199722055587282,0.6666666666666667,0.6603871300227532,0.0,0.0,0.07661290322580645,6097.080000000008,2970.400000000007,0.0,independent_greedy,traffic,21321192,3
0.0,0.6666666666666666,300.0,0.7722222222222221,0.6785689643011042,0.6315406927614556,1.0,0.9725982992540015,0.0,0.0,0.0,7877.963813418554,3110.7822951511307,0.0,communication_aware,traffic,21321192,3
1.0,1.0,241.0,0.318118948824343,0.6862481193053471,0.31954055759821,0.4799999999999999,0.7268320398265069,0.0,0.0,0.016597510373443983,7723.7148660696375,1875.2063158460217,315.0,haco_safemarl_pilot_no_acoustic,traffic,21321192,3
1.0,1.0,241.0,0.47579529737206083,0.6342946760704222,0.23305666023450397,0.6666666666666667,0.6665320988435869,0.0,0.0,0.008298755186721992,7550.814259273725,1783.3522945625114,0.0,haco_safemarl_pilot_no_shield,traffic,21321192,3
1.0,1.0,268.0,0.3283582089552239,0.7188789252036513,0.45303267035267575,0.7037037037037037,0.7700717781493202,0.0,0.0,0.014925373134328358,8541.136058574131,2161.6616357372086,441.0,haco_safemarl_pilot,traffic,21321192,3
0.0,0.0,300.0,0.6211111111111112,0.6934970673963643,0.5755867592213958,1.0,0.9303745302662465,0.0,0.0,0.0,1503.360744161727,232.20910269274202,867.0,mappo_no_acoustic_shield,traffic,21321192,3
0.0,1.0,285.0,0.42339181286549704,0.6872972184852998,0.3893348717303284,0.9540229885057471,0.8114210357190057,0.0035087719298245615,0.0,0.11578947368421053,5282.4749999999785,2633.5330694193735,0.0,fixed_auv_ga_pso_tlbo_proxy,traffic,21331199,3
0.0,1.0,218.0,0.4281345565749236,0.6226477108317143,0.13465278277124326,0.8181818181818182,0.7090874064254713,0.04128440366972477,0.0,0.045871559633027525,5359.530000000007,2121.0000000000005,0.0,independent_greedy,traffic,21331199,3
0.0,0.3333333333333333,300.0,0.6333333333333332,0.6947134903544867,0.5676673829917958,1.0,0.8861871972416968,0.01,0.0,0.17,7979.229771011103,2916.464314182434,0.0,communication_aware,traffic,21331199,3
1.0,1.0,212.0,0.3018867924528302,0.735330276404258,0.36720225387440214,0.33333333333333326,0.7278043592625435,0.0,0.0,0.1650943396226415,6630.683016999038,1591.9289452885923,247.0,haco_safemarl_pilot_no_acoustic,traffic,21331199,3
0.0,1.0,212.0,0.29088050314465413,0.7281214026840164,0.3471572712681641,0.33333333333333326,0.7482076577477093,0.03773584905660377,0.0,0.14150943396226415,6727.507364680802,1547.7397438472735,0.0,haco_safemarl_pilot_no_shield,traffic,21331199,3
0.0,0.0,300.0,0.591111111111111,0.7268940015260946,0.5862060258142571,1.0,0.796003056065125,0.0,0.0,0.15666666666666668,8823.11202915055,2904.72587727331,678.0,haco_safemarl_pilot,traffic,21331199,3
0.0,0.0,300.0,0.0,0.8923672095469884,0.8538429735184673,0.0,0.9999999998888889,0.0,0.0,0.14,1159.1569636926965,250.20611393608624,349.0,mappo_no_acoustic_shield,traffic,21331199,3
1.0,1.0,228.0,0.5014619883040936,0.6020827711975308,0.427933068256314,0.6666666666666664,0.6579249626047358,0.0,0.0,0.09210526315789473,4225.979999999987,1637.1975930488434,0.0,fixed_auv_ga_pso_tlbo_proxy,traffic,21341206,3
1.0,1.0,174.0,0.6858237547892723,0.5191503245886576,0.3292910404794952,1.0,0.7611931843820147,0.0,0.0,0.13793103448275862,4277.790000000005,1333.6000000000013,0.0,independent_greedy,traffic,21341206,3
0.0,0.3333333333333333,300.0,0.5622222222222222,0.7093488491236931,0.5990722570087186,0.6666666666666669,0.5460903089719978,0.0,0.0,0.06333333333333334,8024.3926723557815,3325.593456093141,0.0,communication_aware,traffic,21341206,3
0.0,0.6666666666666666,300.0,0.5344444444444445,0.615897765856331,0.41404323806208976,0.6666666666666669,0.6181572987439247,0.0,0.0,0.08333333333333333,8891.118613244103,2733.5712013062944,588.0,haco_safemarl_pilot_no_acoustic,traffic,21341206,3
0.0,0.3333333333333333,300.0,0.5744444444444444,0.5638266891351487,0.3620907092357308,0.6666666666666669,0.5398316715848216,0.0,0.0,0.06666666666666667,8955.060479459695,3014.178262094009,0.0,haco_safemarl_pilot_no_shield,traffic,21341206,3
0.0,0.3333333333333333,300.0,0.5122222222222222,0.7457907178713655,0.6393138232771194,0.6666666666666669,0.6496206182067239,0.0,0.0,0.07666666666666666,8739.080893392253,2984.2993207853533,589.0,haco_safemarl_pilot,traffic,21341206,3
0.0,0.3333333333333333,300.0,0.5422222222222222,0.610966933528721,0.48604191593450047,0.7444444444444444,0.6279140307901,0.0,0.0,0.08333333333333333,2252.904400000949,250.73842407027155,830.0,mappo_no_acoustic_shield,traffic,21341206,3
0.0,0.3333333333333333,300.0,0.37444444444444436,0.7143975210564144,0.6471974190075117,1.0,0.9876362024668788,0.0,134.0,0.0,5560.499999999976,2463.814343789813,0.0,fixed_auv_ga_pso_tlbo_proxy,traffic,21351213,3
0.0,1.0,277.0,0.48856799037304444,0.6082973960318946,0.5313512329143032,1.0,0.982624211450417,0.0,103.0,0.0,6810.045000000009,2604.600000000007,0.0,independent_greedy,traffic,21351213,3
0.0,0.3333333333333333,300.0,0.461111111111111,0.767829187266675,0.7347484986144356,1.0,0.991268325814426,0.0,151.0,0.0,8100.483910118679,2995.64509813607,0.0,communication_aware,traffic,21351213,3
0.0,0.3333333333333333,300.0,0.34333333333333343,0.780281637387012,0.7014232247203884,1.0,0.9641748028709414,0.0,0.0,0.0,8228.202895813592,2812.5294265664534,563.0,haco_safemarl_pilot_no_acoustic,traffic,21351213,3
0.0,0.3333333333333333,300.0,0.5422222222222222,0.6335165594635901,0.6001613556516563,1.0,0.9935264846975862,0.0,102.0,0.0,9253.315156335926,2967.9748870950657,0.0,haco_safemarl_pilot_no_shield,traffic,21351213,3
0.0,0.3333333333333333,300.0,0.34666666666666673,0.8203226256714847,0.7922932453317052,1.0,0.982489641869067,0.0,0.0,0.0,8096.9457927246885,2913.6930797179784,568.0,haco_safemarl_pilot,traffic,21351213,3
0.0,0.0,300.0,0.3933333333333333,0.7320467152707081,0.5266601827010685,0.6666666666666669,0.8232428668795995,0.0,0.0,0.0,1646.2389855571603,634.8983486598413,754.0,mappo_no_acoustic_shield,traffic,21351213,3
0.0,1.0,277.0,0.3200962695547533,0.7244487998351953,0.44244392775667485,0.8571428571428571,0.8185067522472478,0.0,107.0,0.0,5134.19499999998,1865.6934362645413,0.0,fixed_auv_ga_pso_tlbo_proxy,traffic,21361220,3
0.0,1.0,212.0,0.4811320754716981,0.6025669906570503,0.1325485586765615,1.0,0.6977817075380858,0.0,82.0,0.0,5212.020000000007,1476.4000000000026,0.0,independent_greedy,traffic,21361220,3
0.0,0.6666666666666666,300.0,0.5633333333333334,0.743406579546365,0.6166991592173411,1.0,0.8698068893528488,0.0,106.0,0.0,8109.991698243164,2892.3757922369514,0.0,communication_aware,traffic,21361220,3
1.0,1.0,261.0,0.4329501915708812,0.7407322231606535,0.6269942915047075,1.0,0.780446091145614,0.0,0.0,0.0,6578.67794011464,1547.239328278446,531.0,haco_safemarl_pilot_no_acoustic,traffic,21361220,3
0.0,1.0,246.0,0.5880758807588077,0.6785774113040051,0.6174197939606225,1.0,0.811649188938208,0.0,93.0,0.0,7763.844578912707,2003.4896459390964,0.0,haco_safemarl_pilot_no_shield,traffic,21361220,3
0.0,0.6666666666666666,300.0,0.4388888888888889,0.7755679704160467,0.7275082047802306,0.8333333333333334,0.7718978044854343,0.0,0.0,0.0,7360.826764012391,1974.5187184079348,711.0,haco_safemarl_pilot,traffic,21361220,3
0.0,0.3333333333333333,300.0,0.14777777777777776,0.8422131383996622,0.7307997407359327,0.3333333333333334,0.9432742151101554,0.0,0.0,0.0,2437.8109327083043,289.1911263600472,545.0,mappo_no_acoustic_shield,traffic,21361220,3
0.0,1.0,181.0,0.5285451197053407,0.6087240024409268,0.41204211360188836,0.6666666666666665,0.603695720077952,0.0,36.0,0.0,3354.8349999999937,1781.0894563989236,0.0,fixed_auv_ga_pso_tlbo_proxy,traffic,21371227,3
0.0,1.0,139.0,0.48201438848920863,0.6077609657658963,0.45586472886927903,0.6666666666666666,0.6974616555524312,0.0,28.0,0.08633093525179857,3417.315000000004,1518.9999999999986,0.0,independent_greedy,traffic,21371227,3
0.0,0.6666666666666666,300.0,0.5977777777777777,0.6560414018538892,0.5274779613735376,0.7333333333333333,0.49003066321104344,0.0,0.0,0.0,7980.422622770077,3715.2654411242993,0.0,communication_aware,traffic,21371227,3
1.0,1.0,271.0,0.4969249692496926,0.643485149806072,0.47852284881164525,0.6666666666666669,0.7240567362533687,0.0,0.0,0.07011070110701106,4471.637629992225,1188.9262465320426,739.0,haco_safemarl_pilot_no_acoustic,traffic,21371227,3
0.0,1.0,198.0,0.5286195286195287,0.6239302960540544,0.4448971760308161,0.6666666666666665,0.7284755902272848,0.0,11.0,0.0,5971.034746089315,1516.750040158086,0.0,haco_safemarl_pilot_no_shield,traffic,21371227,3
0.0,0.3333333333333333,300.0,0.5433333333333333,0.7319297623971387,0.6259030233570192,0.6666666666666669,0.5846736927725434,0.0,0.0,0.0,3490.67066005616,1718.2866705339538,873.0,haco_safemarl_pilot,traffic,21371227,3
0.0,0.0,300.0,0.24444444444444444,0.8248309456481886,0.6898111186099083,0.3333333333333334,0.8268955649599059,0.0,0.0,0.07,810.5924570230407,191.98394487257556,513.0,mappo_no_acoustic_shield,traffic,21371227,3
0.0,0.6666666666666666,300.0,0.6455555555555555,0.5016987686338318,0.4031803382430968,1.0,0.8515636107696241,0.04,56.0,0.08666666666666667,5560.499999999976,2761.11326746731,0.0,fixed_auv_ga_pso_tlbo_proxy,traffic,21381234,3
0.0,1.0,232.0,0.6436781609195401,0.4652256526704872,0.17844161658580937,1.0,0.6996086991803653,0.0,45.0,0.09051724137931035,5703.7200000000075,2443.200000000011,0.0,independent_greedy,traffic,21381234,3
0.0,0.3333333333333333,300.0,0.7044444444444444,0.6401191884875832,0.5806304350055742,1.0,0.8739840401361375,0.03333333333333333,46.0,0.08666666666666667,7890.197137085558,2980.769498460042,0.0,communication_aware,traffic,21381234,3
0.0,0.3333333333333333,300.0,0.6599999999999999,0.6286814720532135,0.4909264732996386,1.0,0.7844970586755413,0.0,0.0,0.12333333333333334,7768.3914226883,2521.6093390736046,799.0,haco_safemarl_pilot_no_acoustic,traffic,21381234,3
0.0,0.6666666666666666,300.0,0.7022222222222222,0.5170287428231678,0.3417167608124715,1.0,0.8382819785779018,0.0,40.0,0.0,9248.932158627502,2436.1076614871167,0.0,haco_safemarl_pilot_no_shield,traffic,21381234,3
0.0,0.0,300.0,0.6577777777777777,0.7049758856514967,0.6441344910900224,1.0,0.8516383869589059,0.03,0.0,0.09333333333333334,8439.22784752259,3099.461439960672,742.0,haco_safemarl_pilot,traffic,21381234,3
0.0,0.0,300.0,0.5111111111111111,0.7061610529410165,0.5777628519422163,1.0,0.8644092009671167,0.0,0.0,0.12,895.7363385133003,166.74801804816065,762.0,mappo_no_acoustic_shield,traffic,21381234,3
1.0,1.0,296.0,0.2882882882882883,0.7726039297415723,0.6120363841592568,0.6666666666666669,0.9200434884906791,0.0,0.0,0.0,5486.359999999977,2883.2964904622645,0.0,fixed_auv_ga_pso_tlbo_proxy,traffic,21391241,3
1.0,1.0,226.0,0.2831858407079646,0.7620201466317132,0.6922332557132861,0.6666666666666664,0.924475130151948,0.0,0.0,0.0,5556.210000000007,2555.4000000000083,0.0,independent_greedy,traffic,21391241,3
0.0,0.6666666666666666,300.0,0.34555555555555556,0.8108585636634332,0.7338996189576947,0.6666666666666669,0.8758972414849947,0.0,0.0,0.0,8215.14998986878,3508.742598820034,0.0,communication_aware,traffic,21391241,3
1.0,1.0,252.0,0.28439153439153436,0.7816042541028233,0.6248616761375458,0.6666666666666667,0.9481911276327571,0.0,0.0,0.0,7927.5308239630895,2133.3806852282687,251.0,haco_safemarl_pilot_no_acoustic,traffic,21391241,3
1.0,1.0,223.0,0.2660687593423019,0.7575733192414057,0.6119184794630178,0.6666666666666664,0.9626182402867316,0.0,0.0,0.0,7060.233820987846,1771.1173408636696,0.0,haco_safemarl_pilot_no_shield,traffic,21391241,3
0.0,0.3333333333333333,300.0,0.3566666666666667,0.8135576573043805,0.7371130328080802,0.6666666666666669,0.8655781130590208,0.0,0.0,0.01,9028.986321141467,3083.2201068999525,358.0,haco_safemarl_pilot,traffic,21391241,3
0.0,0.0,300.0,0.19333333333333333,0.8489333363766456,0.6857482454006909,0.3333333333333334,0.8969552164282063,0.0,0.0,0.05,736.2796068093008,160.1611288375862,386.0,mappo_no_acoustic_shield,traffic,21391241,3
1.0,1.0,226.0,0.528023598820059,0.6317250843797735,0.5481453474983694,1.0,0.9681018014876362,0.0,0.0,0.0,4188.909999999987,1881.6334368664584,0.0,fixed_auv_ga_pso_tlbo_proxy,traffic,21401248,3
1.0,1.0,173.0,0.5394990366088632,0.6274417866623181,0.5467754094150168,1.0,0.9652893953715226,0.0,0.0,0.0,4253.205000000005,1617.200000000004,0.0,independent_greedy,traffic,21401248,3
0.0,0.3333333333333333,300.0,0.6977777777777777,0.6508598826657908,0.6087057769471003,1.0,0.980102269451167,0.0,0.0,0.0,7905.261579206239,3019.2123512882226,0.0,communication_aware,traffic,21401248,3
1.0,1.0,287.0,0.5644599303135888,0.6331681555044293,0.5194171853840066,1.0,0.7829071531158325,0.0,0.0,0.020905923344947737,8691.593637322994,2730.3097568097446,563.0,haco_safemarl_pilot_no_acoustic,traffic,21401248,3
0.0,0.3333333333333333,300.0,0.6788888888888889,0.542056762598545,0.4481344442609218,1.0,0.882000104763926,0.0,0.0,0.0,9006.65916769816,3002.8744733489643,0.0,haco_safemarl_pilot_no_shield,traffic,21401248,3
0.0,0.3333333333333333,300.0,0.5733333333333333,0.7356045708685158,0.6931373755380024,1.0,0.8192819277831374,0.0,0.0,0.0,8954.69881117133,3037.0520209999772,608.0,haco_safemarl_pilot,traffic,21401248,3
0.0,0.0,300.0,0.2877777777777777,0.8352553488668475,0.7851758390088935,0.6666666666666669,0.9234048671842233,0.0,0.0,0.0,1079.9383433615164,763.0801827498166,668.0,mappo_no_acoustic_shield,traffic,21401248,3
0.0,1.0,244.0,0.2349726775956284,0.8116621160114966,0.7179683585607374,0.6666666666666667,0.9520166601194898,0.0,46.0,0.2540983606557377,4522.5399999999845,2353.346608017226,0.0,fixed_auv_ga_pso_tlbo_proxy,traffic,21411255,3
0.0,1.0,187.0,0.2513368983957219,0.7973174119266947,0.6467315521799838,0.6666666666666665,0.9287045517448702,0.0962566844919786,35.0,0.43315508021390375,4597.395000000006,2052.8000000000065,0.0,independent_greedy,traffic,21411255,3
0.0,0.3333333333333333,300.0,0.36666666666666664,0.8020192648789858,0.7334389387847913,0.6666666666666669,0.8558017509113218,0.0,40.0,0.20333333333333334,8191.741936527342,3696.6311196885645,0.0,communication_aware,traffic,21411255,3
1.0,1.0,285.0,0.2725146198830409,0.8065976060817739,0.6863050250679192,0.6666666666666669,0.9323269856428518,0.0,0.0,0.28771929824561404,7793.764244791526,2261.249653677698,482.0,haco_safemarl_pilot_no_acoustic,traffic,21411255,3
0.0,1.0,224.0,0.30208333333333337,0.7855631171258944,0.69725755026222,0.6666666666666664,0.9143440287076858,0.0,34.0,0.45535714285714285,6892.251108543286,1987.4786258443246,0.0,haco_safemarl_pilot_no_shield,traffic,21411255,3
0.0,0.3333333333333333,300.0,0.3277777777777778,0.8245840382394201,0.7630106707805752,0.6666666666666669,0.8934870219367476,0.0,0.0,0.2866666666666667,8528.201172771485,3076.7317628351107,503.0,haco_safemarl_pilot,traffic,21411255,3
0.0,0.3333333333333333,300.0,0.21444444444444444,0.8468479146064408,0.7903036314917987,0.6666666666666669,0.9620491676981323,0.0,0.0,0.2966666666666667,1357.578826989036,277.2611678161463,531.0,mappo_no_acoustic_shield,traffic,21411255,3
1.0,1.0,197.0,0.49069373942470385,0.7028561638781545,0.5396141228009291,1.0,0.8091614640534187,0.0,0.0,0.0,3651.3949999999913,1322.1744250932654,0.0,fixed_auv_ga_pso_tlbo_proxy,traffic,21421262,3
1.0,1.0,151.0,0.6181015452538631,0.59155939073328,0.3383775405773888,0.9375,0.5059762301307372,0.0,0.0,0.0,3712.3350000000046,1057.6000000000001,0.0,independent_greedy,traffic,21421262,3
0.0,0.6666666666666666,300.0,0.7388888888888889,0.6816296264714469,0.6110760296996212,1.0,0.8906252506949816,0.0,0.0,0.0,7897.365989246251,2949.96532638177,0.0,communication_aware,traffic,21421262,3
1.0,1.0,209.0,0.47368421052631576,0.7016762733932942,0.6924730954282251,1.0,0.9524059397106747,0.0,0.0,0.0,6516.338595459389,1385.023416247055,446.0,haco_safemarl_pilot_no_acoustic,traffic,21421262,3
1.0,1.0,186.0,0.7132616487455198,0.6479974276889642,0.5934370630599815,1.0,0.6429576044242576,0.0,0.0,0.0,5806.123995850152,1585.7812319848993,0.0,haco_safemarl_pilot_no_shield,traffic,21421262,3
0.0,0.6666666666666666,300.0,0.5533333333333333,0.7366801082026486,0.6931659716318003,1.0,0.9147844983961629,0.0,0.0,0.0,8960.111406089214,2804.4526158966974,693.0,haco_safemarl_pilot,traffic,21421262,3
0.0,0.0,300.0,0.38777777777777783,0.7836718221470134,0.7044506175149016,0.6666666666666669,0.8729810938722787,0.0,0.0,0.0,2426.8095079641726,347.67674392531393,648.0,mappo_no_acoustic_shield,traffic,21421262,3
1.0,1.0,285.0,0.28538011695906423,0.7647573333910969,0.6253909823370624,0.6666666666666669,0.9206686246118112,0.0,0.0,0.0,5282.4749999999785,2472.3445342386976,0.0,fixed_auv_ga_pso_tlbo_proxy,traffic,21431269,3
1.0,1.0,218.0,0.30275229357798167,0.7462827867049452,0.6493859926446961,0.6666666666666665,0.9352079227296469,0.0,0.0,0.0,5359.530000000007,2018.8000000000025,0.0,independent_greedy,traffic,21431269,3
0.0,0.6666666666666666,300.0,0.3533333333333333,0.8045278758745324,0.7035843054485753,0.6666666666666669,0.8662574802363991,0.0,0.0,0.0,8199.62208959244,3285.5356731460347,0.0,communication_aware,traffic,21431269,3
1.0,1.0,293.0,0.28668941979522194,0.7737731339497939,0.6527155998715669,0.6666666666666669,0.9239637020705476,0.0,0.0,0.0,9112.709786106754,2479.7584393173643,343.0,haco_safemarl_pilot_no_acoustic,traffic,21431269,3
1.0,1.0,246.0,0.28319783197831977,0.7712499424218889,0.6407193516903993,0.6666666666666667,0.9268621467854719,0.0,0.0,0.0,7731.330249498779,1995.9738149323543,0.0,haco_safemarl_pilot_no_shield,traffic,21431269,3
0.0,0.3333333333333333,300.0,0.35333333333333333,0.8134537738862506,0.7244518960451114,0.6666666666666669,0.8684963537579237,0.0,0.0,0.0,9071.59245916462,3093.204353137781,380.0,haco_safemarl_pilot,traffic,21431269,3
0.0,0.3333333333333333,300.0,0.20666666666666667,0.7824699091102,0.5134518967836001,0.3333333333333334,0.8804949324005945,0.0,0.0,0.0,1459.820112797634,235.21524437296264,537.0,mappo_no_acoustic_shield,traffic,21431269,3
0.0,0.6666666666666666,300.0,0.5788888888888888,0.5366639142538333,0.34546146594369465,1.0,0.790822253028469,0.0,0.0,0.0,5560.499999999976,2448.441355110104,0.0,fixed_auv_ga_pso_tlbo_proxy,traffic,21441276,3
0.0,0.6666666666666666,300.0,0.7155555555555554,0.4365297626623345,0.13334725558271135,1.0,0.8087868681625225,0.0,0.0,0.0,7375.50000000001,3034.200000000013,0.0,independent_greedy,traffic,21441276,3
0.0,0.0,300.0,0.6622222222222222,0.6609565482471893,0.5327080372234597,1.0,0.8301086852177331,0.0,0.0,0.0,7927.643883742608,2926.908959384825,0.0,communication_aware,traffic,21441276,3
0.0,0.3333333333333333,300.0,0.5844444444444444,0.5712612648344816,0.3085724846455544,1.0,0.8237982492070282,0.0,0.0,0.0,9139.334821377568,2801.4951398619023,658.0,haco_safemarl_pilot_no_acoustic,traffic,21441276,3
0.0,0.3333333333333333,300.0,0.72,0.5053004288935559,0.34831549137531115,1.0,0.8281042162255252,0.0,0.0,0.0,9103.28308791758,2820.5489083620337,0.0,haco_safemarl_pilot_no_shield,traffic,21441276,3
0.0,0.0,300.0,0.6077777777777778,0.71191268169628,0.5763192243413904,1.0,0.8435314739348792,0.0,0.0,0.0,8938.538949671025,2998.4504779465087,685.0,haco_safemarl_pilot,traffic,21441276,3
0.0,0.0,300.0,0.6133333333333333,0.6642949746145203,0.525000882787079,1.0,0.7955539784819948,0.0,0.0,0.0,1427.737066544884,352.1421919323625,840.0,mappo_no_acoustic_shield,traffic,21441276,3
0.0,1.0,281.0,0.4234875444839858,0.729567198604415,0.545708327295813,1.0,0.8875611568173415,0.0,28.0,0.0,5208.334999999979,2258.9174662589503,0.0,fixed_auv_ga_pso_tlbo_proxy,traffic,21451283,3
0.0,1.0,215.0,0.696124031007752,0.5995821796667846,0.3743068867224213,1.0,0.5549680733631881,0.0,22.0,0.0,5285.775000000007,1855.5999999999983,0.0,independent_greedy,traffic,21451283,3
0.0,0.6666666666666666,300.0,0.5133333333333333,0.7764552383930301,0.7205279582405593,1.0,0.8229903988997745,0.0,37.0,0.0,8202.860867812222,3242.3001344235404,0.0,communication_aware,traffic,21451283,3
1.0,1.0,237.0,0.2953586497890296,0.7468615694105193,0.6836780518359812,0.6666666666666666,0.9192256559925878,0.0,0.0,0.0,7718.047276863436,1749.5132117514595,315.0,haco_safemarl_pilot_no_acoustic,traffic,21451283,3
0.0,1.0,218.0,0.4831804281345565,0.6657389853192754,0.5747641788222567,1.0,0.9945503608665013,0.0,27.0,0.0,6928.997649283887,1661.803502721024,0.0,haco_safemarl_pilot_no_shield,traffic,21451283,3
1.0,1.0,241.0,0.2793914246196404,0.7722087296530105,0.7145917448472121,0.6666666666666667,0.9300925495762425,0.0,0.0,0.0,7905.289586133764,1978.6870210899258,323.0,haco_safemarl_pilot,traffic,21451283,3
0.0,0.3333333333333333,300.0,0.31555555555555553,0.8165125198175838,0.6248714549337507,0.3333333333333334,0.7016983252279112,0.0,0.0,0.0,1891.553226065936,152.24550482483266,397.0,mappo_no_acoustic_shield,traffic,21451283,3
0.0,0.6666666666666666,300.0,0.55,0.586642504373698,0.5644971872192347,1.0,0.9957384029963733,0.0,0.0,0.14333333333333334,5560.499999999976,2804.8137780568495,0.0,fixed_auv_ga_pso_tlbo_proxy,traffic,21461290,3
1.0,1.0,265.0,0.6880503144654089,0.47682259034438107,0.33177422474878976,1.0,0.6543674854138424,0.0,0.0,0.08679245283018867,6515.025000000009,2916.0000000000127,0.0,independent_greedy,traffic,21461290,3
0.0,0.3333333333333333,300.0,0.61,0.7009090604139614,0.6821740785013827,1.0,0.9976193360882164,0.0,0.0,0.15666666666666668,7975.526339698207,3027.604800662883,0.0,communication_aware,traffic,21461290,3
0.0,0.6666666666666666,300.0,0.5766666666666667,0.6560453737971036,0.5667123733917645,1.0,0.9330132464088544,0.0,0.0,0.056666666666666664,9326.157600281125,2519.9955101410487,606.0,haco_safemarl_pilot_no_acoustic,traffic,21461290,3
0.0,1.0,282.0,0.5638297872340425,0.5880677217810845,0.4300754859276606,1.0,0.8840303067054816,0.02127659574468085,0.0,0.12411347517730496,8863.56061529054,2156.7179486363693,0.0,haco_safemarl_pilot_no_shield,traffic,21461290,3
0.0,0.0,300.0,0.5955555555555555,0.7248115721984378,0.6981871233051448,1.0,0.9853054904465056,0.0,0.0,0.14666666666666667,8867.539515162855,3146.121101625168,676.0,haco_safemarl_pilot,traffic,21461290,3
0.0,0.0,300.0,0.2622222222222222,0.7873213655367188,0.7341573427968299,0.6666666666666669,0.9284210169901999,0.0,0.0,0.06333333333333334,1067.3640882386746,219.35236560121908,558.0,mappo_no_acoustic_shield,traffic,21461290,3
0.0,1.0,278.0,0.5335731414868105,0.5439263321704416,0.3330771901576403,0.6666666666666669,0.6043870893725333,0.0,241.0,0.017985611510791366,5152.72999999998,2765.2851316228666,0.0,fixed_auv_ga_pso_tlbo_proxy,traffic,21471297,3
0.0,1.0,212.0,0.5927672955974843,0.5248818664287,0.31753790538434384,0.6666666666666665,0.48056767448545606,0.0,184.0,0.0,5212.020000000007,2371.8000000000075,0.0,independent_greedy,traffic,21471297,3
0.0,0.3333333333333333,300.0,0.5577777777777777,0.7011220365365203,0.5777253572002944,0.6666666666666669,0.5569173432826265,0.0,254.0,0.056666666666666664,8010.639475973772,3567.608813090824,0.0,communication_aware,traffic,21471297,3
0.0,0.0,300.0,0.5277777777777778,0.6242778278795825,0.4628829297991775,0.6666666666666669,0.6154698013275669,0.0,0.0,0.03333333333333333,8955.014334751875,3470.04694516386,756.0,haco_safemarl_pilot_no_acoustic,traffic,21471297,3
0.0,0.3333333333333333,300.0,0.5755555555555555,0.5657791280274954,0.36327502383689664,0.6666666666666669,0.5209971221450207,0.0,24.0,0.0,8858.833242685028,3352.2425487900437,0.0,haco_safemarl_pilot_no_shield,traffic,21471297,3
0.0,0.0,300.0,0.5166666666666667,0.770140645212807,0.6773316454702438,0.6666666666666669,0.6363948218791496,0.0,0.0,0.03666666666666667,8850.550347722054,3424.091007359408,753.0,haco_safemarl_pilot,traffic,21471297,3
0.0,0.0,300.0,0.4888888888888889,0.7097046295289682,0.4794588034571372,0.6666666666666669,0.6643934111395935,0.0,0.0,0.0,1267.008324301387,540.2354426530666,807.0,mappo_no_acoustic_shield,traffic,21471297,3
0.0,0.3333333333333333,300.0,0.2133333333333333,0.8128109994404777,0.7166498929129052,0.6666666666666669,0.9605297950675702,0.0,63.0,0.02666666666666667,5560.499999999976,2515.674917618725,0.0,fixed_auv_ga_pso_tlbo_proxy,traffic,21481304,3
0.0,1.0,278.0,0.6414868105515587,0.6461573962702374,0.6158883052250343,1.0,0.7276715579954471,0.014388489208633094,49.0,0.07194244604316546,6834.630000000009,2740.2000000000116,0.0,independent_greedy,traffic,21481304,3
0.0,0.3333333333333333,300.0,0.2755555555555555,0.8377161405864003,0.7880851433265387,0.6666666666666669,0.9304703743214867,0.0,82.0,0.03333333333333333,8277.137200883773,3334.3347741541047,0.0,communication_aware,traffic,21481304,3
0.0,0.3333333333333333,300.0,0.2844444444444444,0.8024647465973646,0.7419244221447774,0.6666666666666669,0.9239886464570682,0.0,0.0,0.06333333333333334,8864.318771052716,2922.236510710737,351.0,haco_safemarl_pilot_no_acoustic,traffic,21481304,3
0.0,0.3333333333333333,300.0,0.32666666666666666,0.7363587536537486,0.6585101040899872,0.6666666666666669,0.8945891430117976,0.0033333333333333335,89.0,0.05,9203.66951801325,2866.1504115261932,0.0,haco_safemarl_pilot_no_shield,traffic,21481304,3
0.0,0.3333333333333333,300.0,0.24888888888888885,0.8426585874400819,0.8093066498685529,0.6666666666666669,0.9459673177310143,0.0,0.0,0.06333333333333334,8816.087860309995,3029.828941739239,351.0,haco_safemarl_pilot,traffic,21481304,3
0.0,0.3333333333333333,300.0,0.24555555555555553,0.8237257489880206,0.7596703746193806,0.6,0.9217814990653843,0.0,0.0,0.06666666666666667,1942.1984505562486,382.3780821499826,636.0,mappo_no_acoustic_shield,traffic,21481304,3
1.0,1.0,219.0,0.3652968036529682,0.7216694073707061,0.47813161248767,0.6666666666666665,0.8356472468987862,0.0,0.0,0.1050228310502283,4059.164999999988,2001.8224579473117,0.0,fixed_auv_ga_pso_tlbo_proxy,traffic,21491311,3
1.0,1.0,168.0,0.42063492063492064,0.6924985691635754,0.41658512081914234,0.6666666666666666,0.7583066522465095,0.0,0.0,0.18452380952380953,4130.280000000005,1671.2000000000016,0.0,independent_greedy,traffic,21491311,3
0.0,0.6666666666666666,300.0,0.6211111111111111,0.6903227997600009,0.5708260270375392,1.0,0.8569038822900586,0.0,0.0,0.09,7979.6973149245305,3097.363508104792,0.0,communication_aware,traffic,21491311,3
1.0,1.0,198.0,0.4175084175084176,0.7971843843876386,0.72492644325371,0.9166666666666666,0.8843483140186301,0.0,0.0,0.06060606060606061,6016.007402111012,1763.2177776691988,348.0,haco_safemarl_pilot_no_acoustic,traffic,21491311,3
1.0,1.0,165.0,0.3979797979797981,0.7554975605976443,0.6349078831318276,1.0,0.8723207793191792,0.0,0.0,0.20606060606060606,5230.755182844224,1196.0099869558367,0.0,haco_safemarl_pilot_no_shield,traffic,21491311,3
1.0,1.0,215.0,0.4294573643410854,0.7932443829165965,0.7662669114437624,1.0,0.9462401651522525,0.0,0.0,0.08837209302325581,6656.634855917059,1816.5892288900295,396.0,haco_safemarl_pilot,traffic,21491311,3
0.0,0.0,300.0,0.021111111111111112,0.8809295795182042,0.8727381658755242,0.21111111111111105,0.9990706450135782,0.0,0.0,0.006666666666666667,1091.104043539922,820.6269048876243,335.0,mappo_no_acoustic_shield,traffic,21491311,3
0.0,1.0,276.0,0.3454106280193236,0.7126582525076884,0.5395014754618539,0.6666666666666669,0.8775413879075404,0.03985507246376811,146.0,0.23550724637681159,5115.65999999998,2398.4758820240277,0.0,fixed_auv_ga_pso_tlbo_proxy,traffic,21501318,3
0.0,1.0,211.0,0.34913112164297005,0.6983185969244441,0.5282493538045433,0.6666666666666665,0.8700269600581517,0.009478672985781991,112.0,0.27014218009478674,5187.435000000007,1992.4000000000005,0.0,independent_greedy,traffic,21501318,3
0.0,0.3333333333333333,300.0,0.41444444444444445,0.7564597941230777,0.6610351908469425,0.6666666666666669,0.799664273763645,0.04,82.0,0.22666666666666666,8140.441117098113,3304.4345721894406,0.0,communication_aware,traffic,21501318,3
0.0,0.3333333333333333,300.0,0.40777777777777774,0.7120869014397732,0.576002217022878,0.6666666666666669,0.8068532638276124,0.02,1.0,0.19,8070.701933134912,2825.5771122125025,686.0,haco_safemarl_pilot_no_acoustic,traffic,21501318,3
0.0,0.3333333333333333,300.0,0.44888888888888884,0.649044725838576,0.49903160072633296,0.6666666666666669,0.7508545754359041,0.04,233.0,0.21,9106.276678457096,3106.714665191043,0.0,haco_safemarl_pilot_no_shield,traffic,21501318,3
0.0,0.3333333333333333,300.0,0.4166666666666667,0.7871774310876701,0.71307341471433,0.6666666666666669,0.7964682320885104,0.03666666666666667,1.0,0.21333333333333335,8741.08928343447,3086.488558863578,655.0,haco_safemarl_pilot,traffic,21501318,3
0.0,0.3333333333333333,300.0,0.4033333333333333,0.8076171969870236,0.7319593612647243,0.6666666666666669,0.8136019296253919,0.04,1.0,0.19666666666666666,2476.966493760901,794.1461414306261,814.0,mappo_no_acoustic_shield,traffic,21501318,3
0.0,0.6666666666666666,300.0,0.15,0.8722733223659896,0.7653213742224725,0.3333333333333334,0.9413680780396135,0.0,0.0,0.0,5560.499999999976,3039.399178489663,0.0,fixed_auv_ga_pso_tlbo_proxy,traffic,21511325,3
1.0,1.0,252.0,0.328042328042328,0.7501374130403261,0.4171115522500598,0.46153846153846145,0.7035704158087429,0.0,0.0,0.21428571428571427,6195.420000000008,2875.8000000000056,0.0,independent_greedy,traffic,21511325,3
0.0,0.6666666666666666,300.0,0.22222222222222218,0.8607442146866389,0.7676606279909916,0.6666666666666669,0.9374473879953732,0.0,0.0,0.0,8368.652522624689,3566.552503707952,0.0,communication_aware,traffic,21511325,3
0.0,1.0,245.0,0.17278911564625848,0.8786347624769199,0.7683388476268006,0.33333333333333337,0.9197406460576744,0.09795918367346938,0.0,0.2530612244897959,6537.733574561545,1661.8893611811654,335.0,haco_safemarl_pilot_no_acoustic,traffic,21511325,3
0.0,1.0,245.0,0.27074829931972794,0.8218957929068116,0.5959024774862814,0.33333333333333337,0.7838951370892792,0.12653061224489795,32.0,0.2857142857142857,7625.546340312149,2007.094853666592,0.0,haco_safemarl_pilot_no_shield,traffic,21511325,3
0.0,1.0,245.0,0.12653061224489795,0.8818826618812884,0.7781571845509792,0.33333333333333337,0.9597216981767716,0.09387755102040816,0.0,0.2530612244897959,6548.660613374353,1704.9643106270603,334.0,haco_safemarl_pilot,traffic,21511325,3
0.0,0.6666666666666666,300.0,0.2933333333333333,0.7352208187183815,0.412967788748527,0.6666666666666669,0.8878937939453376,0.0,0.0,0.16333333333333333,2533.14921405188,338.15322800795064,725.0,mappo_no_acoustic_shield,traffic,21511325,3
0.0,0.3333333333333333,300.0,0.6577777777777777,0.500194851073056,0.2879364999777894,1.0,0.8049827735141758,0.0,90.0,0.11666666666666667,5560.499999999976,2654.8900023235165,0.0,fixed_auv_ga_pso_tlbo_proxy,traffic,21521332,3
0.0,1.0,272.0,0.7120098039215685,0.4400279850686653,0.16738070104714634,1.0,0.6742732250358907,0.0,87.0,0.09926470588235294,6687.120000000008,2892.600000000015,0.0,independent_greedy,traffic,21521332,3
0.0,0.3333333333333333,300.0,0.7166666666666667,0.6410358845991418,0.5243310615626315,1.0,0.7957924872829689,0.006666666666666667,123.0,0.17,7880.341687503617,2952.273251713763,0.0,communication_aware,traffic,21521332,3
0.0,0.3333333333333333,300.0,0.5800000000000001,0.6025312226360512,0.4001422318910926,1.0,0.8218809314123132,0.0,9.0,0.09666666666666666,6351.981829293646,2097.690378307127,884.0,haco_safemarl_pilot_no_acoustic,traffic,21521332,3
0.0,0.3333333333333333,300.0,0.7533333333333333,0.5087754338196976,0.4132051303547789,1.0,0.835180476611316,0.013333333333333334,100.0,0.10333333333333333,9019.463574753798,2953.3155242960725,0.0,haco_safemarl_pilot_no_shield,traffic,21521332,3
0.0,0.3333333333333333,300.0,0.6588888888888889,0.7154541280895825,0.624498692329844,1.0,0.8389098055533137,0.0,9.0,0.11,4049.4896483306825,1618.6734165400756,1066.0,haco_safemarl_pilot,traffic,21521332,3
0.0,0.0,300.0,0.44555555555555554,0.6228211184043279,0.32829949990162244,0.6666666666666669,0.732927134189991,0.0,15.0,0.0033333333333333335,2124.663248546522,886.3170628207242,847.0,mappo_no_acoustic_shield,traffic,21521332,3
0.0,0.6666666666666666,300.0,0.5077777777777778,0.6123786747160961,0.3687824699641752,1.0,0.8956111404069631,0.0,118.0,0.0,5560.499999999976,2332.0741114670673,0.0,fixed_auv_ga_pso_tlbo_proxy,traffic,21531339,3
0.0,1.0,242.0,0.5055096418732782,0.5899869350529828,0.22362080360699715,1.0,0.7554262132020327,0.0,90.0,0.0,5949.570000000008,2210.800000000003,0.0,independent_greedy,traffic,21531339,3
0.0,0.0,300.0,0.6022222222222222,0.6974906631535934,0.5645594287731619,1.0,0.9150780385100672,0.0,135.0,0.0,7978.382045233653,2912.3047761137286,0.0,communication_aware,traffic,21531339,3
0.0,0.3333333333333333,300.0,0.43111111111111106,0.6522842189335082,0.33156663423909694,1.0,0.796359416268182,0.0,5.0,0.0,7325.105586842154,2519.8984762282776,701.0,haco_safemarl_pilot_no_acoustic,traffic,21531339,3
0.0,0.3333333333333333,300.0,0.6788888888888889,0.5410889928139307,0.40557858882349584,1.0,0.9076495062792636,0.0,117.0,0.0,9126.919139988384,2891.1362505589154,0.0,haco_safemarl_pilot_no_shield,traffic,21531339,3
0.0,0.0,300.0,0.43666666666666665,0.7638226808247658,0.6181026603106096,1.0,0.8318657097993614,0.0,5.0,0.0,3576.346629812787,1511.4731982060598,968.0,haco_safemarl_pilot,traffic,21531339,3
0.0,0.0,300.0,0.30222222222222217,0.7032732099799491,0.2917430116543802,0.511111111111111,0.761688452016795,0.0,5.0,0.0,1461.8532938032974,432.16557106301525,670.0,mappo_no_acoustic_shield,traffic,21531339,3
0.0,1.0,210.0,0.0,0.9273036734393694,0.9160978731514978,0.0,0.9999999998888889,0.0,84.0,0.0,3892.349999999989,1656.6163697009197,0.0,fixed_auv_ga_pso_tlbo_proxy,traffic,21541346,3
0.0,1.0,161.0,0.08074534161490683,0.8876770490345512,0.8466998797347153,0.3333333333333333,0.9848035247353499,0.0,64.0,0.0,3958.185000000005,1294.799999999999,0.0,independent_greedy,traffic,21541346,3
0.0,1.0,182.0,0.0,0.927329335231428,0.9164283643448417,0.0,0.9999999998888889,0.0,73.0,0.0,5164.25,1967.2265012779565,0.0,communication_aware,traffic,21541346,3
0.0,1.0,169.0,0.04536489151873767,0.9136507325318006,0.8903515159605853,0.3333333333333333,0.9955038798013182,0.0,32.0,0.0,4373.837763160121,1035.9695173417626,162.0,haco_safemarl_pilot_no_acoustic,traffic,21541346,3
0.0,1.0,156.0,0.06837606837606838,0.9051285146577578,0.868134091597308,0.3333333333333333,0.9893413272125249,0.0,64.0,0.0,4991.062131770419,1095.825191485277,0.0,haco_safemarl_pilot_no_shield,traffic,21541346,3
0.0,1.0,169.0,0.04536489151873767,0.9139156431204463,0.8911652782011945,0.3333333333333333,0.9955038798013182,0.0,32.0,0.0,4377.706753135021,1034.0988656449913,162.0,haco_safemarl_pilot,traffic,21541346,3
0.0,0.6666666666666666,300.0,0.0,0.9278518662762347,0.9113773871152032,0.0,0.9999999998888889,0.0,23.0,0.0,1944.3743182865708,483.7820562873124,471.0,mappo_no_acoustic_shield,traffic,21541346,3
0.0,1.0,290.0,0.593103448275862,0.5708687332881827,0.4110620646590062,1.0,0.879447555167505,0.0,34.0,0.1413793103448276,5375.149999999978,2857.4496139240896,0.0,fixed_auv_ga_pso_tlbo_proxy,traffic,21551353,3
0.0,1.0,222.0,0.6516516516516516,0.5287795600790544,0.397269979378601,1.0,0.8232235165554473,0.0,26.0,0.009009009009009009,5457.870000000007,2383.2000000000025,0.0,independent_greedy,traffic,21551353,3
0.0,0.3333333333333333,300.0,0.6599999999999999,0.666096488776658,0.5931869847098313,1.0,0.8896363006872335,0.0,34.0,0.09333333333333334,7935.2687122915,2996.3714069247735,0.0,communication_aware,traffic,21551353,3
1.0,1.0,259.0,0.5353925353925355,0.6834300251569347,0.5529929123834698,1.0,0.8287135068353655,0.0,0.0,0.1969111969111969,7021.797396031581,1820.5030458833212,608.0,haco_safemarl_pilot_no_acoustic,traffic,21551353,3
0.0,1.0,221.0,0.5143288084464556,0.6299489183437954,0.5046163147010707,1.0,0.7865216267017546,0.0,33.0,0.013574660633484163,6957.98515115206,1619.3183267031511,0.0,haco_safemarl_pilot_no_shield,traffic,21551353,3
0.0,0.0,300.0,0.6355555555555555,0.7074497143619346,0.6692881130095762,1.0,0.8884924757613238,0.0,0.0,0.11666666666666667,8850.884972348176,3129.26771858023,687.0,haco_safemarl_pilot,traffic,21551353,3
0.0,0.0,300.0,0.23333333333333334,0.8046049218137966,0.6416858080914352,0.3333333333333334,0.8437001593550717,0.0,0.0,0.13333333333333333,969.9937253237428,96.23638493185986,509.0,mappo_no_acoustic_shield,traffic,21551353,3
0.0,0.6666666666666666,300.0,0.2211111111111111,0.8179099803111661,0.6993176226596384,0.6666666666666669,0.946467126830609,0.0,0.0,0.0,5560.499999999976,3043.3399452251224,0.0,fixed_auv_ga_pso_tlbo_proxy,traffic,21561360,3
1.0,1.0,242.0,0.3360881542699725,0.7623793348216165,0.6490798286116464,0.6666666666666667,0.8420098868883591,0.0,0.0,0.0,5949.570000000008,2976.200000000008,0.0,independent_greedy,traffic,21561360,3
0.0,0.6666666666666666,300.0,0.2666666666666666,0.8472683410660496,0.796760174809484,0.6666666666666669,0.9233704290766226,0.0,0.0,0.0,8347.28248044803,3918.05261203715,0.0,communication_aware,traffic,21561360,3
1.0,1.0,236.0,0.33050847457627114,0.8110270566750515,0.6880277954626581,0.6666666666666666,0.8738856474186233,0.0,0.0,0.0,7672.107499999953,1886.8894696979219,276.0,haco_safemarl_pilot_no_acoustic,traffic,21561360,3
1.0,1.0,236.0,0.3884180790960452,0.7123668162789609,0.5214594795913053,0.6666666666666666,0.8305712448390391,0.0,0.0,0.0,7413.750871436441,1934.0971907818162,0.0,haco_safemarl_pilot_no_shield,traffic,21561360,3
1.0,1.0,236.0,0.3064971751412429,0.8274194947093771,0.7297824580861971,0.6666666666666666,0.8933988517576301,0.0,0.0,0.0,7719.935978042596,1882.0814426794545,271.0,haco_safemarl_pilot,traffic,21561360,3
0.0,0.0,300.0,0.13777777777777775,0.8664015840013366,0.7644896770517632,0.3333333333333334,0.9514131147845774,0.0,0.0,0.0,671.3399731342784,89.0250172053849,297.0,mappo_no_acoustic_shield,traffic,21561360,3
0.0,1.0,206.0,0.32038834951456313,0.7912014343769612,0.6413478527988146,0.6666666666666665,0.8946231322056,0.14563106796116504,0.0,0.42718446601941745,3818.20999999999,2011.786952379744,0.0,fixed_auv_ga_pso_tlbo_proxy,traffic,21571367,3
1.0,1.0,158.0,0.33333333333333326,0.7816837326797372,0.6885778815116675,0.6666666666666666,0.8884618120312873,0.0,0.0,0.35443037974683544,3884.430000000005,1714.9999999999975,0.0,independent_greedy,traffic,21571367,3
0.0,0.6666666666666666,300.0,0.4655555555555555,0.7787161470399115,0.6641636240371239,0.6666666666666669,0.7237200599808723,0.11,0.0,0.37333333333333335,8123.065500169468,3656.119809245898,0.0,communication_aware,traffic,21571367,3
0.0,1.0,175.0,0.18857142857142858,0.8079965553557822,0.6412613641486924,0.5370370370370369,0.9505641281985029,0.05714285714285714,0.0,0.18857142857142858,5118.943644936899,1265.0483661371109,213.0,haco_safemarl_pilot_no_acoustic,traffic,21571367,3
0.0,1.0,156.0,0.20299145299145296,0.7891353475570858,0.5835680803459606,0.6666666666666666,0.9368009963788305,0.07051282051282051,0.0,0.23717948717948717,4910.853299040239,1191.9827335051325,0.0,haco_safemarl_pilot_no_shield,traffic,21571367,3
0.0,1.0,184.0,0.20108695652173914,0.8139759241505089,0.6600534853213578,0.6491228070175437,0.9413635372014284,0.059782608695652176,0.0,0.1793478260869565,5397.601084069187,1407.026830500596,238.0,haco_safemarl_pilot,traffic,21571367,3
0.0,0.0,300.0,0.2011111111111111,0.8546058282414744,0.68546881888545,0.3333333333333334,0.8875125967970288,0.0,0.0,0.23333333333333334,453.09131388201297,83.71328811480262,336.0,mappo_no_acoustic_shield,traffic,21571367,3
0.0,0.6666666666666666,300.0,0.17999999999999997,0.8466380303093656,0.7638262531562348,0.6666666666666669,0.973447721023038,0.0,0.0,0.0,5560.499999999976,3009.358779716921,0.0,fixed_auv_ga_pso_tlbo_proxy,traffic,21581374,3
0.0,0.6666666666666666,300.0,0.7577777777777777,0.6290687165768107,0.5342457881785718,1.0,0.7176467025370993,0.0,0.0,0.0,7375.50000000001,3438.0000000000214,0.0,independent_greedy,traffic,21581374,3
0.0,0.3333333333333333,300.0,0.24777777777777776,0.856941188921358,0.7993363031187305,0.6666666666666669,0.9467045074882555,0.0,0.0,0.0,8308.88149001008,3752.5850275468756,0.0,communication_aware,traffic,21581374,3
0.0,0.6666666666666666,300.0,0.24444444444444446,0.8236933785722241,0.7438311957218179,0.6666666666666669,0.9495178484602025,0.0,0.0,0.0,8079.9269207940115,2303.03622455204,387.0,haco_safemarl_pilot_no_acoustic,traffic,21581374,3
0.0,0.6666666666666666,300.0,0.3,0.7727464696401828,0.642291274257289,0.6666666666666669,0.9627839955980937,0.0,0.0,0.043333333333333335,9289.287748399607,2484.073609465409,0.0,haco_safemarl_pilot_no_shield,traffic,21581374,3
0.0,0.3333333333333333,300.0,0.24888888888888885,0.847013009377408,0.7924603297131985,0.6666666666666669,0.9479099249819289,0.0,0.0,0.0,7562.820272868018,2409.981953059707,426.0,haco_safemarl_pilot,traffic,21581374,3
0.0,0.3333333333333333,300.0,0.19333333333333336,0.8051166671523953,0.7183494294123131,0.5444444444444443,0.9689823290329068,0.0,0.0,0.0,2188.1574708459034,376.1947022170136,579.0,mappo_no_acoustic_shield,traffic,21581374,3
0.0,1.0,288.0,0.23379629629629628,0.7776274356054266,0.5559129861450043,0.6666666666666669,0.9083530239287352,0.006944444444444444,0.0,0.06944444444444445,5338.079999999978,2279.326955244546,0.0,fixed_auv_ga_pso_tlbo_proxy,traffic,21591381,3
1.0,1.0,220.0,0.5136363636363638,0.6928169391272451,0.590126320512116,0.6666666666666665,0.8698746355822721,0.0,0.0,0.0,5408.700000000007,1802.6000000000056,0.0,independent_greedy,traffic,21591381,3
0.0,0.6666666666666666,300.0,0.30222222222222217,0.8189353674745304,0.7176410664284467,0.6666666666666669,0.8786112743074307,0.006666666666666667,0.0,0.06,8257.892797921539,3357.294372005399,0.0,communication_aware,traffic,21591381,3
0.0,0.6666666666666666,300.0,0.3077777777777778,0.7849379298869685,0.7121069348138026,0.6666666666666669,0.9096595767695099,0.0,0.0,0.03666666666666667,9049.36379907651,2557.248633784427,396.0,haco_safemarl_pilot_no_acoustic,traffic,21591381,3
1.0,1.0,285.0,0.40584795321637424,0.7232087260847805,0.6442053251264925,0.8850574712643677,0.8877147356019324,0.0,0.0,0.03859649122807018,8818.812401877327,2422.2630005627866,0.0,haco_safemarl_pilot_no_shield,traffic,21591381,3
0.0,0.3333333333333333,300.0,0.2855555555555555,0.8225461876673092,0.782368920343536,0.6666666666666669,0.9260045643359376,0.0,0.0,0.01,9201.138254407702,2875.287541954655,381.0,haco_safemarl_pilot,traffic,21591381,3
0.0,0.0,300.0,0.12555555555555556,0.884016835748266,0.8011121645523086,0.3333333333333334,0.9604004917198353,0.0,0.0,0.0,1404.2626814938792,229.80407346737587,553.0,mappo_no_acoustic_shield,traffic,21591381,3
0.0,1.0,285.0,0.3052631578947368,0.7618198727859757,0.5778263594512016,0.8735632183908045,0.9219698036705525,0.0,201.0,0.11578947368421053,5282.4749999999785,2595.9463215137457,0.0,fixed_auv_ga_pso_tlbo_proxy,traffic,21601388,3
0.0,1.0,218.0,0.4235474006116208,0.6464027979758018,0.2924101865197856,0.712121212121212,0.7772345717499943,0.0,154.0,0.0,5359.530000000007,1960.8000000000052,0.0,independent_greedy,traffic,21601388,3
0.0,0.3333333333333333,300.0,0.5333333333333332,0.7590784456444819,0.6828800796966096,1.0,0.9679649684088013,0.0,259.0,0.0,8067.814004374722,3046.920265650207,0.0,communication_aware,traffic,21601388,3
0.0,0.3333333333333333,300.0,0.21555555555555553,0.8054067101138191,0.6201794702801586,0.3333333333333334,0.9045959737471714,0.0,26.0,0.07,6558.760009258718,2130.482820735413,639.0,haco_safemarl_pilot_no_acoustic,traffic,21601388,3
0.0,1.0,212.0,0.20283018867924532,0.7708011584290276,0.4974812603709417,0.33333333333333326,0.8900372912013844,0.0,149.0,0.0,6802.113387527559,1561.4780186685102,0.0,haco_safemarl_pilot_no_shield,traffic,21601388,3
0.0,0.3333333333333333,300.0,0.21666666666666667,0.8145093838299065,0.6670054958521943,0.3333333333333334,0.8909317744062986,0.0,25.0,0.08,7175.540912770526,2250.546740128214,624.0,haco_safemarl_pilot,traffic,21601388,3
0.0,0.0,300.0,0.21,0.7985180801763149,0.5979042633872488,0.3333333333333334,0.9124021981895007,0.0,10.0,0.09,2202.059200177401,982.2980897901574,825.0,mappo_no_acoustic_shield,traffic,21601388,3
0.0,1.0,296.0,0.5900900900900901,0.6167882169005211,0.36115103253990066,1.0,0.8907533642716831,0.0,83.0,0.02364864864864865,5486.359999999977,2569.219702203335,0.0,fixed_auv_ga_pso_tlbo_proxy,traffic,21611395,3
0.0,1.0,227.0,0.6930983847283407,0.4968814910386862,0.22462007975646825,1.0,0.5454738442274788,0.0,64.0,0.1145374449339207,5580.795000000007,1864.8000000000025,0.0,independent_greedy,traffic,21611395,3
0.0,0.0,300.0,0.6555555555555556,0.7179424752717404,0.6118199466745585,1.0,0.8825095957589408,0.0,71.0,0.023333333333333334,7994.748777817254,2977.145552778703,0.0,communication_aware,traffic,21611395,3
0.0,0.6666666666666666,300.0,0.6022222222222223,0.644127974766312,0.4746267343696232,1.0,0.8489256280873054,0.0,0.0,0.0,8840.569424053418,3107.5081368675337,766.0,haco_safemarl_pilot_no_acoustic,traffic,21611395,3
0.0,1.0,287.0,0.7038327526132403,0.5834335546727469,0.43556020186895,1.0,0.8900340810398277,0.0,64.0,0.0,8820.828466898374,2403.96633208759,0.0,haco_safemarl_pilot_no_shield,traffic,21611395,3
0.0,0.0,300.0,0.6155555555555554,0.7268577266605588,0.6839096123893303,1.0,0.8593619887060141,0.0,0.0,0.0,8965.166339111574,3559.3332336945227,777.0,haco_safemarl_pilot,traffic,21611395,3
0.0,0.0,300.0,0.19999999999999998,0.843828726993112,0.7816006472859268,0.4222222222222221,0.9016530304148775,0.0,34.0,0.0,1700.079032963109,313.9423627416742,689.0,mappo_no_acoustic_shield,traffic,21611395,3
0.0,1.0,260.0,0.38589743589743586,0.7564587486873189,0.6914853037161456,1.0,0.9729950932077466,0.0,63.0,0.0,4819.099999999982,1975.805429496063,0.0,fixed_auv_ga_pso_tlbo_proxy,traffic,21621402,3
0.0,1.0,199.0,0.6314907872696818,0.6118501589514753,0.3502481393051969,1.0,0.5363118584619984,0.0,48.0,0.0,4892.415000000006,1354.0000000000002,0.0,independent_greedy,traffic,21621402,3
0.0,0.3333333333333333,300.0,0.5344444444444444,0.7634670241909084,0.7190849507806119,1.0,0.9670704361760485,0.0,55.0,0.0,8083.649175826811,2866.6718552790844,0.0,communication_aware,traffic,21621402,3
0.0,0.6666666666666666,300.0,0.30222222222222217,0.8162132161140652,0.7352426835970561,0.8333333333333334,0.9171934229108877,0.0,29.0,0.0,5702.7195428842215,1596.1844823294562,769.0,haco_safemarl_pilot_no_acoustic,traffic,21621402,3
0.0,1.0,225.0,0.48740740740740746,0.7233304588347165,0.6849294624472966,1.0,0.9639900791638324,0.0,47.0,0.0,7140.53933837539,1799.3496993041258,0.0,haco_safemarl_pilot_no_shield,traffic,21621402,3
0.0,0.3333333333333333,300.0,0.25999999999999995,0.823168756785492,0.7811946391950193,0.6666666666666669,0.9414326645766125,0.0,29.0,0.023333333333333334,5271.398134054993,1601.8987281802893,798.0,haco_safemarl_pilot,traffic,21621402,3
0.0,0.0,300.0,0.32222222222222213,0.8203131391057925,0.745145152973383,0.6666666666666669,0.849613210043599,0.0,10.0,0.0,2408.8351732185524,529.322169198143,748.0,mappo_no_acoustic_shield,traffic,21621402,3
1.0,1.0,268.0,0.40671641791044766,0.6674493852034407,0.4101499244145636,0.6666666666666669,0.8010710096519883,0.0,0.0,0.0,4967.379999999981,2309.4104949676966,0.0,fixed_auv_ga_pso_tlbo_proxy,traffic,21631409,3
1.0,1.0,205.0,0.4,0.6337547718860065,0.2080746360743696,0.6666666666666665,0.7270178921625478,0.0,0.0,0.0,5039.925000000007,1788.8000000000038,0.0,independent_greedy,traffic,21631409,3
0.0,0.0,300.0,0.5899999999999999,0.6897857769928191,0.5245357566383932,1.0,0.8504375194305098,0.0,0.0,0.0,7992.967085765107,2929.778370043989,0.0,communication_aware,traffic,21631409,3
1.0,1.0,255.0,0.4339869281045751,0.6712011336208454,0.39187722433904304,1.0,0.8216606843917889,0.0,0.0,0.0,7914.568990485534,2289.446514088915,415.0,haco_safemarl_pilot_no_acoustic,traffic,21631409,3
1.0,1.0,274.0,0.6119221411192214,0.5896237036187217,0.44046387393671943,1.0,0.8148246009498683,0.0,0.0,0.0,8422.407097869043,2293.3438434211857,0.0,haco_safemarl_pilot_no_shield,traffic,21631409,3
0.0,0.3333333333333333,300.0,0.4922222222222223,0.7475192011387639,0.6071957547352733,1.0,0.7786103869767146,0.0,0.0,0.0,9047.800524747694,2940.884509285618,555.0,haco_safemarl_pilot,traffic,21631409,3
0.0,0.0,300.0,0.29333333333333333,0.7114209323889338,0.29366150093932697,0.3333333333333334,0.7437119405706063,0.0,0.0,0.0,1123.894300658649,334.19882969674063,340.0,mappo_no_acoustic_shield,traffic,21631409,3
0.0,0.3333333333333333,300.0,0.2311111111111111,0.7982511423809616,0.6326257342625674,0.6666666666666669,0.9437008306828637,0.0,0.0,0.07666666666666666,5560.499999999976,2596.8301655658374,0.0,fixed_auv_ga_pso_tlbo_proxy,traffic,21641416,3
1.0,1.0,281.0,0.3107947805456702,0.7122555654672967,0.46825542443023244,0.6666666666666669,0.8848651183149188,0.0,0.0,0.08185053380782918,6908.385000000009,3026.2000000000166,0.0,independent_greedy,traffic,21641416,3
0.0,0.3333333333333333,300.0,0.2933333333333333,0.8331818932527292,0.7436133245432187,0.6666666666666669,0.9128898155195962,0.0,0.0,0.07666666666666666,8252.386007352088,3383.443681795524,0.0,communication_aware,traffic,21641416,3
0.0,0.3333333333333333,300.0,0.32111111111111107,0.7724837293233542,0.6482797773440109,0.6666666666666669,0.896279436956266,0.03,0.0,0.07,8788.18950091808,2976.8630972221667,358.0,haco_safemarl_pilot_no_acoustic,traffic,21641416,3
0.0,0.3333333333333333,300.0,0.3433333333333333,0.7357265395602114,0.6147340325583925,0.6666666666666669,0.8794842158135646,0.03333333333333333,0.0,0.08,9178.666488599054,3097.6659884646597,0.0,haco_safemarl_pilot_no_shield,traffic,21641416,3
0.0,0.3333333333333333,300.0,0.31666666666666665,0.8334153785048599,0.7655544477216155,0.6666666666666669,0.9021015045610378,0.03,0.0,0.07,8718.494541509193,3007.84024721332,361.0,haco_safemarl_pilot,traffic,21641416,3
0.0,0.0,300.0,0.3311111111111111,0.8267853547892167,0.7607803158575228,0.6666666666666669,0.8903793896149739,0.0,0.0,0.03333333333333333,1328.87982362726,138.90453651996475,646.0,mappo_no_acoustic_shield,traffic,21641416,3
1.0,1.0,282.0,0.3061465721040189,0.75161671058087,0.5403152296519995,0.6666666666666669,0.8981501029044595,0.0,0.0,0.10638297872340426,5226.869999999979,2698.010963704887,0.0,fixed_auv_ga_pso_tlbo_proxy,traffic,21651423,3
0.0,1.0,216.0,0.3487654320987655,0.6898556903041339,0.2712519270197954,0.6666666666666665,0.7120910405491578,0.009259259259259259,0.0,0.14351851851851852,5310.360000000007,2221.000000000004,0.0,independent_greedy,traffic,21651423,3
0.0,0.3333333333333333,300.0,0.3944444444444444,0.778940507268215,0.6836020441599612,0.6666666666666669,0.8715752467687181,0.0,0.0,0.1,8214.251294083648,3495.057300991197,0.0,communication_aware,traffic,21651423,3
1.0,1.0,256.0,0.24218749999999997,0.8012237837005047,0.638769577126368,0.6666666666666667,0.9393031844154988,0.0,0.0,0.0859375,7985.360958416392,2104.409807169571,294.0,haco_safemarl_pilot_no_acoustic,traffic,21651423,3
1.0,1.0,216.0,0.2376543209876543,0.793780677331778,0.6317121822786647,0.6666666666666665,0.9657525028886853,0.0,0.0,0.08333333333333333,6797.001459162441,1604.818198546911,0.0,haco_safemarl_pilot_no_shield,traffic,21651423,3
0.0,0.3333333333333333,300.0,0.33444444444444443,0.8087303911146996,0.7358983562015792,0.6666666666666669,0.9011681495686182,0.0,0.0,0.07333333333333333,9075.232776580948,3021.8496888192935,410.0,haco_safemarl_pilot,traffic,21651423,3
0.0,0.0,300.0,0.03555555555555556,0.8585374856692045,0.8456574361411183,0.3333333333333334,0.9972891118535752,0.0,0.0,0.0,1489.1596043755976,254.72270329012608,622.0,mappo_no_acoustic_shield,traffic,21651423,3
1.0,1.0,281.0,0.9976275207591933,0.32228140980561465,0.15218923696412964,1.0,0.33333113998665465,0.0,0.0,0.060498220640569395,5208.334999999979,2456.5721372615008,0.0,fixed_auv_ga_pso_tlbo_proxy,acoustic_degradation,21161430,3
1.0,1.0,215.0,0.9906976744186047,0.2975158441475648,0.21618931883775566,1.0,0.3333331906636413,0.0,0.0,0.0,5285.775000000007,2090.000000000007,0.0,independent_greedy,acoustic_degradation,21161430,3
0.0,0.0,300.0,0.93,0.5810184999321922,0.49488974194919316,1.0,0.33333333081380706,0.0,0.0,0.10666666666666667,7751.7880286841655,2998.953992918244,0.0,communication_aware,acoustic_degradation,21161430,3
0.0,0.3333333333333333,300.0,0.8777777777777779,0.43725360701961347,0.3630257071310938,1.0,0.5294477969873851,0.0,0.0,0.04666666666666667,9031.558444882096,2915.3109747966714,900.0,haco_safemarl_pilot_no_acoustic,acoustic_degradation,21161430,3
0.0,0.3333333333333333,300.0,1.0,0.37320586614283674,0.30220961604418467,1.0,0.0,0.0,0.0,0.0,8859.473478313865,3012.7606957935786,0.0,haco_safemarl_pilot_no_shield,acoustic_degradation,21161430,3
0.0,0.0,300.0,0.8977777777777777,0.6445178190870969,0.5918207260411904,1.0,0.47706008099789154,0.0,0.0,0.0,8744.025542859148,3158.0104847602406,900.0,haco_safemarl_pilot,acoustic_degradation,21161430,3
0.0,0.0,300.0,0.9333333333333333,0.5153319281374836,0.29626405042847437,1.0,0.6486486381300222,0.0,0.0,0.0,580.3188216131992,233.49941051301232,915.0,mappo_no_acoustic_shield,acoustic_degradation,21161430,3
0.0,1.0,286.0,0.9428904428904428,0.5138429708275668,0.3201106446364141,1.0,0.3333333295480587,0.0,42.0,0.0,5301.009999999978,2388.166137345697,0.0,fixed_auv_ga_pso_tlbo_proxy,acoustic_degradation,21171437,3
0.0,1.0,219.0,0.9421613394216133,0.3419296691734343,0.08930690841562998,1.0,0.33333332964289014,0.0,33.0,0.0,5384.115000000007,1899.000000000006,0.0,independent_greedy,acoustic_degradation,21171437,3
0.0,0.3333333333333333,300.0,0.8388888888888888,0.7115502789494815,0.6780292578443363,1.0,0.5200217643194094,0.0,0.0,0.0,7918.841921839127,3107.618474355236,0.0,communication_aware,acoustic_degradation,21171437,3
0.0,0.3333333333333333,300.0,0.6666666666666667,0.6913216362750859,0.5785887071942057,1.0,0.5773449825387715,0.0,0.0,0.0,9453.821946946327,2902.0081815089634,900.0,haco_safemarl_pilot_no_acoustic,acoustic_degradation,21171437,3
0.0,1.0,260.0,0.9487179487179488,0.5274426130269202,0.3394295936864598,1.0,0.333333328638889,0.0,38.0,0.0,8123.734145472135,2082.6251505946047,0.0,haco_safemarl_pilot_no_shield,acoustic_degradation,21171437,3
0.0,0.0,300.0,0.701111111111111,0.6931461864843727,0.5801111427986299,1.0,0.6626283155257956,0.0,0.0,0.0,8920.388910027823,3049.534856536619,900.0,haco_safemarl_pilot,acoustic_degradation,21171437,3
0.0,0.3333333333333333,300.0,0.6188888888888888,0.6485160089480785,0.41597134576882333,0.7888888888888889,0.5560313249394206,0.0,0.0,0.0,1540.3098377039387,73.37370158241882,900.0,mappo_no_acoustic_shield,acoustic_degradation,21171437,3
0.0,1.0,286.0,0.9102564102564104,0.3194030050822568,0.19024608627650433,1.0,0.3333333318004535,0.0,27.0,0.0,5301.009999999978,2630.6757926937007,0.0,fixed_auv_ga_pso_tlbo_proxy,acoustic_degradation,21181444,3
0.0,1.0,219.0,0.9680365296803652,0.14063821288899467,0.0638920579342225,1.0,0.33333332124943355,0.0,21.0,0.0,5384.115000000007,2076.000000000007,0.0,independent_greedy,acoustic_degradation,21181444,3
0.0,0.3333333333333333,300.0,0.9166666666666666,0.6213269856960798,0.5641434923330436,1.0,0.33333333155555556,0.0,0.0,0.0,7805.07686672489,3196.4194104057037,0.0,communication_aware,acoustic_degradation,21181444,3
0.0,0.3333333333333333,300.0,0.9011111111111111,0.44562540496740505,0.3528626186480345,1.0,0.33333333207086646,0.0,0.0,0.0,9210.79812978603,2740.8690551767504,900.0,haco_safemarl_pilot_no_acoustic,acoustic_degradation,21181444,3
0.0,0.3333333333333333,300.0,0.94,0.43191244166869214,0.3267065843471075,1.0,0.33333332990397807,0.0,0.0,0.0,8947.152127983854,3033.2996578314596,0.0,haco_safemarl_pilot_no_shield,acoustic_degradation,21181444,3
0.0,0.0,300.0,0.9322222222222223,0.6142544681677421,0.5858853985187442,1.0,0.3333333306458837,0.0,0.0,0.0,8790.790950519227,3154.378282795026,900.0,haco_safemarl_pilot,acoustic_degradation,21181444,3
0.0,0.0,300.0,0.9466666666666667,0.48441822687164643,0.4119389461805939,1.0,0.3333333289930556,0.0,0.0,0.0,1104.129106664015,220.948062024838,900.0,mappo_no_acoustic_shield,acoustic_degradation,21181444,3
1.0,1.0,121.0,1.0,0.45091107472857744,0.22161046617533936,1.0,0.0,0.0,0.0,0.03305785123966942,2242.7350000000024,930.4089839225544,0.0,fixed_auv_ga_pso_tlbo_proxy,acoustic_degradation,21191451,3
1.0,1.0,93.0,1.0,0.44270592474776516,0.1829950026628001,1.0,0.0,0.0,0.0,0.0,2286.4050000000025,810.6000000000006,0.0,independent_greedy,acoustic_degradation,21191451,3
0.0,0.3333333333333333,300.0,1.0,0.505707061362772,0.34945730037524814,1.0,0.0,0.0,0.0,0.016666666666666666,7633.627984307243,2949.912365646944,0.0,communication_aware,acoustic_degradation,21191451,3
1.0,1.0,172.0,1.0,0.47472922856650623,0.25576509140511344,1.0,0.0,0.0,0.0,0.08139534883720931,5185.547643608834,1631.9205485960938,516.0,haco_safemarl_pilot_no_acoustic,acoustic_degradation,21191451,3
1.0,1.0,169.0,1.0,0.42175131839038577,0.40893973393256067,1.0,0.0,0.0,0.0,0.0,5106.370680246214,1439.4109806687013,0.0,haco_safemarl_pilot_no_shield,acoustic_degradation,21191451,3
0.0,0.0,300.0,1.0,0.5934481307763586,0.48783250741955747,1.0,0.0,0.0,0.0,0.043333333333333335,8630.197528301002,3140.295926632827,900.0,haco_safemarl_pilot,acoustic_degradation,21191451,3
0.0,0.0,300.0,0.8911111111111112,0.5675049812896351,0.3343520759993973,1.0,0.3333333322921005,0.0,0.0,0.0,457.0871481300135,56.32780675401813,900.0,mappo_no_acoustic_shield,acoustic_degradation,21191451,3
0.0,1.0,286.0,1.0,0.28752595001307835,0.10391480938501486,1.0,0.0,0.08741258741258741,159.0,0.12937062937062938,5301.009999999978,2055.3738663892414,0.0,fixed_auv_ga_pso_tlbo_proxy,acoustic_degradation,21201458,3
0.0,1.0,219.0,1.0,0.23139305347812786,0.0193601587611772,1.0,0.0,0.0,121.0,0.3150684931506849,5384.115000000007,1661.6000000000047,0.0,independent_greedy,acoustic_degradation,21201458,3
0.0,0.0,300.0,1.0,0.5500696762252533,0.3967837242259188,1.0,0.0,0.0,7.0,0.15,7678.116909855111,2940.6846414110614,0.0,communication_aware,acoustic_degradation,21201458,3
0.0,0.3333333333333333,300.0,1.0,0.37501587527928804,0.08942908746293227,1.0,0.0,0.0,2.0,0.20333333333333334,8851.843462083785,2736.3271175499976,987.0,haco_safemarl_pilot_no_acoustic,acoustic_degradation,21201458,3
0.0,0.3333333333333333,300.0,1.0,0.3563389707365455,0.14191361657447782,1.0,0.0,0.0,5.0,0.23333333333333334,8974.38494169925,2980.5206138937224,0.0,haco_safemarl_pilot_no_shield,acoustic_degradation,21201458,3
0.0,0.0,300.0,1.0,0.5831552934411588,0.38790743713656334,1.0,0.0,0.03,2.0,0.2633333333333333,8351.50646388907,2956.9379663509544,1011.0,haco_safemarl_pilot,acoustic_degradation,21201458,3
0.0,0.0,300.0,1.0,0.46707658972597366,0.17447339265494766,1.0,0.0,0.0,3.0,0.18333333333333332,2037.268159785507,88.62753836921416,951.0,mappo_no_acoustic_shield,acoustic_degradation,21201458,3
1.0,1.0,207.0,1.0,0.4720039427235595,0.23751320578018273,1.0,0.0,0.0,0.0,0.0,3836.74499999999,1418.1201270830986,0.0,fixed_auv_ga_pso_tlbo_proxy,acoustic_degradation,21211465,3
1.0,1.0,158.0,1.0,0.3571145140458155,0.2735574711913975,1.0,0.0,0.0,0.0,0.0,3884.430000000005,1172.3999999999999,0.0,independent_greedy,acoustic_degradation,21211465,3
0.0,0.3333333333333333,300.0,0.9666666666666667,0.6322874661762234,0.5113706756843718,1.0,0.3333333222222226,0.0,0.0,0.0,7765.005939496217,3053.988400706706,0.0,communication_aware,acoustic_degradation,21211465,3
0.0,0.6666666666666666,300.0,0.9266666666666666,0.5145371143580384,0.45875172901480404,1.0,0.36500753872543334,0.0,0.0,0.0,9225.450062747583,2450.873205035586,900.0,haco_safemarl_pilot_no_acoustic,acoustic_degradation,21211465,3
1.0,1.0,247.0,0.9770580296896085,0.45059810134154255,0.3856402449349239,1.0,0.3333333098773565,0.0,0.0,0.0,7568.571620585818,1987.1885262318262,0.0,haco_safemarl_pilot_no_shield,acoustic_degradation,21211465,3
0.0,0.3333333333333333,300.0,0.971111111111111,0.6653491047317355,0.6076402347661496,1.0,0.3333333185404346,0.0,0.0,0.0,8799.023904251946,2999.3901804752195,900.0,haco_safemarl_pilot,acoustic_degradation,21211465,3
0.0,0.0,300.0,0.7666666666666667,0.5931442160020253,0.3844061678003792,1.0,0.39528880252074144,0.0,0.0,0.0,1272.320556473309,68.31119516622616,900.0,mappo_no_acoustic_shield,acoustic_degradation,21211465,3
0.0,1.0,189.0,0.6190476190476188,0.7203619520317038,0.6046148565964166,1.0,0.6097388846835975,0.0,8.0,0.0,3503.114999999992,1992.29491433431,0.0,fixed_auv_ga_pso_tlbo_proxy,acoustic_degradation,21221472,3
0.0,1.0,145.0,0.8022988505747126,0.6457765818622172,0.4221176424547297,1.0,0.44840548020930493,0.0,6.0,0.0,3564.8250000000044,1575.1999999999975,0.0,independent_greedy,acoustic_degradation,21221472,3
0.0,1.0,200.0,0.74,0.7195193505371751,0.6240820140999154,1.0,0.6428911072616991,0.0,38.0,0.0,5505.258139233581,2479.29177221302,0.0,communication_aware,acoustic_degradation,21221472,3
1.0,1.0,139.0,0.4652278177458033,0.7067000726110121,0.543840784891817,1.0,0.6665460343817827,0.0,0.0,0.0,3778.122075741451,1082.6552110024631,471.0,haco_safemarl_pilot_no_acoustic,acoustic_degradation,21221472,3
0.0,1.0,144.0,0.5625,0.6883734936740938,0.5108945007747949,1.0,0.6214185061168391,0.0,42.0,0.0,4465.956782237622,1166.6693372823636,0.0,haco_safemarl_pilot_no_shield,acoustic_degradation,21221472,3
1.0,1.0,140.0,0.4904761904761904,0.7155452197293434,0.5740404897552824,1.0,0.6638255926681309,0.0,0.0,0.0,3805.625569186478,1091.842689930634,476.0,haco_safemarl_pilot,acoustic_degradation,21221472,3
0.0,0.0,300.0,0.7766666666666666,0.7162623803296988,0.6754147946071679,1.0,0.3333333330858147,0.0,123.0,0.0,1391.2774082551095,1219.2166244810583,973.0,mappo_no_acoustic_shield,acoustic_degradation,21221472,3
1.0,1.0,219.0,0.9330289193302892,0.567182839843848,0.532700620840313,1.0,0.3333333305807507,0.0,0.0,0.0,4059.164999999988,2060.4348097941233,0.0,fixed_auv_ga_pso_tlbo_proxy,acoustic_degradation,21231479,3
1.0,1.0,167.0,0.9620758483033932,0.4723856317105404,0.3843136396455127,1.0,0.3333333247494616,0.0,0.0,0.0,4105.695000000005,1584.7999999999997,0.0,independent_greedy,acoustic_degradation,21231479,3
0.0,0.3333333333333333,300.0,0.9588888888888889,0.6502287761834674,0.5816253101924034,1.0,0.3333333260287316,0.0,0.0,0.0,7794.2384987844325,3074.3262172838367,0.0,communication_aware,acoustic_degradation,21231479,3
1.0,1.0,212.0,0.908805031446541,0.6309638424621135,0.5752524128596458,1.0,0.33333333184885716,0.0,0.0,0.0,6603.731056551627,2108.556180274219,636.0,haco_safemarl_pilot_no_acoustic,acoustic_degradation,21231479,3
1.0,1.0,168.0,0.9186507936507935,0.6003235225734972,0.5281138053066424,1.0,0.33333333146777716,0.0,0.0,0.0,5303.018471207086,1559.4679907409693,0.0,haco_safemarl_pilot_no_shield,acoustic_degradation,21231479,3
0.0,0.6666666666666666,300.0,0.9366666666666666,0.6451637046416876,0.5802436084466782,1.0,0.33333333025546324,0.0,0.0,0.0,8918.423325049225,3013.9752047709717,900.0,haco_safemarl_pilot,acoustic_degradation,21231479,3
0.0,0.0,300.0,0.9633333333333334,0.657024822260686,0.5596901548233731,1.0,0.33333332415059713,0.0,0.0,0.0,1210.8274855463844,69.1587216459566,900.0,mappo_no_acoustic_shield,acoustic_degradation,21231479,3
0.0,1.0,298.0,1.0,0.26516487293581553,0.1360023324475033,1.0,0.0,0.0,66.0,0.050335570469798654,5523.429999999977,2258.389826840564,0.0,fixed_auv_ga_pso_tlbo_proxy,acoustic_degradation,21241486,3
0.0,1.0,228.0,1.0,0.14588168629912618,0.10664020389586422,1.0,0.0,0.0,50.0,0.0,5605.380000000007,1795.600000000003,0.0,independent_greedy,acoustic_degradation,21241486,3
0.0,0.0,300.0,1.0,0.5304060578025677,0.4174880814437168,1.0,0.0,0.0,165.0,0.0,7712.489589855183,3001.616025850691,0.0,communication_aware,acoustic_degradation,21241486,3
0.0,0.0,300.0,1.0,0.4268635461112611,0.3146910608064039,1.0,0.0,0.0,0.0,0.11333333333333333,8533.209373865766,2865.7580784481943,977.0,haco_safemarl_pilot_no_acoustic,acoustic_degradation,21241486,3
0.0,0.0,300.0,1.0,0.35736527440352056,0.23629010373662276,1.0,0.0,0.0,74.0,0.08,8881.118723179214,3035.9633404471188,0.0,haco_safemarl_pilot_no_shield,acoustic_degradation,21241486,3
0.0,0.0,300.0,1.0,0.5945345223722612,0.5524117353876915,1.0,0.0,0.0,0.0,0.10333333333333333,8376.351069632481,2938.6538827801955,978.0,haco_safemarl_pilot,acoustic_degradation,21241486,3
0.0,0.0,300.0,1.0,0.24724621544970898,0.18053285408720035,1.0,0.0,0.0,7.0,0.0,3003.9538118645332,1676.7261182585385,1001.0,mappo_no_acoustic_shield,acoustic_degradation,21241486,3
0.0,1.0,156.0,1.0,0.47915109427962777,0.4136612812424075,1.0,0.0,0.0,16.0,0.0,2891.4599999999973,1196.283913200914,0.0,fixed_auv_ga_pso_tlbo_proxy,acoustic_degradation,21251493,3
0.0,1.0,119.0,0.9103641456582633,0.4350792087724999,0.21774689595438435,1.0,0.3333333317967665,0.0,12.0,0.0,2925.6150000000034,993.3999999999997,0.0,independent_greedy,acoustic_degradation,21251493,3
0.0,0.3333333333333333,300.0,1.0,0.5740509762520349,0.5479002488632279,1.0,0.0,0.0,23.0,0.0,7661.894145260499,2945.4362277123273,0.0,communication_aware,acoustic_degradation,21251493,3
0.0,1.0,263.0,0.8669201520912546,0.5405048246404814,0.2779682814932271,1.0,0.3333333326362409,0.0,9.0,0.0,8048.670160304529,2725.148599609355,789.0,haco_safemarl_pilot_no_acoustic,acoustic_degradation,21251493,3
0.0,1.0,213.0,0.998435054773083,0.45732923028309924,0.33491842195463756,1.0,0.3333282924095672,0.0,13.0,0.0,6389.9170121603,1867.9215724036387,0.0,haco_safemarl_pilot_no_shield,acoustic_degradation,21251493,3
0.0,0.0,300.0,1.0,0.6139002234935906,0.5610992610144346,1.0,0.0,0.0,9.0,0.0,8653.913930782393,3177.4861203028117,900.0,haco_safemarl_pilot,acoustic_degradation,21251493,3
0.0,0.3333333333333333,300.0,0.9133333333333333,0.6078140594113811,0.545052330426701,1.0,0.3333333316896778,0.0,8.0,0.0,1620.466593595721,531.9173028060184,935.0,mappo_no_acoustic_shield,acoustic_degradation,21251493,3
1.0,1.0,260.0,0.8153846153846154,0.6481390453059932,0.5258449825232843,1.0,0.3333333329711077,0.0,0.0,0.08461538461538462,4819.099999999982,2096.174383067929,0.0,fixed_auv_ga_pso_tlbo_proxy,acoustic_degradation,21261500,3
1.0,1.0,199.0,0.9447236180904522,0.47395759104010765,0.2638028383275079,1.0,0.33333332929282733,0.0,0.0,0.0,4892.415000000006,1642.6000000000035,0.0,independent_greedy,acoustic_degradation,21261500,3
0.0,0.3333333333333333,300.0,0.8144444444444445,0.7537678863204009,0.7370852381562433,1.0,0.333333332974769,0.0,0.0,0.06666666666666667,8123.627510043999,3725.585294297549,0.0,communication_aware,acoustic_degradation,21261500,3
1.0,1.0,286.0,0.5023310023310023,0.7142662207337054,0.5618018860039984,0.7011494252873564,0.6109095171802451,0.0,0.0,0.06643356643356643,9206.016524274142,2716.7693261765976,884.0,haco_safemarl_pilot_no_acoustic,acoustic_degradation,21261500,3
1.0,1.0,225.0,0.677037037037037,0.6673800100947549,0.5549058141609853,0.7681159420289854,0.3333333332149721,0.0,0.0,0.09777777777777778,6977.945400202372,2050.443334042535,0.0,haco_safemarl_pilot_no_shield,acoustic_degradation,21261500,3
0.0,0.6666666666666666,300.0,0.5,0.7395620876021576,0.6391905355067716,0.7000000000000001,0.6196184984248971,0.0,0.0,0.04666666666666667,9528.327499714333,3208.6014295192394,931.0,haco_safemarl_pilot,acoustic_degradation,21261500,3
0.0,0.0,300.0,0.6655555555555556,0.7187155822116199,0.6733066046570789,1.0,0.5297839368027334,0.0,0.0,0.056666666666666664,1540.3091040140944,228.74192958062346,921.0,mappo_no_acoustic_shield,acoustic_degradation,21261500,3
0.0,0.6666666666666666,300.0,1.0,0.5745601139198013,0.4238718172305891,1.0,0.0,0.0,25.0,0.0,5560.499999999976,3031.603879812244,0.0,fixed_auv_ga_pso_tlbo_proxy,acoustic_degradation,21271507,3
0.0,1.0,263.0,1.0,0.3825578138779119,0.22735528821481774,1.0,0.0,0.0,35.0,0.0,6465.855000000009,2984.8000000000116,0.0,independent_greedy,acoustic_degradation,21271507,3
0.0,0.3333333333333333,300.0,1.0,0.7067688713086717,0.6766053769629689,1.0,0.0,0.0,0.0,0.0,7990.564211535792,3461.7548642038373,0.0,communication_aware,acoustic_degradation,21271507,3
0.0,0.6666666666666666,300.0,0.7555555555555556,0.6349305726862065,0.4008317611480925,1.0,0.33333333312672175,0.0,0.0,0.0,9549.595478123942,2623.035238171679,900.0,haco_safemarl_pilot_no_acoustic,acoustic_degradation,21271507,3
0.0,1.0,278.0,0.9376498800959231,0.5647300692282725,0.3808166466202976,1.0,0.3333333301576266,0.0,25.0,0.0,8588.77446788277,2297.7994799215357,0.0,haco_safemarl_pilot_no_shield,acoustic_degradation,21271507,3
0.0,0.3333333333333333,300.0,0.7188888888888889,0.6969352129491533,0.6021783259287012,1.0,0.33333333317710523,0.0,0.0,0.0,9194.793736391226,3301.454921309507,900.0,haco_safemarl_pilot,acoustic_degradation,21271507,3
0.0,0.3333333333333333,300.0,1.0,0.5256342983871883,0.42524793698078417,1.0,0.0,0.0,0.0,0.0,1784.5448046400113,175.41347122805755,900.0,mappo_no_acoustic_shield,acoustic_degradation,21271507,3
1.0,1.0,259.0,1.0,0.23471793448782236,0.15687522268922469,1.0,0.0,0.0,0.0,0.10424710424710425,4800.564999999982,2485.937948128138,0.0,fixed_auv_ga_pso_tlbo_proxy,acoustic_degradation,21281514,3
1.0,1.0,199.0,1.0,0.20254888263005122,0.11578814143743643,1.0,0.0,0.0,0.0,0.15577889447236182,4892.415000000006,2165.0000000000073,0.0,independent_greedy,acoustic_degradation,21281514,3
0.0,0.0,300.0,1.0,0.48531228101365786,0.4230190322343093,1.0,0.0,0.0,0.0,0.12666666666666668,7620.934206674206,2931.970272294878,0.0,communication_aware,acoustic_degradation,21281514,3
0.0,0.3333333333333333,300.0,0.9444444444444445,0.3667630204715931,0.22275675454514451,1.0,0.3333333293333334,0.0,0.0,0.10666666666666667,8981.944072866596,3060.669816705343,941.0,haco_safemarl_pilot_no_acoustic,acoustic_degradation,21281514,3
0.0,0.3333333333333333,300.0,1.0,0.34862052395688425,0.21286743208653236,1.0,0.0,0.0,0.0,0.10333333333333333,8749.393610349116,2997.2324813993914,0.0,haco_safemarl_pilot_no_shield,acoustic_degradation,21281514,3
0.0,0.0,300.0,1.0,0.5843518521209927,0.5484064481356169,1.0,0.0,0.0,0.0,0.11,8508.175444236105,3149.8508688171787,948.0,haco_safemarl_pilot,acoustic_degradation,21281514,3
0.0,0.0,300.0,1.0,0.35109166606778675,0.1843783236112211,1.0,0.0,0.0,0.0,0.12333333333333334,1616.6000047496457,937.8548866222012,1027.0,mappo_no_acoustic_shield,acoustic_degradation,21281514,3
1.0,1.0,277.0,0.8688327316486162,0.4971191228790826,0.29547527852656896,1.0,0.33333333261576376,0.0,0.0,0.0,5134.19499999998,2184.899250265618,0.0,fixed_auv_ga_pso_tlbo_proxy,acoustic_degradation,21291521,3
1.0,1.0,212.0,0.7641509433962265,0.44760038039762706,0.12479941117678944,1.0,0.6264617432855635,0.0,0.0,0.0,5212.020000000007,1714.2000000000005,0.0,independent_greedy,acoustic_degradation,21291521,3
0.0,0.0,300.0,0.8911111111111111,0.6400092782240191,0.5064313940786712,1.0,0.3333333322921005,0.0,0.0,0.0,7880.995161654214,2928.24334340536,0.0,communication_aware,acoustic_degradation,21291521,3
0.0,0.0,300.0,0.721111111111111,0.5724409764480655,0.2949842085826909,1.0,0.6642942243192517,0.0,0.0,0.0,8978.919592114244,3175.0625098636087,900.0,haco_safemarl_pilot_no_acoustic,acoustic_degradation,21291521,3
0.0,0.3333333333333333,300.0,0.87,0.46715790630185966,0.29973473755443136,1.0,0.6585365825146344,0.0,0.0,0.0,9039.667647282915,2942.3589063813574,0.0,haco_safemarl_pilot_no_shield,acoustic_degradation,21291521,3
0.0,0.0,300.0,0.7044444444444444,0.6942147838941345,0.564240212881872,1.0,0.666515947361608,0.0,0.0,0.0,8852.695708929868,3078.0134808406183,900.0,haco_safemarl_pilot,acoustic_degradation,21291521,3
0.0,0.0,300.0,0.6566666666666666,0.6002700515829461,0.2754785628248832,1.0,0.6350032916531972,0.0,0.0,0.0,1015.8111105758783,139.84991561100946,900.0,mappo_no_acoustic_shield,acoustic_degradation,21291521,3
0.0,1.0,157.0,1.0,0.5745094988038505,0.47755524988040776,1.0,0.0,0.03821656050955414,56.0,0.09554140127388536,2909.994999999997,1169.7220449082154,0.0,fixed_auv_ga_pso_tlbo_proxy,acoustic_degradation,21301528,3
0.0,1.0,120.0,1.0,0.4997984937542134,0.420847488982264,1.0,0.0,0.0,43.0,0.20833333333333334,2950.2000000000035,929.7999999999994,0.0,independent_greedy,acoustic_degradation,21301528,3
0.0,0.6666666666666666,300.0,1.0,0.6892609463724785,0.6469564486154499,1.0,0.0,0.0,58.0,0.07,7750.943299876269,3063.7994880277565,0.0,communication_aware,acoustic_degradation,21301528,3
0.0,1.0,183.0,0.9234972677595629,0.6621066720163127,0.6092960295305206,1.0,0.3333333312239229,0.0,1.0,0.08743169398907104,5485.238781403789,1404.9476079194171,583.0,haco_safemarl_pilot_no_acoustic,acoustic_degradation,21301528,3
0.0,1.0,127.0,1.0,0.6198375406601184,0.5902957102824083,1.0,0.0,0.03937007874015748,41.0,0.14960629921259844,3959.2276303244826,981.6390216554753,0.0,haco_safemarl_pilot_no_shield,acoustic_degradation,21301528,3
0.0,1.0,243.0,0.9135802469135802,0.6896491281097389,0.6435538016738752,1.0,0.3333333316802721,0.0,2.0,0.06995884773662552,7271.345781590909,2068.672319599177,763.0,haco_safemarl_pilot,acoustic_degradation,21301528,3
0.0,0.0,300.0,0.7755555555555557,0.733326864974448,0.6860757325479214,1.0,0.33333333308825935,0.0,6.0,0.09666666666666666,1204.6751141058498,212.24614625420298,957.0,mappo_no_acoustic_shield,acoustic_degradation,21301528,3
0.0,1.0,234.0,1.0,0.5188280434954163,0.3734845919283453,1.0,0.0,0.038461538461538464,0.0,0.14957264957264957,4337.189999999986,2255.006875844515,0.0,fixed_auv_ga_pso_tlbo_proxy,acoustic_degradation,21311535,3
1.0,1.0,179.0,1.0,0.4340109456077559,0.17199813803443773,1.0,0.0,0.0,0.0,0.10614525139664804,4400.715000000006,1868.3999999999965,0.0,independent_greedy,acoustic_degradation,21311535,3
0.0,0.6666666666666666,300.0,1.0,0.6903550445064826,0.6508213489032293,1.0,0.0,0.03666666666666667,0.0,0.11333333333333333,7752.054254466357,3098.9431866496247,0.0,communication_aware,acoustic_degradation,21311535,3
1.0,1.0,231.0,0.795093795093795,0.6394784329621234,0.4451683411105004,1.0,0.39984136384422103,0.0,0.0,0.1038961038961039,7451.212413158802,1908.688666662206,736.0,haco_safemarl_pilot_no_acoustic,acoustic_degradation,21311535,3
1.0,1.0,193.0,0.8825561312607946,0.4872911937351789,0.2383236125087356,1.0,0.3333333324382689,0.0,0.0,0.16580310880829016,6019.610019161964,1399.1619567925823,0.0,haco_safemarl_pilot_no_shield,acoustic_degradation,21311535,3
1.0,1.0,218.0,0.8211009174311926,0.6692295895869393,0.5262725848188816,1.0,0.33333333294758977,0.0,0.0,0.0963302752293578,7210.6384539315095,1852.2362334226184,696.0,haco_safemarl_pilot,acoustic_degradation,21311535,3
0.0,0.3333333333333333,300.0,0.7177777777777777,0.6458019371603649,0.40516438120474857,1.0,0.6118856573998964,0.0,0.0,0.03,1210.6276029942578,71.18752899321913,900.0,mappo_no_acoustic_shield,acoustic_degradation,21311535,3
0.0,1.0,283.0,0.9528857479387514,0.29589903582551447,0.06452224986562012,1.0,0.3333333277715973,0.0,56.0,0.0,5245.404999999979,2684.015818736622,0.0,fixed_auv_ga_pso_tlbo_proxy,acoustic_degradation,21321542,3
0.0,1.0,217.0,1.0,0.2723139442973551,0.03302226114301182,1.0,0.0,0.0,44.0,0.0,5334.945000000007,2190.0000000000023,0.0,independent_greedy,acoustic_degradation,21321542,3
0.0,0.0,300.0,1.0,0.5214521693699313,0.2935212138045479,1.0,0.0,0.0,0.0,0.0,7673.17268590687,2958.3927973706495,0.0,communication_aware,acoustic_degradation,21321542,3
0.0,0.3333333333333333,300.0,0.8833333333333333,0.3675297792566853,0.09726470456085502,1.0,0.33333333242630386,0.0,0.0,0.0,8841.148468968067,2764.0012563584755,918.0,haco_safemarl_pilot_no_acoustic,acoustic_degradation,21321542,3
0.0,0.3333333333333333,300.0,1.0,0.34304841523103163,0.1536988514842976,1.0,0.0,0.0,48.0,0.0,8793.856557254858,2885.0284366926853,0.0,haco_safemarl_pilot_no_shield,acoustic_degradation,21321542,3
0.0,0.0,300.0,0.8577777777777778,0.6201526101919641,0.45458598312975207,1.0,0.33333333272298177,0.0,0.0,0.0,8690.639635704698,3074.2281374912736,900.0,haco_safemarl_pilot,acoustic_degradation,21321542,3
0.0,0.0,300.0,0.8844444444444444,0.5107844435333978,0.11878159922385445,1.0,0.3333333324087771,0.0,0.0,0.0,999.6556786920985,325.5745639673921,900.0,mappo_no_acoustic_shield,acoustic_degradation,21321542,3
0.0,1.0,196.0,0.8163265306122449,0.35984929213337147,0.1095065540418424,1.0,0.33333333296738304,0.04591836734693878,67.0,0.11224489795918367,3632.859999999991,1618.7266682241523,0.0,fixed_auv_ga_pso_tlbo_proxy,acoustic_degradation,21331549,3
0.0,1.0,150.0,0.8466666666666667,0.36730963775666675,0.04873732543885935,1.0,0.3333333328082336,0.0,52.0,0.16,3687.7500000000045,1203.000000000001,0.0,independent_greedy,acoustic_degradation,21331549,3
0.0,0.0,300.0,0.9377777777777779,0.4624617867857705,0.33611540515669147,1.0,0.3333333301445579,0.0,113.0,0.17,7712.417413286022,2914.1012404418516,0.0,communication_aware,acoustic_degradation,21331549,3
0.0,0.6666666666666666,300.0,0.6777777777777777,0.4509314326348487,0.1246283873765425,0.7777777777777778,0.33333333321442726,0.0,0.0,0.15,8833.114186694807,2947.8551570020754,989.0,haco_safemarl_pilot_no_acoustic,acoustic_degradation,21331549,3
0.0,0.3333333333333333,300.0,0.9166666666666666,0.3810389435399203,0.22251241353102544,1.0,0.33333333155555556,0.04,105.0,0.2,8805.760873034886,3022.088298175843,0.0,haco_safemarl_pilot_no_shield,acoustic_degradation,21331549,3
0.0,0.0,300.0,0.6811111111111111,0.6485214208448419,0.5408696164977009,0.8111111111111111,0.33333333321192843,0.03333333333333333,0.0,0.19,8228.926614772434,3352.2590015429,1015.0,haco_safemarl_pilot,acoustic_degradation,21331549,3
0.0,0.0,300.0,0.72,0.48302966009207604,0.2851081490777244,1.0,0.33333333317586294,0.0,0.0,0.11333333333333333,1469.6753597471916,646.2782493196955,987.0,mappo_no_acoustic_shield,acoustic_degradation,21331549,3
0.0,1.0,240.0,1.0,0.2931098907521308,0.13897824872674197,1.0,0.0,0.0,54.0,0.19166666666666668,4448.399999999985,2141.4623738376968,0.0,fixed_auv_ga_pso_tlbo_proxy,acoustic_degradation,21341556,3
0.0,1.0,184.0,0.9420289855072462,0.3127210711852034,0.060465082329395514,1.0,0.3333333296597223,0.0,42.0,0.125,4523.640000000006,1728.2000000000032,0.0,independent_greedy,acoustic_degradation,21341556,3
0.0,0.0,300.0,1.0,0.5273595580839104,0.4188230147892023,1.0,0.0,0.0,0.0,0.13333333333333333,7654.679332224079,2990.335403296845,0.0,communication_aware,acoustic_degradation,21341556,3
0.0,0.3333333333333333,300.0,0.9455555555555555,0.41037335225455146,0.16556560553162822,1.0,0.3333333291684021,0.0,0.0,0.09,7041.659042882128,2380.169797162986,1083.0,haco_safemarl_pilot_no_acoustic,acoustic_degradation,21341556,3
0.0,0.0,300.0,0.9766666666666667,0.32415984646147183,0.19603333483840915,1.0,0.33333331065759797,0.0,140.0,0.11333333333333333,8736.97248014121,3100.4621904669975,0.0,haco_safemarl_pilot_no_shield,acoustic_degradation,21341556,3
0.0,0.0,300.0,0.95,0.6216697552598063,0.5267385812634967,1.0,0.33333332839506175,0.0,0.0,0.11,8839.930894096602,3338.8755632443963,1024.0,haco_safemarl_pilot,acoustic_degradation,21341556,3
0.0,0.0,300.0,0.9355555555555556,0.43694499199176523,0.19414099099341708,1.0,0.33333333036068175,0.0,0.0,0.15666666666666668,1627.7830954777455,595.389509443228,1074.0,mappo_no_acoustic_shield,acoustic_degradation,21341556,3
1.0,1.0,222.0,1.0,0.46084355740302446,0.17883714927748945,1.0,0.0,0.0,0.0,0.0,4114.769999999988,2222.3786178103323,0.0,fixed_auv_ga_pso_tlbo_proxy,acoustic_degradation,21351563,3
1.0,1.0,170.0,1.0,0.38988834282269846,0.13327919424585408,1.0,0.0,0.0,0.0,0.0,4179.450000000005,1785.999999999997,0.0,independent_greedy,acoustic_degradation,21351563,3
0.0,0.6666666666666666,300.0,1.0,0.5532822936174904,0.3952962614537364,1.0,0.0,0.0,0.0,0.05333333333333334,7789.944956875673,3087.591205546331,0.0,communication_aware,acoustic_degradation,21351563,3
1.0,1.0,198.0,0.9107744107744108,0.5674436874021176,0.35388479548468155,1.0,0.33333333178260355,0.0,0.0,0.0,6307.991402902948,1838.02275631995,594.0,haco_safemarl_pilot_no_acoustic,acoustic_degradation,21351563,3
1.0,1.0,178.0,0.9569288389513108,0.524791074834532,0.3611859727711068,1.0,0.333333326678429,0.0,0.0,0.0,5450.709501578409,1448.9481056515926,0.0,haco_safemarl_pilot_no_shield,acoustic_degradation,21351563,3
1.0,1.0,292.0,0.9703196347031963,0.6257253333394903,0.5593100899218224,1.0,0.3333333193188698,0.0,0.0,0.0684931506849315,9108.688679578294,3152.806059088893,883.0,haco_safemarl_pilot,acoustic_degradation,21351563,3
1.0,1.0,260.0,0.8307692307692308,0.5319833357160171,0.28015493443194595,1.0,0.33333333290225486,0.0,0.0,0.026923076923076925,1462.009482741145,198.78004375160748,783.0,mappo_no_acoustic_shield,acoustic_degradation,21351563,3
0.0,0.6666666666666666,300.0,0.7866666666666666,0.6654204558607931,0.571886400888857,1.0,0.6073546847459155,0.04,35.0,0.10333333333333333,5560.499999999976,3366.5982627708427,0.0,fixed_auv_ga_pso_tlbo_proxy,acoustic_degradation,21361570,3
0.0,1.0,275.0,0.8448484848484847,0.47535547148611546,0.2336339795172899,1.0,0.33333333282046845,0.0,27.0,0.07272727272727272,6760.875000000009,3489.800000000014,0.0,independent_greedy,acoustic_degradation,21361570,3
0.0,0.6666666666666666,300.0,0.9344444444444445,0.7370113628625143,0.7121927056621385,1.0,0.33333333046059566,0.0,33.0,0.12,8090.145212492731,3711.6001060088342,0.0,communication_aware,acoustic_degradation,21361570,3
0.0,1.0,284.0,0.6936619718309859,0.6829944352277629,0.5735905311160734,1.0,0.5127469794787088,0.0,12.0,0.0,9150.188707004136,2510.519697253605,852.0,haco_safemarl_pilot_no_acoustic,acoustic_degradation,21361570,3
0.0,1.0,272.0,0.846813725490196,0.623334690739514,0.4564770559129118,1.0,0.5519056182815095,0.0,26.0,0.0,8408.433026871657,2374.1920742239504,0.0,haco_safemarl_pilot_no_shield,acoustic_degradation,21361570,3
0.0,1.0,288.0,0.7037037037037037,0.6991212348693018,0.6119328669906324,1.0,0.5131867440129849,0.0,13.0,0.0,9309.195159595458,2554.61378731115,864.0,haco_safemarl_pilot,acoustic_degradation,21361570,3
0.0,0.3333333333333333,300.0,0.7044444444444444,0.6840378729095056,0.6056492456865827,1.0,0.42898023500298155,0.0,10.0,0.05,1711.2329706648075,278.7644500290039,900.0,mappo_no_acoustic_shield,acoustic_degradation,21361570,3
1.0,1.0,217.0,1.0,0.44301352168360725,0.13342922334409685,1.0,0.0,0.0,0.0,0.0,4022.0949999999884,2088.599533336296,0.0,fixed_auv_ga_pso_tlbo_proxy,acoustic_degradation,21371577,3
1.0,1.0,166.0,1.0,0.3250582893117078,0.10851768708199871,1.0,0.0,0.0,0.0,0.0,4081.110000000005,1632.8000000000036,0.0,independent_greedy,acoustic_degradation,21371577,3
0.0,0.3333333333333333,300.0,1.0,0.6025410689185433,0.4276550959149423,1.0,0.0,0.0,94.0,0.12,7709.096306364674,3139.999854997814,0.0,communication_aware,acoustic_degradation,21371577,3
0.0,0.6666666666666666,300.0,0.7711111111111111,0.5693028653571888,0.4157067037213284,1.0,0.3333333330976843,0.0,0.0,0.07333333333333333,9383.243314009767,3425.65687775044,917.0,haco_safemarl_pilot_no_acoustic,acoustic_degradation,21371577,3
0.0,0.3333333333333333,300.0,0.7533333333333333,0.4764932705045618,0.3038584331351745,1.0,0.33333333313042773,0.04,36.0,0.09666666666666666,8797.981989159724,3206.19522781902,0.0,haco_safemarl_pilot_no_shield,acoustic_degradation,21371577,3
0.0,0.3333333333333333,300.0,0.7177777777777778,0.6608852403065877,0.5779761528899351,1.0,0.33333333317833297,0.03,0.0,0.09666666666666666,8797.54043573923,3664.3921628927046,948.0,haco_safemarl_pilot,acoustic_degradation,21371577,3
0.0,0.3333333333333333,300.0,0.701111111111111,0.5457780368046539,0.35769500681550465,1.0,0.33333333319513736,0.0,0.0,0.08333333333333333,1347.5954447817276,242.07967069685094,943.0,mappo_no_acoustic_shield,acoustic_degradation,21371577,3
0.0,0.6666666666666666,300.0,1.0,0.24691633316090822,0.07821358415252327,1.0,0.0,0.0,78.0,0.0,5560.499999999976,2733.407195107923,0.0,fixed_auv_ga_pso_tlbo_proxy,acoustic_degradation,21381584,3
0.0,1.0,286.0,1.0,0.22943813312006128,0.0330765368585031,1.0,0.0,0.0,89.0,0.0,7031.3100000000095,3107.00000000001,0.0,independent_greedy,acoustic_degradation,21381584,3
0.0,0.0,300.0,1.0,0.47219186583735223,0.2994587563955473,1.0,0.0,0.0,53.0,0.0,7679.895651284802,2979.6765337544293,0.0,communication_aware,acoustic_degradation,21381584,3
0.0,0.6666666666666666,300.0,0.9911111111111113,0.3958890705462836,0.09488573860698557,1.0,0.3333331770834066,0.0,30.0,0.0,9075.461947920237,2661.6269330140167,911.0,haco_safemarl_pilot_no_acoustic,acoustic_degradation,21381584,3
0.0,0.3333333333333333,300.0,1.0,0.3374700264987256,0.14073344593713719,1.0,0.0,0.0,36.0,0.0,8876.06809036615,2842.4803714700174,0.0,haco_safemarl_pilot_no_shield,acoustic_degradation,21381584,3
0.0,0.0,300.0,1.0,0.5759296977994722,0.4188639008252451,1.0,0.0,0.0,0.0,0.0,8840.51198776161,3020.8491644881674,911.0,haco_safemarl_pilot,acoustic_degradation,21381584,3
0.0,0.0,300.0,1.0,0.4260077295951181,0.2801681291368053,1.0,0.0,0.0,0.0,0.0,1578.8598562766224,1097.4626359977906,976.0,mappo_no_acoustic_shield,acoustic_degradation,21381584,3
0.0,0.6666666666666666,300.0,0.841111111111111,0.4464848934667099,0.2928982809631101,1.0,0.3333333328443119,0.0,37.0,0.0,5560.499999999976,2572.1025535048752,0.0,fixed_auv_ga_pso_tlbo_proxy,acoustic_degradation,21391591,3
0.0,0.6666666666666666,300.0,0.9188888888888888,0.3649069076017807,0.08056780831198591,1.0,0.33333333145680866,0.0,28.0,0.0,7375.50000000001,3135.0000000000127,0.0,independent_greedy,acoustic_degradation,21391591,3
0.0,0.0,300.0,0.8844444444444446,0.6478981724237264,0.5539804178226236,1.0,0.3333333324087771,0.0,32.0,0.0,7827.000148915047,2977.330020378876,0.0,communication_aware,acoustic_degradation,21391591,3
0.0,0.0,300.0,0.7155555555555555,0.5663669720700872,0.273991696087236,1.0,0.6507785186430521,0.0,0.0,0.0,8804.467637215828,3114.7608957123416,928.0,haco_safemarl_pilot_no_acoustic,acoustic_degradation,21391591,3
0.0,0.0,300.0,0.9077777777777777,0.46692740051741144,0.27293373367193086,1.0,0.33333333188174386,0.0,27.0,0.0,9010.507766577655,2977.8180077652473,0.0,haco_safemarl_pilot_no_shield,acoustic_degradation,21391591,3
0.0,0.0,300.0,0.7122222222222222,0.692064922754722,0.5641363468331326,1.0,0.6379007021994211,0.0,0.0,0.0,8483.614301552134,2977.5897686763046,935.0,haco_safemarl_pilot,acoustic_degradation,21391591,3
0.0,0.0,300.0,0.7966666666666666,0.5349494822693931,0.33549166726766894,1.0,0.5999999990325181,0.0,1.0,0.0,1213.9308990783932,125.90571318372315,903.0,mappo_no_acoustic_shield,acoustic_degradation,21391591,3
0.0,1.0,264.0,1.0,0.5662503499959557,0.36526507252228957,1.0,0.0,0.045454545454545456,119.0,0.12878787878787878,4893.239999999982,2789.011773341694,0.0,fixed_auv_ga_pso_tlbo_proxy,acoustic_degradation,21401598,3
0.0,1.0,202.0,1.0,0.4930943714274906,0.30876656573203415,1.0,0.0,0.0,92.0,0.13366336633663367,4966.170000000006,2366.800000000001,0.0,independent_greedy,acoustic_degradation,21401598,3
0.0,0.6666666666666666,300.0,0.9355555555555556,0.6697123780442568,0.5736072644248125,1.0,0.33333333036068175,0.04666666666666667,37.0,0.14666666666666667,7964.516466111718,3544.8305222147774,0.0,communication_aware,acoustic_degradation,21401598,3
0.0,1.0,273.0,0.7728937728937729,0.6384397656697014,0.5049017232477994,1.0,0.3333333330939704,0.047619047619047616,0.0,0.1391941391941392,8080.19348081667,2651.4261729933896,879.0,haco_safemarl_pilot_no_acoustic,acoustic_degradation,21401598,3
0.0,1.0,218.0,0.9235474006116207,0.5868352038297291,0.43748278736362706,1.0,0.33333333122115555,0.045871559633027525,0.0,0.25229357798165136,6709.325204500676,1896.4192495087923,0.0,haco_safemarl_pilot_no_shield,acoustic_degradation,21401598,3
0.0,0.3333333333333333,300.0,0.7444444444444444,0.6818763610690503,0.6091607815603849,1.0,0.33333333314429736,0.04666666666666667,0.0,0.11666666666666667,8675.101017484878,3614.3000990258292,961.0,haco_safemarl_pilot,acoustic_degradation,21401598,3
0.0,0.0,300.0,0.8922222222222221,0.6612092777631121,0.5610039012970557,1.0,0.33333333227052114,0.0,0.0,0.2833333333333333,1161.6268421597474,293.37407074656795,973.0,mappo_no_acoustic_shield,acoustic_degradation,21401598,3
1.0,1.0,233.0,1.0,0.2701716405628227,0.08849172741481254,1.0,0.0,0.0,0.0,0.0,4318.654999999986,2148.2136167925814,0.0,fixed_auv_ga_pso_tlbo_proxy,acoustic_degradation,21411605,3
1.0,1.0,178.0,1.0,0.25305344189481777,0.08511133478275001,1.0,0.0,0.0,0.0,0.0,4376.130000000006,1907.600000000006,0.0,independent_greedy,acoustic_degradation,21411605,3
0.0,0.3333333333333333,300.0,1.0,0.4573358394376791,0.3096213493845697,1.0,0.0,0.0,0.0,0.0,7617.738231227972,2947.1264840460603,0.0,communication_aware,acoustic_degradation,21411605,3
0.0,0.3333333333333333,300.0,1.0,0.35465367774763407,0.14640679188060968,1.0,0.0,0.0,0.0,0.0,8998.509468491027,3279.9376970552516,900.0,haco_safemarl_pilot_no_acoustic,acoustic_degradation,21411605,3
0.0,0.3333333333333333,300.0,1.0,0.3526134833484985,0.22705488333603313,1.0,0.0,0.0,0.0,0.0,8729.974998228812,3080.6497135635777,0.0,haco_safemarl_pilot_no_shield,acoustic_degradation,21411605,3
0.0,0.0,300.0,1.0,0.5905641381452723,0.4974536573207854,1.0,0.0,0.0,0.0,0.0,8580.770301566134,3144.5636020870024,900.0,haco_safemarl_pilot,acoustic_degradation,21411605,3
0.0,0.0,300.0,1.0,0.4467809924008648,0.06013025136739452,1.0,0.0,0.0,0.0,0.0,470.9995264728659,59.86747610660687,900.0,mappo_no_acoustic_shield,acoustic_degradation,21411605,3
0.0,1.0,260.0,0.828205128205128,0.46884527788944297,0.3161974762796529,1.0,0.33333333291502687,0.03461538461538462,0.0,0.08076923076923077,4819.099999999982,1948.8034283245845,0.0,fixed_auv_ga_pso_tlbo_proxy,acoustic_degradation,21421612,3
1.0,1.0,199.0,0.9380234505862648,0.41732299191113753,0.08765346459005947,1.0,0.3333333301192274,0.0,0.0,0.0,4892.415000000006,1607.8000000000009,0.0,independent_greedy,acoustic_degradation,21421612,3
0.0,0.0,300.0,0.9055555555555557,0.688090020060417,0.615748585024613,1.0,0.3333333319492503,0.01,55.0,0.07333333333333333,7814.022438826266,2857.155495520185,0.0,communication_aware,acoustic_degradation,21421612,3
1.0,1.0,292.0,0.7568493150684932,0.5715359570801568,0.23144045322948714,1.0,0.45555321224967826,0.0,0.0,0.0547945205479452,7457.172344309846,2247.3425298049283,1013.0,haco_safemarl_pilot_no_acoustic,acoustic_degradation,21421612,3
0.0,1.0,274.0,0.9014598540145985,0.48368481767035426,0.40701478397894003,1.0,0.3333333320619147,0.0,30.0,0.06934306569343066,8382.290405508837,2219.618203376654,0.0,haco_safemarl_pilot_no_shield,acoustic_degradation,21421612,3
0.0,0.0,300.0,0.8133333333333334,0.7014987836217162,0.5890147842803611,1.0,0.3495838283855709,0.02666666666666667,43.0,0.06,7405.981532497681,2605.6867999551323,1023.0,haco_safemarl_pilot,acoustic_degradation,21421612,3
0.0,0.3333333333333333,300.0,0.9788888888888888,0.5084923406594872,0.31826557600705196,1.0,0.33333330563250463,0.0,13.0,0.0,1797.7191691304397,435.7352764661669,954.0,mappo_no_acoustic_shield,acoustic_degradation,21421612,3
0.0,1.0,263.0,1.0,0.44473825959608,0.25225112324419563,1.0,0.0,0.0,59.0,0.09125475285171103,4874.704999999982,2477.0192457047215,0.0,fixed_auv_ga_pso_tlbo_proxy,acoustic_degradation,21431619,3
0.0,1.0,201.0,1.0,0.45468844057051705,0.20288341345364835,1.0,0.0,0.0,45.0,0.04975124378109453,4941.585000000006,2211.000000000005,0.0,independent_greedy,acoustic_degradation,21431619,3
0.0,0.3333333333333333,300.0,1.0,0.6364656795627539,0.547091690910944,1.0,0.0,0.0,161.0,0.07333333333333333,7723.342396862545,3115.936301731715,0.0,communication_aware,acoustic_degradation,21431619,3
0.0,0.3333333333333333,300.0,0.6655555555555556,0.6442612443233947,0.5248928301972583,1.0,0.4899390554766334,0.0,0.0,0.03666666666666667,9145.488873667338,3871.248519259965,900.0,haco_safemarl_pilot_no_acoustic,acoustic_degradation,21431619,3
0.0,0.3333333333333333,300.0,0.83,0.4914064818750542,0.3429428448836519,1.0,0.3333333329061472,0.0,55.0,0.03333333333333333,8811.116819584324,3180.081769284009,0.0,haco_safemarl_pilot_no_shield,acoustic_degradation,21431619,3
0.0,0.3333333333333333,300.0,0.6322222222222222,0.743282214518392,0.6969584261639974,1.0,0.5472276745570898,0.0,0.0,0.043333333333333335,9067.635127720672,3877.487633639468,900.0,haco_safemarl_pilot,acoustic_degradation,21431619,3
0.0,0.0,300.0,0.5877777777777777,0.7326939542165062,0.6587451203946523,0.9666666666666667,0.8598102229631946,0.0,0.0,0.06333333333333334,792.9721607231363,647.2965273222376,910.0,mappo_no_acoustic_shield,acoustic_degradation,21431619,3
0.0,0.6666666666666666,300.0,1.0,0.31362708706680764,0.1409644488177046,1.0,0.0,0.0,94.0,0.08666666666666667,5560.499999999976,3094.4949608478128,0.0,fixed_auv_ga_pso_tlbo_proxy,acoustic_degradation,21441626,3
0.0,1.0,239.0,1.0,0.30659297023445975,0.06142171028086495,1.0,0.0,0.0,74.0,0.11297071129707113,5875.815000000008,2870.800000000014,0.0,independent_greedy,acoustic_degradation,21441626,3
0.0,0.3333333333333333,300.0,1.0,0.5269523824434919,0.47183017351449913,1.0,0.0,0.0,0.0,0.07666666666666666,7644.154640020458,3309.1067519999788,0.0,communication_aware,acoustic_degradation,21441626,3
0.0,0.3333333333333333,300.0,1.0,0.4178537530582485,0.22551662351524437,1.0,0.0,0.0,0.0,0.08666666666666667,9042.585906237717,4047.941628400971,942.0,haco_safemarl_pilot_no_acoustic,acoustic_degradation,21441626,3
0.0,0.3333333333333333,300.0,1.0,0.4073507050632313,0.24300321375128173,1.0,0.0,0.0,0.0,0.09666666666666666,8659.973347292995,3408.8997006483555,0.0,haco_safemarl_pilot_no_shield,acoustic_degradation,21441626,3
0.0,0.3333333333333333,300.0,1.0,0.6352117185332469,0.5752284443753086,1.0,0.0,0.0,0.0,0.09333333333333334,8938.843245033866,3965.822732543368,939.0,haco_safemarl_pilot,acoustic_degradation,21441626,3
0.0,0.3333333333333333,300.0,1.0,0.3785806536971323,0.2078462039556851,1.0,0.0,0.0,0.0,0.06,1059.874932401459,659.0162278094581,920.0,mappo_no_acoustic_shield,acoustic_degradation,21441626,3
0.0,0.6666666666666666,300.0,1.0,0.4467886439822401,0.3062598303461601,1.0,0.0,0.0,0.0,0.0,5560.499999999976,2652.1899673340813,0.0,fixed_auv_ga_pso_tlbo_proxy,acoustic_degradation,21451633,3
1.0,1.0,240.0,1.0,0.3572673496514532,0.1183611122902384,1.0,0.0,0.0,0.0,0.10416666666666667,5900.400000000008,2338.2,0.0,independent_greedy,acoustic_degradation,21451633,3
0.0,0.0,300.0,1.0,0.6897818442980378,0.637477434233264,1.0,0.0,0.0,0.0,0.0,7769.999651314808,2953.905010780738,0.0,communication_aware,acoustic_degradation,21451633,3
1.0,1.0,274.0,0.867396593673966,0.6117431051138205,0.4175971622895748,1.0,0.33333333263122256,0.0,0.0,0.029197080291970802,8661.70672542233,2444.9923044294055,845.0,haco_safemarl_pilot_no_acoustic,acoustic_degradation,21451633,3
1.0,1.0,252.0,0.9034391534391534,0.5325028721304359,0.3417074279291538,1.0,0.33333333200925747,0.0,0.0,0.03571428571428571,7784.001921382925,2129.570730960913,0.0,haco_safemarl_pilot_no_shield,acoustic_degradation,21451633,3
0.0,0.0,300.0,1.0,0.6657966607662366,0.6177388968842404,1.0,0.0,0.0,0.0,0.02666666666666667,8997.032574354944,2902.695577624633,921.0,haco_safemarl_pilot,acoustic_degradation,21451633,3
0.0,0.0,300.0,0.8677777777777779,0.6651931088281254,0.550382702720354,1.0,0.3333333326271685,0.0,0.0,0.0,1880.3170191924594,82.47683025999707,900.0,mappo_no_acoustic_shield,acoustic_degradation,21451633,3
0.0,0.6666666666666666,300.0,1.0,0.31174508086969377,0.24615719466505784,1.0,0.0,0.0,0.0,0.0,5560.499999999976,2647.845390686292,0.0,fixed_auv_ga_pso_tlbo_proxy,acoustic_degradation,21461640,3
1.0,1.0,267.0,0.8913857677902621,0.26918857543726277,0.0903575025647381,1.0,0.3333333322868279,0.0,0.0,0.0,6564.195000000009,2718.2000000000085,0.0,independent_greedy,acoustic_degradation,21461640,3
0.0,0.0,300.0,1.0,0.6382706460449472,0.5992344618474299,1.0,0.0,0.0,0.0,0.0,7698.261564637002,3006.142475976297,0.0,communication_aware,acoustic_degradation,21461640,3
0.0,0.0,300.0,0.8855555555555557,0.47679090466754176,0.2880492901629806,1.0,0.33333333239073737,0.0,0.0,0.0,8912.624904048507,3038.2296377795265,900.0,haco_safemarl_pilot_no_acoustic,acoustic_degradation,21461640,3
0.0,0.0,300.0,1.0,0.3859778081235307,0.26658373086187725,1.0,0.0,0.0,0.0,0.0,8864.248584766883,3033.966020661818,0.0,haco_safemarl_pilot_no_shield,acoustic_degradation,21461640,3
0.0,0.0,300.0,0.8811111111111113,0.6573772244416156,0.5845552655660036,1.0,0.3333333324598946,0.0,0.0,0.0,8745.07187229127,3077.863207853008,900.0,haco_safemarl_pilot,acoustic_degradation,21461640,3
0.0,0.0,300.0,0.8577777777777778,0.4898151308076838,0.20948379560579802,1.0,0.33333333272298177,0.0,0.0,0.0,1517.0725099405013,463.93876943845663,900.0,mappo_no_acoustic_shield,acoustic_degradation,21461640,3
0.0,0.6666666666666666,300.0,0.9211111111111112,0.42956908168254054,0.3215850514413684,1.0,0.33333333134959997,0.0,21.0,0.03333333333333333,5560.499999999976,2741.8282368854098,0.0,fixed_auv_ga_pso_tlbo_proxy,acoustic_degradation,21471647,3
0.0,1.0,259.0,0.9742599742599742,0.23308777463558028,0.13929788399409615,1.0,0.33333331469972327,0.0,16.0,0.0,6367.5150000000085,2487.8000000000116,0.0,independent_greedy,acoustic_degradation,21471647,3
0.0,0.3333333333333333,300.0,0.922222222222222,0.623294148626994,0.5350666485928401,1.0,0.333333331292517,0.0,0.0,0.0,7797.666574607907,2990.4326041679287,0.0,communication_aware,acoustic_degradation,21471647,3
0.0,0.3333333333333333,300.0,0.9422222222222223,0.5035545691420801,0.3938410724185185,1.0,0.33333332963510853,0.0,0.0,0.07,9205.66619888382,2680.5255337587605,926.0,haco_safemarl_pilot_no_acoustic,acoustic_degradation,21471647,3
0.0,0.6666666666666666,300.0,0.9522222222222221,0.45251128204224583,0.32921863971240456,1.0,0.33333332792500464,0.0,0.0,0.06333333333333334,9279.017513249688,2651.274760860333,0.0,haco_safemarl_pilot_no_shield,acoustic_degradation,21471647,3
0.0,0.0,300.0,0.9422222222222223,0.6077449977259493,0.5822362588411266,1.0,0.33333332963510853,0.0,0.0,0.02,8904.768565289627,3027.9581568270405,904.0,haco_safemarl_pilot,acoustic_degradation,21471647,3
0.0,0.0,300.0,0.9522222222222223,0.5804613083370825,0.4887719748831317,1.0,0.33333332792500464,0.0,0.0,0.0,1669.114044331864,262.76514255412434,924.0,mappo_no_acoustic_shield,acoustic_degradation,21471647,3
0.0,0.6666666666666666,300.0,0.9611111111111112,0.506474524664638,0.37164690668455075,1.0,0.33333332517006825,0.0,41.0,0.09333333333333334,5560.499999999976,2697.0820405940904,0.0,fixed_auv_ga_pso_tlbo_proxy,acoustic_degradation,21481654,3
0.0,1.0,259.0,0.918918918918919,0.3922482660344518,0.17486267554451992,1.0,0.3333333314554184,0.0,61.0,0.07335907335907337,6367.5150000000085,2651.000000000014,0.0,independent_greedy,acoustic_degradation,21481654,3
0.0,0.3333333333333333,300.0,0.9611111111111112,0.6667325945158442,0.6338703522759391,1.0,0.33333332517006825,0.0,17.0,0.09666666666666666,7816.457360762973,2947.107450907381,0.0,communication_aware,acoustic_degradation,21481654,3
0.0,0.3333333333333333,300.0,0.7799999999999999,0.5900920790721929,0.4729500232049496,1.0,0.3761658027839674,0.0,1.0,0.08,9145.623124939313,3077.564988317924,946.0,haco_safemarl_pilot_no_acoustic,acoustic_degradation,21481654,3
0.0,0.3333333333333333,300.0,0.8711111111111113,0.539165103501974,0.42002059078913445,1.0,0.3333333325901704,0.0,13.0,0.09666666666666666,9019.560850834687,2990.6665126696566,0.0,haco_safemarl_pilot_no_shield,acoustic_degradation,21481654,3
0.0,0.3333333333333333,300.0,0.8044444444444445,0.6930448782466109,0.6366447166969134,1.0,0.4599257603356598,0.0,1.0,0.08333333333333333,8854.49694784488,2958.5249819741775,958.0,haco_safemarl_pilot,acoustic_degradation,21481654,3
0.0,0.0,300.0,0.831111111111111,0.5533637815594115,0.43801826953588496,1.0,0.5767924892173126,0.0,1.0,0.11666666666666667,1525.6783201632732,445.07172237466597,1000.0,mappo_no_acoustic_shield,acoustic_degradation,21481654,3
1.0,1.0,154.0,1.0,0.2533246698260615,0.12655129109017807,1.0,0.0,0.0,0.0,0.0,2854.3899999999976,1205.4413522303298,0.0,fixed_auv_ga_pso_tlbo_proxy,acoustic_degradation,21491661,3
1.0,1.0,118.0,1.0,0.29397322389319547,0.071056330417412,1.0,0.0,0.0,0.0,0.0,2901.0300000000034,968.2,0.0,independent_greedy,acoustic_degradation,21491661,3
0.0,0.0,300.0,1.0,0.354534756827113,0.252434473873389,1.0,0.0,0.0,83.0,0.0,7612.730162961498,2907.014882364506,0.0,communication_aware,acoustic_degradation,21491661,3
1.0,1.0,258.0,1.0,0.2773431617002922,0.12579882365249168,1.0,0.0,0.0,0.0,0.0,6430.841249119759,1961.706308532084,862.0,haco_safemarl_pilot_no_acoustic,acoustic_degradation,21491661,3
0.0,0.3333333333333333,300.0,1.0,0.26680158792409797,0.17384666605832386,1.0,0.0,0.0,199.0,0.0,8669.877478950944,3000.5883184404806,0.0,haco_safemarl_pilot_no_shield,acoustic_degradation,21491661,3
0.0,0.0,300.0,1.0,0.5610624885776593,0.48817594290535593,1.0,0.0,0.0,0.0,0.0,7865.978253374259,2958.383857052653,999.0,haco_safemarl_pilot,acoustic_degradation,21491661,3
0.0,0.0,300.0,1.0,0.44259508553315463,0.3416440135907476,1.0,0.0,0.0,0.0,0.0,553.3223792298074,854.9306747349343,900.0,mappo_no_acoustic_shield,acoustic_degradation,21491661,3
0.0,1.0,288.0,0.84375,0.6012013156386475,0.3386749920395291,1.0,0.3333333328276543,0.0,120.0,0.0,5338.079999999978,2486.117104005043,0.0,fixed_auv_ga_pso_tlbo_proxy,acoustic_degradation,21501668,3
0.0,1.0,220.0,0.8818181818181818,0.43288518487842054,0.1313564414244434,1.0,0.6627450945450041,0.0,91.0,0.0,5408.700000000007,1632.800000000002,0.0,independent_greedy,acoustic_degradation,21501668,3
0.0,0.6666666666666666,300.0,0.7966666666666666,0.6828001581549936,0.5415915192790971,1.0,0.33333333303472784,0.0,58.0,0.0,8159.713584839195,3072.1066333332105,0.0,communication_aware,acoustic_degradation,21501668,3
1.0,1.0,237.0,0.4978902953586498,0.649466332179616,0.4101964117152146,0.75,0.6292938717536584,0.0,0.0,0.0,7651.053483474367,2358.9065748738876,711.0,haco_safemarl_pilot_no_acoustic,acoustic_degradation,21501668,3
0.0,1.0,230.0,0.8536231884057971,0.6212870300357782,0.42277570355528116,1.0,0.5951922497528636,0.0,84.0,0.0,7279.3672606471255,2132.7492278391787,0.0,haco_safemarl_pilot_no_shield,acoustic_degradation,21501668,3
1.0,1.0,277.0,0.49458483754512633,0.688308187689479,0.5175540609555884,0.738095238095238,0.6533333331476681,0.0,0.0,0.0,8864.311908210708,2918.183065353031,831.0,haco_safemarl_pilot,acoustic_degradation,21501668,3
0.0,0.0,300.0,0.6822222222222223,0.5206849590115852,0.07992666373817431,0.8222222222222222,0.33333333321107794,0.0,0.0,0.0,2169.2711746715,74.7333315494021,900.0,mappo_no_acoustic_shield,acoustic_degradation,21501668,3
1.0,1.0,212.0,1.0,0.35982148439287726,0.23331443447526404,1.0,0.0,0.0,0.0,0.0,3929.4199999999887,1952.4290806126576,0.0,fixed_auv_ga_pso_tlbo_proxy,acoustic_degradation,21511675,3
1.0,1.0,162.0,1.0,0.34304404548497436,0.242561077267557,1.0,0.0,0.0,0.0,0.0,3982.770000000005,1716.6,0.0,independent_greedy,acoustic_degradation,21511675,3
0.0,0.3333333333333333,300.0,1.0,0.5495876825807962,0.5059072160567493,1.0,0.0,0.0,0.0,0.0,7681.28937652906,2989.9759008879673,0.0,communication_aware,acoustic_degradation,21511675,3
1.0,1.0,295.0,0.9898305084745763,0.471285098037519,0.36748584613408375,1.0,0.33333321395751875,0.0,0.0,0.0,8944.166944868402,2857.838400666923,885.0,haco_safemarl_pilot_no_acoustic,acoustic_degradation,21511675,3
0.0,0.3333333333333333,300.0,1.0,0.3965992286309251,0.3079011348204213,1.0,0.0,0.0,0.0,0.0,8821.763170574997,3074.9663155251274,0.0,haco_safemarl_pilot_no_shield,acoustic_degradation,21511675,3
0.0,0.0,300.0,0.98,0.6170982342410392,0.562803506392237,1.0,0.33333330246913867,0.0,0.0,0.0,8629.912761082518,3153.2204225883024,900.0,haco_safemarl_pilot,acoustic_degradation,21511675,3
0.0,0.3333333333333333,300.0,1.0,0.6173688727065018,0.5936804734709896,1.0,0.0,0.0,0.0,0.0,788.206119578545,250.8185271830702,900.0,mappo_no_acoustic_shield,acoustic_degradation,21511675,3
0.0,1.0,257.0,0.85473411154345,0.5816081215095794,0.2854746268192763,1.0,0.3333333327482905,0.0,68.0,0.0,4763.494999999983,2066.5188025224065,0.0,fixed_auv_ga_pso_tlbo_proxy,acoustic_degradation,21521682,3
0.0,1.0,196.0,0.9472789115646258,0.4623469522387678,0.14427900080419429,1.0,0.33333332889166384,0.0,52.0,0.0,4818.660000000006,1620.2000000000032,0.0,independent_greedy,acoustic_degradation,21521682,3
0.0,0.0,300.0,0.87,0.6425037891199655,0.4612556156182684,1.0,0.42929720454615516,0.0,92.0,0.0,7931.07574820361,2953.004210772027,0.0,communication_aware,acoustic_degradation,21521682,3
0.0,1.0,265.0,0.6641509433962263,0.6082065429816663,0.29958975618800604,1.0,0.5148298197012087,0.0,40.0,0.0,7905.9749370710015,2433.198404354996,823.0,haco_safemarl_pilot_no_acoustic,acoustic_degradation,21521682,3
0.0,1.0,233.0,0.8869814020028612,0.5575394798023812,0.39924486864531294,1.0,0.33333333236680374,0.0,60.0,0.0,7196.207699942347,1994.2644151368113,0.0,haco_safemarl_pilot_no_shield,acoustic_degradation,21521682,3
0.0,0.0,300.0,0.73,0.6827659186036822,0.5309065573368579,1.0,0.5129922589749598,0.0,59.0,0.0,8571.753913713546,2924.5730541599646,934.0,haco_safemarl_pilot,acoustic_degradation,21521682,3
0.0,0.0,300.0,0.6355555555555557,0.6680676172039383,0.5024223306122311,0.8222222222222222,0.4291686610873417,0.0,41.0,0.0,1725.9320612053025,297.2712798564292,900.0,mappo_no_acoustic_shield,acoustic_degradation,21521682,3
0.0,1.0,217.0,0.9800307219662058,0.4386019590578645,0.27077710274433664,1.0,0.33333330237409886,0.0,59.0,0.02304147465437788,4022.0949999999884,2029.0388329584132,0.0,fixed_auv_ga_pso_tlbo_proxy,acoustic_degradation,21531689,3
0.0,1.0,166.0,0.8574297188755019,0.4186861083644704,0.14503605982726958,1.0,0.663376757694432,0.0,44.0,0.0,4081.110000000005,1756.0000000000045,0.0,independent_greedy,acoustic_degradation,21531689,3
0.0,0.3333333333333333,300.0,0.9844444444444443,0.5738731528654566,0.48474152270388904,1.0,0.33333328231293297,0.0,67.0,0.04,7735.451685672883,3022.5161515081736,0.0,communication_aware,acoustic_degradation,21531689,3
0.0,0.3333333333333333,300.0,0.8733333333333333,0.6180652836881623,0.5819802701199657,1.0,0.6664615353855622,0.0,14.0,0.0,9026.539777531612,3781.349252339377,900.0,haco_safemarl_pilot_no_acoustic,acoustic_degradation,21531689,3
0.0,1.0,269.0,0.9739776951672863,0.4551710287589206,0.38214701336970436,1.0,0.36658351909696585,0.0,133.0,0.055762081784386616,8091.011981706261,2354.190143008787,0.0,haco_safemarl_pilot_no_shield,acoustic_degradation,21531689,3
0.0,0.0,300.0,0.8655555555555554,0.6985644262137665,0.6797394768278805,1.0,0.6612021831049001,0.0,10.0,0.0,8799.148997074399,3532.3108523031215,900.0,haco_safemarl_pilot,acoustic_degradation,21531689,3
0.0,0.0,300.0,0.8711111111111111,0.627228521361763,0.4734305855190039,1.0,0.6664685458156429,0.0,18.0,0.0,994.4125696851731,562.8679413578145,908.0,mappo_no_acoustic_shield,acoustic_degradation,21531689,3
0.0,1.0,256.0,1.0,0.30281654379598333,0.20165229220727027,1.0,0.0,0.0,53.0,0.0,4744.959999999983,2263.872543605807,0.0,fixed_auv_ga_pso_tlbo_proxy,acoustic_degradation,21541696,3
0.0,1.0,196.0,0.976190476190476,0.2911146612194372,0.11854683271041053,1.0,0.33333331155555695,0.0,40.0,0.0,4818.660000000006,1904.8000000000075,0.0,independent_greedy,acoustic_degradation,21541696,3
0.0,0.0,300.0,1.0,0.5721398070615878,0.5384258539215041,1.0,0.0,0.0,176.0,0.0,7659.314894249993,2959.0606535820493,0.0,communication_aware,acoustic_degradation,21541696,3
0.0,0.3333333333333333,300.0,1.0,0.40301588496865476,0.2518187024219027,1.0,0.0,0.0,5.0,0.0,7645.839943062484,2601.7864451834516,1045.0,haco_safemarl_pilot_no_acoustic,acoustic_degradation,21541696,3
0.0,0.0,300.0,1.0,0.3326605756667468,0.2499337539181589,1.0,0.0,0.0,54.0,0.0,8771.928319404988,3183.8749858779693,0.0,haco_safemarl_pilot_no_shield,acoustic_degradation,21541696,3
0.0,0.0,300.0,1.0,0.6276700388913378,0.582563394798163,1.0,0.0,0.0,5.0,0.0,8447.731851949138,3399.0851745256477,978.0,haco_safemarl_pilot,acoustic_degradation,21541696,3
0.0,0.0,300.0,0.9766666666666667,0.4461848312346458,0.3395504621335788,1.0,0.33333331065759797,0.0,4.0,0.0,1297.1916876183905,775.5591755069854,1008.0,mappo_no_acoustic_shield,acoustic_degradation,21541696,3
0.0,0.6666666666666666,300.0,0.7977777777777778,0.5548632963221705,0.3971519788790134,1.0,0.6627450968457972,0.0,70.0,0.0,5560.499999999976,2668.6086365768983,0.0,fixed_auv_ga_pso_tlbo_proxy,acoustic_degradation,21551703,3
0.0,1.0,298.0,1.0,0.262768450725149,0.1413144816889132,1.0,0.0,0.0,53.0,0.07718120805369127,7326.33000000001,3021.800000000017,0.0,independent_greedy,acoustic_degradation,21551703,3
0.0,0.0,300.0,0.8066666666666666,0.7081952473125247,0.6557608556590966,1.0,0.6393006449272127,0.0,123.0,0.0,7927.534315539544,2906.1084595974567,0.0,communication_aware,acoustic_degradation,21551703,3
0.0,0.3333333333333333,300.0,0.71,0.6678659896442106,0.5170170802439791,1.0,0.6650168393629958,0.0,0.0,0.07666666666666666,7675.12380229978,2642.076692953375,1049.0,haco_safemarl_pilot_no_acoustic,acoustic_degradation,21551703,3
0.0,0.6666666666666666,300.0,0.9655555555555556,0.5519558054507024,0.45768861983747827,1.0,0.3333333229275064,0.0,165.0,0.12,9329.146085184624,2493.805419022482,0.0,haco_safemarl_pilot_no_shield,acoustic_degradation,21551703,3
0.0,0.0,300.0,0.7044444444444444,0.7456139893066732,0.732847058354439,1.0,0.6504504499122952,0.0,0.0,0.0,9306.649516588537,3462.1586967263656,912.0,haco_safemarl_pilot,acoustic_degradation,21551703,3
0.0,0.0,300.0,0.8233333333333334,0.6307428140357356,0.5111506413444674,1.0,0.595421464151583,0.0,0.0,0.0,1527.7545015889632,335.5461322304228,960.0,mappo_no_acoustic_shield,acoustic_degradation,21551703,3
0.0,1.0,252.0,1.0,0.2720287436460975,0.1334662823453662,1.0,0.0,0.0,48.0,0.0,4670.819999999983,2081.5638619197553,0.0,fixed_auv_ga_pso_tlbo_proxy,acoustic_degradation,21561710,3
0.0,1.0,193.0,1.0,0.3002227668106573,0.0633173331580085,1.0,0.0,0.0,37.0,0.0,4744.905000000006,1673.799999999998,0.0,independent_greedy,acoustic_degradation,21561710,3
0.0,0.0,300.0,1.0,0.5350394181027326,0.4600946626832671,1.0,0.0,0.0,85.0,0.0,7629.565367262829,2941.8671078151197,0.0,communication_aware,acoustic_degradation,21561710,3
0.0,0.6666666666666666,300.0,0.9644444444444445,0.4334884091479149,0.13211100831654696,1.0,0.3333333235677086,0.0,54.0,0.0,8637.451032554241,2486.1302233294314,934.0,haco_safemarl_pilot_no_acoustic,acoustic_degradation,21561710,3
0.0,0.0,300.0,1.0,0.3401320170806183,0.16330231071180318,1.0,0.0,0.0,42.0,0.0,8775.962958586173,2938.347306457082,0.0,haco_safemarl_pilot_no_shield,acoustic_degradation,21561710,3
0.0,0.0,300.0,1.0,0.6286766269296128,0.5164990525511163,1.0,0.0,0.0,22.0,0.0,8757.732456231222,3155.411151022984,900.0,haco_safemarl_pilot,acoustic_degradation,21561710,3
0.0,0.0,300.0,1.0,0.46290243610746795,0.36209624399093293,1.0,0.0,0.0,0.0,0.0,1269.3085607935748,489.2966134997366,900.0,mappo_no_acoustic_shield,acoustic_degradation,21561710,3
0.0,1.0,279.0,0.970131421744325,0.2866324681739725,0.08452732787129164,1.0,0.33333331949493394,0.017921146953405017,0.0,0.043010752688172046,5171.264999999979,2647.296271272167,0.0,fixed_auv_ga_pso_tlbo_proxy,acoustic_degradation,21571717,3
1.0,1.0,214.0,0.8380062305295951,0.3384507792553244,0.01499767023767274,1.0,0.6627450961794684,0.0,0.0,0.04672897196261682,5261.190000000007,2315.600000000004,0.0,independent_greedy,acoustic_degradation,21571717,3
0.0,0.0,300.0,1.0,0.5345181514268366,0.37385529657324085,1.0,0.0,0.023333333333333334,0.0,0.043333333333333335,7682.668110479609,2933.2091306609063,0.0,communication_aware,acoustic_degradation,21571717,3
0.0,0.6666666666666666,300.0,0.888888888888889,0.490220754903275,0.0935281151366203,1.0,0.46438190574002175,0.0,0.0,0.04,9140.666825894243,2570.592454455506,915.0,haco_safemarl_pilot_no_acoustic,acoustic_degradation,21571717,3
0.0,0.3333333333333333,300.0,0.9755555555555556,0.34208215484859184,0.15394824486981576,1.0,0.33333331267217764,0.016666666666666666,0.0,0.043333333333333335,8791.687138573403,3001.03377734497,0.0,haco_safemarl_pilot_no_shield,acoustic_degradation,21571717,3
0.0,0.0,300.0,0.9244444444444446,0.6287855095477405,0.4611545371420975,1.0,0.3333333311707036,0.0,0.0,0.05,8522.979306400677,3040.304636865516,920.0,haco_safemarl_pilot,acoustic_degradation,21571717,3
0.0,0.0,300.0,0.8822222222222221,0.46492539173179437,0.327573159219229,1.0,0.6288336659617735,0.0,0.0,0.03,755.0825066568633,75.58324239297093,918.0,mappo_no_acoustic_shield,acoustic_degradation,21571717,3
0.0,0.6666666666666666,300.0,1.0,0.3833140558764657,0.2622567711708388,1.0,0.0,0.0,47.0,0.08333333333333333,5560.499999999976,2712.8015811085947,0.0,fixed_auv_ga_pso_tlbo_proxy,acoustic_degradation,21581724,3
0.0,1.0,234.0,1.0,0.2568307615628425,0.07721958618279509,1.0,0.0,0.0,36.0,0.0,5752.890000000008,2250.4000000000046,0.0,independent_greedy,acoustic_degradation,21581724,3
0.0,0.0,300.0,1.0,0.6622820543730277,0.6199801334277235,1.0,0.0,0.0,0.0,0.08,7719.311132685316,2910.524187984384,0.0,communication_aware,acoustic_degradation,21581724,3
0.0,0.6666666666666666,300.0,1.0,0.4893522723348493,0.41252649808651737,1.0,0.0,0.0,0.0,0.05333333333333334,8087.890384907578,2224.6496897287975,1038.0,haco_safemarl_pilot_no_acoustic,acoustic_degradation,21581724,3
0.0,1.0,286.0,1.0,0.42838861369565917,0.3014269794031138,1.0,0.0,0.0,26.0,0.05944055944055944,8825.763679746558,2372.5469029915357,0.0,haco_safemarl_pilot_no_shield,acoustic_degradation,21581724,3
0.0,0.0,300.0,1.0,0.6290509357183313,0.5497115533303529,1.0,0.0,0.0,0.0,0.04666666666666667,6720.271548690144,2360.4849631600637,1043.0,haco_safemarl_pilot,acoustic_degradation,21581724,3
0.0,0.0,300.0,1.0,0.4635937977307664,0.1813201723557881,1.0,0.0,0.0,42.0,0.04,2207.1584160672815,610.3381778246388,958.0,mappo_no_acoustic_shield,acoustic_degradation,21581724,3
1.0,1.0,191.0,1.0,0.373623472008582,0.17443692297235028,1.0,0.0,0.0,0.0,0.0,3540.184999999992,1857.9546144411413,0.0,fixed_auv_ga_pso_tlbo_proxy,acoustic_degradation,21591731,3
1.0,1.0,146.0,1.0,0.35772196239498383,0.10080589740739415,1.0,0.0,0.0,0.0,0.0,3589.4100000000044,1506.4000000000026,0.0,independent_greedy,acoustic_degradation,21591731,3
0.0,0.3333333333333333,300.0,1.0,0.5296877550280267,0.43229881267707865,1.0,0.0,0.0,0.0,0.0,7660.315901882724,3226.023656045383,0.0,communication_aware,acoustic_degradation,21591731,3
0.0,0.6666666666666666,300.0,1.0,0.4116255737174527,0.2247527768049602,1.0,0.0,0.0,0.0,0.0,9141.32229022542,3650.881424172204,900.0,haco_safemarl_pilot_no_acoustic,acoustic_degradation,21591731,3
0.0,0.3333333333333333,300.0,1.0,0.41267511579884397,0.25481872837835806,1.0,0.0,0.0,0.0,0.0,8687.132914683885,3382.422806928563,0.0,haco_safemarl_pilot_no_shield,acoustic_degradation,21591731,3
0.0,0.3333333333333333,300.0,1.0,0.6304558846389734,0.5726981403784179,1.0,0.0,0.0,0.0,0.0,9010.86669045331,3970.9575254621677,900.0,haco_safemarl_pilot,acoustic_degradation,21591731,3
0.0,0.3333333333333333,300.0,1.0,0.4304537728923378,0.252190898215732,1.0,0.0,0.0,0.0,0.0,689.4889715333517,180.1726951735675,900.0,mappo_no_acoustic_shield,acoustic_degradation,21591731,3
0.0,0.6666666666666666,300.0,0.8322222222222223,0.4602985624747738,0.30806944093589655,1.0,0.3333333328947561,0.0,20.0,0.016666666666666666,5560.499999999976,2784.020163250604,0.0,fixed_auv_ga_pso_tlbo_proxy,acoustic_degradation,21601738,3
0.0,1.0,249.0,0.8514056224899599,0.370468934344904,0.08278368741218183,1.0,0.6294252853627077,0.0,35.0,0.0,6121.665000000008,2794.800000000008,0.0,independent_greedy,acoustic_degradation,21601738,3
0.0,0.3333333333333333,300.0,0.8755555555555556,0.6643211618825186,0.5896008159547382,1.0,0.33333333253613945,0.0,0.0,0.03333333333333333,7851.27361475538,3057.63336667066,0.0,communication_aware,acoustic_degradation,21601738,3
0.0,0.6666666666666666,300.0,0.6522222222222223,0.5645602371273762,0.35527808259635973,1.0,0.6642191256667704,0.0,0.0,0.0,9228.765879182074,2772.7841117939024,900.0,haco_safemarl_pilot_no_acoustic,acoustic_degradation,21601738,3
0.0,0.3333333333333333,300.0,0.75,0.5053294986984198,0.3010442646913157,1.0,0.4262117037661619,0.0,0.0,0.0,8932.756203841485,3091.203339884181,0.0,haco_safemarl_pilot_no_shield,acoustic_degradation,21601738,3
0.0,0.3333333333333333,300.0,0.6533333333333333,0.7011871528608633,0.6052533513578738,1.0,0.5305948913248872,0.0,0.0,0.013333333333333334,8934.098042147745,3275.946371878353,900.0,haco_safemarl_pilot,acoustic_degradation,21601738,3
0.0,0.0,300.0,0.7822222222222223,0.5083645092593201,0.280180707949883,1.0,0.6514057032145265,0.0,0.0,0.0,935.8084852041447,188.75236052562434,900.0,mappo_no_acoustic_shield,acoustic_degradation,21601738,3
0.0,0.6666666666666666,300.0,0.9755555555555554,0.5474066974839925,0.22025338423290666,1.0,0.33333331267217764,0.0,0.0,0.0,5560.499999999976,2455.2571681901113,0.0,fixed_auv_ga_pso_tlbo_proxy,acoustic_degradation,21611745,3
1.0,1.0,247.0,1.0,0.33631405599923325,0.14971275218997623,1.0,0.0,0.0,0.0,0.0,6072.495000000008,2147.600000000005,0.0,independent_greedy,acoustic_degradation,21611745,3
0.0,0.0,300.0,0.8888888888888887,0.681233554986721,0.5457453450384389,1.0,0.3333333323333333,0.0,0.0,0.0,7998.642461527862,3007.6537025756575,0.0,communication_aware,acoustic_degradation,21611745,3
1.0,1.0,266.0,0.7142857142857143,0.6210308432313664,0.40303510110716917,1.0,0.6504504498745838,0.0,0.0,0.0,8511.864382589521,2328.1504352149977,798.0,haco_safemarl_pilot_no_acoustic,acoustic_degradation,21611745,3
1.0,1.0,245.0,0.8217687074829931,0.57574182438043,0.36311868453660545,1.0,0.6666278196008881,0.0,0.0,0.0,7700.296599714433,2145.646923761112,0.0,haco_safemarl_pilot_no_shield,acoustic_degradation,21611745,3
0.0,0.3333333333333333,300.0,0.8111111111111112,0.6855811373159324,0.602405615935228,1.0,0.5457979216407589,0.0,0.0,0.0,9300.968179129124,2941.924876131206,900.0,haco_safemarl_pilot,acoustic_degradation,21611745,3
0.0,0.0,300.0,0.7422222222222222,0.6569637233782298,0.5897996480700692,1.0,0.5926317406208093,0.0,0.0,0.0,2097.5456647311166,59.127622632937374,900.0,mappo_no_acoustic_shield,acoustic_degradation,21611745,3
0.0,1.0,280.0,1.0,0.29415800016678867,0.14690843055886021,1.0,0.0,0.0,58.0,0.0,5189.799999999979,2678.833375331739,0.0,fixed_auv_ga_pso_tlbo_proxy,acoustic_degradation,21621752,3
0.0,1.0,214.0,1.0,0.28868210721015075,0.11061540999064623,1.0,0.0,0.0,44.0,0.0,5261.190000000007,2272.200000000006,0.0,independent_greedy,acoustic_degradation,21621752,3
0.0,0.0,300.0,1.0,0.5451252570390286,0.3948022321015039,1.0,0.0,0.0,0.0,0.0,7702.31758170187,2917.1822121331656,0.0,communication_aware,acoustic_degradation,21621752,3
0.0,0.3333333333333333,300.0,1.0,0.38624247932332917,0.19585577148648087,1.0,0.0,0.0,0.0,0.0,5587.5869756377515,1664.7940642656756,1084.0,haco_safemarl_pilot_no_acoustic,acoustic_degradation,21621752,3
0.0,0.3333333333333333,300.0,1.0,0.35475830553715343,0.2550924301646009,1.0,0.0,0.0,61.0,0.0,8877.361921869571,2917.1238433394656,0.0,haco_safemarl_pilot_no_shield,acoustic_degradation,21621752,3
0.0,0.0,300.0,1.0,0.6208238361337083,0.49979633679654817,1.0,0.0,0.0,0.0,0.0,3934.6391894757244,1667.0794448887336,1168.0,haco_safemarl_pilot,acoustic_degradation,21621752,3
0.0,0.0,300.0,1.0,0.4413985972865957,0.30974222944724833,1.0,0.0,0.0,0.0,0.0,836.7283711869275,467.6184228244757,900.0,mappo_no_acoustic_shield,acoustic_degradation,21621752,3
1.0,1.0,253.0,0.9920948616600791,0.6277465570094922,0.5036829726533711,1.0,0.33333313577480844,0.0,0.0,0.0,4689.354999999983,2652.451851910066,0.0,fixed_auv_ga_pso_tlbo_proxy,acoustic_degradation,21631759,3
1.0,1.0,193.0,1.0,0.5410718803164991,0.3007057749691309,1.0,0.0,0.0,0.0,0.0,4744.905000000006,2311.999999999999,0.0,independent_greedy,acoustic_degradation,21631759,3
0.0,0.6666666666666666,300.0,0.8366666666666667,0.6868948479626791,0.574743043598867,1.0,0.3333333328705632,0.0,0.0,0.0,8034.912088399,3722.9415156266537,0.0,communication_aware,acoustic_degradation,21631759,3
1.0,1.0,186.0,0.5250896057347669,0.6763623197125342,0.46494323998329956,1.0,0.6665812377380276,0.0,0.0,0.0,6078.5389928499735,1674.5216680327742,558.0,haco_safemarl_pilot_no_acoustic,acoustic_degradation,21631759,3
1.0,1.0,192.0,0.7916666666666666,0.6110361305539408,0.4009538514255846,1.0,0.33333333304888885,0.0,0.0,0.0,5944.822813028394,1681.6399549183031,0.0,haco_safemarl_pilot_no_shield,acoustic_degradation,21631759,3
0.0,0.3333333333333333,300.0,0.5988888888888888,0.6971109949419295,0.5438948285149497,0.9555555555555555,0.525625667827026,0.0,0.0,0.0,9147.309963595166,3624.9539533694824,900.0,haco_safemarl_pilot,acoustic_degradation,21631759,3
0.0,0.3333333333333333,300.0,0.8344444444444444,0.6325000812847864,0.40201185526332744,1.0,0.6559997618698112,0.0,0.0,0.0,1403.5498416394673,191.60102499355202,900.0,mappo_no_acoustic_shield,acoustic_degradation,21631759,3
0.0,0.6666666666666666,300.0,0.8711111111111113,0.5233991185884729,0.4342859332107043,1.0,0.3333333325901704,0.0,42.0,0.0,5560.499999999976,3512.4261480244727,0.0,fixed_auv_ga_pso_tlbo_proxy,acoustic_degradation,21641766,3
0.0,1.0,299.0,0.903010033444816,0.3085515421669502,0.1495743755870608,1.0,0.4001586023909818,0.0,33.0,0.0,7350.91500000001,4042.400000000019,0.0,independent_greedy,acoustic_degradation,21641766,3
0.0,0.6666666666666666,300.0,0.8877777777777779,0.6494995578453525,0.6086568156342844,1.0,0.3333333323530373,0.0,34.0,0.0,7786.056924652255,3187.8825442681073,0.0,communication_aware,acoustic_degradation,21641766,3
0.0,0.6666666666666666,300.0,0.48444444444444446,0.6441655844782579,0.36728373321862595,0.7000000000000001,0.7630875668336844,0.0,0.0,0.0,7132.238662865809,2290.247648383396,1029.0,haco_safemarl_pilot_no_acoustic,acoustic_degradation,21641766,3
0.0,1.0,294.0,0.6927437641723355,0.5045049058363004,0.2971032846224634,0.9222222222222222,0.4392430574467167,0.0,109.0,0.0,9097.76714724848,2291.2302755221804,0.0,haco_safemarl_pilot_no_shield,acoustic_degradation,21641766,3
0.0,0.3333333333333333,300.0,0.561111111111111,0.7260528267405593,0.6400915596014926,0.7000000000000001,0.7941537251982581,0.0,0.0,0.0,4244.004829638073,1712.7095762544084,1161.0,haco_safemarl_pilot,acoustic_degradation,21641766,3
0.0,0.0,300.0,0.8755555555555554,0.6378573082140288,0.5845281013644859,1.0,0.5256893786224103,0.0,0.0,0.0,1027.9020650148911,352.2515473371197,900.0,mappo_no_acoustic_shield,acoustic_degradation,21641766,3
1.0,1.0,241.0,1.0,0.5953109951857715,0.5083344846756761,1.0,0.0,0.0,0.0,0.02074688796680498,4466.934999999985,2702.4462349286146,0.0,fixed_auv_ga_pso_tlbo_proxy,acoustic_degradation,21651773,3
1.0,1.0,185.0,1.0,0.5209756372039203,0.39488476820289514,1.0,0.0,0.0,0.0,0.0,4548.225000000006,2389.4,0.0,independent_greedy,acoustic_degradation,21651773,3
0.0,0.6666666666666666,300.0,1.0,0.6532826716526208,0.5941834577032878,1.0,0.0,0.0,0.0,0.03666666666666667,7736.140941659237,3190.0102358292183,0.0,communication_aware,acoustic_degradation,21651773,3
1.0,1.0,173.0,0.6473988439306357,0.6934199337459322,0.5462024708258718,1.0,0.5960275505394753,0.0,0.0,0.0,5620.140662045219,1468.450403798386,526.0,haco_safemarl_pilot_no_acoustic,acoustic_degradation,21651773,3
1.0,1.0,185.0,0.7477477477477477,0.6682445529194196,0.5540143775360568,1.0,0.3479248764173017,0.0,0.0,0.016216216216216217,5636.267681342966,1513.853580145058,0.0,haco_safemarl_pilot_no_shield,acoustic_degradation,21651773,3
1.0,1.0,173.0,0.6840077071290943,0.698630549664703,0.5735350024048395,1.0,0.5488083574839764,0.0,0.0,0.017341040462427744,5603.089192428329,1475.868280646877,530.0,haco_safemarl_pilot,acoustic_degradation,21651773,3
0.0,0.3333333333333333,300.0,0.6822222222222223,0.659286016836246,0.5922641357691358,0.8222222222222222,0.47751818485774966,0.0,0.0,0.0,2211.638488208429,670.448117633723,909.0,mappo_no_acoustic_shield,acoustic_degradation,21651773,3
0.0,1.0,186.0,0.5663082437275986,0.6243189659965207,0.3505509656994449,0.6666666666666665,0.5348017458540902,0.0,44.0,0.0,3447.509999999993,1576.758817155481,0.0,fixed_auv_ga_pso_tlbo_proxy,emergency,21161780,3
0.0,1.0,142.0,0.4037558685446008,0.5887947820424804,0.10867249741925047,0.6666666666666665,0.6709095067331358,0.0,34.0,0.0,3491.0700000000043,1222.0000000000005,0.0,independent_greedy,emergency,21161780,3
0.0,0.6666666666666666,300.0,0.8388888888888889,0.596088807576444,0.4444569634344635,1.0,0.6299625451177039,0.0,0.0,0.0,7804.906066985683,2976.634135269709,0.0,communication_aware,emergency,21161780,3
1.0,1.0,161.0,0.32712215320910976,0.662894275038843,0.275024765057063,0.3333333333333333,0.6790290125063414,0.0,0.0,0.0,5214.5733927534975,1324.516496477223,228.0,haco_safemarl_pilot_no_acoustic,emergency,21161780,3
0.0,1.0,143.0,0.4055944055944055,0.6641277770392608,0.31045254815911444,0.6666666666666665,0.6658372498836184,0.0,31.0,0.0,4541.402816243595,1019.3538185112702,0.0,haco_safemarl_pilot_no_shield,emergency,21161780,3
0.0,0.3333333333333333,300.0,0.6233333333333332,0.6890176994696495,0.5449148907578477,1.0,0.6149881998675587,0.0,0.0,0.0,8820.541571245427,3022.61293528015,727.0,haco_safemarl_pilot,emergency,21161780,3
0.0,0.3333333333333333,300.0,0.2122222222222222,0.8092277190814423,0.7760616940743225,0.3333333333333334,0.9341863424040796,0.0,0.0,0.0,1170.6509328410245,356.2501944780071,614.0,mappo_no_acoustic_shield,emergency,21161780,3
1.0,1.0,247.0,1.0,0.4501290071590941,0.2216716306068944,1.0,0.0,0.0,0.0,0.032388663967611336,4578.144999999984,2116.788779117723,0.0,fixed_auv_ga_pso_tlbo_proxy,emergency,21171787,3
1.0,1.0,189.0,0.7848324514991181,0.4582855603231877,0.07203928340108749,1.0,0.3333333330666711,0.0,0.0,0.015873015873015872,4646.565000000006,1615.6000000000017,0.0,independent_greedy,emergency,21171787,3
0.0,0.3333333333333333,300.0,1.0,0.6115232266398302,0.5337862359937893,1.0,0.0,0.0,0.0,0.06333333333333334,7692.998575374496,3008.543375497214,0.0,communication_aware,emergency,21171787,3
1.0,1.0,220.0,0.4984848484848484,0.597806673386934,0.17868475965422256,0.7575757575757575,0.6139418899458418,0.0,0.0,0.0,7011.973725816479,1789.77327149424,458.0,haco_safemarl_pilot_no_acoustic,emergency,21171787,3
1.0,1.0,209.0,0.6842105263157895,0.5611061822486234,0.22748416612016445,1.0,0.6036027709566439,0.0,0.0,0.0,6496.7553779027485,1660.316429801824,0.0,haco_safemarl_pilot_no_shield,emergency,21171787,3
0.0,0.0,300.0,0.8322222222222221,0.6391401161310708,0.4732938508839008,1.0,0.3333333328947561,0.0,0.0,0.06333333333333334,8812.913689555211,2948.734134443791,893.0,haco_safemarl_pilot,emergency,21171787,3
0.0,0.0,300.0,0.9066666666666666,0.6198920427474338,0.5388489654097592,1.0,0.3333333319160998,0.0,0.0,0.16,500.80703306514283,76.48928843962189,975.0,mappo_no_acoustic_shield,emergency,21171787,3
0.0,1.0,225.0,0.754074074074074,0.5300957499849908,0.2914219486770503,1.0,0.40086119082520727,0.0,50.0,0.0,4170.374999999987,2224.3176610615383,0.0,fixed_auv_ga_pso_tlbo_proxy,emergency,21181794,3
0.0,1.0,172.0,0.945736434108527,0.4165494654843617,0.24474706434419422,1.0,0.5333333225999096,0.0,38.0,0.2616279069767442,4228.620000000005,1727.600000000004,0.0,independent_greedy,emergency,21181794,3
0.0,0.3333333333333333,300.0,0.7188888888888889,0.6667756294415056,0.58708154058905,1.0,0.35522073291728473,0.0,0.0,0.0,8011.283004400599,3779.1134124037226,0.0,communication_aware,emergency,21181794,3
1.0,1.0,286.0,0.6363636363636364,0.5944835945897835,0.413536426083374,0.6666666666666669,0.40093908302320846,0.0,0.0,0.0,8171.288156091596,2667.5964161604666,642.0,haco_safemarl_pilot_no_acoustic,emergency,21181794,3
0.0,0.3333333333333333,300.0,0.6644444444444445,0.5267598416744187,0.3424602959660028,0.6666666666666669,0.344553497778597,0.0,34.0,0.0,8830.364278655687,3151.6578760986017,0.0,haco_safemarl_pilot_no_shield,emergency,21181794,3
0.0,0.3333333333333333,300.0,0.64,0.7065924596946471,0.603486643963992,0.6666666666666669,0.39344262281810616,0.0,0.0,0.0,8734.44297900487,3199.9734639212734,648.0,haco_safemarl_pilot,emergency,21181794,3
0.0,0.0,300.0,0.4722222222222222,0.6242083814077779,0.281338405272294,0.6666666666666669,0.6396299854070339,0.0,0.0,0.0,860.8658005320167,61.60159681401911,707.0,mappo_no_acoustic_shield,emergency,21181794,3
0.0,0.6666666666666666,300.0,0.7744444444444444,0.33551846365888127,0.09513149020673455,1.0,0.5385741351568756,0.0,53.0,0.0,5560.499999999976,2807.8952397077283,0.0,fixed_auv_ga_pso_tlbo_proxy,emergency,21191801,3
0.0,1.0,289.0,0.9677047289504036,0.21051648510450888,0.048431928200630456,1.0,0.3843137097557522,0.0,57.0,0.0,7105.06500000001,3133.2000000000185,0.0,independent_greedy,emergency,21191801,3
0.0,0.3333333333333333,300.0,0.8322222222222222,0.5154716933193427,0.31754969860636,1.0,0.5290868999276523,0.0,46.0,0.0,7765.686887613141,2941.150371630907,0.0,communication_aware,emergency,21191801,3
0.0,0.3333333333333333,300.0,0.768888888888889,0.3917402948106384,0.16552900494088998,1.0,0.5615346669452261,0.0,0.0,0.0,9080.494217866963,2826.752184542717,795.0,haco_safemarl_pilot_no_acoustic,emergency,21191801,3
0.0,0.3333333333333333,300.0,0.8866666666666667,0.3620320536343657,0.23705421252265155,1.0,0.5620745515620362,0.0,40.0,0.0,8941.435944307705,2847.399758233777,0.0,haco_safemarl_pilot_no_shield,emergency,21191801,3
0.0,0.0,300.0,0.7733333333333333,0.631657612390555,0.49946691471050836,1.0,0.5291425077863032,0.0,0.0,0.0,8746.145285340344,3101.932711562037,815.0,haco_safemarl_pilot,emergency,21191801,3
0.0,0.0,300.0,0.8744444444444444,0.5030119535595242,0.41098924905667705,1.0,0.4779711756310161,0.0,0.0,0.0,1411.587223842528,363.6734567103496,900.0,mappo_no_acoustic_shield,emergency,21191801,3
1.0,1.0,175.0,0.9485714285714286,0.43080519491502434,0.304399502142396,1.0,0.5412026603011645,0.0,0.0,0.0,3243.6249999999945,1541.2979039820411,0.0,fixed_auv_ga_pso_tlbo_proxy,emergency,21201808,3
1.0,1.0,134.0,0.9303482587064676,0.43804623387890024,0.1818322245240071,1.0,0.6436781514303079,0.0,0.0,0.0,3294.390000000004,1318.7999999999984,0.0,independent_greedy,emergency,21201808,3
0.0,0.3333333333333333,300.0,0.9677777777777777,0.5138030957106943,0.4581494167582813,1.0,0.6299625043470971,0.0,0.0,0.0,7658.311680853813,3032.4188243972553,0.0,communication_aware,emergency,21201808,3
1.0,1.0,298.0,0.7550335570469798,0.5364817162387981,0.2810120948570324,1.0,0.7102492327058367,0.0,0.0,0.0,9026.480356185017,2524.5803759884952,882.0,haco_safemarl_pilot_no_acoustic,emergency,21201808,3
0.0,0.6666666666666666,300.0,0.97,0.4255553525177712,0.279733054056254,1.0,0.6585365318262981,0.0,0.0,0.0,8795.021443853671,2705.6983157581744,0.0,haco_safemarl_pilot_no_shield,emergency,21201808,3
0.0,0.3333333333333333,300.0,0.7844444444444444,0.6664818444498104,0.6125920442630887,1.0,0.4149412357241878,0.0,0.0,0.0,8788.514232411193,3197.6280794326035,889.0,haco_safemarl_pilot,emergency,21201808,3
0.0,0.0,300.0,0.6666666666666665,0.6441000444629384,0.5581450235213704,0.8777777777777778,0.4038663470004039,0.0,0.0,0.0,970.9854986921234,230.8779148070179,815.0,mappo_no_acoustic_shield,emergency,21201808,3
0.0,0.6666666666666666,300.0,0.5411111111111111,0.5678416905234991,0.46533806593967997,1.0,0.8661182619750137,0.07666666666666666,0.0,0.14333333333333334,5560.499999999976,2700.841427746226,0.0,fixed_auv_ga_pso_tlbo_proxy,emergency,21211815,3
0.0,1.0,290.0,0.725287356321839,0.42322935856848937,0.19449139858588274,1.0,0.7114955836249671,0.0,31.0,0.11724137931034483,7129.65000000001,3164.600000000016,0.0,independent_greedy,emergency,21211815,3
0.0,0.0,300.0,0.6077777777777778,0.6581562448870796,0.5792078452501344,1.0,0.8891053215459078,0.0,0.0,0.15,7986.604283676517,2920.9858511737784,0.0,communication_aware,emergency,21211815,3
0.0,0.6666666666666666,300.0,0.5588888888888889,0.5930972968396319,0.4928764353066265,1.0,0.894068060559066,0.0,0.0,0.21666666666666667,9218.633415789396,2869.014979366795,730.0,haco_safemarl_pilot_no_acoustic,emergency,21211815,3
0.0,0.6666666666666666,300.0,0.6444444444444444,0.5399365283051322,0.4634120509893183,1.0,0.8848792789647679,0.0,0.0,0.043333333333333335,9234.852778104992,2606.786047533292,0.0,haco_safemarl_pilot_no_shield,emergency,21211815,3
0.0,0.0,300.0,0.5566666666666666,0.7061514030318914,0.6592819804750929,1.0,0.904206920766648,0.0,0.0,0.14666666666666667,8408.934543892858,2916.2448907436833,728.0,haco_safemarl_pilot,emergency,21211815,3
0.0,0.0,300.0,0.5544444444444445,0.6817845848797349,0.6190236740436231,1.0,0.8480662833709055,0.0,0.0,0.06666666666666667,972.1409493945299,131.42027645913865,926.0,mappo_no_acoustic_shield,emergency,21211815,3
1.0,1.0,246.0,0.5528455284552846,0.6645375988219566,0.6382734427752599,1.0,0.9653228374781274,0.0,0.0,0.0,4559.609999999984,2249.3483436307597,0.0,fixed_auv_ga_pso_tlbo_proxy,emergency,21221822,3
1.0,1.0,188.0,0.7801418439716313,0.5306315870961028,0.3960161262335585,1.0,0.4707323041685782,0.0,0.0,0.0,4621.980000000006,1891.6000000000054,0.0,independent_greedy,emergency,21221822,3
0.0,0.3333333333333333,300.0,0.6777777777777777,0.7036956917358349,0.6918581433505678,1.0,0.969273677624477,0.0,0.0,0.0,8001.736407376852,3261.6069107408025,0.0,communication_aware,emergency,21221822,3
1.0,1.0,272.0,0.45588235294117646,0.7326160967784973,0.6284626475906874,0.7619047619047619,0.7401333571561015,0.0,0.0,0.0,8506.8168489868,2446.6024646658143,640.0,haco_safemarl_pilot_no_acoustic,emergency,21221822,3
1.0,1.0,223.0,0.7668161434977578,0.6875915191204817,0.6139734539609304,1.0,0.5905649381341439,0.0,0.0,0.0,6875.545928576721,2093.54315382272,0.0,haco_safemarl_pilot_no_shield,emergency,21221822,3
0.0,0.3333333333333333,300.0,0.45777777777777773,0.7575283179376581,0.7127758335959624,1.0,0.8514935029690057,0.0,0.0,0.0,9246.858616771027,3348.6595642833518,734.0,haco_safemarl_pilot,emergency,21221822,3
0.0,0.0,300.0,0.5211111111111111,0.7311372731028593,0.6651451909802667,1.0,0.9793647023163684,0.0,0.0,0.0,968.4992743793202,304.4997933413986,825.0,mappo_no_acoustic_shield,emergency,21221822,3
1.0,1.0,226.0,0.6666666666666666,0.44963360445493616,0.18238650622689584,0.6666666666666664,0.3333333332222222,0.0,0.0,0.0,4188.909999999987,2407.3336818428347,0.0,fixed_auv_ga_pso_tlbo_proxy,emergency,21231829,3
1.0,1.0,173.0,0.5664739884393064,0.4620894155951868,0.05801689484879268,0.6666666666666665,0.5171145771103206,0.0,0.0,0.0,4253.205000000005,2009.9999999999961,0.0,independent_greedy,emergency,21231829,3
0.0,0.6666666666666666,300.0,0.6666666666666666,0.5908568181349952,0.4216039460390268,0.6666666666666669,0.3333333332222222,0.0,0.0,0.056666666666666664,7915.475790762239,3594.8674818277764,0.0,communication_aware,emergency,21231829,3
1.0,1.0,277.0,0.5439229843561972,0.5803824830225145,0.16531227285345504,0.6666666666666669,0.6661055538500688,0.0,0.0,0.0,8535.655409161607,2317.949954843346,603.0,haco_safemarl_pilot_no_acoustic,emergency,21231829,3
0.0,0.3333333333333333,300.0,0.658888888888889,0.46664060231861887,0.2075279161364767,0.6666666666666669,0.3488804242453212,0.023333333333333334,0.0,0.05333333333333334,8732.560206655835,3276.467816573881,0.0,haco_safemarl_pilot_no_shield,emergency,21231829,3
0.0,0.3333333333333333,300.0,0.6133333333333333,0.6722249116542296,0.5136444722772721,0.6666666666666669,0.4373374933575995,0.016666666666666666,0.0,0.05333333333333334,8424.589167290642,3183.2080932832846,628.0,haco_safemarl_pilot,emergency,21231829,3
0.0,0.0,300.0,0.5955555555555555,0.5729423871155193,0.4223793837008237,0.6666666666666669,0.469364620379744,0.0,0.0,0.0,1112.0811069539914,395.1756616391463,671.0,mappo_no_acoustic_shield,emergency,21231829,3
0.0,0.6666666666666666,300.0,0.3811111111111111,0.6462330310744182,0.4874043800318311,0.6666666666666669,0.8324921175959635,0.0,0.0,0.0,5560.499999999976,2888.201506395177,0.0,fixed_auv_ga_pso_tlbo_proxy,emergency,21241836,3
1.0,1.0,246.0,0.502710027100271,0.6003102783039725,0.3451973733423395,0.6666666666666667,0.7143523893605851,0.0,0.0,0.0,6047.910000000008,2617.6000000000076,0.0,independent_greedy,emergency,21241836,3
0.0,0.3333333333333333,300.0,0.41777777777777775,0.7100731892760191,0.5806966567252483,0.6666666666666669,0.7903059607082648,0.0,0.0,0.0,8159.235030295129,3394.9558578249093,0.0,communication_aware,emergency,21241836,3
0.0,0.6666666666666666,300.0,0.38,0.6811032321112308,0.4587842307404471,0.6666666666666669,0.8636764581350563,0.0,0.0,0.0,5524.642945541254,1448.487147590178,714.0,haco_safemarl_pilot_no_acoustic,emergency,21241836,3
0.0,0.3333333333333333,300.0,0.44555555555555554,0.6224028300141898,0.4271577660874725,0.6666666666666669,0.7501769986788623,0.0,88.0,0.0,9085.203012517919,3144.3318575127696,0.0,haco_safemarl_pilot_no_shield,emergency,21241836,3
0.0,0.3333333333333333,300.0,0.3811111111111111,0.7496613413330138,0.6209060707781485,0.6666666666666669,0.8296603527380366,0.0,0.0,0.0,4950.532808829966,2116.268824853218,748.0,haco_safemarl_pilot,emergency,21241836,3
0.0,0.3333333333333333,300.0,0.4388888888888889,0.7295524414829764,0.6481150996188223,0.6666666666666669,0.7922565290409568,0.0,0.0,0.09666666666666666,1950.2439122092017,725.7755509516859,916.0,mappo_no_acoustic_shield,emergency,21241836,3
0.0,0.6666666666666666,300.0,0.7655555555555555,0.6201519127034923,0.5638950412420441,1.0,0.5423900192632446,0.0,0.0,0.0,5560.499999999976,2955.0626793303477,0.0,fixed_auv_ga_pso_tlbo_proxy,emergency,21251843,3
1.0,1.0,238.0,0.9719887955182072,0.41154529440486987,0.37927741258008313,1.0,0.3333333175988896,0.0,0.0,0.0,5851.230000000008,2338.6000000000085,0.0,independent_greedy,emergency,21251843,3
0.0,0.3333333333333333,300.0,0.7855555555555556,0.7064890234012248,0.646134773768293,1.0,0.5583636873940918,0.0,0.0,0.0,7913.155553422012,2993.1107648982857,0.0,communication_aware,emergency,21251843,3
0.0,0.3333333333333333,300.0,0.6144444444444443,0.6853978216012296,0.5566882090254283,0.6666666666666669,0.6514686703856463,0.0,0.0,0.0,9419.649670608514,3225.891611779953,791.0,haco_safemarl_pilot_no_acoustic,emergency,21251843,3
0.0,0.6666666666666666,300.0,0.8399999999999999,0.6310132097669499,0.5408051826231763,1.0,0.33333333285108024,0.0,0.0,0.0,9159.498459528695,2691.3599859997794,0.0,haco_safemarl_pilot_no_shield,emergency,21251843,3
0.0,0.3333333333333333,300.0,0.6177777777777778,0.731878621307608,0.6649430320403641,0.6666666666666669,0.6882801136395906,0.0,0.0,0.0,9335.71435866374,3253.841313231156,819.0,haco_safemarl_pilot,emergency,21251843,3
0.0,0.3333333333333333,300.0,0.6466666666666666,0.6367784776595022,0.3686193762309282,0.6666666666666669,0.3731898497498373,0.0,0.0,0.0,1519.2821531967697,75.53492161498923,733.0,mappo_no_acoustic_shield,emergency,21251843,3
1.0,1.0,188.0,0.5106382978723406,0.6638205627730955,0.5322585224495588,0.6666666666666665,0.5893056069684643,0.0,0.0,0.0,3484.579999999992,1605.7676503193693,0.0,fixed_auv_ga_pso_tlbo_proxy,emergency,21261850,3
1.0,1.0,144.0,0.6898148148148149,0.6239629080158311,0.3872391956230094,1.0,0.45942073458380533,0.0,0.0,0.0,3540.2400000000043,1195.2000000000007,0.0,independent_greedy,emergency,21261850,3
0.0,0.6666666666666666,300.0,0.7577777777777777,0.6635594835368511,0.6186848566520204,1.0,0.6428069028586725,0.0,0.0,0.0,7882.496135916895,3085.919894750143,0.0,communication_aware,emergency,21261850,3
1.0,1.0,266.0,0.39097744360902253,0.7185257278311631,0.5364050800978909,0.6790123456790125,0.8026506267822329,0.0,0.0,0.0,8232.65277054233,2423.0885060122305,578.0,haco_safemarl_pilot_no_acoustic,emergency,21261850,3
1.0,1.0,159.0,0.46331236897274636,0.6952529032191396,0.5051245130233787,0.6666666666666666,0.7264826513871387,0.0,0.0,0.0,5030.991108453392,1248.060819184898,0.0,haco_safemarl_pilot_no_shield,emergency,21261850,3
0.0,0.6666666666666666,300.0,0.5144444444444444,0.7173280338464731,0.597599143092997,0.7333333333333333,0.8368675909843853,0.0,0.0,0.0,9197.773654667883,2930.616593916045,712.0,haco_safemarl_pilot,emergency,21261850,3
0.0,0.3333333333333333,300.0,0.4777777777777777,0.7450326729678505,0.686509496028772,0.6666666666666669,0.7490065234860147,0.0,0.0,0.02,1323.0178350819112,130.6444630586817,612.0,mappo_no_acoustic_shield,emergency,21261850,3
1.0,1.0,259.0,0.3513513513513513,0.6831605311777109,0.5534321146708246,0.6666666666666667,0.8683060891829316,0.0,0.0,0.0,4800.564999999982,2609.4646962160277,0.0,fixed_auv_ga_pso_tlbo_proxy,emergency,21271857,3
1.0,1.0,198.0,0.49663299663299676,0.654006539166102,0.4835301020685073,0.6666666666666665,0.6031845628064146,0.0,0.0,0.0,4867.830000000006,2229.000000000009,0.0,independent_greedy,emergency,21271857,3
0.0,0.3333333333333333,300.0,0.4322222222222222,0.7258066249817577,0.6328281159601005,0.6666666666666669,0.77382254167476,0.0,0.0,0.0,8142.056644792101,3718.986965150915,0.0,communication_aware,emergency,21271857,3
0.0,0.6666666666666666,300.0,0.4022222222222222,0.6763197811486801,0.5691791771001248,0.6666666666666669,0.8147385011728695,0.0,0.0,0.0,8961.372495538555,3179.8618817367565,481.0,haco_safemarl_pilot_no_acoustic,emergency,21271857,3
0.0,0.3333333333333333,300.0,0.4633333333333333,0.6141472687018003,0.4857681804186678,0.6666666666666669,0.7284931376471516,0.0,0.0,0.0,8947.21314015387,3361.1097216207204,0.0,haco_safemarl_pilot_no_shield,emergency,21271857,3
0.0,0.3333333333333333,300.0,0.3888888888888889,0.7582689435325556,0.6987745846614717,0.6666666666666669,0.830738134657114,0.0,0.0,0.0,8858.860311994864,3356.724978620173,482.0,haco_safemarl_pilot,emergency,21271857,3
0.0,0.3333333333333333,300.0,0.4277777777777777,0.7662180001995158,0.7041956804994534,0.6666666666666669,0.7763766064830298,0.0,0.0,0.0,1759.0728054573137,626.3478700452595,703.0,mappo_no_acoustic_shield,emergency,21271857,3
0.0,1.0,285.0,1.0,0.2309653628295404,0.08526108247710494,1.0,0.0,0.0,110.0,0.0,5282.4749999999785,2903.4639440400633,0.0,fixed_auv_ga_pso_tlbo_proxy,emergency,21281864,3
0.0,1.0,218.0,1.0,0.23116327762928163,0.08980779109921924,1.0,0.0,0.0,85.0,0.0,5359.530000000007,2502.0000000000023,0.0,independent_greedy,emergency,21281864,3
0.0,0.0,300.0,1.0,0.44520626918066697,0.31516313346118047,1.0,0.0,0.0,298.0,0.0,7687.246530276879,2913.6828340945353,0.0,communication_aware,emergency,21281864,3
0.0,0.6666666666666666,300.0,0.9077777777777779,0.37967101836656664,0.232995804388474,1.0,0.33333333188174386,0.0,0.0,0.03666666666666667,8412.5387147086,2720.617111984471,974.0,haco_safemarl_pilot_no_acoustic,emergency,21281864,3
0.0,0.0,300.0,1.0,0.30660231050251746,0.19986467973885103,1.0,0.0,0.0,345.0,0.0,8733.05886640308,3092.6426106422,0.0,haco_safemarl_pilot_no_shield,emergency,21281864,3
0.0,0.0,300.0,0.8966666666666666,0.5869805571892216,0.49391150434062336,1.0,0.3333333321771303,0.0,0.0,0.0,7853.138275553645,2963.7154713341984,975.0,haco_safemarl_pilot,emergency,21281864,3
0.0,0.0,300.0,1.0,0.3567695978679933,0.1972281648787995,1.0,0.0,0.0,0.0,0.006666666666666667,1305.4211873152228,476.16216212904624,1008.0,mappo_no_acoustic_shield,emergency,21281864,3
0.0,0.3333333333333333,300.0,0.72,0.46548158682814966,0.2682061307426507,1.0,0.6352941170750653,0.0,42.0,0.03666666666666667,5560.499999999976,2358.8957068749687,0.0,fixed_auv_ga_pso_tlbo_proxy,emergency,21291871,3
0.0,1.0,243.0,0.8888888888888888,0.40840294924414483,0.1439115390799036,1.0,0.5909213694593068,0.0,46.0,0.0,5974.155000000008,2096.4000000000083,0.0,independent_greedy,emergency,21291871,3
0.0,0.0,300.0,0.77,0.6334557346868478,0.5949125599563236,1.0,0.6659051694728352,0.0,0.0,0.07666666666666666,7841.039594079158,2966.41161424507,0.0,communication_aware,emergency,21291871,3
0.0,0.3333333333333333,300.0,0.7422222222222223,0.5869231792849045,0.3542362549152835,1.0,0.551531918745385,0.0,0.0,0.01,9036.091992406813,2868.4066328093486,830.0,haco_safemarl_pilot_no_acoustic,emergency,21291871,3
0.0,0.0,300.0,0.8533333333333334,0.4678799501341713,0.337783621757927,1.0,0.6339227222202923,0.0,89.0,0.02,9010.816647682985,2955.806076516428,0.0,haco_safemarl_pilot_no_shield,emergency,21291871,3
0.0,0.0,300.0,0.7844444444444444,0.6844360249308624,0.6033573485831427,1.0,0.6048858879067868,0.0,0.0,0.013333333333333334,8784.522167082449,3017.8991990946192,841.0,haco_safemarl_pilot,emergency,21291871,3
0.0,0.0,300.0,0.7311111111111112,0.5819095327440249,0.29323007580325755,1.0,0.4994967841550696,0.0,0.0,0.0,1076.4174160375992,63.008876579284404,895.0,mappo_no_acoustic_shield,emergency,21291871,3
1.0,1.0,220.0,0.9954545454545455,0.2388193958243884,0.2324506796661679,1.0,0.3333327358035402,0.0,0.0,0.0,4077.699999999988,1713.1416890190433,0.0,fixed_auv_ga_pso_tlbo_proxy,emergency,21301878,3
1.0,1.0,168.0,0.9821428571428571,0.23699860250280427,0.19935590741106052,1.0,0.33333329461728844,0.0,0.0,0.0,4130.280000000005,1517.2000000000005,0.0,independent_greedy,emergency,21301878,3
0.0,0.0,300.0,0.9977777777777778,0.47718492270354457,0.4639004790691569,1.0,0.3333308333520832,0.0,0.0,0.0,7600.6337928893345,3002.953874775045,0.0,communication_aware,emergency,21301878,3
0.0,0.0,300.0,0.9822222222222221,0.2976589808805023,0.2584969879952575,1.0,0.3333332942708379,0.0,0.0,0.0,7331.8209108468445,2465.6383128279685,1100.0,haco_safemarl_pilot_no_acoustic,emergency,21301878,3
0.0,0.0,300.0,0.9955555555555554,0.2674471538592691,0.25915292635800113,1.0,0.3333327083345052,0.0,0.0,0.0,8630.297130583815,3204.6706595699875,0.0,haco_safemarl_pilot_no_shield,emergency,21301878,3
0.0,0.0,300.0,0.981111111111111,0.583572257947982,0.5665871788295215,1.0,0.33333329873126083,0.0,0.0,0.0,6491.3546588527815,2635.184681595274,1046.0,haco_safemarl_pilot,emergency,21301878,3
0.0,0.0,300.0,0.951111111111111,0.3331256985480008,0.3137904982720564,1.0,0.47450979345444083,0.0,0.0,0.0,733.760599769883,183.98432808276394,910.0,mappo_no_acoustic_shield,emergency,21301878,3
0.0,0.6666666666666666,300.0,0.5733333333333334,0.5791940320131463,0.4430883175267592,0.6666666666666669,0.5064292777860938,0.0,0.0,0.0,5560.499999999976,2860.7871287664566,0.0,fixed_auv_ga_pso_tlbo_proxy,emergency,21311885,3
1.0,1.0,249.0,0.8567603748326639,0.525278424765488,0.3419449433702815,1.0,0.6022302857640902,0.0,0.0,0.0,6121.665000000008,2820.4000000000146,0.0,independent_greedy,emergency,21311885,3
0.0,0.3333333333333333,300.0,0.5877777777777778,0.7018700666497413,0.6144966866180542,0.6666666666666669,0.4827425355252055,0.0,0.0,0.0,8075.902511678287,3567.7743391281015,0.0,communication_aware,emergency,21311885,3
0.0,0.3333333333333333,300.0,0.538888888888889,0.6386910658065191,0.4816637136016671,0.6666666666666669,0.5561475739079573,0.0,0.0,0.0,8978.538594508747,3124.6387382410576,600.0,haco_safemarl_pilot_no_acoustic,emergency,21311885,3
0.0,0.3333333333333333,300.0,0.5922222222222223,0.5851330246859127,0.41975850946824966,0.6666666666666669,0.4751487825998675,0.0,0.0,0.0,8963.726465986663,3187.0925086138677,0.0,haco_safemarl_pilot_no_shield,emergency,21311885,3
0.0,0.3333333333333333,300.0,0.5355555555555556,0.7295186607120202,0.6458462160918776,0.6666666666666669,0.5604223597679138,0.0,0.0,0.0,8886.079552657746,3154.819758656754,600.0,haco_safemarl_pilot,emergency,21311885,3
0.0,0.3333333333333333,300.0,0.6322222222222222,0.5514564819427824,0.38565330727679753,0.6666666666666669,0.4014944132242224,0.0,0.0,0.0,1270.4906205920013,125.7459112611611,683.0,mappo_no_acoustic_shield,emergency,21311885,3
0.0,1.0,286.0,0.9417249417249417,0.3639227024587855,0.11055244776797898,1.0,0.3333333296979556,0.0,41.0,0.0,5301.009999999978,2970.6611857662324,0.0,fixed_auv_ga_pso_tlbo_proxy,emergency,21321892,3
0.0,1.0,219.0,0.6712328767123288,0.41997896695139303,0.03808901728261382,0.7727272727272727,0.5790884715051428,0.0,31.0,0.0958904109589041,5384.115000000007,2427.0000000000014,0.0,independent_greedy,emergency,21321892,3
0.0,0.3333333333333333,300.0,1.0,0.5228202766892105,0.38605134426563253,1.0,0.0,0.0,151.0,0.0,7643.270089028743,2941.1959271538117,0.0,communication_aware,emergency,21321892,3
0.0,0.3333333333333333,300.0,0.6188888888888889,0.492736708440904,0.19143022443084712,0.7555555555555554,0.483644734769982,0.0,0.0,0.043333333333333335,8898.099375299236,3456.8859605166726,763.0,haco_safemarl_pilot_no_acoustic,emergency,21321892,3
0.0,0.3333333333333333,300.0,0.8244444444444444,0.4271720007021405,0.18283052203584274,1.0,0.3375794451604847,0.0,226.0,0.0,8741.532441319896,3156.243335797181,0.0,haco_safemarl_pilot_no_shield,emergency,21321892,3
0.0,0.3333333333333333,300.0,0.6955555555555556,0.6400263016949269,0.4915706482513545,1.0,0.43796523136496984,0.0,0.0,0.0,8695.56601833158,3170.41234919283,792.0,haco_safemarl_pilot,emergency,21321892,3
0.0,0.0,300.0,0.6666666666666666,0.493107338414285,0.2879136689659616,0.6666666666666669,0.3333333332222222,0.0,0.0,0.05333333333333334,997.7514045369205,404.46894220155576,873.0,mappo_no_acoustic_shield,emergency,21321892,3
0.0,0.6666666666666666,300.0,0.561111111111111,0.626797874036379,0.4273185523812346,0.6666666666666669,0.5494399074220621,0.04,167.0,0.09,5560.499999999976,2607.016282241171,0.0,fixed_auv_ga_pso_tlbo_proxy,emergency,21331899,3
0.0,1.0,287.0,0.586527293844367,0.5016621835710733,0.07115118487727945,0.7816091954022988,0.6591563943709676,0.0,127.0,0.0975609756097561,7055.8950000000095,2661.000000000011,0.0,independent_greedy,emergency,21331899,3
0.0,0.3333333333333333,300.0,0.68,0.6922368360086633,0.5602006961822507,1.0,0.6072479679723822,0.05,216.0,0.12,8022.866100231511,2882.902438300615,0.0,communication_aware,emergency,21331899,3
0.0,0.6666666666666666,300.0,0.42,0.659376580470508,0.317147390323192,0.6666666666666669,0.6521064873240057,0.0,71.0,0.03,9613.778436693012,2580.347592509709,530.0,haco_safemarl_pilot_no_acoustic,emergency,21331899,3
0.0,1.0,279.0,0.3811230585424133,0.6532449607980569,0.2682434173094973,0.6666666666666669,0.6627149369165978,0.0,147.0,0.025089605734767026,8856.806617916858,2090.189469574734,0.0,haco_safemarl_pilot_no_shield,emergency,21331899,3
0.0,0.0,300.0,0.56,0.7054665130229701,0.5155430096977904,0.7000000000000001,0.6535960785784748,0.0,81.0,0.10666666666666667,8872.507722097516,2825.1742489116177,740.0,haco_safemarl_pilot,emergency,21331899,3
0.0,0.0,300.0,0.4255555555555555,0.7046322591202597,0.48795161683722604,0.6666666666666669,0.6499159911724197,0.0,62.0,0.04,1948.7554375928153,151.90158305624968,712.0,mappo_no_acoustic_shield,emergency,21331899,3
1.0,1.0,214.0,0.6682242990654206,0.6766042444399495,0.5675755369352563,0.8333333333333333,0.44762468530906796,0.0,0.0,0.0,3966.489999999989,1807.3134304239882,0.0,fixed_auv_ga_pso_tlbo_proxy,emergency,21341906,3
1.0,1.0,164.0,0.7621951219512196,0.5822366388605368,0.40065356157379867,1.0,0.567184586067744,0.0,0.0,0.0,4031.940000000005,1494.999999999998,0.0,independent_greedy,emergency,21341906,3
0.0,0.6666666666666666,300.0,0.7655555555555555,0.7087680756474759,0.63843459361916,1.0,0.3462109721905285,0.006666666666666667,0.0,0.08,8077.200713966452,3342.191681602561,0.0,communication_aware,emergency,21341906,3
1.0,1.0,209.0,0.5358851674641149,0.721642254560871,0.6469522030475572,0.6825396825396824,0.6617822894137396,0.0,0.0,0.0,6626.162274822084,1643.0860204331864,504.0,haco_safemarl_pilot_no_acoustic,emergency,21341906,3
1.0,1.0,172.0,0.6996124031007751,0.68186748606256,0.613685424926883,1.0,0.6546499899352253,0.0,0.0,0.0,5396.406648292506,1349.2978090084762,0.0,haco_safemarl_pilot_no_shield,emergency,21341906,3
1.0,1.0,259.0,0.5469755469755468,0.7438886897022328,0.6930938960120524,0.6794871794871795,0.6339227240784413,0.0,0.0,0.0,8064.4092563440145,2408.3347560503835,592.0,haco_safemarl_pilot,emergency,21341906,3
0.0,0.3333333333333333,300.0,0.6311111111111111,0.738863867638747,0.6965390817045454,0.688888888888889,0.5230083034539941,0.0,0.0,0.19,1125.3880164084096,156.25203115698852,912.0,mappo_no_acoustic_shield,emergency,21341906,3
1.0,1.0,259.0,0.879021879021879,0.3781144137506902,0.2199019677228009,1.0,0.5623011303474785,0.0,0.0,0.0,4800.564999999982,2302.704426346136,0.0,fixed_auv_ga_pso_tlbo_proxy,emergency,21351913,3
1.0,1.0,199.0,0.932998324958124,0.28435046753000237,0.20406352437926764,1.0,0.7662835103708845,0.0,0.0,0.0,4892.415000000006,1778.0000000000016,0.0,independent_greedy,emergency,21351913,3
0.0,0.0,300.0,0.9,0.5835959582782291,0.48382267970486725,1.0,0.5512454029119309,0.0,0.0,0.0,7743.4541160403105,2967.2875525461263,0.0,communication_aware,emergency,21351913,3
0.0,0.6666666666666666,300.0,0.74,0.4974757289543998,0.40196790176835184,1.0,0.9005328583473464,0.0,0.0,0.0,9025.151551826919,2338.7401626324604,885.0,haco_safemarl_pilot_no_acoustic,emergency,21351913,3
0.0,0.6666666666666666,300.0,0.95,0.37375186297190205,0.3424863066021442,1.0,0.7839720981194388,0.0,0.0,0.0,8929.150580174897,2635.187628638744,0.0,haco_safemarl_pilot_no_shield,emergency,21351913,3
0.0,0.0,300.0,0.7666666666666667,0.6602035686154147,0.5992047133018473,1.0,0.9032813059420896,0.0,0.0,0.0,8724.962825183682,3060.29810711807,897.0,haco_safemarl_pilot,emergency,21351913,3
0.0,0.0,300.0,0.9144444444444444,0.5071316731819697,0.4051299770172794,1.0,0.6836158121151363,0.0,0.0,0.0,1928.7865744408762,250.18530202196231,923.0,mappo_no_acoustic_shield,emergency,21351913,3
0.0,0.0,300.0,0.5244444444444445,0.5800443730872481,0.4021733160514064,1.0,0.9301040869067817,0.0,50.0,0.0,5560.499999999976,2194.2430838970495,0.0,fixed_auv_ga_pso_tlbo_proxy,emergency,21361920,3
0.0,1.0,250.0,0.6213333333333333,0.5237486238392904,0.22677922753457622,1.0,0.7857532533599334,0.0,38.0,0.0,6146.250000000008,1962.6000000000001,0.0,independent_greedy,emergency,21361920,3
0.0,0.0,300.0,0.611111111111111,0.6709103672566311,0.5649073505427095,1.0,0.9448223727379486,0.0,43.0,0.0,7975.730997760343,2914.810833920415,0.0,communication_aware,emergency,21361920,3
0.0,0.0,300.0,0.5044444444444445,0.6195270483833982,0.3575443406343347,1.0,0.8877879831119577,0.0,0.0,0.0,9124.021228748445,3138.811756076634,590.0,haco_safemarl_pilot_no_acoustic,emergency,21361920,3
0.0,0.0,300.0,0.6666666666666666,0.531768239319444,0.37265304616178047,1.0,0.9221122509478278,0.0,37.0,0.0,9114.30610705973,2980.3622939159663,0.0,haco_safemarl_pilot_no_shield,emergency,21361920,3
0.0,0.0,300.0,0.5377777777777777,0.7271165093949172,0.6190504656937482,1.0,0.9123961360553186,0.0,0.0,0.0,8970.860524005477,3071.697178531747,633.0,haco_safemarl_pilot,emergency,21361920,3
0.0,0.0,300.0,0.6288888888888888,0.5069707267269975,0.3724318860990742,1.0,0.9425940001281498,0.0,0.0,0.0,956.9188138476411,81.52300710400722,791.0,mappo_no_acoustic_shield,emergency,21361920,3
0.0,1.0,254.0,0.5393700787401575,0.5844724584441803,0.43777615196312264,0.6666666666666667,0.6539851896796851,0.0,92.0,0.0,4707.889999999983,1877.031654295806,0.0,fixed_auv_ga_pso_tlbo_proxy,emergency,21371927,3
0.0,1.0,194.0,0.7972508591065293,0.42988826686960585,0.3797830925293086,1.0,0.9161731784128773,0.0,70.0,0.0,4769.490000000006,1490.6000000000022,0.0,independent_greedy,emergency,21371927,3
0.0,0.3333333333333333,300.0,0.5655555555555555,0.7073639376182385,0.621127527624215,0.6666666666666669,0.5649391199643605,0.0,49.0,0.0,8046.007622981324,3125.319057270641,0.0,communication_aware,emergency,21371927,3
0.0,1.0,299.0,0.4827201783723522,0.6714295495981968,0.6012464633063147,0.8,0.9238823515770401,0.0,8.0,0.033444816053511704,9158.021721553892,2859.491652496773,664.0,haco_safemarl_pilot_no_acoustic,emergency,21371927,3
0.0,1.0,216.0,0.6543209876543209,0.6264708651462428,0.5055519575659669,1.0,0.8880393607052428,0.0,46.0,0.0,6750.1717652481875,1752.9693155762614,0.0,haco_safemarl_pilot_no_shield,emergency,21371927,3
0.0,0.3333333333333333,300.0,0.4422222222222222,0.7455344049938206,0.6859937897742882,0.6666666666666669,0.9223212844839882,0.0,8.0,0.0,9053.190806459184,3163.2176855298667,642.0,haco_safemarl_pilot,emergency,21371927,3
0.0,0.0,300.0,0.48,0.742204765342296,0.663495490056747,0.7222222222222222,0.9663022470155246,0.0,9.0,0.0,2088.0707207736027,267.46424742945555,746.0,mappo_no_acoustic_shield,emergency,21371927,3
1.0,1.0,106.0,0.3364779874213837,0.7689320851678555,0.6264678717197856,0.36363636363636365,0.666651692683909,0.0,0.0,0.0,1964.7100000000034,1132.5954092709576,0.0,fixed_auv_ga_pso_tlbo_proxy,emergency,21381934,3
1.0,1.0,81.0,0.3662551440329218,0.7669012021762732,0.63817957789619,0.6296296296296297,0.6648724417055726,0.0,0.0,0.0,1991.385000000002,1088.999999999999,0.0,independent_greedy,emergency,21381934,3
1.0,1.0,92.0,0.3369565217391304,0.7785836055425944,0.6677775630767284,0.36666666666666664,0.6666467601146113,0.0,0.0,0.0,2533.0082858907685,1097.257043700682,0.0,communication_aware,emergency,21381934,3
1.0,1.0,78.0,0.33333333333333326,0.8108692293773055,0.7290187759615043,0.3333333333333333,0.6666666665555555,0.0,0.0,0.0,2626.2736675893334,886.3931278214774,131.0,haco_safemarl_pilot_no_acoustic,emergency,21381934,3
1.0,1.0,79.0,0.3417721518987341,0.7968478428699923,0.7025395522826267,0.41666666666666663,0.6666666665526884,0.0,0.0,0.0,2411.356691211831,704.2133409674254,0.0,haco_safemarl_pilot_no_shield,emergency,21381934,3
1.0,1.0,78.0,0.3376068376068376,0.8123580551745282,0.7357869486178543,0.375,0.6666389188363765,0.0,0.0,0.0,2595.1396703589576,873.8071129618645,128.0,haco_safemarl_pilot,emergency,21381934,3
1.0,1.0,258.0,0.33720930232558133,0.7656688550198196,0.6031058921345493,0.3717948717948717,0.6666438682960467,0.0,0.0,0.0,781.3002039718211,444.4020296747242,459.0,mappo_no_acoustic_shield,emergency,21381934,3
1.0,1.0,156.0,0.643162393162393,0.5279790873960676,0.33189287106291687,0.6666666666666666,0.38010930736598464,0.0,0.0,0.0,2891.4599999999973,1520.0149678442683,0.0,fixed_auv_ga_pso_tlbo_proxy,emergency,21391941,3
1.0,1.0,119.0,0.6498599439775913,0.4996676852650632,0.20956307465347623,0.6666666666666666,0.36686154339660665,0.0,0.0,0.0,2925.6150000000034,1239.1999999999998,0.0,independent_greedy,emergency,21391941,3
0.0,0.3333333333333333,300.0,0.6566666666666666,0.5873052555127547,0.45751375723511417,0.6666666666666669,0.35331534940110054,0.0,0.0,0.0,7935.308257343322,3741.317638497571,0.0,communication_aware,emergency,21391941,3
1.0,1.0,257.0,0.6277561608300907,0.5723326869027381,0.3080503945198075,0.8461538461538461,0.5131161733920723,0.0,0.0,0.019455252918287938,7632.08618063377,2336.8538753574594,564.0,haco_safemarl_pilot_no_acoustic,emergency,21391941,3
0.0,0.3333333333333333,300.0,0.6577777777777778,0.4759200099647068,0.26898723557646054,0.6666666666666669,0.35109847800231364,0.0,0.0,0.0,8691.703758817262,3350.4867159504543,0.0,haco_safemarl_pilot_no_shield,emergency,21391941,3
0.0,0.3333333333333333,300.0,0.62,0.6831730297576231,0.5780728337273329,0.6666666666666669,0.4248724988803216,0.0,0.0,0.0,8617.54597709528,3359.5988536162486,604.0,haco_safemarl_pilot,emergency,21391941,3
0.0,0.3333333333333333,300.0,0.6133333333333333,0.5767086047709298,0.4090263078044287,0.6666666666666669,0.4373374933575995,0.0,0.0,0.0,860.3099167506944,351.53496938690586,755.0,mappo_no_acoustic_shield,emergency,21391941,3
0.0,1.0,290.0,0.5390804597701149,0.7150164633028548,0.6192714777371281,0.6666666666666669,0.5699434666101962,0.0,47.0,0.020689655172413793,5375.149999999978,2626.6991473664425,0.0,fixed_auv_ga_pso_tlbo_proxy,emergency,21401948,3
0.0,1.0,222.0,0.6471471471471473,0.5307376495738059,0.3325916389467651,0.6666666666666664,0.37223896077524504,0.08558558558558559,36.0,0.25675675675675674,5457.870000000007,1863.5999999999974,0.0,independent_greedy,emergency,21401948,3
0.0,0.6666666666666666,300.0,0.5622222222222222,0.770078505584683,0.7376165654774326,0.9222222222222222,0.5968732936007928,0.0,0.0,0.02,8225.897069382938,3474.3921410743787,0.0,communication_aware,emergency,21401948,3
1.0,1.0,226.0,0.3657817109144542,0.7691142253511138,0.6521766404778033,0.6666666666666664,0.8037103685112001,0.0,0.0,0.0,7352.344043281101,1551.1931763986486,413.0,haco_safemarl_pilot_no_acoustic,emergency,21401948,3
0.0,1.0,229.0,0.586608442503639,0.7031960003886143,0.5348624094203825,0.6666666666666664,0.5620548840470884,0.0,37.0,0.0,7227.799250514258,1854.5740424646056,0.0,haco_safemarl_pilot_no_shield,emergency,21401948,3
1.0,1.0,234.0,0.2806267806267806,0.7846372153332357,0.6887886993011502,0.6666666666666666,0.9001210630648165,0.0,0.0,0.0,7613.20962621409,1787.6525659917606,434.0,haco_safemarl_pilot,emergency,21401948,3
0.0,0.3333333333333333,300.0,0.07777777777777778,0.8288584205783787,0.8152996615546431,0.4999999999999999,0.9930090088801863,0.0,0.0,0.0,1818.638659384852,166.53072572579413,501.0,mappo_no_acoustic_shield,emergency,21401948,3
0.0,1.0,253.0,0.7747035573122529,0.5167373682837436,0.1708250289391586,1.0,0.5444947203163218,0.0,86.0,0.019762845849802372,4689.354999999983,2410.5059374542548,0.0,fixed_auv_ga_pso_tlbo_proxy,emergency,21411955,3
0.0,1.0,194.0,0.9329896907216495,0.39132827544000526,0.15224436025941523,1.0,0.47250698422389786,0.0,66.0,0.0,4769.490000000006,1901.1999999999996,0.0,independent_greedy,emergency,21411955,3
0.0,0.6666666666666666,300.0,0.8255555555555555,0.6198288491015036,0.44526621709598535,1.0,0.4879927135887363,0.0,75.0,0.006666666666666667,7876.806310519204,3192.3795276994683,0.0,communication_aware,emergency,21411955,3
0.0,0.6666666666666666,300.0,0.6288888888888889,0.5925515771197645,0.4181337137789797,1.0,0.5836106051199855,0.0,204.0,0.0,9277.432450849692,3149.2213691458737,857.0,haco_safemarl_pilot_no_acoustic,emergency,21411955,3
0.0,1.0,273.0,0.8498168498168498,0.5121882894298709,0.3919492765974369,1.0,0.6724896630608531,0.0,89.0,0.0,8312.027309870067,2271.9975858657126,0.0,haco_safemarl_pilot_no_shield,emergency,21411955,3
0.0,0.3333333333333333,300.0,0.6488888888888888,0.706889257848672,0.6405049551350449,1.0,0.5360302324989117,0.0,218.0,0.0,8991.437318590259,3313.3193410617414,815.0,haco_safemarl_pilot,emergency,21411955,3
0.0,0.0,300.0,0.5766666666666667,0.7211228969392435,0.6375849332023886,0.6666666666666669,0.5175024864383796,0.0,84.0,0.0033333333333333335,1625.218005671549,238.79548605547654,809.0,mappo_no_acoustic_shield,emergency,21411955,3
1.0,1.0,191.0,0.6666666666666667,0.5565419805463172,0.35082752691720975,0.7333333333333333,0.3897417816285998,0.0,0.0,0.0,3540.184999999992,1908.7066178729042,0.0,fixed_auv_ga_pso_tlbo_proxy,emergency,21421962,3
1.0,1.0,146.0,0.6621004566210045,0.4855925269829357,0.29891488446019754,0.6666666666666665,0.3471205348895563,0.0,0.0,0.0,3589.4100000000044,1488.8000000000018,0.0,independent_greedy,emergency,21421962,3
0.0,0.3333333333333333,300.0,0.7577777777777777,0.6752466450821142,0.5902874898873871,1.0,0.38232691320807854,0.04,15.0,0.09333333333333334,7919.191503423461,3703.793842515297,0.0,communication_aware,emergency,21421962,3
1.0,1.0,297.0,0.6913580246913581,0.5849331838459811,0.395798125994611,0.9666666666666667,0.5115846436994665,0.0,0.0,0.05387205387205387,8720.108643668562,2813.8981139400253,778.0,haco_safemarl_pilot_no_acoustic,emergency,21421962,3
1.0,1.0,276.0,0.7246376811594203,0.5235828379970635,0.3611939540867571,1.0,0.37385113248127655,0.0,0.0,0.0,8156.969554649743,2588.316008595692,0.0,haco_safemarl_pilot_no_shield,emergency,21421962,3
0.0,0.3333333333333333,300.0,0.75,0.7306114412409119,0.6910695900750059,1.0,0.36465198671176696,0.0,0.0,0.05333333333333334,8577.559704540503,3525.1294661066304,799.0,haco_safemarl_pilot,emergency,21421962,3
0.0,0.3333333333333333,300.0,0.6411111111111111,0.7386944688864528,0.6853226734159187,1.0,0.6115165259629647,0.0,0.0,0.05,697.0368496129777,161.4373670043827,891.0,mappo_no_acoustic_shield,emergency,21421962,3
1.0,1.0,230.0,0.9376811594202898,0.3960659998598726,0.2729513336668935,1.0,0.3657764551237242,0.0,0.0,0.021739130434782608,4263.0499999999865,2173.017358539298,0.0,fixed_auv_ga_pso_tlbo_proxy,emergency,21431969,3
1.0,1.0,176.0,0.9204545454545454,0.3059631093848789,0.15710761190169711,1.0,0.4027397231791631,0.0,0.0,0.056818181818181816,4326.9600000000055,1710.8000000000018,0.0,independent_greedy,emergency,21431969,3
0.0,0.3333333333333333,300.0,0.9766666666666667,0.5790074124712361,0.5168521541060693,1.0,0.40273969292550466,0.0,0.0,0.016666666666666666,7713.931148276905,3154.8730906234496,0.0,communication_aware,emergency,21431969,3
1.0,1.0,295.0,0.9175141242937854,0.5593640552812186,0.5106671383566826,1.0,0.38274796859091853,0.0,0.0,0.05423728813559322,8631.336014372193,2368.7272384035564,923.0,haco_safemarl_pilot_no_acoustic,emergency,21431969,3
0.0,0.6666666666666666,300.0,0.9544444444444444,0.4035623762715248,0.4023234489645769,1.0,0.3856389000441613,0.0,0.0,0.023333333333333334,8947.629108393861,2731.3275730911705,0.0,haco_safemarl_pilot_no_shield,emergency,21431969,3
0.0,0.3333333333333333,300.0,0.8711111111111111,0.6715208237878526,0.6607007989207058,1.0,0.6266182333801041,0.0,0.0,0.03666666666666667,9275.716390097527,3490.0539417908394,910.0,haco_safemarl_pilot,emergency,21431969,3
0.0,0.0,300.0,0.8144444444444445,0.6031164448791176,0.5103789961557403,1.0,0.8706877687751894,0.0,0.0,0.006666666666666667,2151.173230891095,717.4137337229994,921.0,mappo_no_acoustic_shield,emergency,21431969,3
0.0,0.6666666666666666,300.0,0.7255555555555555,0.3678556442031963,0.12085830041294188,1.0,0.3333333331694231,0.0,27.0,0.016666666666666666,5560.499999999976,2656.556331489471,0.0,fixed_auv_ga_pso_tlbo_proxy,emergency,21441976,3
0.0,1.0,257.0,0.8171206225680931,0.3011206817659362,0.07630938704107953,1.0,0.34292367360673115,0.0,21.0,0.019455252918287938,6318.345000000008,2661.8000000000056,0.0,independent_greedy,emergency,21441976,3
0.0,0.0,300.0,0.8,0.536763749253072,0.39881429025975607,1.0,0.3333333330246913,0.0,0.0,0.023333333333333334,7774.354674313152,2985.76194888851,0.0,communication_aware,emergency,21441976,3
0.0,0.0,300.0,0.7577777777777778,0.41556029362811275,0.20289903274692186,1.0,0.3489741666930455,0.0,0.0,0.016666666666666666,8948.57573796729,2921.176343815696,757.0,haco_safemarl_pilot_no_acoustic,emergency,21441976,3
0.0,0.3333333333333333,300.0,0.8144444444444444,0.38785329627367954,0.22290827941708183,1.0,0.33734925148647726,0.0,0.0,0.016666666666666666,8877.541675853372,3071.369295070728,0.0,haco_safemarl_pilot_no_shield,emergency,21441976,3
0.0,0.0,300.0,0.7777777777777778,0.6078023576287972,0.4890370428069565,1.0,0.34348326351251574,0.0,0.0,0.016666666666666666,8856.393140285234,3484.166805816573,778.0,haco_safemarl_pilot,emergency,21441976,3
0.0,0.0,300.0,0.6866666666666666,0.4399984803257741,0.23454589768484724,0.8888888888888888,0.3380949950239421,0.0,0.0,0.016666666666666666,1467.398320760124,494.30819795461196,903.0,mappo_no_acoustic_shield,emergency,21441976,3
0.0,1.0,181.0,0.7053406998158379,0.6310881642408522,0.5099191652533536,1.0,0.3333333331911415,0.016574585635359115,0.0,0.1270718232044199,3354.8349999999937,1802.2488357442492,0.0,fixed_auv_ga_pso_tlbo_proxy,emergency,21451983,3
0.0,1.0,139.0,0.8489208633093526,0.5802301096818917,0.344512960503478,1.0,0.6624937384743711,0.07913669064748201,0.0,0.1510791366906475,3417.315000000004,1362.5999999999997,0.0,independent_greedy,emergency,21451983,3
0.0,0.3333333333333333,300.0,0.7166666666666667,0.7250198663817009,0.6423220418677856,1.0,0.33333333317954633,0.0,0.0,0.08333333333333333,7967.701824640124,3682.5979794209693,0.0,communication_aware,emergency,21451983,3
1.0,1.0,222.0,0.551051051051051,0.7399507993927478,0.6220051532835846,0.6666666666666664,0.5397339996824404,0.0,0.0,0.06306306306306306,6682.201429194014,1939.2071154428606,542.0,haco_safemarl_pilot_no_acoustic,emergency,21451983,3
1.0,1.0,148.0,0.7702702702702703,0.6769726006744199,0.5885633800947909,1.0,0.3333333330994062,0.0,0.0,0.08783783783783784,4547.18469390539,1237.0540390714636,0.0,haco_safemarl_pilot_no_shield,emergency,21451983,3
1.0,1.0,236.0,0.5607344632768361,0.7506515575270092,0.6509520144706229,0.6666666666666666,0.5257633326849263,0.0,0.0,0.05084745762711865,7139.916261957722,2132.7211058004127,574.0,haco_safemarl_pilot,emergency,21451983,3
0.0,0.3333333333333333,300.0,0.5655555555555555,0.7302737378045291,0.6551046447472824,0.6666666666666669,0.5185166341182713,0.0,0.0,0.0,1205.2865304887457,130.24599459299048,698.0,mappo_no_acoustic_shield,emergency,21451983,3
1.0,1.0,244.0,1.0,0.4993218330375701,0.31078186468961244,1.0,0.0,0.0,0.0,0.0,4522.5399999999845,2629.339102474659,0.0,fixed_auv_ga_pso_tlbo_proxy,emergency,21461990,3
1.0,1.0,187.0,1.0,0.46202895547928285,0.22292566154243681,1.0,0.0,0.0,0.0,0.0,4597.395000000006,2286.799999999999,0.0,independent_greedy,emergency,21461990,3
0.0,0.3333333333333333,300.0,0.9733333333333334,0.6425767916016055,0.5866792625632222,1.0,0.3333333159722231,0.0,0.0,0.013333333333333334,7912.6920812750095,3569.3988581916465,0.0,communication_aware,emergency,21461990,3
0.0,0.6666666666666666,300.0,1.0,0.5968661867323981,0.3861167515464313,1.0,0.0,0.0,0.0,0.06666666666666667,9265.74623988603,3155.1510938814354,926.0,haco_safemarl_pilot_no_acoustic,emergency,21461990,3
1.0,1.0,210.0,0.9238095238095239,0.5507283385505326,0.34821538837153915,1.0,0.33333333120659725,0.0,0.0,0.0,6412.400105995444,1679.788110233993,0.0,haco_safemarl_pilot_no_shield,emergency,21461990,3
0.0,0.3333333333333333,300.0,1.0,0.6741866662100222,0.6232275660227398,1.0,0.0,0.0,0.0,0.02,9108.721009685001,3894.5354752785365,906.0,haco_safemarl_pilot,emergency,21461990,3
0.0,0.3333333333333333,300.0,0.8444444444444444,0.6757236515888773,0.6238242182209607,1.0,0.33333333282312927,0.0,0.0,0.0,1000.3057622914939,167.42459134491943,900.0,mappo_no_acoustic_shield,emergency,21461990,3
0.0,0.6666666666666666,300.0,0.5944444444444443,0.6864915116177408,0.6194510580031598,1.0,0.8276952511230029,0.0,50.0,0.0,5560.499999999976,2932.7556220247484,0.0,fixed_auv_ga_pso_tlbo_proxy,emergency,21471997,3
0.0,1.0,283.0,0.8244994110718492,0.40989853460099673,0.12438263486224627,1.0,0.4797622898233671,0.0,38.0,0.0,6957.555000000009,2935.8000000000156,0.0,independent_greedy,emergency,21471997,3
0.0,0.3333333333333333,300.0,0.6377777777777777,0.7250935980515891,0.699903094740396,1.0,0.9126006828264028,0.0,44.0,0.0,8091.8420449522655,3263.335497409354,0.0,communication_aware,emergency,21471997,3
0.0,1.0,287.0,0.29152148664343785,0.7839222404486645,0.705851039291015,0.8160919540229884,0.8613067046490078,0.0,19.0,0.06620209059233449,9362.895793756086,2365.7629825210256,635.0,haco_safemarl_pilot_no_acoustic,emergency,21471997,3
0.0,1.0,277.0,0.6365824308062574,0.6675683275694603,0.5457896968452177,0.869047619047619,0.4410464721029012,0.0,23.0,0.06859205776173286,8717.30573328065,2449.8624316809555,0.0,haco_safemarl_pilot_no_shield,emergency,21471997,3
0.0,1.0,299.0,0.23745819397993312,0.7978453188051133,0.7394490223541285,0.711111111111111,0.8978755252072258,0.0,26.0,0.06354515050167224,9743.285285608063,2730.292697498598,636.0,haco_safemarl_pilot,emergency,21471997,3
0.0,0.0,300.0,0.7033333333333334,0.7118869519991328,0.6452654915812961,1.0,0.8432277057131814,0.0,0.0,0.0,1662.0018663354206,145.8079517762674,850.0,mappo_no_acoustic_shield,emergency,21471997,3
0.0,0.6666666666666666,300.0,0.7522222222222222,0.44197363860947697,0.3210707879909319,1.0,0.5889619227452292,0.0,7.0,0.0,5560.499999999976,2547.2908671621576,0.0,fixed_auv_ga_pso_tlbo_proxy,emergency,21482004,3
0.0,0.6666666666666666,300.0,0.8533333333333334,0.33215404774921314,0.09279538247213229,1.0,0.5649805430983058,0.0,5.0,0.0,7375.50000000001,3189.800000000014,0.0,independent_greedy,emergency,21482004,3
0.0,0.0,300.0,0.8011111111111111,0.6336960307083834,0.5866429694618956,1.0,0.5973006719654557,0.0,0.0,0.0,7854.790190918443,2945.4904577859397,0.0,communication_aware,emergency,21482004,3
0.0,0.0,300.0,0.711111111111111,0.538139019798185,0.3728838203799126,1.0,0.8202290808359951,0.0,0.0,0.0,9012.204218854298,3106.9265097051107,822.0,haco_safemarl_pilot_no_acoustic,emergency,21482004,3
0.0,0.0,300.0,0.8744444444444446,0.45508644496845263,0.3361972867626019,1.0,0.4403862721284786,0.0,0.0,0.0,9002.990010807578,3055.4904771343645,0.0,haco_safemarl_pilot_no_shield,emergency,21482004,3
0.0,0.0,300.0,0.701111111111111,0.6749434999047604,0.6128423463399629,1.0,0.8395229302198894,0.0,0.0,0.0,8872.458651925646,3077.4496214775713,826.0,haco_safemarl_pilot,emergency,21482004,3
0.0,0.0,300.0,0.7488888888888887,0.5755678611663642,0.5150839806473482,1.0,0.9085992798631314,0.0,0.0,0.0,900.0324031372066,130.1829839208359,900.0,mappo_no_acoustic_shield,emergency,21482004,3
0.0,1.0,154.0,0.7943722943722944,0.5384443682172051,0.27272866304663773,1.0,0.42198531771600495,0.045454545454545456,29.0,0.09090909090909091,2854.3899999999976,1410.9984704398973,0.0,fixed_auv_ga_pso_tlbo_proxy,emergency,21492011,3
0.0,1.0,118.0,0.5762711864406781,0.5453301239083854,0.11449300377396006,1.0,0.6598627482788454,0.0,22.0,0.0,2901.0300000000034,1128.6,0.0,independent_greedy,emergency,21492011,3
0.0,0.6666666666666666,300.0,0.9344444444444444,0.5303665756174345,0.38519455437525846,1.0,0.45449797089635496,0.0,28.0,0.07666666666666666,7697.468840612211,3005.3813084481476,0.0,communication_aware,emergency,21492011,3
1.0,1.0,145.0,0.3793103448275862,0.6475155701470809,0.2956030141676158,0.6666666666666665,0.6675457391165764,0.0,0.0,0.0,4433.228312198723,1206.245259163688,321.0,haco_safemarl_pilot_no_acoustic,emergency,21492011,3
0.0,1.0,121.0,0.7134986225895317,0.6036407706883536,0.3524539146119036,1.0,0.6296425655362325,0.0,20.0,0.0,3740.715618814698,920.8624969993726,0.0,haco_safemarl_pilot_no_shield,emergency,21492011,3
0.0,0.3333333333333333,300.0,0.7977777777777777,0.6542040080063583,0.5288434802611778,1.0,0.6207878845558135,0.0,0.0,0.09333333333333334,8470.696615025325,2977.7059810469004,928.0,haco_safemarl_pilot,emergency,21492011,3
0.0,0.0,300.0,0.2966666666666667,0.7566873700274424,0.6089038008529092,0.3333333333333334,0.7375544620483486,0.0,0.0,0.15333333333333332,424.23088759310065,197.49277316152825,688.0,mappo_no_acoustic_shield,emergency,21492011,3
0.0,1.0,151.0,0.7439293598233995,0.7043099331555156,0.5615947601608057,1.0,0.33333333314505714,0.07947019867549669,0.0,0.2582781456953642,2798.784999999998,1246.1901185935296,0.0,fixed_auv_ga_pso_tlbo_proxy,emergency,21502018,3
1.0,1.0,116.0,0.8793103448275862,0.6363565613301437,0.544402178378836,1.0,0.6433260362302715,0.0,0.0,0.31896551724137934,2851.8600000000033,849.7999999999995,0.0,independent_greedy,emergency,21502018,3
0.0,0.6666666666666666,300.0,0.6433333333333333,0.7332438724147605,0.6874446614566596,0.8888888888888888,0.4289032353134064,0.03333333333333333,0.0,0.14333333333333334,8091.283367833859,3734.326707355459,0.0,communication_aware,emergency,21502018,3
1.0,1.0,182.0,0.4340659340659341,0.7714614438307852,0.6990012038803359,0.6666666666666665,0.6591488038256627,0.0,0.0,0.1978021978021978,5761.698928204057,1580.709752202682,523.0,haco_safemarl_pilot_no_acoustic,emergency,21502018,3
1.0,1.0,126.0,0.7539682539682542,0.6945368181155553,0.631907656791725,1.0,0.5921133696583563,0.0,0.0,0.2777777777777778,3974.2326787691154,923.9022747705492,0.0,haco_safemarl_pilot_no_shield,emergency,21502018,3
1.0,1.0,180.0,0.41481481481481486,0.7769941680154303,0.7109102129919466,0.6666666666666665,0.6581250657668773,0.0,0.0,0.2,5692.1759038833525,1575.402894652493,526.0,haco_safemarl_pilot,emergency,21502018,3
0.0,0.0,300.0,0.5866666666666667,0.7324376658929085,0.6279140433663892,0.6666666666666669,0.6566263342391633,0.0,0.0,0.01,1854.494423114196,719.6224750001932,878.0,mappo_no_acoustic_shield,emergency,21502018,3
1.0,1.0,283.0,0.09305064782096582,0.8251244064156462,0.8006887387689334,0.39080459770114934,0.9829863285838191,0.0,0.0,0.06713780918727916,5245.404999999979,2533.1255897515457,0.0,fixed_auv_ga_pso_tlbo_proxy,emergency,21512025,3
1.0,1.0,216.0,0.41358024691358025,0.6803470395803525,0.5230754891091881,0.6666666666666665,0.8001684563102888,0.0,0.0,0.004629629629629629,5310.360000000007,2088.3999999999987,0.0,independent_greedy,emergency,21512025,3
0.0,0.6666666666666666,300.0,0.1522222222222222,0.8204491941680742,0.790634268157883,0.6222222222222222,0.9664304412134666,0.0,0.0,0.05,8430.057544197587,3789.401769822035,0.0,communication_aware,emergency,21512025,3
1.0,1.0,202.0,0.1716171617161716,0.8158197304184075,0.771534055805542,0.6666666666666665,0.9690299854665486,0.0,0.0,0.0049504950495049506,6502.997499999987,1652.5694152162694,212.0,haco_safemarl_pilot_no_acoustic,emergency,21512025,3
1.0,1.0,211.0,0.25434439178515006,0.8105878950887617,0.760045630974093,0.6666666666666665,0.8996793549948122,0.0,0.0,0.004739336492890996,6645.4941775234665,1784.0828057278331,0.0,haco_safemarl_pilot_no_shield,emergency,21512025,3
1.0,1.0,204.0,0.14869281045751634,0.8222483033605219,0.7884857050724441,0.6666666666666665,0.9776901325816715,0.0,0.0,0.004901960784313725,6564.267722768138,1700.761117721115,210.0,haco_safemarl_pilot,emergency,21512025,3
0.0,0.6666666666666666,300.0,0.31888888888888883,0.7808707945204147,0.7050486548342493,0.6666666666666669,0.8877320801058943,0.0,0.0,0.016666666666666666,2143.754116343222,161.54256235927167,559.0,mappo_no_acoustic_shield,emergency,21512025,3
0.0,0.6666666666666666,300.0,0.5655555555555555,0.5672012921831867,0.4469193771033168,1.0,0.8102703529649599,0.0,39.0,0.0,5560.499999999976,2057.3846588741053,0.0,fixed_auv_ga_pso_tlbo_proxy,emergency,21522032,3
0.0,1.0,272.0,0.7794117647058824,0.36670095994038143,0.10636519960505192,1.0,0.5874673621362201,0.0,30.0,0.0,6687.120000000009,2342.200000000005,0.0,independent_greedy,emergency,21522032,3
0.0,0.0,300.0,0.6522222222222221,0.6904054740329744,0.6367999042294857,1.0,0.8713699951221344,0.0,0.0,0.0,7982.197160650084,2908.608400958315,0.0,communication_aware,emergency,21522032,3
0.0,0.6666666666666666,300.0,0.6288888888888888,0.6133195950151253,0.5120908184713813,1.0,0.5980272324765601,0.0,0.0,0.0,9238.187397197558,2729.980928337889,673.0,haco_safemarl_pilot_no_acoustic,emergency,21522032,3
0.0,0.3333333333333333,300.0,0.7355555555555555,0.5234365249401616,0.4192890141768656,1.0,0.6423533140798371,0.0,128.0,0.0,9147.453335789362,2886.8313078967376,0.0,haco_safemarl_pilot_no_shield,emergency,21522032,3
0.0,0.0,300.0,0.62,0.718864533452711,0.6660623468554173,1.0,0.6991356736905271,0.0,0.0,0.0,9052.114631870776,2985.626826133145,684.0,haco_safemarl_pilot,emergency,21522032,3
0.0,0.0,300.0,0.5066666666666667,0.6506780066885752,0.464741909592458,0.6666666666666669,0.6174895222751349,0.0,0.0,0.0,2327.0907860608436,954.0993854144198,866.0,mappo_no_acoustic_shield,emergency,21522032,3
1.0,1.0,288.0,0.5949074074074073,0.5994481050252815,0.4202510741275224,0.6666666666666669,0.4704951527898451,0.0,0.0,0.0,5338.079999999978,3049.014286989885,0.0,fixed_auv_ga_pso_tlbo_proxy,emergency,21532039,3
1.0,1.0,220.0,0.6666666666666667,0.5084151716581261,0.30070171266957063,0.6666666666666665,0.3333333332222222,0.0,0.0,0.0,5408.700000000007,2598.0000000000055,0.0,independent_greedy,emergency,21532039,3
0.0,0.6666666666666666,300.0,0.6133333333333333,0.7350082778410981,0.6829084971565339,0.7444444444444444,0.468904634521232,0.0,0.0,0.0,8078.2742361358905,3644.0538744940536,0.0,communication_aware,emergency,21532039,3
0.0,0.6666666666666666,300.0,0.5455555555555556,0.6821868202381306,0.48589368622269613,0.6666666666666669,0.7295703634935198,0.0,0.0,0.0,9123.928553916994,2825.4851561032815,673.0,haco_safemarl_pilot_no_acoustic,emergency,21532039,3
1.0,1.0,237.0,0.6160337552742619,0.6505414350512263,0.45106754980609887,0.6666666666666666,0.6677328312726255,0.0,0.0,0.0,7267.64243356122,1997.593974925959,0.0,haco_safemarl_pilot_no_shield,emergency,21532039,3
0.0,0.3333333333333333,300.0,0.5266666666666666,0.7455079961102703,0.6723264771978409,0.6666666666666669,0.6144438799549689,0.0,0.0,0.0,8887.711208210823,3304.8897851235693,630.0,haco_safemarl_pilot,emergency,21532039,3
0.0,0.0,300.0,0.6366666666666667,0.6165761217134234,0.35427773068131424,1.0,0.47068999651210697,0.0,0.0,0.0,1010.9068416453218,184.62704674245856,777.0,mappo_no_acoustic_shield,emergency,21532039,3
1.0,1.0,287.0,0.9651567944250871,0.36142795708626035,0.20909165964957735,1.0,0.4065040499171942,0.0,0.0,0.0,5319.544999999978,2541.257628479729,0.0,fixed_auv_ga_pso_tlbo_proxy,emergency,21542046,3
1.0,1.0,219.0,0.8919330289193302,0.33854447363541523,0.12123046151233755,1.0,0.3626879619112974,0.0,0.0,0.0,5384.115000000007,2077.2,0.0,independent_greedy,emergency,21542046,3
0.0,0.0,300.0,0.9677777777777777,0.5647303768105914,0.4742196150081504,1.0,0.33333332144272737,0.0,0.0,0.0,7717.366545950786,2939.003234839399,0.0,communication_aware,emergency,21542046,3
0.0,0.3333333333333333,300.0,0.8544444444444443,0.4682256237472448,0.3218047470998973,1.0,0.38224746554399647,0.0,0.0,0.0,8879.872927826667,3005.8341277337017,900.0,haco_safemarl_pilot_no_acoustic,emergency,21542046,3
0.0,0.3333333333333333,300.0,0.9644444444444443,0.40411498763767345,0.28896203496290973,1.0,0.3775811084136063,0.0,0.0,0.0,8865.100356303838,2961.1151274943554,0.0,haco_safemarl_pilot_no_shield,emergency,21542046,3
0.0,0.0,300.0,0.8566666666666667,0.6432464532981664,0.5817165501388727,1.0,0.41330750224281165,0.0,0.0,0.0,8683.203753744807,3101.695122848676,900.0,haco_safemarl_pilot,emergency,21542046,3
0.0,0.0,300.0,0.9877777777777778,0.37904082827940816,0.2865658121647292,1.0,0.3333332506887257,0.0,0.0,0.0,1150.0979965950617,331.70989680294355,900.0,mappo_no_acoustic_shield,emergency,21542046,3
0.0,0.6666666666666666,300.0,0.7155555555555555,0.3955156520307602,0.15294170224486547,1.0,0.4046481184231818,0.0,0.0,0.056666666666666664,5560.499999999976,2366.011697596628,0.0,fixed_auv_ga_pso_tlbo_proxy,emergency,21552053,3
1.0,1.0,260.0,0.864102564102564,0.29400736494557583,0.12075165715071956,1.0,0.44031663806860244,0.0,0.0,0.07692307692307693,6392.100000000009,2449.0000000000055,0.0,independent_greedy,emergency,21552053,3
0.0,0.0,300.0,0.7944444444444444,0.5849014024600434,0.4883746118969572,1.0,0.38343472328270406,0.0,0.0,0.06666666666666667,7817.432224883928,2975.3528175802135,0.0,communication_aware,emergency,21552053,3
0.0,0.0,300.0,0.7199999999999999,0.4824058107075383,0.30066289941044566,1.0,0.45479546206505966,0.02666666666666667,0.0,0.056666666666666664,8705.100699626344,2840.0021542121617,807.0,haco_safemarl_pilot_no_acoustic,emergency,21552053,3
0.0,0.0,300.0,0.8255555555555555,0.42275905679291303,0.2733107446051539,1.0,0.413109423346576,0.02,0.0,0.06666666666666667,8949.929441314096,2984.437358496738,0.0,haco_safemarl_pilot_no_shield,emergency,21552053,3
0.0,0.0,300.0,0.74,0.6546229021142463,0.5720253309969294,1.0,0.4651850337966267,0.023333333333333334,0.0,0.08,8616.269822893451,2970.8989901469045,832.0,haco_safemarl_pilot,emergency,21552053,3
0.0,0.0,300.0,0.5888888888888889,0.569282446762732,0.3644907416008328,0.6666666666666669,0.4808570423488685,0.0,0.0,0.0,1041.748493367613,116.85591668195718,748.0,mappo_no_acoustic_shield,emergency,21552053,3
0.0,0.3333333333333333,300.0,0.6788888888888889,0.4791599729306293,0.33792794040194585,1.0,0.5915294447166143,0.0,0.0,0.0,5560.499999999976,2828.8594210326937,0.0,fixed_auv_ga_pso_tlbo_proxy,emergency,21562060,3
0.0,0.6666666666666666,300.0,0.8033333333333333,0.4076839430982621,0.27643703478432075,1.0,0.5605775931710061,0.0,0.0,0.0,7375.50000000001,3257.000000000016,0.0,independent_greedy,emergency,21562060,3
0.0,0.0,300.0,0.7166666666666667,0.6216418592134912,0.5414787855223074,1.0,0.625992779241017,0.0,0.0,0.0,7870.2783853798865,2930.460534592677,0.0,communication_aware,emergency,21562060,3
0.0,0.3333333333333333,300.0,0.6677777777777778,0.5760826372419595,0.47697405806597276,1.0,0.8266618577084932,0.0,0.0,0.0,9147.214948762283,3098.096114937406,730.0,haco_safemarl_pilot_no_acoustic,emergency,21562060,3
0.0,0.3333333333333333,300.0,0.7855555555555557,0.5204875035565432,0.45734858543357443,1.0,0.6833801151869627,0.0,0.0,0.02,9026.548117437076,2971.8822845553773,0.0,haco_safemarl_pilot_no_shield,emergency,21562060,3
0.0,0.0,300.0,0.7155555555555555,0.6805985167262035,0.6141087226276686,1.0,0.6152575146419086,0.0,0.0,0.0,8837.672518437772,3095.214196867918,746.0,haco_safemarl_pilot,emergency,21562060,3
0.0,0.0,300.0,0.7644444444444444,0.5611234282357159,0.4861304357539218,1.0,0.6366907485861713,0.0,0.0,0.0,1252.8931410454322,377.67645638553626,845.0,mappo_no_acoustic_shield,emergency,21562060,3
0.0,1.0,299.0,0.386845039018952,0.7208906160365707,0.6549508151213504,1.0,0.9315201790881301,0.043478260869565216,0.0,0.09364548494983277,5541.9649999999765,3070.168776572939,0.0,fixed_auv_ga_pso_tlbo_proxy,emergency,21572067,3
0.0,1.0,229.0,0.537117903930131,0.6940624993459271,0.5830961586550316,1.0,0.9486659907524766,0.048034934497816595,0.0,0.1222707423580786,5629.965000000007,2662.0000000000045,0.0,independent_greedy,emergency,21572067,3
0.0,0.6666666666666666,300.0,0.4211111111111111,0.7573878796815632,0.6970057816165433,1.0,0.888098205815514,0.043333333333333335,0.0,0.09333333333333334,8222.198542181079,3567.430817623247,0.0,communication_aware,emergency,21572067,3
0.0,1.0,219.0,0.30898021308980217,0.7524651217492,0.6079684718713824,0.6666666666666665,0.9233346770403437,0.0547945205479452,0.0,0.1461187214611872,6653.502486934225,1684.379366327335,340.0,haco_safemarl_pilot_no_acoustic,emergency,21572067,3
0.0,1.0,222.0,0.35285285285285295,0.6902789173318067,0.5442192487993167,0.6666666666666664,0.8886257849160457,0.05405405405405406,0.0,0.11711711711711711,7018.0351084886015,1881.5527383493677,0.0,haco_safemarl_pilot_no_shield,emergency,21572067,3
0.0,1.0,221.0,0.28808446455505277,0.7646407333952517,0.6376532255013718,0.6666666666666664,0.9298706934235897,0.049773755656108594,0.0,0.14027149321266968,6756.320461477113,1694.7250151396893,343.0,haco_safemarl_pilot,emergency,21572067,3
0.0,0.0,300.0,0.28111111111111103,0.8136160613450325,0.7802863754988711,0.6666666666666669,0.9289726261140719,0.0,0.0,0.0,840.5799281709004,181.9399946126693,644.0,mappo_no_acoustic_shield,emergency,21572067,3
0.0,1.0,290.0,0.7551724137931034,0.48996262230040305,0.34444541321724165,1.0,0.5599244690400773,0.0,16.0,0.0,5375.149999999978,2862.409615286186,0.0,fixed_auv_ga_pso_tlbo_proxy,emergency,21582074,3
0.0,1.0,222.0,0.9744744744744744,0.4013884200761614,0.16840473986092727,1.0,0.33333331438523756,0.0,13.0,0.0,5457.870000000007,2386.400000000006,0.0,independent_greedy,emergency,21582074,3
0.0,0.3333333333333333,300.0,0.8144444444444444,0.6672689726650105,0.6461073699921266,1.0,0.5789582933278062,0.0,14.0,0.0,7857.815068875532,3068.053902916958,0.0,communication_aware,emergency,21582074,3
0.0,0.6666666666666666,300.0,0.6655555555555556,0.6763530221643042,0.5975699694918147,0.9,0.9350237872777062,0.0,0.0,0.0,9758.993535857218,2785.0902522441556,918.0,haco_safemarl_pilot_no_acoustic,emergency,21582074,3
0.0,1.0,237.0,0.8284106891701828,0.5709365126681081,0.4052453476087476,1.0,0.6275402632916639,0.0,15.0,0.0,7406.0202504318595,1866.2194317007604,0.0,haco_safemarl_pilot_no_shield,emergency,21582074,3
0.0,0.6666666666666666,300.0,0.7266666666666667,0.6868896482221349,0.6277516319681221,1.0,0.8484899459302307,0.0,0.0,0.0,9478.039628713685,2806.6529939826232,900.0,haco_safemarl_pilot,emergency,21582074,3
0.0,0.0,300.0,0.7722222222222221,0.6682693677220037,0.5788061037051858,1.0,0.6113705457597095,0.0,32.0,0.0,1329.2809922620982,336.45341088362187,855.0,mappo_no_acoustic_shield,emergency,21582074,3
1.0,1.0,284.0,0.67018779342723,0.43879984592466575,0.13979360671657656,0.7011494252873564,0.48035941307135416,0.0,0.0,0.0,5263.939999999979,2142.6812036676706,0.0,fixed_auv_ga_pso_tlbo_proxy,emergency,21592081,3
1.0,1.0,217.0,0.8586789554531489,0.27041908954606314,0.08179546058274263,1.0,0.6306064647821019,0.0,0.0,0.0,5334.945000000007,1731.4000000000055,0.0,independent_greedy,emergency,21592081,3
0.0,0.0,300.0,0.8144444444444444,0.6056315677838698,0.42208274134180973,1.0,0.4223878104712481,0.0,0.0,0.0,7873.962532333793,2961.9023608264465,0.0,communication_aware,emergency,21592081,3
0.0,0.6666666666666666,300.0,0.7088888888888889,0.482491189381984,0.2727657304387282,1.0,0.5510652983189964,0.0,0.0,0.016666666666666666,9314.991413415766,2360.7522628905012,766.0,haco_safemarl_pilot_no_acoustic,emergency,21592081,3
0.0,0.3333333333333333,300.0,0.7444444444444444,0.46140003145060754,0.24783853064728953,1.0,0.4751895364632329,0.0,0.0,0.0,8995.318589899774,3027.9809967162955,0.0,haco_safemarl_pilot_no_shield,emergency,21592081,3
0.0,0.3333333333333333,300.0,0.6733333333333333,0.6569335647552058,0.5263781295902328,0.7333333333333333,0.5231316723129139,0.0,0.0,0.0,9021.476111371534,3108.576391661685,722.0,haco_safemarl_pilot,emergency,21592081,3
0.0,0.0,300.0,0.6366666666666667,0.5316829653139229,0.1270279430900476,0.6666666666666669,0.6648697043416947,0.0,0.0,0.0,1990.7386466555145,528.5729324846598,861.0,mappo_no_acoustic_shield,emergency,21592081,3
0.0,0.3333333333333333,300.0,0.7133333333333334,0.5316300123303446,0.33875409749595886,1.0,0.4354515835250707,0.0,0.0,0.0,5560.499999999976,2571.5529361912604,0.0,fixed_auv_ga_pso_tlbo_proxy,emergency,21602088,3
1.0,1.0,286.0,0.8554778554778555,0.3503403755451311,0.06065234805415308,1.0,0.40395123914876,0.0,0.0,0.0,7031.3100000000095,2645.6000000000126,0.0,independent_greedy,emergency,21602088,3
0.0,0.0,300.0,0.7544444444444444,0.6783640876185529,0.5621648995800487,1.0,0.40614527432079267,0.0,87.0,0.0,7970.155757402165,2785.3367384520075,0.0,communication_aware,emergency,21602088,3
0.0,0.3333333333333333,300.0,0.5533333333333333,0.6806934609786374,0.5218898458689097,1.0,0.651177408980038,0.0,0.0,0.0,8271.300404874779,2954.8292025654987,810.0,haco_safemarl_pilot_no_acoustic,emergency,21602088,3
0.0,0.3333333333333333,300.0,0.76,0.5331888319736511,0.4029804110041551,1.0,0.6097388842510717,0.0,39.0,0.0,9146.250742096334,2859.368604900682,0.0,haco_safemarl_pilot_no_shield,emergency,21602088,3
0.0,0.0,300.0,0.5644444444444444,0.7228237152014799,0.6197276327642771,1.0,0.6583718934907735,0.0,0.0,0.0,9221.857027956554,3356.018743399914,756.0,haco_safemarl_pilot,emergency,21602088,3
0.0,0.0,300.0,0.3877777777777777,0.7616646561225392,0.6362676394225226,0.6666666666666669,0.6614357639067082,0.0,0.0,0.0,1603.8899791302026,649.3012398523753,699.0,mappo_no_acoustic_shield,emergency,21602088,3
0.0,0.6666666666666666,300.0,0.7911111111111111,0.49018278464664655,0.22382641193127117,1.0,0.33333333305039986,0.0,62.0,0.15,5560.499999999976,1908.0240150879538,0.0,fixed_auv_ga_pso_tlbo_proxy,emergency,21612095,3
0.0,1.0,275.0,0.9272727272727272,0.30924543782726943,0.050362240850192315,1.0,0.3333333309992284,0.0,48.0,0.0,6760.875000000009,2089.0000000000027,0.0,independent_greedy,emergency,21612095,3
0.0,0.0,300.0,0.8866666666666667,0.6869846097422726,0.6052724528458387,1.0,0.33333333237216456,0.0,134.0,0.0,7893.193975213434,2914.0287661601074,0.0,communication_aware,emergency,21612095,3
0.0,0.6666666666666666,300.0,0.76,0.5711258278210372,0.2724416748222171,1.0,0.3333333331189986,0.0,0.0,0.0,7894.645317150138,2359.0649828541946,949.0,haco_safemarl_pilot_no_acoustic,emergency,21612095,3
0.0,0.3333333333333333,300.0,0.8544444444444443,0.4952170398505019,0.3191705268501772,1.0,0.3333333327506167,0.0,47.0,0.0,9255.028040172798,2781.534430808028,0.0,haco_safemarl_pilot_no_shield,emergency,21612095,3
0.0,0.0,300.0,0.7611111111111111,0.6732991789252987,0.5396599323561302,1.0,0.33333333311700014,0.0,0.0,0.0,7823.038282895439,2455.0854807857345,952.0,haco_safemarl_pilot,emergency,21612095,3
0.0,0.0,300.0,0.9077777777777777,0.5507533358700173,0.18731977530607935,1.0,0.33333333188174386,0.0,0.0,0.34,2127.9545118945935,712.3601191338244,1149.0,mappo_no_acoustic_shield,emergency,21612095,3
0.0,0.3333333333333333,300.0,0.7744444444444444,0.46114673536064515,0.3722428640278888,1.0,0.6327483216339254,0.0,39.0,0.0,5560.499999999976,2311.536755935161,0.0,fixed_auv_ga_pso_tlbo_proxy,emergency,21622102,3
0.0,1.0,283.0,0.8433451118963486,0.3336662970159543,0.2078875829835112,1.0,0.6504504485348805,0.0,31.0,0.0,6957.555000000009,2518.6000000000063,0.0,independent_greedy,emergency,21622102,3
0.0,0.0,300.0,0.8222222222222223,0.6660683222613254,0.6294383000151954,1.0,0.66293764088294,0.0,0.0,0.0,7867.838772711281,3000.0073150061407,0.0,communication_aware,emergency,21622102,3
0.0,0.0,300.0,0.7377777777777778,0.5420130948113936,0.42944877727301833,1.0,0.5852879355540573,0.0,0.0,0.0,9070.11510624308,3154.304540335977,778.0,haco_safemarl_pilot_no_acoustic,emergency,21622102,3
0.0,0.0,300.0,0.8355555555555555,0.46067283805410636,0.397032742969146,1.0,0.6522541820408887,0.0,0.0,0.0,9010.175242356274,3054.897658105945,0.0,haco_safemarl_pilot_no_shield,emergency,21622102,3
0.0,0.0,300.0,0.7355555555555555,0.6873567656397487,0.6455063557686749,1.0,0.6107696614805668,0.0,0.0,0.0,8914.843922711905,3151.2580462993797,786.0,haco_safemarl_pilot,emergency,21622102,3
0.0,0.0,300.0,0.741111111111111,0.533658764970706,0.3238377804295999,1.0,0.5360764676141553,0.0,0.0,0.0,923.3985108200478,135.97649607158553,866.0,mappo_no_acoustic_shield,emergency,21622102,3
0.0,1.0,269.0,0.5415117719950433,0.636331820989332,0.5669369688641925,1.0,0.939653515169026,0.0,71.0,0.0,4985.914999999981,2632.9706006634624,0.0,fixed_auv_ga_pso_tlbo_proxy,emergency,21632109,3
0.0,1.0,206.0,0.8398058252427184,0.5855776476053082,0.5770803090989148,1.0,0.3470731961213783,0.0,54.0,0.0,5064.510000000007,2103.8000000000025,0.0,independent_greedy,emergency,21632109,3
0.0,0.3333333333333333,300.0,0.6133333333333333,0.7100424126224205,0.6873506859103354,1.0,0.909557928275275,0.0,155.0,0.0,8035.6830705400425,3322.284470643977,0.0,communication_aware,emergency,21632109,3
0.0,0.6666666666666666,300.0,0.43333333333333335,0.7169176755596073,0.6586053728816094,0.7777777777777778,0.9351943734299538,0.0,10.0,0.0,9292.66331441425,2878.0703075322726,666.0,haco_safemarl_pilot_no_acoustic,emergency,21632109,3
0.0,1.0,226.0,0.6563421828908553,0.6660285006807583,0.5858556468107851,1.0,0.888948927553111,0.0,74.0,0.0,7028.590028016414,1767.4167274595238,0.0,haco_safemarl_pilot_no_shield,emergency,21632109,3
0.0,0.3333333333333333,300.0,0.3844444444444444,0.7668576585309864,0.7317673883373041,0.7444444444444444,0.9193671103520222,0.0,10.0,0.0,9229.593070963128,3480.664463278138,655.0,haco_safemarl_pilot,emergency,21632109,3
0.0,0.0,300.0,0.6544444444444444,0.7233928951092495,0.686155480791744,1.0,0.8383475910284969,0.0,9.0,0.0,1544.0758008311261,245.29807449476868,843.0,mappo_no_acoustic_shield,emergency,21632109,3
0.0,1.0,290.0,0.8988505747126435,0.2624541966020691,0.06442101204239145,1.0,0.33333333212666433,0.0,66.0,0.0,5375.149999999978,2478.0434553795635,0.0,fixed_auv_ga_pso_tlbo_proxy,emergency,21642116,3
0.0,1.0,222.0,0.8468468468468469,0.34064450202781,0.02049875834874281,1.0,0.3333333328069973,0.0,50.0,0.0,5457.870000000007,1946.0000000000005,0.0,independent_greedy,emergency,21642116,3
0.0,0.0,300.0,0.9488888888888888,0.4656800652425041,0.2773563164702987,1.0,0.3333333286074355,0.0,109.0,0.02666666666666667,7663.070846741212,2926.3397466634883,0.0,communication_aware,emergency,21642116,3
0.0,0.0,300.0,0.7944444444444444,0.4276052046138765,0.12865711243077982,1.0,0.6294252863145146,0.0,24.0,0.0,8922.943180606222,3191.208884480071,822.0,haco_safemarl_pilot_no_acoustic,emergency,21642116,3
0.0,0.0,300.0,0.9333333333333333,0.3365318726550846,0.12185486804978529,1.0,0.3333333305555556,0.0,145.0,0.0,8770.40493560678,3007.48546367352,0.0,haco_safemarl_pilot_no_shield,emergency,21642116,3
0.0,0.0,300.0,0.8777777777777778,0.6187266994491265,0.4557464863490161,1.0,0.3716672799652889,0.0,13.0,0.0,8723.840964655112,3063.34959415044,840.0,haco_safemarl_pilot,emergency,21642116,3
0.0,0.0,300.0,0.8022222222222223,0.4400682872335619,0.14883388890761712,1.0,0.6665825115713113,0.0,36.0,0.0,907.4033737971438,355.192069555848,900.0,mappo_no_acoustic_shield,emergency,21642116,3
0.0,0.6666666666666666,300.0,0.8022222222222221,0.3586297385320935,0.20407289869489526,1.0,0.43012679483707467,0.0,0.0,0.0,5560.499999999976,2894.484807361288,0.0,fixed_auv_ga_pso_tlbo_proxy,emergency,21652123,3
1.0,1.0,237.0,0.8016877637130801,0.3562888895039339,0.1666377251513987,1.0,0.5102009385208643,0.0,0.0,0.0,5826.645000000008,2631.2000000000066,0.0,independent_greedy,emergency,21652123,3
0.0,0.0,300.0,0.8133333333333334,0.583591108023183,0.50922822066873,1.0,0.44239631273996566,0.0,0.0,0.0,7794.31670511165,2969.6105612795564,0.0,communication_aware,emergency,21652123,3
0.0,0.6666666666666666,300.0,0.7611111111111111,0.4763612192935246,0.33933020299311906,1.0,0.6782732452782119,0.0,0.0,0.0,8966.318373979093,2738.5850390287615,809.0,haco_safemarl_pilot_no_acoustic,emergency,21652123,3
0.0,0.0,300.0,0.8544444444444446,0.3972185718180517,0.2884750242073378,1.0,0.4491115113339081,0.0,0.0,0.0,8867.940903485032,3060.4244476483077,0.0,haco_safemarl_pilot_no_shield,emergency,21652123,3
0.0,0.0,300.0,0.75,0.663033932855549,0.5965725753695035,1.0,0.7250891581767424,0.0,0.0,0.0,8722.236974518419,3117.5059253727904,817.0,haco_safemarl_pilot,emergency,21652123,3
0.0,0.0,300.0,0.6344444444444445,0.5635140068930241,0.3729811993220803,0.6666666666666669,0.4536067351394265,0.0,0.0,0.0,1238.5928250516897,235.07324985716417,748.0,mappo_no_acoustic_shield,emergency,21652123,3
1.0,1.0,288.0,0.5590277777777778,0.6997584972604936,0.6490932932087087,1.0,0.9536451238825291,0.0,0.0,0.16666666666666666,5094.719999999988,2199.703207150186,0.0,fixed_auv_ga_pso_tlbo_proxy,generalization,21162030,2
1.0,1.0,220.0,0.8681818181818182,0.5310521709992211,0.39588743009748056,1.0,0.5543836475227144,0.0,0.0,0.09545454545454546,5090.800000000007,1710.7000000000048,0.0,independent_greedy,generalization,21162030,2
0.0,0.5,300.0,0.6383333333333333,0.7474090728170104,0.7213332338951527,1.0,0.9746450286103813,0.0,0.0,0.16,7878.214469683228,2824.568655332881,0.0,communication_aware,generalization,21162030,2
0.0,1.0,218.0,0.5068807339449541,0.7503311356216966,0.7365911525055695,0.6363636363636364,0.8863174436836798,0.027522935779816515,0.0,0.04128440366972477,6533.705025747957,1747.2571167983122,307.0,haco_safemarl_pilot_no_acoustic,generalization,21162030,2
1.0,1.0,219.0,0.5662100456621004,0.6927046554870612,0.6283906965704396,1.0,0.9756756744109626,0.0,0.0,0.0776255707762557,6714.847491905534,1660.7872616430766,0.0,haco_safemarl_pilot_no_shield,generalization,21162030,2
0.0,1.0,227.0,0.3832599118942731,0.7685567996605583,0.754266608714011,0.6739130434782609,0.9927066444090207,0.01762114537444934,0.0,0.07929515418502203,6484.908390816409,1689.5901099873104,344.0,haco_safemarl_pilot,generalization,21162030,2
0.0,0.0,300.0,0.17,0.8064325141422183,0.784851313876653,0.5,0.9795250956279236,0.0,0.0,0.06,1821.939526244059,201.4630666754188,575.0,mappo_no_acoustic_shield,generalization,21162030,2
0.0,1.0,295.0,0.43898305084745765,0.713513886622274,0.7047123214244724,1.0,0.9997718678754113,0.0,36.0,0.0,5218.549999999986,2469.733265374095,0.0,fixed_auv_ga_pso_tlbo_proxy,generalization,21172037,2
0.0,1.0,225.0,0.56,0.6310561805426262,0.45963986840347965,1.0,0.6291968923436301,0.0,27.0,0.0,5206.500000000008,2081.100000000008,0.0,independent_greedy,generalization,21172037,2
0.0,0.5,300.0,0.52,0.7642869434753963,0.7591999693565203,1.0,0.9999999989149306,0.0,0.0,0.0,7884.963110583149,2942.0747544921514,0.0,communication_aware,generalization,21172037,2
1.0,1.0,260.0,0.275,0.7204154930583568,0.5549307588163761,0.5,0.8742203738568729,0.0,0.0,0.0,7340.485991929679,2175.6755697216295,263.0,haco_safemarl_pilot_no_acoustic,generalization,21172037,2
0.0,1.0,219.0,0.23972602739726026,0.7161198972048592,0.5416671886502031,0.5,0.9095673996126467,0.0,27.0,0.0,6738.745422064742,1730.456646541615,0.0,haco_safemarl_pilot_no_shield,generalization,21172037,2
1.0,1.0,272.0,0.28125,0.741667285255851,0.603085054446358,0.6785714285714286,0.8962947759493961,0.0,0.0,0.0,7687.288795142555,2239.162055294503,294.0,haco_safemarl_pilot,generalization,21172037,2
0.0,0.0,300.0,0.14333333333333334,0.8334543050081726,0.8153203824770264,0.5,0.9727679751702953,0.0,0.0,0.0,747.2400579531443,75.4351918781575,400.0,mappo_no_acoustic_shield,generalization,21172037,2
0.0,0.5,300.0,0.7833333333333333,0.47491299286110406,0.39157326044904917,1.0,0.8146934017873888,0.0,229.0,0.0,5306.999999999984,2363.4083186666303,0.0,fixed_auv_ga_pso_tlbo_proxy,generalization,21182044,2
0.0,1.0,247.0,0.8947368421052632,0.34997202412027795,0.1485880248091994,1.0,0.750277456777559,0.0,193.0,0.032388663967611336,5715.580000000015,1991.7000000000069,0.0,independent_greedy,generalization,21182044,2
0.0,0.0,300.0,0.8133333333333334,0.693575759661595,0.6518033822022576,1.0,0.8338207873541698,0.0,151.0,0.0,7747.858495875594,2932.1576324859957,0.0,communication_aware,generalization,21182044,2
0.0,0.0,300.0,0.6933333333333334,0.6202690603892713,0.505571748167333,1.0,0.5817981844177579,0.0,0.0,0.05333333333333334,8774.837061963119,2763.5794261911833,506.0,haco_safemarl_pilot_no_acoustic,generalization,21182044,2
0.0,1.0,266.0,0.7105263157894737,0.5626588079284497,0.36695977878747876,1.0,0.5839078185612816,0.0,102.0,0.12030075187969924,8034.970525359635,2021.878936180774,0.0,haco_safemarl_pilot_no_shield,generalization,21182044,2
0.0,0.0,300.0,0.6866666666666666,0.7291207675039453,0.6801339641013914,1.0,0.5984422611943818,0.0,0.0,0.07,8699.069924283176,2973.654942997913,525.0,haco_safemarl_pilot,generalization,21182044,2
0.0,0.0,300.0,0.445,0.6648849265669203,0.47823888449530366,0.5,0.6086849122573438,0.0,0.0,0.0,1968.1469738958526,231.1767595985135,505.0,mappo_no_acoustic_shield,generalization,21182044,2
0.0,0.5,300.0,0.08666666666666667,0.8751970247552585,0.8740018895549573,0.8666666666666667,0.9999866800418278,0.023333333333333334,16.0,0.10333333333333333,5306.999999999984,2864.8201817381478,0.0,fixed_auv_ga_pso_tlbo_proxy,generalization,21192051,2
0.0,1.0,250.0,0.522,0.7229778807577589,0.6108503149186032,1.0,0.7255302928318855,0.0,11.0,0.0,5785.000000000016,2479.3000000000097,0.0,independent_greedy,generalization,21192051,2
0.0,0.5,300.0,0.2,0.8546801022323335,0.8540505067986623,1.0,0.999930559987181,0.0,13.0,0.07333333333333333,8083.44333217049,3414.833353153744,0.0,communication_aware,generalization,21192051,2
0.0,1.0,247.0,0.0,0.8795868019367521,0.8543267884794117,0.0,0.99999999975,0.0,4.0,0.0,7488.704286261692,2344.9698795734043,119.0,haco_safemarl_pilot_no_acoustic,generalization,21192051,2
0.0,1.0,243.0,0.22633744855967078,0.8441413380260178,0.783785061282067,0.5,0.9211603113555631,0.0,30.0,0.0,7348.914453082356,1919.5454890258611,0.0,haco_safemarl_pilot_no_shield,generalization,21192051,2
0.0,1.0,247.0,0.0,0.879514052888747,0.854182985903999,0.0,0.99999999975,0.0,4.0,0.0,7489.018909860094,2361.100892002233,118.0,haco_safemarl_pilot,generalization,21192051,2
0.0,0.0,300.0,0.0,0.8871672323544776,0.8819915434459162,0.0,0.99999999975,0.0,7.0,0.006666666666666667,1450.6442284229238,409.4842098001505,396.0,mappo_no_acoustic_shield,generalization,21192051,2
0.0,0.5,300.0,0.435,0.7441776848210263,0.7285492222683011,1.0,0.9936964972811696,0.0,0.0,0.06333333333333334,5306.999999999984,2923.1379151428278,0.0,fixed_auv_ga_pso_tlbo_proxy,generalization,21202058,2
1.0,1.0,260.0,0.7769230769230769,0.4640252420449556,0.27971056521698157,1.0,0.710754275932443,0.0,0.0,0.038461538461538464,6016.40000000002,2690.900000000011,0.0,independent_greedy,generalization,21202058,2
0.0,0.5,300.0,0.5116666666666667,0.7688470778241263,0.7615789757659188,1.0,0.9990573712333857,0.0,0.0,0.10666666666666667,7932.87736695537,3412.70305925248,0.0,communication_aware,generalization,21202058,2
1.0,1.0,243.0,0.17901234567901234,0.8205888326885415,0.7986051526144382,0.72,0.998187973798094,0.0,0.0,0.0,6644.172021491189,1984.8035790933652,354.0,haco_safemarl_pilot_no_acoustic,generalization,21202058,2
0.0,1.0,253.0,0.525691699604743,0.7123347675531051,0.5812121230598652,0.8269230769230769,0.6247559542714435,0.0,65.0,0.0,7620.730906906335,2092.521533752811,0.0,haco_safemarl_pilot_no_shield,generalization,21202058,2
1.0,1.0,243.0,0.14814814814814814,0.8242747237366871,0.8028860598504286,0.64,0.9976716567387394,0.0,0.0,0.0,6683.850715449668,2050.2736263492034,351.0,haco_safemarl_pilot,generalization,21202058,2
0.0,0.0,300.0,0.14833333333333334,0.8365770402801584,0.8236600291307584,0.5166666666666667,0.9718299896257222,0.0,0.0,0.08333333333333333,1800.063523731507,621.7693604057603,492.0,mappo_no_acoustic_shield,generalization,21202058,2
0.0,1.0,260.0,0.675,0.6260799289030033,0.6221411433260875,1.0,0.9996849818838393,0.05384615384615385,0.0,0.16538461538461538,4599.4,2173.5505632101545,0.0,fixed_auv_ga_pso_tlbo_proxy,generalization,21212065,2
1.0,1.0,199.0,0.8668341708542714,0.47700407409510204,0.4752020216626827,1.0,0.8179964960997439,0.0,0.0,0.09045226130653267,4604.86,1532.900000000004,0.0,independent_greedy,generalization,21212065,2
0.0,0.5,300.0,0.7583333333333333,0.7264192402133358,0.7211945213939649,1.0,0.9988123472734863,0.056666666666666664,0.0,0.22333333333333333,7780.7143249560595,2894.328992755836,0.0,communication_aware,generalization,21212065,2
1.0,1.0,218.0,0.2981651376146789,0.7445609573794932,0.6624744819229981,0.8636363636363636,0.9069740406518497,0.0,0.0,0.0,6197.348661651888,1499.1085935102626,342.0,haco_safemarl_pilot_no_acoustic,generalization,21212065,2
1.0,1.0,202.0,0.5618811881188119,0.6466574065811824,0.4977905910168159,1.0,0.8999999989450272,0.0,0.0,0.0,6171.842136595721,1489.287238510755,0.0,haco_safemarl_pilot_no_shield,generalization,21212065,2
1.0,1.0,248.0,0.3649193548387097,0.752997314844147,0.7017276881873195,1.0,0.9516525036106644,0.0,0.0,0.10080645161290322,6940.078303616172,1955.6369400893225,471.0,haco_safemarl_pilot,generalization,21212065,2
0.0,0.0,300.0,0.17833333333333334,0.8385192918733536,0.7945681716711541,0.5,0.9550133985887856,0.0,0.0,0.20666666666666667,1920.9736803355229,392.5125033017373,612.0,mappo_no_acoustic_shield,generalization,21212065,2
0.0,1.0,248.0,0.6733870967741935,0.5796125046918204,0.5385788689455329,1.0,0.9253878682328963,0.0,145.0,0.0,4387.120000000004,2146.5486573403778,0.0,fixed_auv_ga_pso_tlbo_proxy,generalization,21222072,2
0.0,1.0,190.0,0.8526315789473684,0.5178199129651763,0.45696559030157685,1.0,0.5369862980504785,0.0,112.0,0.0,4396.599999999997,1718.3000000000052,0.0,independent_greedy,generalization,21222072,2
0.0,0.5,300.0,0.7583333333333333,0.670136413701898,0.6442891956069668,1.0,0.9507551738460719,0.0,52.0,0.0,7762.379370449519,2919.6879608110585,0.0,communication_aware,generalization,21222072,2
0.0,1.0,289.0,0.610726643598616,0.6357616995986333,0.5404763994659862,1.0,0.9272997018454591,0.0,6.0,0.0,8202.519868770092,2768.4162504577625,481.0,haco_safemarl_pilot_no_acoustic,generalization,21222072,2
0.0,1.0,196.0,0.5255102040816326,0.6432219164355151,0.5056049551384423,1.0,0.8999999991005619,0.0,38.0,0.0,5969.503397635653,1549.8483690979365,0.0,haco_safemarl_pilot_no_shield,generalization,21222072,2
0.0,0.0,300.0,0.6133333333333333,0.7061091060301,0.682819699088194,1.0,0.9556139463460469,0.0,6.0,0.0,8761.510757792594,3171.653962827305,491.0,haco_safemarl_pilot,generalization,21222072,2
0.0,0.0,300.0,0.2816666666666667,0.7904189912140261,0.7645436689123006,0.9833333333333333,0.9777615188066565,0.0,84.0,0.0,866.0912330270744,143.16892229825217,600.0,mappo_no_acoustic_shield,generalization,21222072,2
1.0,1.0,177.0,0.384180790960452,0.7938724442035846,0.7933701776601115,1.0,0.999915838425215,0.0,0.0,0.0,3131.130000000008,1325.2363430967214,0.0,fixed_auv_ga_pso_tlbo_proxy,generalization,21232079,2
1.0,1.0,136.0,0.6727941176470589,0.7470551170928995,0.7308581402256557,1.0,0.6661900746575399,0.0,0.0,0.0,3147.039999999998,1129.3000000000002,0.0,independent_greedy,generalization,21232079,2
1.0,1.0,244.0,0.610655737704918,0.7633168273950498,0.7626334462037255,1.0,0.9998892073030856,0.0,0.0,0.0,6388.950529706012,2449.4722780294937,0.0,communication_aware,generalization,21232079,2
1.0,1.0,141.0,0.14893617021276595,0.7952660415334704,0.7355500497833583,0.5,0.9702850209000363,0.0,0.0,0.0,4338.67866827697,1130.2584819994095,111.0,haco_safemarl_pilot_no_acoustic,generalization,21232079,2
1.0,1.0,133.0,0.21428571428571427,0.7573889113653848,0.6544643142847345,0.5714285714285714,0.9438010454022104,0.0,0.0,0.0,4091.878167440982,1007.1273610066396,0.0,haco_safemarl_pilot_no_shield,generalization,21232079,2
1.0,1.0,143.0,0.12937062937062938,0.8048390952300488,0.7599583170068933,0.5,0.9783967173740376,0.0,0.0,0.0,4397.408997634514,1144.7445755833044,116.0,haco_safemarl_pilot,generalization,21232079,2
0.0,0.0,300.0,0.0,0.8711266118217736,0.8488668663798821,0.0,0.99999999975,0.0,0.0,0.0,436.64238586546406,61.28712005719119,80.0,mappo_no_acoustic_shield,generalization,21232079,2
0.0,1.0,299.0,0.5501672240802675,0.5921303924481864,0.5087058979730731,1.0,0.9541019476635946,0.0,146.0,0.0,5289.309999999984,2512.541603113033,0.0,fixed_auv_ga_pso_tlbo_proxy,generalization,21242086,2
0.0,1.0,229.0,0.6244541484716157,0.5209906252760871,0.2490514952223446,1.0,0.4999999995568466,0.0,76.0,0.0,5299.0600000000095,2092.1000000000067,0.0,independent_greedy,generalization,21242086,2
0.0,0.5,300.0,0.605,0.6903064079780611,0.6437817065255528,1.0,0.9681305786629711,0.0,0.0,0.0,7823.292800864628,2901.167072903535,0.0,communication_aware,generalization,21242086,2
0.0,0.0,300.0,0.5983333333333334,0.5962417275482701,0.46717435215839553,1.0,0.8799884839974704,0.0,0.0,0.0,8810.144918027225,3253.5024679512353,514.0,haco_safemarl_pilot_no_acoustic,generalization,21242086,2
0.0,1.0,238.0,0.49159663865546216,0.658494592077246,0.48955237891590586,1.0,0.8235922815062782,0.0,13.0,0.0,7239.987205054104,1903.6319130549077,0.0,haco_safemarl_pilot_no_shield,generalization,21242086,2
0.0,0.0,300.0,0.59,0.7223335615019502,0.6596253033317987,1.0,0.9290144291739132,0.0,0.0,0.0,8844.547332401153,3096.1276086648486,464.0,haco_safemarl_pilot,generalization,21242086,2
0.0,0.0,300.0,0.51,0.7295682936969349,0.6330530511211503,1.0,0.881100916622843,0.0,0.0,0.0,861.1961774284254,146.0188491994249,580.0,mappo_no_acoustic_shield,generalization,21242086,2
0.0,0.5,300.0,0.7016666666666667,0.5431009450534213,0.45586861336575957,1.0,0.850661071614732,0.0,0.0,0.0,5306.999999999984,2630.310068693311,0.0,fixed_auv_ga_pso_tlbo_proxy,generalization,21252093,2
1.0,1.0,246.0,0.6585365853658537,0.41265601505635907,0.1609298234582739,1.0,0.6254764640135775,0.0,0.0,0.0,5692.440000000015,2285.3000000000084,0.0,independent_greedy,generalization,21252093,2
0.0,0.5,300.0,0.6683333333333333,0.7339159147671518,0.6890040052288617,1.0,0.801607220919302,0.0,0.0,0.0,7844.601030837048,3131.7875693004235,0.0,communication_aware,generalization,21252093,2
1.0,1.0,254.0,0.35826771653543305,0.6426209170462988,0.41954384865549904,0.5,0.7623816352282222,0.0,0.0,0.0,7848.0408156002995,1815.9670523868467,270.0,haco_safemarl_pilot_no_acoustic,generalization,21252093,2
1.0,1.0,240.0,0.3854166666666667,0.5878593721455405,0.3137071489186169,0.5208333333333334,0.7221152725692133,0.0,0.0,0.0,7337.752445530724,1672.0479462113651,0.0,haco_safemarl_pilot_no_shield,generalization,21252093,2
1.0,1.0,262.0,0.33969465648854963,0.6854771090473537,0.5094612924267989,0.5185185185185185,0.7944416421937883,0.0,0.0,0.0,8150.700359762752,1890.3381262576531,282.0,haco_safemarl_pilot,generalization,21252093,2
0.0,0.0,300.0,0.5466666666666666,0.7442093254940583,0.718596731098605,1.0,0.959336098465505,0.0,0.0,0.0,1509.0787076261968,293.49477538488725,551.0,mappo_no_acoustic_shield,generalization,21252093,2
1.0,1.0,192.0,0.14322916666666666,0.8610362139638585,0.8509341104369539,1.0,0.9988833720601054,0.0,0.0,0.2864583333333333,3396.4800000000087,1418.205862571208,0.0,fixed_auv_ga_pso_tlbo_proxy,generalization,21262100,2
1.0,1.0,147.0,0.14625850340136054,0.8559457990547532,0.8557078099326207,1.0,0.9998571651863843,0.0,0.0,0.10204081632653061,3401.5799999999963,1231.9,0.0,independent_greedy,generalization,21262100,2
1.0,1.0,221.0,0.3552036199095023,0.8153608804347944,0.8095311443094388,1.0,0.9993971005633836,0.0,0.0,0.2171945701357466,5874.558376285512,2119.4496226080532,0.0,communication_aware,generalization,21262100,2
1.0,1.0,171.0,0.16666666666666666,0.8480989992959485,0.8402469273176092,0.9166666666666666,0.9985125263787092,0.0,0.0,0.30994152046783624,4937.136690414518,1512.6223153226213,144.0,haco_safemarl_pilot_no_acoustic,generalization,21262100,2
1.0,1.0,145.0,0.12758620689655173,0.8597320187813109,0.8545855184019956,0.9333333333333333,0.9996095820811322,0.0,0.0,0.16551724137931034,4491.518117458504,1362.0562563295832,0.0,haco_safemarl_pilot_no_shield,generalization,21262100,2
1.0,1.0,180.0,0.18611111111111112,0.8449178234943365,0.8385245787578824,1.0,0.9985925319023566,0.0,0.0,0.24444444444444444,5123.413042642531,1633.8355615828148,174.0,haco_safemarl_pilot,generalization,21262100,2
0.0,0.0,300.0,0.27,0.8206723595990202,0.807374638481312,0.5,0.9983139748040867,0.0,0.0,0.27,861.5917538827028,203.00577854144166,426.0,mappo_no_acoustic_shield,generalization,21262100,2
0.0,1.0,284.0,0.24471830985915494,0.8298590831671631,0.8294401457252306,1.0,0.9999945660194108,0.0,133.0,0.0,5023.95999999999,1943.759994796853,0.0,fixed_auv_ga_pso_tlbo_proxy,generalization,21272107,2
0.0,1.0,217.0,0.6105990783410138,0.6687585053759059,0.5401637909185364,1.0,0.5964871971077234,0.0,102.0,0.0,5021.380000000006,1563.5000000000036,0.0,independent_greedy,generalization,21272107,2
0.0,0.5,300.0,0.385,0.8145821045674014,0.8145731578243409,1.0,0.9999339054858335,0.0,114.0,0.0,7987.696560650845,2958.8998055575817,0.0,communication_aware,generalization,21272107,2
1.0,1.0,281.0,0.12633451957295375,0.8419836235705905,0.7874416371835457,0.5,0.9795182873642189,0.0,0.0,0.0,6482.278683106161,1956.2573471053622,350.0,haco_safemarl_pilot_no_acoustic,generalization,21272107,2
0.0,1.0,212.0,0.1580188679245283,0.7978895936702706,0.7586004730041849,0.6136363636363636,0.9882065593206641,0.0,99.0,0.0,6552.161378483463,1638.1845095438114,0.0,haco_safemarl_pilot_no_shield,generalization,21272107,2
1.0,1.0,281.0,0.11387900355871886,0.845772859213974,0.7949315600619009,0.5,0.9837524788668063,0.0,0.0,0.0,6579.66104287096,1967.623990897955,346.0,haco_safemarl_pilot,generalization,21272107,2
0.0,0.0,300.0,0.011666666666666667,0.8867024383931543,0.8711103025102063,0.11666666666666667,0.9998606756649526,0.0,0.0,0.0,1565.4425397643422,602.8943840564513,412.0,mappo_no_acoustic_shield,generalization,21272107,2
1.0,1.0,284.0,0.5563380281690141,0.6900023219891968,0.5693755090359705,1.0,0.49999999968247666,0.0,0.0,0.04225352112676056,5023.95999999999,2496.0268282549105,0.0,fixed_auv_ga_pso_tlbo_proxy,generalization,21282114,2
1.0,1.0,217.0,0.8894009216589862,0.544471327415232,0.3229334351295687,1.0,0.49999999489051655,0.0,0.0,0.0,5021.380000000006,1868.3000000000054,0.0,independent_greedy,generalization,21282114,2
0.0,0.5,300.0,0.5766666666666667,0.7683634475619351,0.7117016265773518,1.0,0.49999999965124925,0.0,0.0,0.05333333333333334,7976.8777705533585,3322.896921449132,0.0,communication_aware,generalization,21282114,2
1.0,1.0,200.0,0.3225,0.7643912258935964,0.7030803138906601,0.55,0.9657952179238866,0.0,0.0,0.04,6182.034657313436,1475.753085050929,211.0,haco_safemarl_pilot_no_acoustic,generalization,21282114,2
1.0,1.0,215.0,0.5325581395348837,0.7143451529692196,0.6932747759816406,0.8181818181818182,0.9522698334978864,0.0,0.0,0.06976744186046512,6526.10565257842,1904.9544628541246,0.0,haco_safemarl_pilot_no_shield,generalization,21282114,2
1.0,1.0,201.0,0.29850746268656714,0.7864865329740801,0.7544651630376776,0.5,0.9646288204879675,0.0,0.0,0.03980099502487562,6214.955916132727,1626.8696207507721,211.0,haco_safemarl_pilot,generalization,21282114,2
0.0,0.0,300.0,0.5,0.7705238556376397,0.6343737745223103,0.5,0.49999999975,0.0,0.0,0.0,1405.343595662125,62.56462623997914,407.0,mappo_no_acoustic_shield,generalization,21282114,2
0.0,1.0,214.0,0.0,0.8653123673116367,0.8359715303870182,0.0,0.99999999975,0.0,56.0,0.11682242990654206,3785.66000000001,1901.8039658673551,0.0,fixed_auv_ga_pso_tlbo_proxy,generalization,21292121,2
0.0,1.0,164.0,0.18597560975609756,0.8189057396031301,0.7792472229706054,0.5,0.950393280555102,0.0,42.0,0.09146341463414634,3794.959999999994,1423.500000000002,0.0,independent_greedy,generalization,21292121,2
0.0,1.0,186.0,0.0,0.8651795077998063,0.8356813519443408,0.0,0.99999999975,0.0,48.0,0.13440860215053763,5068.5,1920.1238493838173,0.0,communication_aware,generalization,21292121,2
0.0,1.0,185.0,0.12972972972972974,0.8602645999240397,0.847915666055347,0.5,0.998613090551898,0.0,25.0,0.14054054054054055,5615.333134806343,1481.9602048035033,115.0,haco_safemarl_pilot_no_acoustic,generalization,21292121,2
0.0,1.0,159.0,0.018867924528301886,0.8674967913033869,0.8467218078916442,0.1875,0.9996303139733862,0.0,41.0,0.09433962264150944,4808.223013411947,1229.3488604100207,0.0,haco_safemarl_pilot_no_shield,generalization,21292121,2
0.0,1.0,184.0,0.043478260869565216,0.8614337980891527,0.8477144336875241,0.42105263157894735,0.9991935741280225,0.0,25.0,0.1358695652173913,5591.297640506788,1504.7802356902562,127.0,haco_safemarl_pilot,generalization,21292121,2
0.0,0.0,300.0,0.025,0.8699499030604504,0.8572370682408305,0.25,0.9993429695139703,0.0,0.0,0.13,1003.6261734376837,106.22205949249016,246.0,mappo_no_acoustic_shield,generalization,21292121,2
1.0,1.0,214.0,0.5,0.8044472615879636,0.7367330327589453,0.5,0.49999999975,0.0,0.0,0.0,3785.66000000001,1374.8550664481534,0.0,fixed_auv_ga_pso_tlbo_proxy,generalization,21302128,2
1.0,1.0,164.0,0.5,0.6458596563135555,0.4061417792092443,0.5,0.49999999975,0.0,0.0,0.0,3794.959999999994,1087.6999999999998,0.0,independent_greedy,generalization,21302128,2
1.0,1.0,186.0,0.5,0.8105276696509948,0.75874778591835,0.5,0.49999999975,0.0,0.0,0.0,5047.470889053681,1785.4306792873347,0.0,communication_aware,generalization,21302128,2
1.0,1.0,159.0,0.5,0.7600255623864259,0.6181695265822459,0.5,0.49999999975,0.0,0.0,0.0,4970.575027049974,1014.7237020118381,179.0,haco_safemarl_pilot_no_acoustic,generalization,21302128,2
1.0,1.0,159.0,0.5,0.7395040288508328,0.5901313851402603,0.5,0.49999999975,0.0,0.0,0.0,4900.638137852128,1123.2558993231964,0.0,haco_safemarl_pilot_no_shield,generalization,21302128,2
1.0,1.0,159.0,0.4937106918238994,0.7835625709004554,0.6704248141446387,0.5,0.5125766262021267,0.0,0.0,0.0,4934.23481918594,1082.3525390593074,178.0,haco_safemarl_pilot,generalization,21302128,2
0.0,0.5,300.0,0.44166666666666665,0.7411820910479001,0.727034247426199,0.5,0.9755811317714563,0.0,0.0,0.0,2519.03720681883,307.1711203317513,513.0,mappo_no_acoustic_shield,generalization,21302128,2
0.0,1.0,279.0,0.22043010752688172,0.8442489720161986,0.782773281496401,0.5,0.9259667044830139,0.0,40.0,0.08243727598566308,4935.509999999992,2317.4751196594657,0.0,fixed_auv_ga_pso_tlbo_proxy,generalization,21312135,2
0.0,1.0,213.0,0.6173708920187794,0.7338999187641073,0.7287058251167833,1.0,0.7544153548121112,0.0,30.0,0.13615023474178403,4928.820000000004,1660.3000000000045,0.0,independent_greedy,generalization,21312135,2
0.0,1.0,241.0,0.17219917012448133,0.8466982359435532,0.7881477375072096,0.5,0.9585224874726235,0.0,34.0,0.12033195020746888,6565.066934450413,2579.6875296878543,0.0,communication_aware,generalization,21312135,2
1.0,1.0,230.0,0.07173913043478261,0.8594665187442011,0.8212777498987076,0.5,0.9940627416470253,0.0,0.0,0.10434782608695652,6357.10080830315,1758.942730676449,211.0,haco_safemarl_pilot_no_acoustic,generalization,21312135,2
0.0,1.0,207.0,0.2246376811594203,0.8396891650963215,0.7861906345290564,0.5,0.9225624492834552,0.0,30.0,0.12077294685990338,6333.192155890747,1712.3857881906358,0.0,haco_safemarl_pilot_no_shield,generalization,21312135,2
1.0,1.0,230.0,0.058695652173913045,0.8601970901577548,0.8223372231404258,0.5,0.9961268313726895,0.0,0.0,0.11739130434782609,6345.172639898697,1737.9715973303973,217.0,haco_safemarl_pilot,generalization,21312135,2
0.0,0.0,300.0,0.01,0.8645763410597695,0.837731290402053,0.1,0.9998979797490568,0.0,0.0,0.0,1326.8016204047683,244.8692780551567,369.0,mappo_no_acoustic_shield,generalization,21312135,2
0.0,0.5,300.0,0.44666666666666666,0.6370783028905503,0.6291793822477881,1.0,0.9996734981863721,0.0,43.0,0.06333333333333334,5306.999999999984,2303.313762933456,0.0,fixed_auv_ga_pso_tlbo_proxy,generalization,21322142,2
0.0,1.0,259.0,0.5598455598455598,0.5512254092352927,0.4793917502022354,1.0,0.990775328458066,0.0,33.0,0.03088803088803089,5993.260000000019,2297.3000000000043,0.0,independent_greedy,generalization,21322142,2
0.0,0.0,300.0,0.5216666666666666,0.7392411327702748,0.7318254622487506,1.0,0.9996965787560661,0.0,0.0,0.06666666666666667,7868.693822425409,2953.402112773853,0.0,communication_aware,generalization,21322142,2
0.0,0.0,300.0,0.5383333333333333,0.6431744639192202,0.605715220392318,1.0,0.9876303245091168,0.0,0.0,0.08666666666666667,8625.183903424899,2975.605450466983,408.0,haco_safemarl_pilot_no_acoustic,generalization,21322142,2
0.0,0.0,300.0,0.5916666666666667,0.5720867513959391,0.5547393275944069,1.0,0.9991843378179149,0.0,39.0,0.06666666666666667,8921.89865969097,3080.8315695214883,0.0,haco_safemarl_pilot_no_shield,generalization,21322142,2
0.0,0.0,300.0,0.5183333333333333,0.74958316896726,0.7356794751281511,1.0,0.9925724325656418,0.0,0.0,0.08,8642.067435131867,3036.5246646597043,411.0,haco_safemarl_pilot,generalization,21322142,2
0.0,0.0,300.0,0.61,0.7519657315727486,0.7454284187122248,1.0,0.9816421640669095,0.0,0.0,0.03333333333333333,1170.9538566318051,429.8067023300486,615.0,mappo_no_acoustic_shield,generalization,21322142,2
1.0,1.0,283.0,0.6802120141342756,0.6950711719515522,0.5865417182918284,1.0,0.4999999993888389,0.0,0.0,0.0,5006.26999999999,2341.1436605379417,0.0,fixed_auv_ga_pso_tlbo_proxy,generalization,21332149,2
1.0,1.0,217.0,0.5852534562211982,0.533190995258652,0.22245544945468979,1.0,0.4999999996366589,0.0,0.0,0.0,5021.380000000006,1678.1000000000045,0.0,independent_greedy,generalization,21332149,2
0.0,0.5,300.0,0.73,0.7405970153448349,0.697726174423551,1.0,0.4999999991426612,0.0,41.0,0.0,7958.694082010432,2920.5378585028743,0.0,communication_aware,generalization,21332149,2
1.0,1.0,200.0,0.475,0.7106344769454921,0.6047513644528666,0.575,0.8787661399021472,0.0,0.0,0.0,5869.921463240448,1368.5459519445008,245.0,haco_safemarl_pilot_no_acoustic,generalization,21332149,2
1.0,1.0,216.0,0.5625,0.6956935813051794,0.6825453321645083,1.0,0.9704156466917765,0.0,0.0,0.0,6610.55363107792,1770.888358172749,0.0,haco_safemarl_pilot_no_shield,generalization,21332149,2
1.0,1.0,207.0,0.4975845410628019,0.7505178673633957,0.688426993723792,0.5,0.7690010658913805,0.0,0.0,0.0,5731.981197251594,1546.4428433072333,317.0,haco_safemarl_pilot,generalization,21332149,2
0.0,0.5,300.0,0.31833333333333336,0.7611742552657417,0.6256337415527269,0.5,0.8209626914052343,0.0,0.0,0.0,2661.9922878087477,438.0697564887021,460.0,mappo_no_acoustic_shield,generalization,21332149,2
0.0,0.0,300.0,0.6066666666666667,0.4987704686020608,0.49110297779653117,1.0,0.9997128071156276,0.0,0.0,0.0,5306.999999999984,2382.1078874256764,0.0,fixed_auv_ga_pso_tlbo_proxy,generalization,21342156,2
1.0,1.0,235.0,0.6170212765957447,0.48587114574384854,0.4801127525041215,1.0,0.9995064148816095,0.0,0.0,0.0,5437.9000000000115,2068.9,0.0,independent_greedy,generalization,21342156,2
0.0,0.0,300.0,0.66,0.6727294996839551,0.669405330359858,1.0,0.9999999978373701,0.0,0.0,0.0,7781.319124235937,2987.3842753187805,0.0,communication_aware,generalization,21342156,2
0.0,0.0,300.0,0.6416666666666667,0.5632389495811853,0.5563459394796086,1.0,0.9989410880860808,0.0,0.0,0.0,8814.330394014654,3185.8310883183776,448.0,haco_safemarl_pilot_no_acoustic,generalization,21342156,2
0.0,0.0,300.0,0.7066666666666667,0.4853617030771786,0.4814441030284549,1.0,0.9998708815368503,0.0,0.0,0.0,8815.678749141609,3183.2430599047275,0.0,haco_safemarl_pilot_no_shield,generalization,21342156,2
0.0,0.0,300.0,0.635,0.7101395629338917,0.7065755442250448,1.0,0.9994790128380544,0.0,0.0,0.0,8724.657222504595,3214.223327758858,447.0,haco_safemarl_pilot,generalization,21342156,2
0.0,0.0,300.0,0.5666666666666667,0.6785938923641323,0.5649918297295592,1.0,0.8528461839327294,0.0,0.0,0.0,1164.6960447833715,500.8787833161888,601.0,mappo_no_acoustic_shield,generalization,21342156,2
0.0,0.5,300.0,0.49333333333333335,0.7168965326712938,0.6599454494035297,1.0,0.9715727492909846,0.0,62.0,0.0,5306.999999999984,2280.0574643474397,0.0,fixed_auv_ga_pso_tlbo_proxy,generalization,21352163,2
0.0,1.0,261.0,0.8620689655172413,0.4837778596981332,0.46841011784795406,1.0,0.764150935723065,0.0,48.0,0.0,6039.54000000002,2094.900000000008,0.0,independent_greedy,generalization,21352163,2
0.0,0.5,300.0,0.5416666666666666,0.7638019077612418,0.732696286580516,1.0,0.9739214412407866,0.0,54.0,0.0,7913.783296294935,2740.4666239448193,0.0,communication_aware,generalization,21352163,2
0.0,0.5,300.0,0.11833333333333333,0.8385046310817555,0.8261423854837782,0.5,0.9928157348195475,0.0,0.0,0.0,5141.330851301717,1825.614532311752,619.0,haco_safemarl_pilot_no_acoustic,generalization,21352163,2
0.0,1.0,257.0,0.4377431906614786,0.6835176589292034,0.5439565300381352,1.0,0.9400225091492678,0.0,47.0,0.0,7883.234878142717,1920.6238692476709,0.0,haco_safemarl_pilot_no_shield,generalization,21352163,2
0.0,0.5,300.0,0.08333333333333333,0.8418896959697797,0.8323689392042186,0.5,0.9952491245440859,0.0,0.0,0.0,5195.49599435399,1842.3781670509472,624.0,haco_safemarl_pilot,generalization,21352163,2
0.0,0.0,300.0,0.043333333333333335,0.8623437528946185,0.8614393256477032,0.43333333333333335,0.9999514401260253,0.0,0.0,0.0,2256.4106310896077,906.7672493936187,672.0,mappo_no_acoustic_shield,generalization,21352163,2
0.0,0.5,300.0,0.5183333333333333,0.6019234069503608,0.5912661633515319,1.0,0.999413664114548,0.0,60.0,0.0,5306.999999999984,2508.549551169144,0.0,fixed_auv_ga_pso_tlbo_proxy,generalization,21362170,2
0.0,1.0,243.0,0.7921810699588477,0.5005976839664346,0.44858768726428766,1.0,0.6817938751330538,0.0,46.0,0.0,5623.020000000014,2104.300000000006,0.0,independent_greedy,generalization,21362170,2
0.0,0.0,300.0,0.5816666666666667,0.7244517976787102,0.7215127156237441,1.0,0.9998571641011404,0.0,85.0,0.0,7837.752658280426,2947.942215140525,0.0,communication_aware,generalization,21362170,2
0.0,0.0,300.0,0.5616666666666666,0.6752827999734271,0.6565074478047418,1.0,0.9936647020624937,0.0,0.0,0.0,8925.49241917893,3253.1360241703906,410.0,haco_safemarl_pilot_no_acoustic,generalization,21362170,2
0.0,1.0,273.0,0.5054945054945055,0.6308486563665625,0.5236791579819493,1.0,0.9558900651520832,0.0,101.0,0.0,8268.39200941423,2249.515717906147,0.0,haco_safemarl_pilot_no_shield,generalization,21362170,2
0.0,0.0,300.0,0.5516666666666666,0.7450825545416851,0.7414799009599599,1.0,0.9969002274581735,0.0,0.0,0.0,8826.91780881964,3093.316850709569,411.0,haco_safemarl_pilot,generalization,21362170,2
0.0,0.0,300.0,0.62,0.7691423793007558,0.7549310395681007,1.0,0.9950995388675544,0.0,0.0,0.0,3349.2440684189296,1314.8386598320722,536.0,mappo_no_acoustic_shield,generalization,21362170,2
0.0,0.0,300.0,0.4666666666666667,0.6399817591062277,0.6205589657977938,1.0,0.9980895932606724,0.0,56.0,0.08666666666666667,5306.999999999984,2112.6795898801274,0.0,fixed_auv_ga_pso_tlbo_proxy,generalization,21372177,2
0.0,1.0,245.0,0.8020408163265306,0.4493177688454813,0.31630953113967974,1.0,0.6901129498735492,0.0,46.0,0.0,5669.300000000015,1753.9000000000003,0.0,independent_greedy,generalization,21372177,2
0.0,0.0,300.0,0.5366666666666666,0.7445665895919227,0.7359963450781153,1.0,0.999534401319735,0.0,47.0,0.09,7868.935587470096,2792.5594749076654,0.0,communication_aware,generalization,21372177,2
0.0,0.0,300.0,0.4866666666666667,0.6923853229037722,0.675797531932798,1.0,0.9979381433850786,0.0,2.0,0.043333333333333335,8967.945395394854,2933.1398148384033,421.0,haco_safemarl_pilot_no_acoustic,generalization,21372177,2
0.0,0.0,300.0,0.615,0.5708862132746623,0.5488054896126577,1.0,0.9968428901603612,0.0,42.0,0.04,8939.773881493158,2945.783907498502,0.0,haco_safemarl_pilot_no_shield,generalization,21372177,2
0.0,0.0,300.0,0.4633333333333333,0.7632939789434534,0.7522059156016899,1.0,0.9998457079075589,0.0,2.0,0.04666666666666667,8908.246004724168,3040.4688585142517,420.0,haco_safemarl_pilot,generalization,21372177,2
0.0,0.0,300.0,0.4866666666666667,0.7489621315670872,0.7015552578240352,1.0,0.998484337215144,0.0,3.0,0.0,1560.8912233400843,215.5896887922379,580.0,mappo_no_acoustic_shield,generalization,21372177,2
0.0,1.0,206.0,0.0048543689320388345,0.8560696777505815,0.8240349252307935,0.047619047619047616,0.9999762049538679,0.0,227.0,0.0,3644.1400000000094,1905.071179654821,0.0,fixed_auv_ga_pso_tlbo_proxy,generalization,21382184,2
0.0,1.0,157.0,0.267515923566879,0.7955831999400964,0.7234176145841397,0.5,0.8823136963481862,0.0,174.0,0.14012738853503184,3632.979999999995,1540.1000000000026,0.0,independent_greedy,generalization,21382184,2
0.0,1.0,178.0,0.0028089887640449437,0.8562274340032179,0.8244745112284632,0.027777777777777776,0.9999920648780112,0.0,197.0,0.0,4850.5,2037.4093467343534,0.0,communication_aware,generalization,21382184,2
0.0,0.5,300.0,0.10166666666666667,0.858862207161889,0.8169577924872629,0.5,0.987353946449311,0.0,8.0,0.0033333333333333335,6731.301953433672,2307.668396172121,495.0,haco_safemarl_pilot_no_acoustic,generalization,21382184,2
0.0,1.0,153.0,0.03594771241830065,0.8573896763266247,0.8490899755008356,0.34375,0.9986115252177209,0.0,29.0,0.0,4583.142936567526,1347.4380258077242,0.0,haco_safemarl_pilot_no_shield,generalization,21382184,2
0.0,0.5,300.0,0.07833333333333334,0.8608484256356409,0.8215390697943874,0.5,0.9928283409107436,0.0,8.0,0.0,6785.866611530952,2321.855395190651,488.0,haco_safemarl_pilot,generalization,21382184,2
0.0,0.0,300.0,0.015,0.8769880571015756,0.8534895325191155,0.15,0.9997681485393971,0.0,8.0,0.0,872.9021218933226,173.9101238449377,255.0,mappo_no_acoustic_shield,generalization,21382184,2
0.0,0.5,300.0,0.5833333333333334,0.5633612455158773,0.5526151401324315,1.0,0.998977046066301,0.0,217.0,0.18333333333333332,5306.999999999984,2504.344682464564,0.0,fixed_auv_ga_pso_tlbo_proxy,generalization,21392191,2
0.0,0.5,300.0,0.9083333333333333,0.2824853819010795,0.21967667206745517,1.0,0.805807119732914,0.0,235.0,0.2733333333333333,6942.000000000033,2672.900000000012,0.0,independent_greedy,generalization,21392191,2
0.0,0.0,300.0,0.6416666666666667,0.7244575377255842,0.7226601950491144,1.0,0.9999783652057707,0.0,112.0,0.20333333333333334,7816.02603363468,2893.235848810287,0.0,communication_aware,generalization,21392191,2
0.0,0.0,300.0,0.47833333333333333,0.7002652309405936,0.6517245142872161,1.0,0.9741374158529149,0.0,0.0,0.25,8500.040296580188,2881.2112625260993,548.0,haco_safemarl_pilot_no_acoustic,generalization,21392191,2
0.0,0.5,300.0,0.5833333333333334,0.5854892815478053,0.44951380600812596,1.0,0.9112912620725502,0.06,106.0,0.19666666666666666,9062.197668513427,2395.043191779546,0.0,haco_safemarl_pilot_no_shield,generalization,21392191,2
0.0,0.0,300.0,0.455,0.7703612517187644,0.7582539164881691,1.0,0.9859751029162028,0.0,0.0,0.25333333333333335,8460.122605852142,3022.5579610192513,536.0,haco_safemarl_pilot,generalization,21392191,2
0.0,0.0,300.0,0.29833333333333334,0.812513695048836,0.7640635115586384,0.5,0.8469003541813389,0.0,20.0,0.14333333333333334,1646.4065653661066,454.6254019013311,653.0,mappo_no_acoustic_shield,generalization,21392191,2
0.0,1.0,291.0,0.3917525773195876,0.7637033557075144,0.7628247015319547,1.0,0.9999680810351239,0.0,90.0,0.07560137457044673,5147.789999999987,1825.5021698527394,0.0,fixed_auv_ga_pso_tlbo_proxy,generalization,21402198,2
0.0,1.0,223.0,0.7286995515695067,0.5151508079777903,0.27759526269686285,1.0,0.5520322740573104,0.0,69.0,0.08520179372197309,5160.2200000000075,1396.5000000000016,0.0,independent_greedy,generalization,21402198,2
0.0,0.5,300.0,0.4866666666666667,0.7806888480977335,0.7780343669220265,1.0,0.9999578352026376,0.01,117.0,0.06666666666666667,7963.7830277495905,2954.695077188773,0.0,communication_aware,generalization,21402198,2
0.0,0.5,300.0,0.44166666666666665,0.7637614005285431,0.7356603944398854,1.0,0.9166761955589429,0.0,15.0,0.05,9095.52601988723,2621.755004681466,469.0,haco_safemarl_pilot_no_acoustic,generalization,21402198,2
0.0,1.0,226.0,0.6128318584070797,0.7342810886119718,0.646374610371722,1.0,0.5293863435256884,0.035398230088495575,92.0,0.0752212389380531,6963.765104604743,1662.8551956686529,0.0,haco_safemarl_pilot_no_shield,generalization,21402198,2
0.0,0.0,300.0,0.405,0.7858758549768868,0.7545537344369665,1.0,0.9414862961901915,0.0,15.0,0.06333333333333334,9033.103150531939,2853.027498876193,478.0,haco_safemarl_pilot,generalization,21402198,2
0.0,0.0,300.0,0.28,0.7891984493921388,0.7540479378356356,0.5,0.9370179944351923,0.0,28.0,0.006666666666666667,2091.8556626283594,153.88214723195907,513.0,mappo_no_acoustic_shield,generalization,21402198,2
0.0,1.0,209.0,0.0,0.8881579753233871,0.867972105627386,0.0,0.99999999975,0.023923444976076555,87.0,0.22966507177033493,3697.2100000000096,1580.9416946119577,0.0,fixed_auv_ga_pso_tlbo_proxy,generalization,21412205,2
0.0,1.0,160.0,0.059375,0.8494768424178378,0.8368385965419355,0.5,0.9960313094973902,0.0,67.0,0.025,3702.3999999999946,1254.5000000000014,0.0,independent_greedy,generalization,21412205,2
0.0,1.0,182.0,0.0,0.887898490997133,0.8675372221400204,0.0,0.99999999975,0.07692307692307693,76.0,0.2692307692307692,4959.5,1733.846284495942,0.0,communication_aware,generalization,21412205,2
0.0,0.5,300.0,0.0,0.8900332832698321,0.8845850204253006,0.0,0.99999999975,0.0,0.0,0.10666666666666667,6089.188979783016,1982.8434014941822,385.0,haco_safemarl_pilot_no_acoustic,generalization,21412205,2
0.0,1.0,156.0,0.09935897435897435,0.8775334130798095,0.846940174647217,0.5,0.9879757760811367,0.0,14.0,0.21153846153846154,4782.8774952786225,1239.2709592535957,0.0,haco_safemarl_pilot_no_shield,generalization,21412205,2
0.0,0.5,300.0,0.0,0.8900321215370453,0.8845835532727311,0.0,0.99999999975,0.0,0.0,0.10666666666666667,6152.89083614064,2026.99460031938,385.0,haco_safemarl_pilot,generalization,21412205,2
0.0,0.0,300.0,0.0,0.8850299268622973,0.8723953856739917,0.0,0.99999999975,0.0,0.0,0.023333333333333334,1507.8804433531336,175.33597543389806,356.0,mappo_no_acoustic_shield,generalization,21412205,2
0.0,0.5,300.0,0.13,0.8593565227882617,0.8560074904632249,1.0,0.9999412840734139,0.0,167.0,0.0,5306.999999999984,1863.6510056386987,0.0,fixed_auv_ga_pso_tlbo_proxy,generalization,21422212,2
0.0,1.0,258.0,0.7112403100775194,0.6313055536101095,0.5075508708512847,1.0,0.5947227420415987,0.0,127.0,0.0,5970.120000000019,1831.3000000000036,0.0,independent_greedy,generalization,21422212,2
0.0,0.5,300.0,0.24833333333333332,0.8428664320137016,0.8414389195098153,1.0,0.9999950831850251,0.0,146.0,0.0,8057.289720857785,2929.8266057514247,0.0,communication_aware,generalization,21422212,2
1.0,1.0,286.0,0.07342657342657342,0.8416728634326479,0.8320277898640192,0.5,0.9943362828979373,0.0,0.0,0.0,6113.863221827048,1597.3574780494437,420.0,haco_safemarl_pilot_no_acoustic,generalization,21422212,2
0.0,1.0,253.0,0.17786561264822134,0.8016094216946171,0.7659915292237283,0.7115384615384616,0.9948262775432991,0.0,124.0,0.0,7825.8397903456325,1949.7474513384734,0.0,haco_safemarl_pilot_no_shield,generalization,21422212,2
1.0,1.0,289.0,0.06747404844290658,0.8450973313056858,0.8396769018045156,0.5,0.9947918447240943,0.0,0.0,0.0,6137.514561199592,1615.3760118346295,433.0,haco_safemarl_pilot,generalization,21422212,2
0.0,0.0,300.0,0.115,0.8625391346703215,0.8402114122175538,0.5,0.9833950652949354,0.0,0.0,0.0,2188.54933166221,829.1043610327381,469.0,mappo_no_acoustic_shield,generalization,21422212,2
0.0,1.0,260.0,0.2153846153846154,0.8269060378804309,0.8257406044360326,1.0,0.999903891953427,0.0,31.0,0.0,4599.4,2169.1913288814785,0.0,fixed_auv_ga_pso_tlbo_proxy,generalization,21432219,2
0.0,1.0,199.0,0.5954773869346733,0.7326443940030035,0.6900331446566941,1.0,0.790033525410359,0.0,24.0,0.0,4604.86,1708.3000000000038,0.0,independent_greedy,generalization,21432219,2
0.0,1.0,289.0,0.38581314878892736,0.8069063544104599,0.8051995515189693,1.0,0.9996113387098959,0.0,27.0,0.0,7743.691671292099,3062.736976905624,0.0,communication_aware,generalization,21432219,2
1.0,1.0,211.0,0.1990521327014218,0.8353520013659671,0.7741294706363724,0.5,0.9418301727788027,0.0,0.0,0.0,5481.452151325007,1443.0584021148693,282.0,haco_safemarl_pilot_no_acoustic,generalization,21432219,2
0.0,1.0,194.0,0.3015463917525773,0.7547811203247528,0.6152007381679833,0.5,0.8428899342164237,0.0,23.0,0.0,5913.131306819297,1365.1894051343695,0.0,haco_safemarl_pilot_no_shield,generalization,21432219,2
1.0,1.0,211.0,0.18246445497630331,0.83991694395982,0.7832595998076863,0.5,0.9525505382588113,0.0,0.0,0.0,5420.053740167774,1348.1969626492441,280.0,haco_safemarl_pilot,generalization,21432219,2
0.0,0.0,300.0,0.11333333333333333,0.8716511806233946,0.8370556238804634,0.5,0.9839247966662268,0.0,0.0,0.0,1354.2914316605418,305.9997114904369,289.0,mappo_no_acoustic_shield,generalization,21432219,2
0.0,0.5,300.0,0.0,0.8986439722091963,0.8985550412690251,0.0,0.99999999975,0.0,93.0,0.0,5306.999999999984,2048.875750792021,0.0,fixed_auv_ga_pso_tlbo_proxy,generalization,21442226,2
0.0,1.0,242.0,0.3243801652892562,0.7265027023383566,0.5674017368021343,0.76,0.8617052135509317,0.0,73.0,0.0,5599.880000000014,1744.500000000005,0.0,independent_greedy,generalization,21442226,2
0.0,1.0,274.0,0.0,0.8994054737563738,0.8993058261851749,0.0,0.99999999975,0.0,82.0,0.0,7466.5,2854.491488128433,0.0,communication_aware,generalization,21442226,2
0.0,1.0,262.0,0.07633587786259542,0.8746753960650088,0.8409017192354346,0.5,0.9932161994260127,0.0,34.0,0.0,7279.161580326833,1949.426475446956,166.0,haco_safemarl_pilot_no_acoustic,generalization,21442226,2
0.0,1.0,235.0,0.07021276595744681,0.8812301369285029,0.8531573216889151,0.5,0.9943298375755664,0.0,68.0,0.0,7211.164221281489,1902.3809313394815,0.0,haco_safemarl_pilot_no_shield,generalization,21442226,2
0.0,1.0,263.0,0.055133079847908745,0.8785181136836032,0.8491096629614583,0.5,0.9966068183621773,0.0,33.0,0.0,7105.804961317042,1846.0483317208545,173.0,haco_safemarl_pilot,generalization,21442226,2
0.0,0.0,300.0,0.6033333333333334,0.7110476003401995,0.6673440661691521,1.0,0.849948981506281,0.0,0.0,0.0,2241.634096424172,1133.6980148610755,1088.0,mappo_no_acoustic_shield,generalization,21442226,2
0.0,0.5,300.0,0.7983333333333333,0.47991160150763895,0.4081977856298417,1.0,0.5254073046979596,0.0,195.0,0.07,5306.999999999984,2043.6245971667913,0.0,fixed_auv_ga_pso_tlbo_proxy,generalization,21452233,2
0.0,0.5,300.0,0.9183333333333333,0.18536916433587605,0.16871119814903163,1.0,0.7405922064610428,0.0,148.0,0.03,6942.000000000033,2422.100000000009,0.0,independent_greedy,generalization,21452233,2
0.0,0.0,300.0,0.765,0.7078143818399399,0.6615529239535239,1.0,0.6173840116898155,0.0,228.0,0.06666666666666667,7795.00781654915,2877.044624597578,0.0,communication_aware,generalization,21452233,2
0.0,0.0,300.0,0.6216666666666667,0.6587226706490383,0.5884864185796684,1.0,0.9519490100558762,0.0,5.0,0.02,8987.971954276869,3066.0751950822487,542.0,haco_safemarl_pilot_no_acoustic,generalization,21452233,2
0.0,0.0,300.0,0.89,0.49598423856171003,0.46361356290423905,1.0,0.6353558843083388,0.0,265.0,0.023333333333333334,8879.699173979729,2896.576152436634,0.0,haco_safemarl_pilot_no_shield,generalization,21452233,2
0.0,0.0,300.0,0.6583333333333333,0.7291367872238843,0.7038731303197506,1.0,0.9980762815316849,0.0,5.0,0.02,8895.65319014339,2988.3259130876895,543.0,haco_safemarl_pilot,generalization,21452233,2
0.0,0.0,300.0,0.575,0.7231397969424905,0.6111789752025829,1.0,0.5666469138243702,0.0,5.0,0.07333333333333333,1695.9584768120803,305.1368393485264,592.0,mappo_no_acoustic_shield,generalization,21452233,2
0.0,1.0,287.0,0.7682926829268293,0.4061657734755912,0.4012766606622026,1.0,0.9985886822709297,0.0,50.0,0.0,5077.029999999989,2518.361794779824,0.0,fixed_auv_ga_pso_tlbo_proxy,generalization,21462240,2
0.0,1.0,220.0,0.6954545454545454,0.3752131771383718,0.09119485380986625,1.0,0.546772228183198,0.0,38.0,0.0,5090.800000000007,2089.7000000000085,0.0,independent_greedy,generalization,21462240,2
0.0,0.5,300.0,0.8066666666666666,0.6055743312887355,0.6051328119650948,1.0,0.9999999933115339,0.0,157.0,0.0,7703.924287335979,2917.1699262949996,0.0,communication_aware,generalization,21462240,2
0.0,0.0,300.0,0.7683333333333333,0.5835255816001177,0.5102254946796476,1.0,0.6634503104281804,0.0,0.0,0.0,8984.380208439183,3516.4845671070652,575.0,haco_safemarl_pilot_no_acoustic,generalization,21462240,2
0.0,1.0,230.0,0.5847826086956521,0.5773385119339828,0.3348211071043655,1.0,0.6472623392668788,0.0,132.0,0.0,6974.3832553319235,1674.1454559613164,0.0,haco_safemarl_pilot_no_shield,generalization,21462240,2
0.0,0.0,300.0,0.735,0.7018614856812944,0.668042028700153,1.0,0.8492106121454838,0.0,0.0,0.0,8982.203301525407,3428.6137589087525,552.0,haco_safemarl_pilot,generalization,21462240,2
0.0,0.0,300.0,0.465,0.7139265008803606,0.5939752920569779,0.85,0.6472018085657423,0.0,0.0,0.0,1369.419461799046,247.44068130901894,579.0,mappo_no_acoustic_shield,generalization,21462240,2
0.0,1.0,235.0,0.26170212765957446,0.8104065459811056,0.7935143441012247,1.0,0.9976055936710402,0.0,62.0,0.0,4157.15000000001,1810.1674572531745,0.0,fixed_auv_ga_pso_tlbo_proxy,generalization,21472247,2
0.0,1.0,180.0,0.525,0.6778225369059969,0.5084453742124986,1.0,0.609060611961392,0.0,55.0,0.0,4165.199999999993,1225.5000000000016,0.0,independent_greedy,generalization,21472247,2
0.0,0.5,300.0,0.49666666666666665,0.7724733722682954,0.7593992036758461,1.0,0.9984236098233334,0.0,53.0,0.0,7916.396367365225,2802.0486666594115,0.0,communication_aware,generalization,21472247,2
1.0,1.0,211.0,0.1943127962085308,0.786084904177916,0.6941990668631096,0.5,0.9450312281966438,0.0,0.0,0.0,4776.841136393115,1311.183204252182,271.0,haco_safemarl_pilot_no_acoustic,generalization,21472247,2
0.0,1.0,178.0,0.21067415730337077,0.7948429971477359,0.7346639451753965,1.0,0.9908520513063851,0.0,61.0,0.0,5499.133382140503,1288.3144958121604,0.0,haco_safemarl_pilot_no_shield,generalization,21472247,2
1.0,1.0,216.0,0.1527777777777778,0.789091132891923,0.7013234221492054,0.5,0.9685059861386819,0.0,0.0,0.0,4945.578353711242,1341.2161010462103,282.0,haco_safemarl_pilot,generalization,21472247,2
0.0,0.5,300.0,0.13,0.8497893934949663,0.8127941867445819,0.5,0.9781597308806669,0.0,0.0,0.0,2746.553720050628,1386.6531348021808,715.0,mappo_no_acoustic_shield,generalization,21472247,2
0.0,1.0,202.0,0.844059405940594,0.4452504739027125,0.33774029249966914,1.0,0.4999999974298312,0.0,128.0,0.0,3573.380000000009,1744.0422458327466,0.0,fixed_auv_ga_pso_tlbo_proxy,generalization,21482254,2
0.0,1.0,155.0,0.6967741935483871,0.42953844350083015,0.13384347585135772,1.0,0.4999999993202524,0.0,99.0,0.0,3586.6999999999953,1362.700000000002,0.0,independent_greedy,generalization,21482254,2
0.0,0.5,300.0,0.905,0.5466009617200762,0.493065443137121,1.0,0.49999999307479237,0.0,123.0,0.0,7647.618025985673,2917.811455734355,0.0,communication_aware,generalization,21482254,2
1.0,1.0,253.0,0.575098814229249,0.6043815157369505,0.3561087646057426,1.0,0.49999999965381825,0.0,0.0,0.0,7217.50952973763,2092.9526147767187,422.0,haco_safemarl_pilot_no_acoustic,generalization,21482254,2
0.0,1.0,199.0,0.8090452261306532,0.501084223847078,0.34358959814543355,1.0,0.49999999828596775,0.0,100.0,0.0,5902.4989364384555,1517.7955434885334,0.0,haco_safemarl_pilot_no_shield,generalization,21482254,2
0.0,0.0,300.0,0.79,0.6776271390525422,0.596948903621793,1.0,0.4999999985827664,0.0,0.0,0.0,8635.907117660927,3209.6790565758984,567.0,haco_safemarl_pilot,generalization,21482254,2
0.0,0.0,300.0,0.6383333333333333,0.7088153222741032,0.5996953431579143,1.0,0.5046295299160184,0.0,0.0,0.0,688.7326413981654,234.40486466647803,593.0,mappo_no_acoustic_shield,generalization,21482254,2
0.0,0.5,300.0,0.0,0.8600124712002135,0.8541400572269486,0.0,0.99999999975,0.06,30.0,0.14,5306.999999999984,2258.332840268611,0.0,fixed_auv_ga_pso_tlbo_proxy,generalization,21492261,2
0.0,1.0,242.0,0.3347107438016529,0.6928791194374012,0.5181984716101126,0.5,0.7980112058468172,0.0,22.0,0.0,5599.880000000014,1906.100000000006,0.0,independent_greedy,generalization,21492261,2
0.0,1.0,274.0,0.0,0.8600124031948952,0.8539091525481203,0.0,0.99999999975,0.032846715328467155,25.0,0.15693430656934307,7466.5,2723.305112430834,0.0,communication_aware,generalization,21492261,2
1.0,1.0,224.0,0.14732142857142858,0.8542480016314877,0.8339283801796041,0.5,0.9869065328721831,0.0,0.0,0.0,6979.157340616566,1846.8909933106831,145.0,haco_safemarl_pilot_no_acoustic,generalization,21492261,2
0.0,1.0,236.0,0.2309322033898305,0.8374147415751849,0.8344904849921879,0.5,0.9990825683854356,0.0,22.0,0.06779661016949153,7206.9856139351405,1929.1372275828214,0.0,haco_safemarl_pilot_no_shield,generalization,21492261,2
1.0,1.0,225.0,0.11333333333333333,0.8602280176501942,0.8469313942037069,0.5,0.9947451290888707,0.0,0.0,0.02666666666666667,7007.497434847,1905.4770724306572,140.0,haco_safemarl_pilot,generalization,21492261,2
0.0,0.0,300.0,0.20833333333333334,0.8450920621218625,0.8329699581357815,0.9666666666666667,0.9894704985876507,0.0,0.0,0.02666666666666667,1915.5134302476492,57.57621633668778,352.0,mappo_no_acoustic_shield,generalization,21492261,2
0.0,0.5,300.0,0.38166666666666665,0.693948469060075,0.6925057044714668,1.0,0.9999927341218573,0.0,19.0,0.0,5306.999999999984,2373.2978236028075,0.0,fixed_auv_ga_pso_tlbo_proxy,generalization,21502268,2
0.0,1.0,244.0,0.42827868852459017,0.6419304334318564,0.5937923978146014,1.0,0.990721648733822,0.0,15.0,0.0,5646.160000000014,2065.9000000000015,0.0,independent_greedy,generalization,21502268,2
0.0,0.0,300.0,0.465,0.7619576001525872,0.7594621114303518,1.0,0.999990294346003,0.0,17.0,0.0,7899.146251292503,2994.8981751093042,0.0,communication_aware,generalization,21502268,2
0.0,0.0,300.0,0.5,0.6746014470417453,0.6544137338565164,1.0,0.9964129125185203,0.0,11.0,0.0,8940.328524118691,3091.7305304875795,361.0,haco_safemarl_pilot_no_acoustic,generalization,21502268,2
0.0,0.0,300.0,0.5383333333333333,0.6055649847306922,0.5987323217385027,1.0,0.9996742829042047,0.0,14.0,0.0,8953.989655510599,3132.1875411058663,0.0,haco_safemarl_pilot_no_shield,generalization,21502268,2
0.0,0.0,300.0,0.485,0.7656275008514054,0.7607688431981926,1.0,0.9991523818052811,0.0,11.0,0.0,8870.791901412698,3142.798109490426,363.0,haco_safemarl_pilot,generalization,21502268,2
0.0,0.0,300.0,0.3416666666666667,0.7187848845836086,0.5876664324584069,1.0,0.8812482345139092,0.0,11.0,0.0,1496.4859819745361,110.66767513367603,422.0,mappo_no_acoustic_shield,generalization,21502268,2
0.0,0.5,300.0,0.43333333333333335,0.6573722884165984,0.5995267243450528,1.0,0.9863481221094594,0.0,236.0,0.0,5306.999999999984,2426.703824824889,0.0,fixed_auv_ga_pso_tlbo_proxy,generalization,21512275,2
0.0,1.0,237.0,0.5295358649789029,0.5982608056741727,0.4535860403226785,1.0,0.857248749385437,0.0,189.0,0.0,5484.180000000012,2023.700000000004,0.0,independent_greedy,generalization,21512275,2
0.0,0.0,300.0,0.515,0.7395874154372435,0.7044154062142749,1.0,0.9887788691414249,0.0,237.0,0.0,7877.997708552261,2930.9897575127216,0.0,communication_aware,generalization,21512275,2
0.0,0.0,300.0,0.29,0.8240045452878997,0.8115829654626252,1.0,0.9936703311061021,0.0,0.0,0.0,7857.509704996278,3116.530431079343,443.0,haco_safemarl_pilot_no_acoustic,generalization,21512275,2
0.0,0.5,300.0,0.5866666666666667,0.5818599187261722,0.5346289677860437,1.0,0.9874133045070127,0.0,252.0,0.0,8933.187874407135,3072.12639221425,0.0,haco_safemarl_pilot_no_shield,generalization,21512275,2
0.0,0.0,300.0,0.24166666666666667,0.8338540019650064,0.8231989969708833,1.0,0.9996088954932992,0.0,0.0,0.0,7839.060670580948,3081.6635791056974,447.0,haco_safemarl_pilot,generalization,21512275,2
0.0,0.0,300.0,0.17333333333333334,0.8218549261713736,0.789283159948818,0.5,0.9594259414774653,0.0,0.0,0.0,1561.4372590796054,547.6856245393406,572.0,mappo_no_acoustic_shield,generalization,21512275,2
1.0,1.0,242.0,0.8388429752066116,0.6220648463624743,0.59062748564339,1.0,0.49999999759352404,0.0,0.0,0.0,4280.980000000007,2045.710268146288,0.0,fixed_auv_ga_pso_tlbo_proxy,generalization,21522282,2
1.0,1.0,185.0,0.6918918918918919,0.5131178910691291,0.2740447479441834,1.0,0.49999999934162437,0.0,0.0,0.0,4280.899999999995,1671.700000000004,0.0,independent_greedy,generalization,21522282,2
0.0,0.5,300.0,0.94,0.695972454539189,0.6853257888979145,1.0,0.4999999826388895,0.0,0.0,0.0,7749.831239906533,3144.005333399381,0.0,communication_aware,generalization,21522282,2
1.0,1.0,182.0,0.5,0.5564422214355893,0.24077107858194735,0.5,0.49999999975,0.0,0.0,0.0,4286.535115769526,1064.632873952309,267.0,haco_safemarl_pilot_no_acoustic,generalization,21522282,2
0.0,1.0,181.0,0.5,0.5785338386459461,0.2956782944207962,0.5,0.49999999975,0.0,70.0,0.0,5505.696809754707,1225.8545224876361,0.0,haco_safemarl_pilot_no_shield,generalization,21522282,2
1.0,1.0,182.0,0.5,0.5764536399662828,0.2836261675542056,0.5,0.49999999975,0.0,0.0,0.0,4113.024926396558,904.1051798584849,273.0,haco_safemarl_pilot,generalization,21522282,2
0.0,0.0,300.0,0.385,0.7692778317758289,0.7649489251009284,1.0,0.9812556745484138,0.0,0.0,0.0,1613.5853038439188,391.328850331873,631.0,mappo_no_acoustic_shield,generalization,21522282,2
0.0,0.5,300.0,0.008333333333333333,0.8503747275707658,0.823008533402553,0.08333333333333333,0.9999293882502651,0.0,51.0,0.0,5306.999999999984,2133.228762305653,0.0,fixed_auv_ga_pso_tlbo_proxy,generalization,21532289,2
0.0,1.0,239.0,0.5815899581589958,0.5742021483950873,0.3295152348689569,1.0,0.6097560970300323,0.0,39.0,0.0,5530.460000000013,1417.900000000002,0.0,independent_greedy,generalization,21532289,2
0.0,1.0,271.0,0.0018450184501845018,0.8515485668703366,0.825530278000735,0.017857142857142856,0.9999965830715905,0.0,44.0,0.0,7384.75,2197.919620159137,0.0,communication_aware,generalization,21532289,2
0.0,1.0,238.0,0.3949579831932773,0.7569150852451143,0.6227339734189479,0.5,0.7012038411358802,0.0,48.0,0.0,6973.2764446612355,1861.5921997555597,234.0,haco_safemarl_pilot_no_acoustic,generalization,21532289,2
0.0,1.0,233.0,0.34334763948497854,0.8039675261778642,0.7168439502252715,0.5,0.7852997413311991,0.0,39.0,0.0,7220.345675570662,1758.8581676803026,0.0,haco_safemarl_pilot_no_shield,generalization,21532289,2
0.0,1.0,234.0,0.36324786324786323,0.7924547083064469,0.7005875983976979,0.5,0.7544688367318723,0.0,40.0,0.0,6956.613229344105,1757.2089778329462,229.0,haco_safemarl_pilot,generalization,21532289,2
0.0,0.0,300.0,0.285,0.7491564921372186,0.5959085408928371,0.5,0.8628998224057303,0.0,35.0,0.0033333333333333335,2284.7887764547313,98.97511732438875,331.0,mappo_no_acoustic_shield,generalization,21532289,2
0.0,0.5,300.0,0.335,0.7506715194398791,0.7157889517193291,1.0,0.9947451288441341,0.08333333333333333,0.0,0.19,5306.999999999984,1929.183722462228,0.0,fixed_auv_ga_pso_tlbo_proxy,generalization,21542296,2
1.0,1.0,241.0,0.8775933609958506,0.5254397488956808,0.4484618198499332,1.0,0.9664075357773693,0.0,0.0,0.0,5576.740000000013,1649.3000000000006,0.0,independent_greedy,generalization,21542296,2
0.0,0.0,300.0,0.425,0.7896700707694057,0.7673484995602138,1.0,0.9969761941121416,0.0,0.0,0.17666666666666667,7945.42101619061,2817.3158803130837,0.0,communication_aware,generalization,21542296,2
0.0,0.5,300.0,0.4116666666666667,0.7381790062522157,0.7305990358850143,1.0,0.9964734099185717,0.0,0.0,0.11,9053.357115825918,2787.3833199015985,366.0,haco_safemarl_pilot_no_acoustic,generalization,21542296,2
1.0,1.0,284.0,0.4665492957746479,0.6825692000359556,0.6584388287309652,1.0,0.9997277687933223,0.0,0.0,0.13732394366197184,8625.027998002439,2398.3106888624284,0.0,haco_safemarl_pilot_no_shield,generalization,21542296,2
0.0,0.0,300.0,0.395,0.7828088780149319,0.778320470530302,1.0,0.9966643968708888,0.0,0.0,0.11666666666666667,8994.504176489492,2910.4789887060365,359.0,haco_safemarl_pilot,generalization,21542296,2
0.0,0.0,300.0,0.44166666666666665,0.7549019753194938,0.6697037898317448,0.5,0.6151000271013484,0.0,0.0,0.0,1384.981790203239,70.60161856852584,526.0,mappo_no_acoustic_shield,generalization,21542296,2
0.0,1.0,295.0,0.4559322033898305,0.6303362260391394,0.6133580051441049,1.0,0.99882708665087,0.0,58.0,0.030508474576271188,5218.549999999986,2277.05440337477,0.0,fixed_auv_ga_pso_tlbo_proxy,generalization,21552303,2
0.0,1.0,226.0,0.4646017699115044,0.6229626358800223,0.5929678501397614,1.0,0.9956477379997672,0.0,45.0,0.0,5229.6400000000085,1997.1000000000008,0.0,independent_greedy,generalization,21552303,2
0.0,0.0,300.0,0.5383333333333333,0.7278628332229,0.7189735491046017,1.0,0.9993617951764495,0.0,136.0,0.04666666666666667,7852.372567205521,2905.6828665266803,0.0,communication_aware,generalization,21552303,2
0.0,0.0,300.0,0.5566666666666666,0.6643885308911246,0.6492576268090038,1.0,0.9990962992104115,0.0,4.0,0.0,8910.444730698942,3235.9192171002896,386.0,haco_safemarl_pilot_no_acoustic,generalization,21552303,2
0.0,0.0,300.0,0.6,0.5591262508803246,0.5547332300609944,1.0,0.9999305588154688,0.0,63.0,0.013333333333333334,8898.115537494901,3166.1177250892906,0.0,haco_safemarl_pilot_no_shield,generalization,21552303,2
0.0,0.0,300.0,0.5466666666666666,0.7546722144630783,0.7451993918619103,1.0,0.9995136437455252,0.0,4.0,0.0,8837.212076164067,3230.022352152438,386.0,haco_safemarl_pilot,generalization,21552303,2
0.0,0.0,300.0,0.43166666666666664,0.7079676999526486,0.5918927844753495,1.0,0.9440691719983257,0.0,3.0,0.0,811.478269354835,367.1375058298126,497.0,mappo_no_acoustic_shield,generalization,21552303,2
0.0,1.0,233.0,0.7725321888412017,0.4574792406508402,0.44486273686851,1.0,0.9943362784087146,0.0,9.0,0.0,4121.77000000001,1730.911018675182,0.0,fixed_auv_ga_pso_tlbo_proxy,generalization,21562310,2
0.0,1.0,178.0,0.8679775280898876,0.3730772983702308,0.3156666485405627,1.0,0.9782993662548992,0.0,7.0,0.0,4118.919999999993,1395.1000000000024,0.0,independent_greedy,generalization,21562310,2
0.0,0.0,300.0,0.8466666666666667,0.633557956815807,0.6205488151780489,1.0,0.995764695338962,0.0,7.0,0.03666666666666667,7690.621281041281,2911.2934049369774,0.0,communication_aware,generalization,21562310,2
0.0,1.0,263.0,0.6349809885931559,0.6015338422350182,0.48860983696264126,1.0,0.8645403363086446,0.0,5.0,0.0,5709.167867481151,1407.4838783907837,615.0,haco_safemarl_pilot_no_acoustic,generalization,21562310,2
0.0,1.0,239.0,0.7928870292887029,0.501462890507737,0.4149802614813026,1.0,0.9307692257201833,0.0,6.0,0.07112970711297072,7094.47975467979,1910.4256147018948,0.0,haco_safemarl_pilot_no_shield,generalization,21562310,2
0.0,0.0,300.0,0.7316666666666667,0.6791251064132212,0.6645635941654372,1.0,0.968574841672082,0.0,5.0,0.016666666666666666,6354.275754801806,2289.639446970672,731.0,haco_safemarl_pilot,generalization,21562310,2
0.0,0.0,300.0,0.6616666666666666,0.6907664787829285,0.5764158164621308,1.0,0.7314601145615497,0.0,5.0,0.12666666666666668,1222.3560149044126,243.48169444848597,581.0,mappo_no_acoustic_shield,generalization,21562310,2
1.0,1.0,127.0,0.5669291338582677,0.7209769701873869,0.7037718617719328,1.0,0.991803277377312,0.0,0.0,0.0,2246.630000000005,801.3582491581674,0.0,fixed_auv_ga_pso_tlbo_proxy,generalization,21572317,2
1.0,1.0,97.0,0.7731958762886598,0.6633076078726945,0.6301333622083033,1.0,0.9817444172224983,0.0,0.0,0.0,2244.580000000003,601.9000000000003,0.0,independent_greedy,generalization,21572317,2
1.0,1.0,245.0,0.8061224489795918,0.6802071735854868,0.6709289710227644,1.0,0.9945999493386752,0.0,0.0,0.0,6307.194846561145,2426.424084661016,0.0,communication_aware,generalization,21572317,2
1.0,1.0,153.0,0.46078431372549017,0.7465278009066753,0.7252033364504888,1.0,0.9996695298743753,0.0,0.0,0.0,4558.6659494110645,1323.1271710123647,250.0,haco_safemarl_pilot_no_acoustic,generalization,21572317,2
1.0,1.0,109.0,0.6330275229357798,0.710089379147169,0.6983358662230702,1.0,0.9993753885269241,0.0,0.0,0.0,3319.438397877049,941.8090331953758,0.0,haco_safemarl_pilot_no_shield,generalization,21572317,2
1.0,1.0,194.0,0.520618556701031,0.7383886674666318,0.7130762147653209,1.0,0.9971178222986071,0.0,0.0,0.0,5716.329398555109,1754.3695805981126,327.0,haco_safemarl_pilot,generalization,21572317,2
0.0,0.5,300.0,0.3883333333333333,0.6611114862859593,0.4543142463824904,0.5,0.7621863572292136,0.0,0.0,0.0,1911.9092140459757,258.1209057745298,371.0,mappo_no_acoustic_shield,generalization,21572317,2
1.0,1.0,200.0,0.5,0.7722557301999575,0.6711805867207494,0.5,0.49999999975,0.0,0.0,0.08,3538.000000000009,1674.275255981438,0.0,fixed_auv_ga_pso_tlbo_proxy,generalization,21582324,2
0.0,1.0,153.0,0.5849673202614379,0.7276911069127542,0.6724399123849782,1.0,0.650940349695784,0.0196078431372549,0.0,0.1111111111111111,3540.4199999999955,1214.5000000000005,0.0,independent_greedy,generalization,21582324,2
0.0,0.5,300.0,0.5,0.7920229760201054,0.7240084323672077,0.5,0.49999999975,0.0,0.0,0.06333333333333334,7962.787373192256,3326.5428380098388,0.0,communication_aware,generalization,21582324,2
1.0,1.0,166.0,0.21987951807228914,0.8144796151948056,0.7902145175463093,0.5,0.9337295728719988,0.0,0.0,0.08433734939759036,5048.709383805674,1246.104913845616,173.0,haco_safemarl_pilot_no_acoustic,generalization,21582324,2
1.0,1.0,151.0,0.26158940397350994,0.739706836041844,0.6475148456473263,0.5,0.9032111587672252,0.0,0.0,0.09271523178807947,4607.159165540849,1020.9439476115818,0.0,haco_safemarl_pilot_no_shield,generalization,21582324,2
1.0,1.0,166.0,0.18373493975903615,0.8177565746335665,0.7964503217074357,0.5,0.9576346325937072,0.0,0.0,0.08433734939759036,5045.920599186739,1254.6945917073695,168.0,haco_safemarl_pilot,generalization,21582324,2
0.0,0.0,300.0,0.445,0.7658502067080152,0.6581876090375279,0.5,0.6086849122573438,0.0,0.0,0.04666666666666667,1476.1206378705099,243.98024090735058,491.0,mappo_no_acoustic_shield,generalization,21582324,2
0.0,0.0,300.0,0.455,0.6286825210316028,0.6243872134640877,1.0,0.9999158382427908,0.0,196.0,0.0,5306.999999999984,2387.2593510045235,0.0,fixed_auv_ga_pso_tlbo_proxy,generalization,21592331,2
0.0,1.0,274.0,0.5620437956204379,0.513747617510239,0.4482285321198417,1.0,0.9702850199978926,0.0,212.0,0.0,6340.360000000024,2426.3000000000025,0.0,independent_greedy,generalization,21592331,2
0.0,0.0,300.0,0.5283333333333333,0.7310952428156157,0.7279686664296252,1.0,0.9998876365203889,0.0,249.0,0.0,7858.458741064248,2997.7226848745286,0.0,communication_aware,generalization,21592331,2
0.0,0.0,300.0,0.055,0.8689641116451984,0.8526642054718457,0.5,0.9966240720393327,0.0,0.0,0.0,5439.913523594004,2334.4098956646244,598.0,haco_safemarl_pilot_no_acoustic,generalization,21592331,2
0.0,0.0,300.0,0.5933333333333334,0.5635531700080979,0.5550912759486334,1.0,0.9997313257325393,0.0,137.0,0.0,8908.995111112188,3139.5680079216104,0.0,haco_safemarl_pilot_no_shield,generalization,21592331,2
0.0,0.0,300.0,0.02666666666666667,0.8713323967100914,0.8585547619025573,0.26666666666666666,0.9992499528585796,0.0,0.0,0.0,5395.239927613597,2290.0753840978914,596.0,haco_safemarl_pilot,generalization,21592331,2
0.0,0.0,300.0,0.5283333333333333,0.6318434624491647,0.5556864592637517,1.0,0.999687943555784,0.0,0.0,0.0,2569.6467556496473,1054.5016011637504,658.0,mappo_no_acoustic_shield,generalization,21592331,2
0.0,1.0,218.0,0.5642201834862385,0.6472662446908085,0.6448055170958547,1.0,0.9998892076357543,0.0,35.0,0.0,3856.42000000001,1765.5403479397469,0.0,fixed_auv_ga_pso_tlbo_proxy,generalization,21602338,2
0.0,1.0,167.0,0.7395209580838323,0.6080463042931912,0.5275705172190457,1.0,0.9237246734486507,0.0,28.0,0.041916167664670656,3864.3799999999937,1444.7000000000028,0.0,independent_greedy,generalization,21602338,2
0.0,0.5,300.0,0.7283333333333334,0.66292970199028,0.6592603339905501,1.0,0.999661370683666,0.023333333333333334,42.0,0.1,7761.220669890206,2901.4467268345206,0.0,communication_aware,generalization,21602338,2
1.0,1.0,236.0,0.4639830508474576,0.7146171987801034,0.6680180658262068,1.0,0.9812214480999154,0.0,0.0,0.0,7032.257465658305,2294.3397570651637,328.0,haco_safemarl_pilot_no_acoustic,generalization,21602338,2
0.0,1.0,169.0,0.42011834319526625,0.6834102700034688,0.5404561142090759,1.0,0.9194830055945103,0.0,64.0,0.0,5172.148624183475,1222.2523657028116,0.0,haco_safemarl_pilot_no_shield,generalization,21602338,2
0.0,0.0,300.0,0.5833333333333334,0.7163640231522268,0.7089398387899482,1.0,0.9977012947801365,0.006666666666666667,0.0,0.09,8440.208712604002,3213.5270108514374,515.0,haco_safemarl_pilot,generalization,21602338,2
0.0,0.0,300.0,0.14166666666666666,0.8585461194556725,0.8154848103085125,0.5,0.9734813724073655,0.0,0.0,0.06666666666666667,1074.1954159681472,111.04558501954257,265.0,mappo_no_acoustic_shield,generalization,21602338,2
1.0,1.0,267.0,0.40636704119850187,0.6979870407971369,0.6848298249016271,1.0,0.9995126213844094,0.0,0.0,0.20973782771535582,4723.229999999997,2196.7539244530863,0.0,fixed_auv_ga_pso_tlbo_proxy,generalization,21612345,2
1.0,1.0,204.0,0.4068627450980392,0.6826385874976321,0.5881086279429222,1.0,0.9558660305578879,0.0,0.0,0.23039215686274508,4720.560000000001,1849.3000000000036,0.0,independent_greedy,generalization,21612345,2
0.0,0.5,300.0,0.5466666666666666,0.7255410172304148,0.717157870786046,1.0,0.9999459359626545,0.01,0.0,0.18666666666666668,7849.653768878608,2979.3709978623265,0.0,communication_aware,generalization,21612345,2
0.0,1.0,261.0,0.43486590038314177,0.7146042616554014,0.6284877951673005,1.0,0.9563817387393709,0.07662835249042145,0.0,0.21839080459770116,6923.462075531337,1965.9357361233538,367.0,haco_safemarl_pilot_no_acoustic,generalization,21612345,2
0.0,1.0,213.0,0.37089201877934275,0.7256760952100388,0.6324438721911886,1.0,0.9713822011891987,0.11737089201877934,0.0,0.26291079812206575,6518.230334320744,1777.0287243767577,0.0,haco_safemarl_pilot_no_shield,generalization,21612345,2
0.0,0.0,300.0,0.55,0.7393425478965899,0.7240044370300184,1.0,0.9934045556332933,0.06666666666666667,0.0,0.18666666666666668,7867.862099234536,2775.95909592834,475.0,haco_safemarl_pilot,generalization,21612345,2
0.0,0.0,300.0,0.23833333333333334,0.8172163141315548,0.7838447314091298,0.5,0.9108191084005368,0.013333333333333334,0.0,0.05333333333333334,785.6824837308499,106.11814194571345,484.0,mappo_no_acoustic_shield,generalization,21612345,2
0.0,0.5,300.0,0.36,0.7730333501252413,0.7663422263140582,1.0,0.9997559183550426,0.0,113.0,0.11,5306.999999999984,1790.2535317906638,0.0,fixed_auv_ga_pso_tlbo_proxy,generalization,21622352,2
0.0,1.0,262.0,0.8568702290076335,0.45772752149640006,0.2623302433695996,1.0,0.7008472404549018,0.0,86.0,0.0,6062.68000000002,1770.3000000000027,0.0,independent_greedy,generalization,21622352,2
0.0,0.0,300.0,0.43666666666666665,0.806171149287425,0.7998843412664666,1.0,0.9998599677053437,0.04,98.0,0.11,7975.643027917841,2600.1355533101223,0.0,communication_aware,generalization,21622352,2
0.0,0.5,300.0,0.18666666666666668,0.8311535537760273,0.8059903135726209,0.6666666666666666,0.9851082132807443,0.0,0.0,0.05,7158.999502510299,2199.942262883363,516.0,haco_safemarl_pilot_no_acoustic,generalization,21622352,2
0.0,1.0,274.0,0.6222627737226277,0.7124218242304977,0.7041984479576237,1.0,0.8380402882277194,0.0,80.0,0.07664233576642336,8393.196313164675,2170.8290932813065,0.0,haco_safemarl_pilot_no_shield,generalization,21622352,2
0.0,0.0,300.0,0.13333333333333333,0.8352589819500208,0.813087514539443,0.6,0.9915512787152386,0.0,0.0,0.056666666666666664,7860.68639101678,2461.4919139126077,493.0,haco_safemarl_pilot,generalization,21622352,2
0.0,0.0,300.0,0.0,0.8794499792354675,0.8729631137726986,0.0,0.99999999975,0.0,0.0,0.11333333333333333,2272.807178862265,647.2521512356602,429.0,mappo_no_acoustic_shield,generalization,21622352,2
0.0,0.5,300.0,0.9216666666666666,0.5692094565784924,0.4966259763564504,1.0,0.49999998981439586,0.0,0.0,0.06666666666666667,5306.999999999984,2268.028492319741,0.0,fixed_auv_ga_pso_tlbo_proxy,generalization,21632359,2
1.0,1.0,282.0,0.9840425531914894,0.33119017282989777,0.32899848163582107,1.0,0.4999997545556761,0.0,0.0,0.1099290780141844,6525.480000000027,2324.5000000000086,0.0,independent_greedy,generalization,21632359,2
0.0,0.0,300.0,0.745,0.7441142024134543,0.7163491614625837,1.0,0.49999999903883124,0.0,0.0,0.07666666666666666,7833.281238591785,2955.268762060406,0.0,communication_aware,generalization,21632359,2
1.0,1.0,283.0,0.46113074204946997,0.707998773643139,0.6342727165817205,0.5689655172413793,0.9400832702539532,0.0,0.0,0.0035335689045936395,8178.244128222265,1989.3504438995853,552.0,haco_safemarl_pilot_no_acoustic,generalization,21632359,2
1.0,1.0,284.0,0.7517605633802817,0.5835654690285211,0.43151304230865306,1.0,0.5599335310887738,0.0,0.0,0.0,8629.105029853556,2166.2389984143824,0.0,haco_safemarl_pilot_no_shield,generalization,21632359,2
0.0,0.0,300.0,0.525,0.7553772478735894,0.7452407879406054,1.0,0.9972375679588534,0.0,0.0,0.06,7193.304269001264,2411.547289758138,687.0,haco_safemarl_pilot,generalization,21632359,2
0.0,0.0,300.0,0.38333333333333336,0.7188743501553351,0.598481021365711,1.0,0.8490659649432141,0.0,0.0,0.0,2095.7578311082643,199.09578773079718,530.0,mappo_no_acoustic_shield,generalization,21632359,2
0.0,1.0,249.0,0.09236947791164658,0.8412722511120067,0.7996369265152591,0.5,0.9897490550268121,0.05622489959839357,63.0,0.14056224899598393,4404.810000000004,1705.4876980573176,0.0,fixed_auv_ga_pso_tlbo_proxy,generalization,21642366,2
0.0,1.0,190.0,0.42105263157894735,0.7390299084263952,0.6964564784810839,1.0,0.9792813201005169,0.0,48.0,0.1631578947368421,4396.599999999997,1334.7000000000019,0.0,independent_greedy,generalization,21642366,2
0.0,1.0,215.0,0.06511627906976744,0.8419846768559623,0.8015667376202946,0.5,0.9951720567652669,0.04186046511627907,55.0,0.14883720930232558,5857.880661018714,2185.3583700651934,0.0,communication_aware,generalization,21642366,2
0.0,1.0,180.0,0.041666666666666664,0.8488464860312149,0.8290893803805037,0.4166666666666667,0.9981132072759843,0.0,13.0,0.25555555555555554,5271.793452943877,1405.5310239590215,181.0,haco_safemarl_pilot_no_acoustic,generalization,21642366,2
0.0,1.0,185.0,0.17567567567567569,0.8221355824197691,0.7816778671804387,0.5,0.9590799427508453,0.0,49.0,0.21081081081081082,5668.005718721917,1530.4736429887096,0.0,haco_safemarl_pilot_no_shield,generalization,21642366,2
0.0,1.0,181.0,0.04143646408839779,0.8487303507381118,0.8283659161170602,0.39473684210526316,0.9981348539159783,0.0,13.0,0.22099447513812154,5292.308446178245,1431.5283201761365,176.0,haco_safemarl_pilot,generalization,21642366,2
0.0,0.5,300.0,0.18666666666666668,0.8271186286332012,0.7511331091153786,0.5,0.9499617050457279,0.0,14.0,0.21,2002.1237614519302,115.22517599629981,479.0,mappo_no_acoustic_shield,generalization,21642366,2
1.0,1.0,269.0,0.0,0.8979023081468327,0.8865390292076984,0.0,0.99999999975,0.0,0.0,0.0,4758.609999999996,2599.020685171731,0.0,fixed_auv_ga_pso_tlbo_proxy,generalization,21652373,2
1.0,1.0,206.0,0.21844660194174756,0.810822757192939,0.7204520264053771,0.5,0.9275388245244306,0.0,0.0,0.0,4766.840000000002,2090.500000000007,0.0,independent_greedy,generalization,21652373,2
1.0,1.0,233.0,0.0,0.8979138002561139,0.8865589220722953,0.0,0.99999999975,0.0,0.0,0.0,6349.25,2817.8808537785426,0.0,communication_aware,generalization,21652373,2
1.0,1.0,200.0,0.005,0.8930883484862278,0.8737767012732439,0.05,0.9999747484975571,0.0,0.0,0.0,4965.433888787923,1433.8742512445947,94.0,haco_safemarl_pilot_no_acoustic,generalization,21652373,2
1.0,1.0,200.0,0.0,0.8925333398405766,0.8727532346880732,0.0,0.99999999975,0.0,0.0,0.0,5978.3446555637065,1679.4791759298143,0.0,haco_safemarl_pilot_no_shield,generalization,21652373,2
1.0,1.0,200.0,0.0,0.8934041241728099,0.874468456401881,0.0,0.99999999975,0.0,0.0,0.0,4994.4379017126175,1496.0359967442266,92.0,haco_safemarl_pilot,generalization,21652373,2
1.0,1.0,207.0,0.13526570048309178,0.8466625718841142,0.8315819093394548,0.5,0.9761157651041464,0.0,0.0,0.0,1229.631604510734,161.1224193411951,252.0,mappo_no_acoustic_shield,generalization,21652373,2
0.0,0.8333333333333334,300.0,0.6983333333333334,0.5548575973895866,0.3238623311500558,1.0,0.7433180558280803,0.03,0.0,0.08666666666666667,6320.999999999983,4391.209059732244,0.0,fixed_auv_ga_pso_tlbo_proxy,generalization,21162780,6
0.0,1.0,263.0,0.747148288973384,0.508798695758439,0.32138758436941317,1.0,0.7447581887729614,0.034220532319391636,0.0,0.09505703422053231,7605.9600000000155,4970.4999999999945,0.0,independent_greedy,generalization,21162780,6
0.0,0.8333333333333334,300.0,0.7372222222222222,0.6416427574074034,0.5141788849197636,1.0,0.7408294092455093,0.03,0.0,0.08333333333333333,8253.513923291364,3273.078816545509,0.0,communication_aware,generalization,21162780,6
0.0,0.8333333333333334,300.0,0.535,0.6764890801152129,0.5277842605751644,0.8333333333333331,0.8274912651579884,0.02666666666666667,0.0,0.09666666666666666,9846.723425561055,2291.937400486799,1252.0,haco_safemarl_pilot_no_acoustic,generalization,21162780,6
0.0,1.0,263.0,0.6166032953105197,0.5775060574623974,0.402973454363119,0.9197530864197532,0.7627904552406766,0.034220532319391636,0.0,0.07984790874524715,8867.054956038208,1931.7929886702752,0.0,haco_safemarl_pilot_no_shield,generalization,21162780,6
0.0,0.5,300.0,0.5222222222222221,0.7508503549812756,0.6863590230783225,0.8333333333333331,0.801796996543728,0.03,0.0,0.09,9025.49616207068,2978.677742293717,1193.0,haco_safemarl_pilot,generalization,21162780,6
0.0,0.0,300.0,0.36277777777777775,0.7953882794250628,0.6751045315053275,0.5,0.7980730150090649,0.0,0.0,0.17666666666666667,1166.459592438964,145.74976375916998,1022.0,mappo_no_acoustic_shield,generalization,21162780,6
0.0,0.8333333333333334,300.0,0.5938888888888888,0.5701848024410967,0.3320440549923381,0.8333333333333331,0.6683840285833144,0.0,212.0,0.08333333333333333,6320.999999999983,3792.6402702136543,0.0,fixed_auv_ga_pso_tlbo_proxy,generalization,21172787,6
0.0,1.0,239.0,0.6283124128312413,0.5484778171596851,0.2694542199788466,0.8333333333333334,0.6822797334203385,0.0,172.0,0.0,6911.880000000014,3657.4999999999973,0.0,independent_greedy,generalization,21172787,6
0.0,0.3333333333333333,300.0,0.6194444444444444,0.7112298062796618,0.5979742246061612,0.8333333333333331,0.6246688445623687,0.0,114.0,0.08333333333333333,8465.01340997125,3651.837774664599,0.0,communication_aware,generalization,21172787,6
0.0,0.5,300.0,0.43555555555555553,0.7249636205333182,0.5465061292442464,0.6666666666666669,0.7818486437151275,0.0,0.0,0.0,9612.372298087632,3529.39826773564,1047.0,haco_safemarl_pilot_no_acoustic,generalization,21172787,6
0.0,0.6666666666666666,300.0,0.5266666666666666,0.6505720765976345,0.4270552269755549,0.8333333333333331,0.700390186232874,0.0,109.0,0.0033333333333333335,9618.54979528274,3001.623789618258,0.0,haco_safemarl_pilot_no_shield,generalization,21172787,6
0.0,0.3333333333333333,300.0,0.3944444444444444,0.7819081184610822,0.6813027592599802,0.6666666666666669,0.827137287611778,0.0,0.0,0.0,9408.018947065428,3544.0673441136473,1044.0,haco_safemarl_pilot,generalization,21172787,6
0.0,0.16666666666666666,300.0,0.2672222222222222,0.7779523718871337,0.6143796687730355,0.5,0.8509194615989002,0.0,4.0,0.0,1985.6467886326343,1034.5098338297403,1247.0,mappo_no_acoustic_shield,generalization,21172787,6
0.0,1.0,277.0,0.4867629362214199,0.6312983879453489,0.19092871777868967,0.6666666666666669,0.6480042676825488,0.0,51.0,0.0,5836.389999999989,3624.6964449281777,0.0,fixed_auv_ga_pso_tlbo_proxy,generalization,21182794,6
0.0,1.0,212.0,0.4685534591194968,0.6187566832359654,0.23824813231236885,0.6666666666666665,0.6663983433517795,0.0,39.0,0.0,6131.040000000012,3300.0999999999995,0.0,independent_greedy,generalization,21182794,6
0.0,0.6666666666666666,300.0,0.5016666666666667,0.7185050616502062,0.4748158491284043,0.6666666666666669,0.6274664395331627,0.0,165.0,0.0,8785.295939564654,4437.036337033906,0.0,communication_aware,generalization,21182794,6
0.0,0.6666666666666666,300.0,0.39888888888888885,0.693564352367877,0.3303813794638355,0.5,0.6827605190544724,0.0,0.0,0.0,9650.122686461784,3278.883718115967,820.0,haco_safemarl_pilot_no_acoustic,generalization,21182794,6
0.0,0.8333333333333334,300.0,0.5083333333333333,0.6500704541959608,0.3975848691904231,0.7166666666666665,0.6247158478649913,0.0,74.0,0.0,9607.01969396332,2740.435338990194,0.0,haco_safemarl_pilot_no_shield,generalization,21182794,6
0.0,0.5,300.0,0.40277777777777773,0.7866082999923326,0.6005923278504467,0.5,0.67703701356685,0.0,0.0,0.0,9393.66870009136,3587.573749571103,823.0,haco_safemarl_pilot,generalization,21182794,6
0.0,0.0,300.0,0.26,0.7610886475921796,0.2840856943008921,0.3333333333333334,0.7841735394421422,0.0,0.0,0.0,1579.1553682803187,737.8848805114981,871.0,mappo_no_acoustic_shield,generalization,21182794,6
0.0,0.8333333333333334,300.0,0.4922222222222221,0.6538279748300895,0.4070611018702448,0.8333333333333331,0.7500709310948661,0.0,402.0,0.0,6320.999999999983,2695.188714904843,0.0,fixed_auv_ga_pso_tlbo_proxy,generalization,21192801,6
0.0,1.0,242.0,0.6177685950413223,0.5555343072807658,0.1923710671651806,0.8333333333333333,0.5674344831547695,0.0,319.0,0.0,6998.640000000014,2526.699999999998,0.0,independent_greedy,generalization,21192801,6
0.0,0.16666666666666666,300.0,0.5411111111111111,0.7292762011225635,0.5442868838660784,0.8333333333333331,0.7211884435978592,0.0,487.0,0.0,8633.78803053641,3362.3735495221968,0.0,communication_aware,generalization,21192801,6
0.0,0.3333333333333333,300.0,0.39166666666666666,0.7011946488880034,0.44387261654398874,0.5611111111111111,0.7306218625863864,0.0,0.0,0.0,5482.798207977691,2082.931396523977,1633.0,haco_safemarl_pilot_no_acoustic,generalization,21192801,6
0.0,0.6666666666666666,300.0,0.5766666666666667,0.630466528544137,0.37412012118869703,0.8333333333333331,0.5958843377691543,0.0,393.0,0.0,9878.302882841548,2865.6073607410353,0.0,haco_safemarl_pilot_no_shield,generalization,21192801,6
0.0,0.16666666666666666,300.0,0.38333333333333336,0.7836327181335992,0.6460518367538802,0.5833333333333334,0.750581165799455,0.0,0.0,0.0,5187.963068528379,2427.4839478601793,1610.0,haco_safemarl_pilot,generalization,21192801,6
0.0,0.0,300.0,0.33222222222222225,0.7376378016980275,0.2902329291788507,0.5,0.8154000008615709,0.0,94.0,0.0,3377.5396151365044,1525.793427646929,1698.0,mappo_no_acoustic_shield,generalization,21192801,6
0.0,1.0,282.0,0.6684397163120568,0.5126987534588304,0.2684826176172924,1.0,0.8759915828318708,0.0,276.0,0.0,5941.739999999988,2966.574700599334,0.0,fixed_auv_ga_pso_tlbo_proxy,generalization,21202808,6
0.0,1.0,216.0,0.6983024691358025,0.4956558237345121,0.18305008476503626,1.0,0.7635879607039169,0.0,209.0,0.0,6246.720000000012,2541.500000000002,0.0,independent_greedy,generalization,21202808,6
0.0,0.0,300.0,0.7461111111111111,0.6357903053196301,0.4618099924508466,1.0,0.8845560888769874,0.0,260.0,0.0,8233.773356985883,2978.7897963718206,0.0,communication_aware,generalization,21202808,6
0.0,0.5,300.0,0.44388888888888883,0.7132729230367355,0.553895597153398,0.8333333333333331,0.8541203165553662,0.0,18.0,0.0,9368.294477913325,3661.0797797809364,1513.0,haco_safemarl_pilot_no_acoustic,generalization,21202808,6
0.0,0.6666666666666666,300.0,0.7805555555555556,0.44660271731786505,0.3777046373040901,1.0,0.8928469237175609,0.0,287.0,0.0,9829.06021756717,2646.107689181876,0.0,haco_safemarl_pilot_no_shield,generalization,21202808,6
0.0,0.16666666666666666,300.0,0.46777777777777774,0.7605863105005746,0.6978780112225119,0.8333333333333331,0.81183280783004,0.0,7.0,0.0,9629.856898301266,3841.1328417363156,1439.0,haco_safemarl_pilot,generalization,21202808,6
0.0,0.0,300.0,0.5022222222222222,0.7471959102248703,0.6759126822053816,1.0,0.9523185908555172,0.0,15.0,0.0,2692.233839030612,1684.3523739851626,1510.0,mappo_no_acoustic_shield,generalization,21202808,6
0.0,0.8333333333333334,300.0,0.5394444444444444,0.5655227353813939,0.27839778165025686,0.9111111111111112,0.6961277670110106,0.0,67.0,0.0,6320.999999999983,3416.4722353365905,0.0,fixed_auv_ga_pso_tlbo_proxy,generalization,21212815,6
0.0,1.0,250.0,0.766,0.47846806128930264,0.2149134699111481,1.0,0.5315841249504923,0.0,67.0,0.0,7230.000000000015,3409.8999999999955,0.0,independent_greedy,generalization,21212815,6
0.0,0.3333333333333333,300.0,0.5866666666666666,0.7126955838487852,0.6212196491741009,0.8333333333333331,0.6405421167439102,0.0,106.0,0.0,8502.91085219405,3631.778579515639,0.0,communication_aware,generalization,21212815,6
0.0,0.5,300.0,0.5105555555555555,0.6977951796813668,0.4816827311329923,0.8333333333333331,0.707787328434837,0.0,0.0,0.0,9793.410658750214,3107.5708666096157,1140.0,haco_safemarl_pilot_no_acoustic,generalization,21212815,6
0.0,0.5,300.0,0.6322222222222221,0.5944093385784189,0.32078337451619227,0.8333333333333331,0.5593471279217387,0.0,62.0,0.0,9640.992785640838,3060.7318292464774,0.0,haco_safemarl_pilot_no_shield,generalization,21212815,6
0.0,0.3333333333333333,300.0,0.5355555555555555,0.7513578870878695,0.669251778717384,0.8333333333333331,0.7109017079803917,0.0,0.0,0.0,9432.028906500418,3287.3947384059597,1176.0,haco_safemarl_pilot,generalization,21212815,6
0.0,0.0,300.0,0.2577777777777778,0.7910404130978373,0.565559575982595,0.5,0.86551490708246,0.0,0.0,0.0,1600.9499208942343,645.5687999992684,975.0,mappo_no_acoustic_shield,generalization,21212815,6
0.0,0.8333333333333334,300.0,0.47277777777777774,0.6636953447894579,0.492153329836698,0.8333333333333331,0.7944708208539074,0.0,167.0,0.06333333333333334,6320.999999999983,3635.348659108155,0.0,fixed_auv_ga_pso_tlbo_proxy,generalization,21222822,6
0.0,1.0,288.0,0.6458333333333333,0.571906652008355,0.390631102569846,0.8333333333333331,0.512033072435665,0.0,185.0,0.03819444444444445,8328.960000000017,4715.699999999988,0.0,independent_greedy,generalization,21222822,6
0.0,0.3333333333333333,300.0,0.5222222222222221,0.7464701231863171,0.6936028834325605,0.8333333333333331,0.7596767367299276,0.0,106.0,0.056666666666666664,8650.691470038582,3681.364742697921,0.0,communication_aware,generalization,21222822,6
0.0,0.5,300.0,0.305,0.7770604373292997,0.6492494328902624,0.5,0.920271600446655,0.0,2.0,0.08,8338.747972079964,2985.6523053192964,1007.0,haco_safemarl_pilot_no_acoustic,generalization,21222822,6
0.0,0.5,300.0,0.4294444444444444,0.6952924832505043,0.4897240554429328,0.6666666666666669,0.8478133655534523,0.0,169.0,0.04666666666666667,9756.737431760845,3167.895409034082,0.0,haco_safemarl_pilot_no_shield,generalization,21222822,6
0.0,0.5,300.0,0.2994444444444444,0.8062204522093299,0.728868822180869,0.5944444444444444,0.9303556027814157,0.0,0.0,0.08,8065.315689332061,2845.3870211527037,1051.0,haco_safemarl_pilot,generalization,21222822,6
0.0,0.16666666666666666,300.0,0.13388888888888886,0.824667623888622,0.7301749944002762,0.3333333333333334,0.9622336664114673,0.0,0.0,0.013333333333333334,2569.1785748955294,1434.3435641121769,1559.0,mappo_no_acoustic_shield,generalization,21222822,6
0.0,1.0,271.0,0.47662976629766285,0.6054275999887017,0.3308510589735163,0.6666666666666669,0.6509168728998891,0.0,62.0,0.07749077490774908,5709.969999999991,3092.179782650444,0.0,fixed_auv_ga_pso_tlbo_proxy,generalization,21232829,6
0.0,1.0,207.0,0.4661835748792272,0.6067960496579183,0.3677658586229801,0.6666666666666665,0.6818004150198778,0.0,48.0,0.06763285024154589,5986.440000000011,2687.899999999997,0.0,independent_greedy,generalization,21232829,6
0.0,0.5,300.0,0.5877777777777776,0.7169830343019776,0.5993941043799784,0.8333333333333331,0.6207174907485347,0.0,146.0,0.08333333333333333,8626.103160430912,3901.5392905294393,0.0,communication_aware,generalization,21232829,6
0.0,0.6666666666666666,300.0,0.46166666666666667,0.6737423904305061,0.40281820684711817,0.6666666666666669,0.6780569071081043,0.02,10.0,0.07666666666666666,7431.72454206171,2422.4597279323852,1257.0,haco_safemarl_pilot_no_acoustic,generalization,21232829,6
0.0,0.6666666666666666,300.0,0.4944444444444444,0.6242938656246287,0.35056612146442345,0.6666666666666669,0.6486111371737949,0.0,133.0,0.06666666666666667,9646.300952506539,2846.5970095037915,0.0,haco_safemarl_pilot_no_shield,generalization,21232829,6
0.0,0.3333333333333333,300.0,0.4288888888888889,0.7681705493677639,0.6347144257249943,0.6666666666666669,0.7076192082796413,0.0,10.0,0.09666666666666666,8039.781538665334,3250.0629552055784,1218.0,haco_safemarl_pilot,generalization,21232829,6
0.0,0.0,300.0,0.29111111111111115,0.7289531425492844,0.38215881137981206,0.40555555555555556,0.7769067945895717,0.0,10.0,0.13,2452.4841415160267,1170.2852307191001,1291.0,mappo_no_acoustic_shield,generalization,21232829,6
0.0,0.5,300.0,0.44888888888888884,0.7023831131692908,0.4824505283985417,1.0,0.9062063731618664,0.0,156.0,0.0,6320.999999999983,3005.769561268393,0.0,fixed_auv_ga_pso_tlbo_proxy,generalization,21242836,6
0.0,0.8333333333333334,300.0,0.6144444444444443,0.5413545759841316,0.178474667164817,0.6666666666666669,0.5554356198941003,0.0,120.0,0.0,8676.000000000018,3886.299999999993,0.0,independent_greedy,generalization,21242836,6
0.0,0.3333333333333333,300.0,0.535,0.7499761576173122,0.6201148369144832,1.0,0.9304965611759565,0.0,187.0,0.0,8729.935563388095,3132.674446645693,0.0,communication_aware,generalization,21242836,6
0.0,0.3333333333333333,300.0,0.27888888888888885,0.783584192334342,0.6503053121338742,0.5611111111111111,0.9088400233457212,0.0,0.0,0.0,10147.684069134468,3382.9569545857594,940.0,haco_safemarl_pilot_no_acoustic,generalization,21242836,6
0.0,0.5,300.0,0.48388888888888887,0.684545935237419,0.5332277239902578,0.8333333333333331,0.8817139376931104,0.0,261.0,0.0,10016.248438009618,2767.010793600508,0.0,haco_safemarl_pilot_no_shield,generalization,21242836,6
0.0,0.3333333333333333,300.0,0.26944444444444443,0.8083874075657146,0.7340661550025712,0.5,0.9121164360656921,0.0,0.0,0.0,10027.134912704338,3389.0360772823283,950.0,haco_safemarl_pilot,generalization,21242836,6
0.0,0.0,300.0,0.37777777777777777,0.7618190104989887,0.5510049389067823,0.6611111111111113,0.7954565631053808,0.0,0.0,0.0,2360.5103743153654,859.7787419815213,1376.0,mappo_no_acoustic_shield,generalization,21242836,6
0.0,0.8333333333333334,300.0,0.5772222222222223,0.628494650785691,0.22453761761009072,0.8333333333333331,0.6308713791771208,0.01,156.0,0.12,6320.999999999983,4505.802681284354,0.0,fixed_auv_ga_pso_tlbo_proxy,generalization,21252843,6
0.0,1.0,240.0,0.51875,0.625969563135418,0.09120946820220434,0.6666666666666666,0.6049771361187576,0.03333333333333333,119.0,0.09583333333333334,6940.800000000014,4328.699999999997,0.0,independent_greedy,generalization,21252843,6
0.0,0.6666666666666666,300.0,0.5622222222222223,0.6990021590117579,0.4199190684980937,0.6666666666666669,0.5358268354818178,0.03,250.0,0.14333333333333334,8529.35878591739,4181.147282451824,0.0,communication_aware,generalization,21252843,6
0.0,0.8333333333333334,300.0,0.18333333333333332,0.756321327438792,0.2378747175250101,0.3333333333333334,0.8525430709711912,0.0,49.0,0.10333333333333333,7110.302641880656,2394.540841490244,1138.0,haco_safemarl_pilot_no_acoustic,generalization,21252843,6
0.0,1.0,260.0,0.4993589743589743,0.6926789572848951,0.257489428767766,0.6666666666666667,0.8212772889444724,0.04230769230769231,161.0,0.15,8477.547745758999,2152.0047062414305,0.0,haco_safemarl_pilot_no_shield,generalization,21252843,6
0.0,0.5,300.0,0.27166666666666667,0.8036690028754868,0.5592408257775066,0.3722222222222222,0.8387237032439403,0.0,11.0,0.12,8710.498967953925,3621.0821326042555,997.0,haco_safemarl_pilot,generalization,21252843,6
0.0,0.3333333333333333,300.0,0.30388888888888893,0.7867801738928288,0.5369119201193321,0.5,0.8005144677771595,0.0,11.0,0.17666666666666667,2231.2868182726597,698.3188809934496,1246.0,mappo_no_acoustic_shield,generalization,21252843,6
0.0,0.8333333333333334,300.0,0.7816666666666666,0.40807072974177655,0.22160827582113518,1.0,0.515335028173009,0.03,143.0,0.11666666666666667,6320.999999999983,3470.5006251082855,0.0,fixed_auv_ga_pso_tlbo_proxy,generalization,21262850,6
0.0,1.0,298.0,0.8512304250559285,0.2898908734889613,0.08590999213395874,1.0,0.6312314879201381,0.0,110.0,0.08389261744966443,8618.160000000018,4763.700000000002,0.0,independent_greedy,generalization,21262850,6
0.0,0.16666666666666666,300.0,0.8127777777777777,0.6334584654634801,0.46870498583757797,1.0,0.5321833907465887,0.0,205.0,0.12,8143.6569193609475,3272.755807972896,0.0,communication_aware,generalization,21262850,6
0.0,0.3333333333333333,300.0,0.6927777777777778,0.5744901368770969,0.24917345896276175,0.9222222222222223,0.5688855899248085,0.0,18.0,0.08666666666666667,9741.812928793128,3318.9349937748234,1563.0,haco_safemarl_pilot_no_acoustic,generalization,21262850,6
0.0,0.3333333333333333,300.0,0.7755555555555554,0.4801963325730303,0.21152218724243574,1.0,0.5196902540667757,0.0,187.0,0.09333333333333334,9426.71185616677,3015.3304099805027,0.0,haco_safemarl_pilot_no_shield,generalization,21262850,6
0.0,0.16666666666666666,300.0,0.6933333333333332,0.6967336884291375,0.5197234278636537,0.8499999999999999,0.6197856915070322,0.0,14.0,0.10666666666666667,9242.755072686334,3336.4727709910394,1557.0,haco_safemarl_pilot,generalization,21262850,6
0.0,0.16666666666666666,300.0,0.7838888888888887,0.5681031912485284,0.306682862404941,1.0,0.6900748804639382,0.0,49.0,0.08,2407.264745210845,755.1000489998645,1763.0,mappo_no_acoustic_shield,generalization,21262850,6
0.0,0.6666666666666666,300.0,0.48611111111111105,0.5717003490354159,0.28130590819569257,0.6666666666666669,0.6744203826800584,0.0,31.0,0.0,6320.999999999983,3038.896161186045,0.0,fixed_auv_ga_pso_tlbo_proxy,generalization,21272857,6
0.0,1.0,238.0,0.6610644257703082,0.4835148795006713,0.22609715030267374,0.8680555555555557,0.5127343085891068,0.0,24.0,0.0,6882.960000000014,2666.099999999995,0.0,independent_greedy,generalization,21272857,6
0.0,0.3333333333333333,300.0,0.5655555555555555,0.7104971189832117,0.5419741340914465,0.8333333333333331,0.6598857033691269,0.0,27.0,0.0,8556.9650841518,3490.2988307924406,0.0,communication_aware,generalization,21272857,6
0.0,0.5,300.0,0.44944444444444437,0.6546549086552617,0.37024607866326703,0.6666666666666669,0.7588852569964691,0.0,18.0,0.0,9789.845027714011,2902.0231424404633,1052.0,haco_safemarl_pilot_no_acoustic,generalization,21272857,6
0.0,0.3333333333333333,300.0,0.5544444444444445,0.5852474930566709,0.32274222463452545,0.6666666666666669,0.6072659981734417,0.0,23.0,0.0,9665.728361274443,3170.668692577501,0.0,haco_safemarl_pilot_no_shield,generalization,21272857,6
0.0,0.3333333333333333,300.0,0.4372222222222222,0.756350876895477,0.6116900157337265,0.6666666666666669,0.7752757970428215,0.0,18.0,0.0,9552.630521552397,3255.6305762327625,1053.0,haco_safemarl_pilot,generalization,21272857,6
0.0,0.0,300.0,0.4655555555555555,0.732781698461247,0.4111631146416833,0.6666666666666669,0.7413278220491532,0.0,14.0,0.0,1988.1879171322737,234.47371277931117,1274.0,mappo_no_acoustic_shield,generalization,21272857,6
0.0,0.8333333333333334,300.0,0.44666666666666666,0.6423803708889995,0.26007032105572037,0.6666666666666669,0.7412973689847403,0.0,0.0,0.0,6320.999999999983,3058.524928897954,0.0,fixed_auv_ga_pso_tlbo_proxy,generalization,21282864,6
0.0,1.0,270.0,0.6290123456790123,0.5157613874685402,0.12523462083024767,0.8333333333333331,0.5661049516159194,0.0,30.0,0.0,7808.400000000016,3352.6999999999985,0.0,independent_greedy,generalization,21282864,6
0.0,0.5,300.0,0.5227777777777777,0.7350702984237479,0.4936905869653003,0.8333333333333331,0.6801586554825995,0.0,0.0,0.0,8637.305453214232,3173.817359608915,0.0,communication_aware,generalization,21282864,6
0.0,0.8333333333333334,300.0,0.38944444444444437,0.6989293188289847,0.30008099367052293,0.6666666666666669,0.8214690394751442,0.0,0.0,0.0,10173.287973916991,2490.946923385032,944.0,haco_safemarl_pilot_no_acoustic,generalization,21282864,6
0.0,0.6666666666666666,300.0,0.4944444444444444,0.6498438642043306,0.2826075086602922,0.6666666666666669,0.7094659428384704,0.0,0.0,0.0,9939.689366146582,2814.0028891729175,0.0,haco_safemarl_pilot_no_shield,generalization,21282864,6
0.0,0.5,300.0,0.3972222222222222,0.7795676191780518,0.6017690915097115,0.6666666666666669,0.786518693071282,0.0,0.0,0.0,9857.191938209422,3031.7812858031357,988.0,haco_safemarl_pilot,generalization,21282864,6
0.0,0.0,300.0,0.24333333333333335,0.7879744917657235,0.5013052050409773,0.3333333333333334,0.8436819498751418,0.0,0.0,0.0,2155.338022751471,163.26120394102696,1263.0,mappo_no_acoustic_shield,generalization,21282864,6
0.0,1.0,283.0,0.5435806831566549,0.5473339990301849,0.23769521442664301,0.6666666666666669,0.5475468986908534,0.0,231.0,0.0,5962.809999999988,3430.9449371961614,0.0,fixed_auv_ga_pso_tlbo_proxy,generalization,21292871,6
0.0,1.0,216.0,0.5270061728395062,0.5397339133322558,0.1425979147146745,0.6666666666666665,0.5737965007027664,0.0,176.0,0.0,6246.720000000012,3117.899999999992,0.0,independent_greedy,generalization,21292871,6
0.0,0.3333333333333333,300.0,0.5666666666666667,0.6986987067787361,0.48036625995992654,0.6666666666666669,0.5097885432935816,0.0,449.0,0.0,8552.046524551422,4261.136960419338,0.0,communication_aware,generalization,21292871,6
0.0,0.3333333333333333,300.0,0.4844444444444444,0.6795740171707041,0.41823345269836587,0.6666666666666669,0.661779306440895,0.0,42.0,0.0,7979.554720309455,3251.0244299090295,1270.0,haco_safemarl_pilot_no_acoustic,generalization,21292871,6
0.0,0.3333333333333333,300.0,0.5877777777777778,0.5703931574799285,0.2885385361253664,0.6666666666666669,0.48451663089879365,0.0,326.0,0.0,9314.868836325768,3490.396086548113,0.0,haco_safemarl_pilot_no_shield,generalization,21292871,6
0.0,0.3333333333333333,300.0,0.4755555555555555,0.7666371312186342,0.6100973486784698,0.6666666666666669,0.678824221214861,0.0,62.0,0.0,9305.426409046067,3804.645181092985,1128.0,haco_safemarl_pilot,generalization,21292871,6
0.0,0.16666666666666666,300.0,0.46055555555555555,0.7446534050295246,0.46752379142362976,0.6666666666666669,0.6569542283777351,0.0,30.0,0.0,2611.0156735445057,1776.8017191797596,1568.0,mappo_no_acoustic_shield,generalization,21292871,6
0.0,0.8333333333333334,300.0,0.5366666666666666,0.5678903400763291,0.1708911532399872,0.8333333333333331,0.6412829419953353,0.0,56.0,0.04666666666666667,6320.999999999983,4242.513829319285,0.0,fixed_auv_ga_pso_tlbo_proxy,generalization,21302878,6
0.0,1.0,245.0,0.585034013605442,0.5322829748782809,0.19847033406406894,0.8333333333333333,0.5704780301808436,0.0,43.0,0.024489795918367346,7085.400000000014,4227.899999999996,0.0,independent_greedy,generalization,21302878,6
0.0,0.5,300.0,0.581111111111111,0.6762493672488333,0.4759686967867029,0.8333333333333331,0.6113943053691219,0.0,37.0,0.04,8491.55975428948,3876.540219974308,0.0,communication_aware,generalization,21302878,6
0.0,0.6666666666666666,300.0,0.4161111111111111,0.6965298336734481,0.399084874066878,0.5777777777777776,0.7423902713312237,0.0,0.0,0.05,9649.79732034588,3246.6862418898445,958.0,haco_safemarl_pilot_no_acoustic,generalization,21302878,6
0.0,0.5,300.0,0.4866666666666667,0.6377886582479904,0.31635953279263856,0.7944444444444443,0.672539937564571,0.0,199.0,0.056666666666666664,9484.63562221675,3117.8708102424716,0.0,haco_safemarl_pilot_no_shield,generalization,21302878,6
0.0,0.16666666666666666,300.0,0.5661111111111109,0.7259785229271912,0.600741771721228,0.8333333333333331,0.6596897312626706,0.0,0.0,0.05,9282.918038528625,3786.821814522679,1178.0,haco_safemarl_pilot,generalization,21302878,6
0.0,0.16666666666666666,300.0,0.26166666666666666,0.7789912843584635,0.48442615576422665,0.522222222222222,0.8156311042427317,0.0,0.0,0.0,1690.5136701711142,680.9871559128252,1021.0,mappo_no_acoustic_shield,generalization,21302878,6
0.0,0.8333333333333334,300.0,0.4972222222222221,0.6881074848880813,0.4970455087672359,0.8333333333333331,0.7306760375320847,0.0,140.0,0.0,6320.999999999983,3925.292660132476,0.0,fixed_auv_ga_pso_tlbo_proxy,generalization,21312885,6
0.0,0.8333333333333334,300.0,0.5777777777777777,0.5976428180827713,0.384168472654649,0.8333333333333331,0.6584587322625839,0.0,106.0,0.0,8676.000000000018,5289.8999999999905,0.0,independent_greedy,generalization,21312885,6
0.0,0.5,300.0,0.5444444444444444,0.7323179052585902,0.5628332161363713,0.8333333333333331,0.6870787503608724,0.0,140.0,0.0,8616.010299954847,3786.6844024015227,0.0,communication_aware,generalization,21312885,6
0.0,0.6666666666666666,300.0,0.24888888888888885,0.7803630336390812,0.5086103870640527,0.5,0.9195946326244017,0.0,11.0,0.0,9884.956160189533,3083.728926987955,630.0,haco_safemarl_pilot_no_acoustic,generalization,21312885,6
0.0,0.6666666666666666,300.0,0.34388888888888886,0.7373912260710879,0.5224810760570904,0.5,0.8655961224094979,0.0,143.0,0.0,9725.820817888078,2943.101631528098,0.0,haco_safemarl_pilot_no_shield,generalization,21312885,6
0.0,0.5,300.0,0.25055555555555553,0.8223368132842788,0.6799997831126341,0.5,0.913540960687229,0.0,14.0,0.0,9700.046254544777,3307.2150614107595,655.0,haco_safemarl_pilot,generalization,21312885,6
0.0,0.16666666666666666,300.0,0.2916666666666667,0.7667333888068664,0.5036892520793281,0.5,0.8625588569161076,0.0,44.0,0.0,1960.8604684734462,610.8207948027368,1306.0,mappo_no_acoustic_shield,generalization,21312885,6
0.0,0.5,300.0,0.445,0.6273598437869662,0.272760231264427,0.8333333333333331,0.7724190933840454,0.01,172.0,0.16333333333333333,6320.999999999983,2815.456902686507,0.0,fixed_auv_ga_pso_tlbo_proxy,generalization,21322892,6
0.0,1.0,278.0,0.5989208633093526,0.5221657507125916,0.10382705698130114,0.9880952380952381,0.7495704164231026,0.0,131.0,0.11151079136690648,8039.760000000017,3201.099999999998,0.0,independent_greedy,generalization,21322892,6
0.0,0.16666666666666666,300.0,0.59,0.6816909320548478,0.4963966332076317,1.0,0.8265105436464503,0.056666666666666664,150.0,0.13333333333333333,8480.51548755305,2940.0570777012686,0.0,communication_aware,generalization,21322892,6
0.0,0.3333333333333333,300.0,0.2522222222222222,0.7437648350234773,0.3645749648702196,0.5277777777777777,0.8454126838892435,0.0,52.0,0.08,9432.00472083606,3418.766149910396,1161.0,haco_safemarl_pilot_no_acoustic,generalization,21322892,6
0.0,0.8333333333333334,300.0,0.6205555555555554,0.608080501618539,0.32314596739599954,1.0,0.7697914499660373,0.0,151.0,0.07666666666666666,10107.299774362606,2602.4223999442165,0.0,haco_safemarl_pilot_no_shield,generalization,21322892,6
0.0,0.0,300.0,0.2783333333333333,0.7925946669104877,0.5877829466333827,0.6666666666666669,0.8485380151863934,0.02666666666666667,66.0,0.13666666666666666,8753.261669641424,3794.662774320103,1351.0,haco_safemarl_pilot,generalization,21322892,6
0.0,0.0,300.0,0.20944444444444443,0.8074952160911056,0.7166853678124365,0.5,0.9768024203900245,0.0,32.0,0.25333333333333335,2798.3437434015595,746.2806465628282,1588.0,mappo_no_acoustic_shield,generalization,21322892,6
0.0,0.5,300.0,0.6738888888888889,0.45465446725720016,0.20534244828896206,1.0,0.6452965521319984,0.0,411.0,0.0,6320.999999999983,2956.2115644367277,0.0,fixed_auv_ga_pso_tlbo_proxy,generalization,21332899,6
0.0,0.6666666666666666,300.0,0.7716666666666666,0.33167096154815595,0.12143911455143545,1.0,0.6012750142233705,0.0,313.0,0.0,8676.000000000018,3922.899999999988,0.0,independent_greedy,generalization,21332899,6
0.0,0.0,300.0,0.7144444444444443,0.644650185292728,0.5261727770175444,1.0,0.6581469965442197,0.0,525.0,0.0,8261.90828789398,3049.9012979275963,0.0,communication_aware,generalization,21332899,6
0.0,0.16666666666666666,300.0,0.40111111111111103,0.7189769926932302,0.5541270839163452,0.6666666666666669,0.7556559555508678,0.0,0.0,0.0,6529.849498327568,3159.0760521187417,1601.0,haco_safemarl_pilot_no_acoustic,generalization,21332899,6
0.0,0.0,300.0,0.76,0.4569261813692287,0.3161454364932869,1.0,0.6281098544139408,0.0,558.0,0.0,9503.133203057909,3221.885424080664,0.0,haco_safemarl_pilot_no_shield,generalization,21332899,6
0.0,0.0,300.0,0.38555555555555554,0.773872232704075,0.6991227692336867,0.7055555555555553,0.7853398972830551,0.0,0.0,0.0,7891.157078052997,3790.9808291482445,1561.0,haco_safemarl_pilot,generalization,21332899,6
0.0,0.0,300.0,0.3627777777777778,0.7802160923685459,0.6713315630404781,0.6666666666666669,0.8226618142244986,0.0,0.0,0.0,2041.1706799525837,1832.5156216390435,1754.0,mappo_no_acoustic_shield,generalization,21332899,6
0.0,0.6666666666666666,300.0,0.5194444444444445,0.6722122567194164,0.4388843245090602,1.0,0.8289240742499235,0.0,192.0,0.0,6320.999999999983,3898.393280350103,0.0,fixed_auv_ga_pso_tlbo_proxy,generalization,21342906,6
0.0,0.8333333333333334,300.0,0.6844444444444445,0.5574977317498337,0.3947020319169308,1.0,0.8378103249314353,0.0,217.0,0.0,8676.000000000018,5298.099999999995,0.0,independent_greedy,generalization,21342906,6
0.0,0.6666666666666666,300.0,0.5538888888888889,0.742859277506913,0.6562671934520347,1.0,0.8034102093568236,0.0,189.0,0.0,8728.55473802501,4005.4653972010874,0.0,communication_aware,generalization,21342906,6
0.0,0.6666666666666666,300.0,0.4322222222222222,0.7782215156905335,0.7231770238487448,0.9722222222222222,0.9729199034912355,0.0,0.0,0.0,7092.334880997615,2063.6946949082917,1267.0,haco_safemarl_pilot_no_acoustic,generalization,21342906,6
0.0,0.6666666666666666,300.0,0.6611111111111111,0.6016982059092635,0.5435761300971914,1.0,0.9026120197521028,0.0,109.0,0.0,9940.964313352095,2831.7393510788916,0.0,haco_safemarl_pilot_no_shield,generalization,21342906,6
0.0,0.6666666666666666,300.0,0.3772222222222222,0.7890852045191311,0.7255115485769061,0.8333333333333331,0.938642172771094,0.0,0.0,0.0,7757.2505615235505,2549.2574454638843,1273.0,haco_safemarl_pilot,generalization,21342906,6
0.0,0.0,300.0,0.35500000000000004,0.7734950100016753,0.5702478828199069,0.6666666666666669,0.8651999768424335,0.0,0.0,0.0,2436.6621184719625,1340.5470631571839,1387.0,mappo_no_acoustic_shield,generalization,21342906,6
0.0,0.3333333333333333,300.0,0.6422222222222221,0.4805077563682417,0.17679415675040394,1.0,0.6734607714157012,0.0,250.0,0.0,6320.999999999983,3057.2444138566752,0.0,fixed_auv_ga_pso_tlbo_proxy,generalization,21352913,6
0.0,1.0,269.0,0.6790582403965304,0.41833213790782287,0.10120893642961547,1.0,0.6937523914600835,0.0,268.0,0.0,7779.480000000016,3467.70000000001,0.0,independent_greedy,generalization,21352913,6
0.0,0.0,300.0,0.6944444444444444,0.6396650207207998,0.4458064396512997,1.0,0.6637439987454976,0.0,65.0,0.0,8267.173825492944,3012.0181665611294,0.0,communication_aware,generalization,21352913,6
0.0,0.16666666666666666,300.0,0.6783333333333333,0.561507784212959,0.25509640827129965,1.0,0.7200657257452029,0.0,16.0,0.0,9581.028389571924,3362.1781750041896,1395.0,haco_safemarl_pilot_no_acoustic,generalization,21352913,6
0.0,0.16666666666666666,300.0,0.7355555555555556,0.4741485660381629,0.26716068517068847,1.0,0.6713840389822548,0.0,169.0,0.0,9561.473213672543,3128.840647860445,0.0,haco_safemarl_pilot_no_shield,generalization,21352913,6
0.0,0.0,300.0,0.67,0.6999909912656317,0.5859297836212337,1.0,0.7361055476286602,0.0,16.0,0.0,9226.477441329514,3224.5865813209707,1408.0,haco_safemarl_pilot,generalization,21352913,6
0.0,0.0,300.0,0.6333333333333332,0.6187730530054956,0.4463040386966468,1.0,0.7067206602815123,0.0,16.0,0.0,2154.905789076721,851.0525402091548,1735.0,mappo_no_acoustic_shield,generalization,21352913,6
0.0,0.8333333333333334,300.0,0.20888888888888887,0.8197023655603267,0.6872093290611619,0.5,0.9573470813333707,0.03666666666666667,208.0,0.08666666666666667,6320.999999999983,4030.8776837955247,0.0,fixed_auv_ga_pso_tlbo_proxy,generalization,21362920,6
0.0,1.0,266.0,0.3659147869674186,0.7672682792050908,0.5626582235960059,0.6666666666666669,0.8703378883153328,0.0,160.0,0.05263157894736842,7692.720000000016,4499.899999999997,0.0,independent_greedy,generalization,21362920,6
0.0,0.8333333333333334,300.0,0.24888888888888885,0.8285862161741713,0.7411155257205458,0.5,0.9380851792799415,0.03666666666666667,182.0,0.09333333333333334,9224.039898603582,4933.33177843119,0.0,communication_aware,generalization,21362920,6
0.0,0.6666666666666666,300.0,0.03833333333333333,0.8712929174428303,0.8338432547388647,0.1666666666666667,0.9931439560121448,0.0,385.0,0.056666666666666664,6164.072355118669,3077.781710738971,1041.0,haco_safemarl_pilot_no_acoustic,generalization,21362920,6
0.0,1.0,261.0,0.14559386973180075,0.8112407386077835,0.56665640815161,0.3333333333333334,0.9536493690445182,0.0,154.0,0.0,8773.712687159876,2093.864124287987,0.0,haco_safemarl_pilot_no_shield,generalization,21362920,6
0.0,0.6666666666666666,300.0,0.02722222222222222,0.8723464284682052,0.8399977596040828,0.1666666666666667,0.9960997476646737,0.0,377.0,0.05333333333333334,6181.649096882174,3094.9267341820378,1035.0,haco_safemarl_pilot,generalization,21362920,6
0.0,0.3333333333333333,300.0,0.1311111111111111,0.8448763695421816,0.7494126280474562,0.3333333333333334,0.9430593402063407,0.0,555.0,0.10333333333333333,2519.0980149608517,878.9935526125959,1185.0,mappo_no_acoustic_shield,generalization,21362920,6
0.0,1.0,283.0,0.7561837455830389,0.5139005008689329,0.3363790194865675,1.0,0.8163113673516527,0.0,84.0,0.14487632508833923,5962.809999999988,4182.228669619088,0.0,fixed_auv_ga_pso_tlbo_proxy,generalization,21372927,6
0.0,1.0,217.0,0.7903225806451613,0.5022767125863936,0.30906445666311544,1.0,0.8174728524899201,0.0,64.0,0.1889400921658986,6275.640000000012,3868.8999999999955,0.0,independent_greedy,generalization,21372927,6
0.0,0.6666666666666666,300.0,0.7977777777777778,0.6141839596736991,0.5034045917082015,1.0,0.8163044009471426,0.0,114.0,0.13,8155.111236837511,3353.5330886178344,0.0,communication_aware,generalization,21372927,6
0.0,0.8333333333333334,300.0,0.46166666666666667,0.7210959363148913,0.574830232214501,0.888888888888889,0.9423288833442628,0.0,14.0,0.12666666666666668,10063.943419366678,2857.0888919590134,1276.0,haco_safemarl_pilot_no_acoustic,generalization,21372927,6
0.0,1.0,258.0,0.6375968992248062,0.6391490541899467,0.5038795350204782,0.8461538461538461,0.7584917936748654,0.011627906976744186,135.0,0.12790697674418605,8433.954017070308,2054.7314884285884,0.0,haco_safemarl_pilot_no_shield,generalization,21372927,6
0.0,0.3333333333333333,300.0,0.5816666666666667,0.7301301074286822,0.5721243734694764,0.8333333333333331,0.745756358468846,0.0,15.0,0.12666666666666668,9245.044704487153,3423.1129783481915,1416.0,haco_safemarl_pilot,generalization,21372927,6
0.0,0.0,300.0,0.175,0.8193030416261249,0.7420952753122871,0.5,0.9384359464365376,0.0,31.0,0.11666666666666667,1580.1511125509005,852.7970228468039,1563.0,mappo_no_acoustic_shield,generalization,21372927,6
0.0,0.6666666666666666,300.0,0.375,0.7351595219895914,0.5745978832413963,0.7222222222222219,0.9091389066686905,0.0,98.0,0.0,6320.999999999983,3650.100347873461,0.0,fixed_auv_ga_pso_tlbo_proxy,generalization,21382934,6
0.0,0.8333333333333334,300.0,0.5072222222222222,0.6086981084918957,0.36583983525218333,0.6666666666666669,0.7121073886640404,0.0,80.0,0.0,8676.000000000018,4858.899999999992,0.0,independent_greedy,generalization,21382934,6
0.0,0.5,300.0,0.4722222222222221,0.7634016230507811,0.6826485911562051,0.8499999999999999,0.9173537925260197,0.0,84.0,0.0,8866.824837674254,3926.1805560768275,0.0,communication_aware,generalization,21382934,6
0.0,0.5,300.0,0.2422222222222222,0.7779084611968484,0.5624239889609512,0.3333333333333334,0.8888863407521225,0.0,0.0,0.0,9786.626028017588,3321.5526648416644,656.0,haco_safemarl_pilot_no_acoustic,generalization,21382934,6
0.0,0.5,300.0,0.31277777777777777,0.7380901612922673,0.5177150368752217,0.5,0.8633813274755687,0.0,74.0,0.0,9801.313268227752,3121.9385311332003,0.0,haco_safemarl_pilot_no_shield,generalization,21382934,6
0.0,0.5,300.0,0.23388888888888887,0.8266025076501491,0.7204473934741824,0.3333333333333334,0.8931791814828137,0.0,0.0,0.0,9702.880815009357,3320.2647759146553,646.0,haco_safemarl_pilot,generalization,21382934,6
0.0,0.0,300.0,0.2622222222222222,0.7884276332365975,0.6484891199232923,0.3333333333333334,0.8708592331478727,0.0,0.0,0.0,1907.615924905372,685.3881650610863,1024.0,mappo_no_acoustic_shield,generalization,21382934,6
0.0,1.0,299.0,0.5122630992196209,0.6014689656378713,0.23606714657163125,0.6666666666666669,0.6083950369630897,0.0,163.0,0.08361204013377926,6299.929999999983,3896.835631780679,0.0,fixed_auv_ga_pso_tlbo_proxy,generalization,21392941,6
0.0,1.0,229.0,0.5516739446870453,0.591865265359686,0.1598749716614147,0.6666666666666664,0.654970760174632,0.0,125.0,0.1091703056768559,6622.680000000013,3405.6999999999966,0.0,independent_greedy,generalization,21392941,6
0.0,0.5,300.0,0.6227777777777777,0.6846337259145252,0.46105199743725866,0.8333333333333331,0.5629604936386645,0.0,108.0,0.05333333333333334,8481.03218922558,3630.6040448642893,0.0,communication_aware,generalization,21392941,6
0.0,0.6666666666666666,300.0,0.45055555555555554,0.6513922069894561,0.3062116436676526,0.6666666666666669,0.7104172930610424,0.0,32.0,0.06666666666666667,9779.551018126831,3013.109758512887,1089.0,haco_safemarl_pilot_no_acoustic,generalization,21392941,6
0.0,0.5,300.0,0.5111111111111111,0.6265896589359065,0.31414260240027525,0.7055555555555553,0.659465682867729,0.0,93.0,0.03333333333333333,9517.844583964184,3354.2407851748485,0.0,haco_safemarl_pilot_no_shield,generalization,21392941,6
0.0,0.5,300.0,0.4294444444444444,0.756215612285181,0.6041765535675535,0.6666666666666669,0.7311133661997429,0.0,27.0,0.06333333333333334,9463.783540827539,3408.6474032646142,1097.0,haco_safemarl_pilot,generalization,21392941,6
0.0,0.0,300.0,0.3394444444444445,0.7058824630725198,0.3931051520502179,0.5,0.7581549922784674,0.0,0.0,0.05333333333333334,2534.441378380888,604.1386655478484,1212.0,mappo_no_acoustic_shield,generalization,21392941,6
0.0,1.0,234.0,0.4814814814814815,0.6323784439287519,0.20508563133585117,0.8333333333333334,0.6981557592498838,0.0,130.0,0.0,4930.380000000002,2462.285096070981,0.0,fixed_auv_ga_pso_tlbo_proxy,generalization,21402948,6
0.0,1.0,179.0,0.47858472998137797,0.6087945613956658,0.0654172117468488,0.8333333333333335,0.7029057621629552,0.0,99.0,0.0,5176.680000000009,2141.2999999999975,0.0,independent_greedy,generalization,21402948,6
0.0,0.3333333333333333,300.0,0.6394444444444444,0.674610006866069,0.37779896732173557,0.8333333333333331,0.5589407751764206,0.0,393.0,0.0,8433.053938913112,3730.7962109316472,0.0,communication_aware,generalization,21402948,6
0.0,0.8333333333333334,300.0,0.43,0.7059643636651078,0.33222825522589317,0.6666666666666669,0.7055147620192267,0.0,28.0,0.0,9864.015268589033,3299.973632147999,990.0,haco_safemarl_pilot_no_acoustic,generalization,21402948,6
0.0,0.6666666666666666,300.0,0.555,0.6015382131678414,0.23189955769249504,0.6666666666666669,0.5755332374844159,0.0,315.0,0.0,9531.674249942149,2957.4851005932983,0.0,haco_safemarl_pilot_no_shield,generalization,21402948,6
0.0,0.3333333333333333,300.0,0.45166666666666666,0.7566901468669692,0.4784969602370415,0.6666666666666669,0.6826472306699027,0.0,28.0,0.0,9572.987860324165,3840.851760374407,1025.0,haco_safemarl_pilot,generalization,21402948,6
0.0,0.0,300.0,0.40277777777777773,0.6900808120457158,0.16028518980668746,0.5,0.7040320742767238,0.0,51.0,0.0,2262.6923765819415,1398.9907277252935,1175.0,mappo_no_acoustic_shield,generalization,21402948,6
0.0,0.8333333333333334,300.0,0.6083333333333333,0.559284527832585,0.25414476492491167,0.9888888888888889,0.5818833809208401,0.0,61.0,0.03333333333333333,6320.999999999983,3338.2387225572647,0.0,fixed_auv_ga_pso_tlbo_proxy,generalization,21412955,6
0.0,0.8333333333333334,300.0,0.6944444444444444,0.4564358149926865,0.09495973036836139,1.0,0.5996273389352074,0.0,47.0,0.0,8676.000000000018,4549.0999999999985,0.0,independent_greedy,generalization,21412955,6
0.0,0.16666666666666666,300.0,0.7172222222222223,0.6623969503382436,0.46116764175870867,1.0,0.5758046519986345,0.0,92.0,0.03333333333333333,8309.708787037462,3101.6910351044157,0.0,communication_aware,generalization,21412955,6
0.0,0.5,300.0,0.39222222222222214,0.6863116949426409,0.2118312827775246,0.5111111111111111,0.7770229385815005,0.0,0.0,0.0,9622.338139829313,3026.7672818748156,1093.0,haco_safemarl_pilot_no_acoustic,generalization,21412955,6
0.0,0.5,300.0,0.6066666666666667,0.6120501388708599,0.24040423408814784,0.9444444444444445,0.6956898273729654,0.0,78.0,0.0,9788.379986705211,2805.5057375032598,0.0,haco_safemarl_pilot_no_shield,generalization,21412955,6
0.0,0.16666666666666666,300.0,0.5633333333333331,0.709031319698042,0.5358678516861132,0.9111111111111112,0.6340427103530221,0.0,0.0,0.0,9257.35090331801,3149.7991994053473,1361.0,haco_safemarl_pilot,generalization,21412955,6
0.0,0.0,300.0,0.5344444444444444,0.6188073493885224,0.2780270750103178,0.8333333333333331,0.6640153104849964,0.0,0.0,0.03333333333333333,3025.7459325521113,905.1811761718448,1571.0,mappo_no_acoustic_shield,generalization,21412955,6
0.0,0.8333333333333334,300.0,0.57,0.5591457579709883,0.2671536648586975,1.0,0.6937797047555054,0.0,97.0,0.0,6320.999999999983,3314.835733703481,0.0,fixed_auv_ga_pso_tlbo_proxy,generalization,21422962,6
0.0,1.0,277.0,0.729843561973526,0.47093237368661806,0.15165052341015253,1.0,0.6272783843674961,0.0,74.0,0.0,8010.8400000000165,4046.3000000000006,0.0,independent_greedy,generalization,21422962,6
0.0,0.16666666666666666,300.0,0.5916666666666666,0.7049197758883236,0.5400951578766787,0.8333333333333331,0.6202168476534348,0.0,55.0,0.0,8483.323514825748,3675.2110716357256,0.0,communication_aware,generalization,21422962,6
0.0,0.3333333333333333,300.0,0.425,0.6898335418011046,0.3531165476328476,0.8333333333333331,0.8269108744313406,0.0,0.0,0.0,9666.6319631624,3200.9689465363053,1123.0,haco_safemarl_pilot_no_acoustic,generalization,21422962,6
0.0,0.3333333333333333,300.0,0.586111111111111,0.5970079001180253,0.29129746080579255,0.8333333333333331,0.5920077223627184,0.0,50.0,0.0,9623.090752566242,3048.806402670673,0.0,haco_safemarl_pilot_no_shield,generalization,21422962,6
0.0,0.3333333333333333,300.0,0.4494444444444445,0.7636365994401035,0.601865451286989,0.8333333333333331,0.8274322563493289,0.0,0.0,0.0,9462.773245088107,3258.743641607692,1166.0,haco_safemarl_pilot,generalization,21422962,6
0.0,0.0,300.0,0.3705555555555556,0.7018378033423366,0.3790215881535119,0.6666666666666669,0.8008810577734362,0.0,0.0,0.0,2603.0735226141433,978.2554266058423,1477.0,mappo_no_acoustic_shield,generalization,21422962,6
0.0,0.8333333333333334,300.0,0.6394444444444444,0.5775534227654859,0.2999815057403141,1.0,0.6202578805022381,0.0,200.0,0.0,6320.999999999983,3875.3110986316046,0.0,fixed_auv_ga_pso_tlbo_proxy,generalization,21432969,6
0.0,1.0,251.0,0.7556440903054449,0.5502033813221197,0.22877620782739042,1.0,0.7204170654038355,0.0,152.0,0.0,7258.920000000015,4017.6999999999966,0.0,independent_greedy,generalization,21432969,6
0.0,0.5,300.0,0.69,0.6956129419310895,0.5396544738003668,1.0,0.610517646951085,0.0,500.0,0.0,8526.285350002281,4033.9883681325728,0.0,communication_aware,generalization,21432969,6
0.0,0.5,300.0,0.28,0.7623888857974036,0.37315680996599226,0.5,0.8301040832296903,0.0,0.0,0.0,9615.438636669109,3852.147565694505,893.0,haco_safemarl_pilot_no_acoustic,generalization,21432969,6
0.0,0.6666666666666666,300.0,0.45777777777777773,0.6416560015119549,0.32254016675337704,0.6666666666666669,0.6643289731306197,0.0,246.0,0.0,9486.106471122159,2892.2947940810527,0.0,haco_safemarl_pilot_no_shield,generalization,21432969,6
0.0,0.5,300.0,0.27777777777777773,0.8080898916284648,0.6523813149935046,0.5,0.814569319331749,0.0,0.0,0.0,9509.770123277622,3841.328331255228,890.0,haco_safemarl_pilot,generalization,21432969,6
0.0,0.16666666666666666,300.0,0.42222222222222217,0.7109762862647323,0.4545399872005973,0.6666666666666669,0.7131535152190075,0.0,0.0,0.0,1843.997042860788,678.7209303115377,1365.0,mappo_no_acoustic_shield,generalization,21432969,6
0.0,0.8333333333333334,300.0,0.5783333333333333,0.5932658071322681,0.43716748170993724,0.8333333333333331,0.6671264095579733,0.0,0.0,0.06,6320.999999999983,3370.4611160806767,0.0,fixed_auv_ga_pso_tlbo_proxy,generalization,21442976,6
1.0,1.0,234.0,0.6431623931623932,0.5209160608370563,0.23230801235351695,0.8333333333333334,0.5572673140033086,0.0,0.0,0.1111111111111111,6767.280000000013,2867.9000000000005,0.0,independent_greedy,generalization,21442976,6
0.0,0.3333333333333333,300.0,0.6177777777777778,0.7179773983162684,0.6265229084313441,0.8333333333333331,0.61670914039349,0.0,0.0,0.06,8496.514754931091,3499.722620444688,0.0,communication_aware,generalization,21442976,6
0.0,0.8333333333333334,300.0,0.4388888888888889,0.683683453630514,0.3696960050399452,0.6666666666666669,0.8522822214006258,0.0,0.0,0.09,9672.247972595793,3111.482141636301,1044.0,haco_safemarl_pilot_no_acoustic,generalization,21442976,6
0.0,0.6666666666666666,300.0,0.561111111111111,0.620788560009622,0.38625971255348307,0.8166666666666664,0.7133321445635428,0.0,0.0,0.06666666666666667,9714.778644480311,2855.4447623519686,0.0,haco_safemarl_pilot_no_shield,generalization,21442976,6
0.0,0.3333333333333333,300.0,0.4388888888888889,0.7689257589864911,0.6249931141045136,0.6666666666666669,0.8644944558474734,0.0,0.0,0.08666666666666667,9500.016066793893,3214.5591744881103,1067.0,haco_safemarl_pilot,generalization,21442976,6
0.0,0.3333333333333333,300.0,0.4361111111111111,0.7228660449413645,0.5439340312662502,0.8333333333333331,0.823051431817432,0.0,0.0,0.09666666666666666,2416.4000088738894,242.27978152057008,1287.0,mappo_no_acoustic_shield,generalization,21442976,6
0.0,0.8333333333333334,300.0,0.5966666666666666,0.5439163503004064,0.3241898870595001,0.8333333333333331,0.6376649583370961,0.0,0.0,0.0,6320.999999999983,3842.691104125697,0.0,fixed_auv_ga_pso_tlbo_proxy,generalization,21452983,6
1.0,1.0,267.0,0.6285892634207241,0.48887249479157624,0.33138594298657703,0.8333333333333331,0.5843790337600984,0.0,0.0,0.0,7721.640000000016,4505.5,0.0,independent_greedy,generalization,21452983,6
0.0,0.5,300.0,0.6249999999999999,0.6826957499748616,0.5983854441873289,0.8333333333333331,0.5972511698536414,0.0,126.0,0.0,8449.878884392476,3552.636155099755,0.0,communication_aware,generalization,21452983,6
0.0,0.6666666666666666,300.0,0.528888888888889,0.6857416605643183,0.551143646979661,0.8333333333333331,0.7614013687693488,0.0,0.0,0.0,8713.086925286694,2532.7944761394424,1276.0,haco_safemarl_pilot_no_acoustic,generalization,21452983,6
0.0,0.5,300.0,0.6483333333333331,0.5773251801547322,0.4251055046260551,0.8333333333333331,0.5636187935515773,0.0,0.0,0.0,9706.798346533162,2898.281967225753,0.0,haco_safemarl_pilot_no_shield,generalization,21452983,6
0.0,0.16666666666666666,300.0,0.5016666666666666,0.7482286109705234,0.6535982575433441,0.8333333333333331,0.7954061507640731,0.0,0.0,0.0,9361.629736212413,3655.8019616755314,1215.0,haco_safemarl_pilot,generalization,21452983,6
0.0,0.0,300.0,0.3722222222222222,0.7661206079893854,0.6498384085748343,0.6666666666666669,0.8963947646441268,0.0,0.0,0.07,1648.9257060885845,951.2273589858328,1505.0,mappo_no_acoustic_shield,generalization,21452983,6
0.0,1.0,277.0,0.7081829121540314,0.42856659400522723,0.1505863676943751,1.0,0.4939480988843249,0.0,214.0,0.0,5836.389999999989,2909.6374819678285,0.0,fixed_auv_ga_pso_tlbo_proxy,generalization,21462990,6
0.0,1.0,212.0,0.6745283018867925,0.4279622306016264,0.07027642357392809,1.0,0.5114405413429473,0.0,163.0,0.0,6131.040000000012,2512.1000000000004,0.0,independent_greedy,generalization,21462990,6
0.0,0.0,300.0,0.7805555555555556,0.5861591877427682,0.39457596930569294,1.0,0.5013624589651653,0.0,141.0,0.06333333333333334,8100.687949753867,2948.0905591059472,0.0,communication_aware,generalization,21462990,6
0.0,0.5,300.0,0.7022222222222221,0.4958096875583362,0.1834089583191015,1.0,0.495813227775897,0.0,36.0,0.01,4615.968064290492,1189.9081912733845,1740.0,haco_safemarl_pilot_no_acoustic,generalization,21462990,6
0.0,0.3333333333333333,300.0,0.7994444444444444,0.4325854913507552,0.22554097534588421,1.0,0.48084316617861045,0.0,122.0,0.03333333333333333,9392.047103968665,3037.5321319258874,0.0,haco_safemarl_pilot_no_shield,generalization,21462990,6
0.0,0.0,300.0,0.72,0.6762515993839937,0.5246874727206967,1.0,0.514423193665504,0.0,36.0,0.013333333333333334,5390.274675244246,1833.1705140174922,1738.0,haco_safemarl_pilot,generalization,21462990,6
0.0,0.0,300.0,0.7033333333333333,0.5691088263018854,0.2781654987072964,1.0,0.554200289095655,0.0,40.0,0.04,3354.9609971250698,1420.832976734358,1892.0,mappo_no_acoustic_shield,generalization,21462990,6
0.0,0.8333333333333334,300.0,0.5655555555555555,0.6024345283056955,0.1093438061633402,0.8333333333333331,0.5959854668545299,0.0,76.0,0.0,6320.999999999983,4213.687760928237,0.0,fixed_auv_ga_pso_tlbo_proxy,generalization,21472997,6
0.0,1.0,250.0,0.65,0.5828237727740904,0.042868539483478706,0.8333333333333333,0.5093357429754014,0.0,79.0,0.0,7230.000000000015,4172.099999999995,0.0,independent_greedy,generalization,21472997,6
0.0,0.3333333333333333,300.0,0.6344444444444444,0.6822448737957875,0.32469312881886947,0.8333333333333331,0.5423901223563296,0.0,194.0,0.0,8430.91190721354,3717.9513469439353,0.0,communication_aware,generalization,21472997,6
0.0,0.8333333333333334,300.0,0.3294444444444445,0.7019569402690352,0.11282050548323085,0.5166666666666666,0.7664181467545758,0.0,7.0,0.0,10101.101486751468,3203.655701265064,960.0,haco_safemarl_pilot_no_acoustic,generalization,21472997,6
0.0,0.6666666666666666,300.0,0.5466666666666666,0.6200201015291658,0.20110482267292848,0.7777777777777776,0.612646432030177,0.0,112.0,0.05333333333333334,9556.708716239587,3066.255844803689,0.0,haco_safemarl_pilot_no_shield,generalization,21472997,6
0.0,0.5,300.0,0.36666666666666664,0.7572251815514877,0.44215736782235693,0.5944444444444444,0.7459294156156537,0.0,7.0,0.0,9489.641466834728,3394.3038431870445,1155.0,haco_safemarl_pilot,generalization,21472997,6
0.0,0.0,300.0,0.3383333333333333,0.7017928724924152,0.10509263094445516,0.4666666666666666,0.7236830424455193,0.0,6.0,0.0,1645.3669611561645,641.2490907365125,1392.0,mappo_no_acoustic_shield,generalization,21472997,6
0.0,0.6666666666666666,300.0,0.615,0.5103712693181136,0.39162519012282293,1.0,0.8871321694285731,0.02,66.0,0.05,6320.999999999983,2664.5702102774508,0.0,fixed_auv_ga_pso_tlbo_proxy,generalization,21483004,6
0.0,1.0,276.0,0.7059178743961353,0.41968232464379684,0.2940136021792901,1.0,0.8037284043932116,0.0,50.0,0.09420289855072464,7981.920000000016,3451.899999999994,0.0,independent_greedy,generalization,21483004,6
0.0,0.0,300.0,0.6733333333333333,0.6720419641704113,0.6133185500063512,1.0,0.9117144482362551,0.04,104.0,0.06666666666666667,8339.339601279155,2996.8402519742326,0.0,communication_aware,generalization,21483004,6
0.0,0.3333333333333333,300.0,0.6261111111111111,0.5866928626585478,0.46392366419258746,1.0,0.9100332323060139,0.0,0.0,0.06333333333333334,9598.627632274842,3122.147233145774,1380.0,haco_safemarl_pilot_no_acoustic,generalization,21483004,6
0.0,0.16666666666666666,300.0,0.7127777777777777,0.5068680117054535,0.3992359629498796,1.0,0.9088309495284125,0.0,70.0,0.06666666666666667,9656.975504512027,3061.238988364467,0.0,haco_safemarl_pilot_no_shield,generalization,21483004,6
0.0,0.0,300.0,0.6266666666666667,0.7099909935221037,0.6502084297822045,1.0,0.928337074599439,0.0,0.0,0.08,9177.904014642856,3109.138932881186,1395.0,haco_safemarl_pilot,generalization,21483004,6
0.0,0.0,300.0,0.5238888888888888,0.6577489070280075,0.4669165123463758,0.9222222222222223,0.7456319884963615,0.0,0.0,0.24666666666666667,1970.7353975231963,646.1263947345946,1839.0,mappo_no_acoustic_shield,generalization,21483004,6
0.0,0.8333333333333334,300.0,0.5822222222222221,0.5537882069941418,0.3373951250233738,0.8333333333333331,0.6844638101408838,0.0,136.0,0.09333333333333334,6320.999999999983,3545.2552156125407,0.0,fixed_auv_ga_pso_tlbo_proxy,generalization,21493011,6
0.0,1.0,242.0,0.6652892561983471,0.5221246366891533,0.17320165888831404,0.8333333333333333,0.5070455188831617,0.0,101.0,0.06611570247933884,6998.640000000014,3464.9000000000024,0.0,independent_greedy,generalization,21493011,6
0.0,0.16666666666666666,300.0,0.6227777777777778,0.6776020042758033,0.5720950588320148,0.8333333333333331,0.6319248555242957,0.0,211.0,0.08666666666666667,8468.7984644974,3537.7630836021235,0.0,communication_aware,generalization,21493011,6
0.0,0.5,300.0,0.5027777777777777,0.6426743028737683,0.42966424855292323,0.8333333333333331,0.7736098152959188,0.0,0.0,0.11666666666666667,5870.315715374452,2085.3321724893026,1514.0,haco_safemarl_pilot_no_acoustic,generalization,21493011,6
0.0,0.5,300.0,0.6555555555555554,0.5596146024774784,0.44949736143044067,0.8333333333333331,0.5735293239222936,0.0,155.0,0.09666666666666666,9644.976530695456,2917.9761558367013,0.0,haco_safemarl_pilot_no_shield,generalization,21493011,6
0.0,0.16666666666666666,300.0,0.4294444444444444,0.7594081579949925,0.6499226531222934,0.6666666666666669,0.7584235405632483,0.0,0.0,0.11666666666666667,3922.9790860647536,2313.0523695895877,1611.0,haco_safemarl_pilot,generalization,21493011,6
0.0,0.0,300.0,0.4277777777777777,0.7042941322717237,0.34099855346047264,0.5166666666666666,0.666297373711892,0.0,0.0,0.09666666666666666,1664.6048537603062,764.4673726020699,1472.0,mappo_no_acoustic_shield,generalization,21493011,6
0.0,0.8333333333333334,300.0,0.38055555555555554,0.6652115547341511,0.46588186022163586,0.6666666666666669,0.8436960908747113,0.0,85.0,0.0,6320.999999999983,3429.3383392318287,0.0,fixed_auv_ga_pso_tlbo_proxy,generalization,21503018,6
0.0,1.0,239.0,0.5020920502092052,0.6073664935190026,0.26171513529474283,0.6666666666666666,0.6511802574632177,0.0,66.0,0.18410041841004185,6911.880000000014,3159.4999999999927,0.0,independent_greedy,generalization,21503018,6
0.0,0.3333333333333333,300.0,0.4211111111111111,0.7525482722460075,0.6455007296459815,0.6666666666666669,0.7980695161796161,0.0,196.0,0.0,8827.560081036736,4139.5030587128,0.0,communication_aware,generalization,21503018,6
0.0,0.5,300.0,0.3411111111111111,0.7318957688913144,0.4765290611213901,0.6666666666666669,0.8644591122596695,0.0,0.0,0.08333333333333333,9771.775154797135,3454.288308378723,876.0,haco_safemarl_pilot_no_acoustic,generalization,21503018,6
0.0,0.6666666666666666,300.0,0.4594444444444444,0.6543482210332068,0.44853237463586615,0.6666666666666669,0.744203065966917,0.0,64.0,0.03666666666666667,9744.221309879444,2940.7726362133258,0.0,haco_safemarl_pilot_no_shield,generalization,21503018,6
0.0,0.3333333333333333,300.0,0.33,0.7926477892424831,0.6746384716454356,0.6666666666666669,0.8772210440511907,0.0,0.0,0.056666666666666664,9632.84126979843,3698.857075936538,886.0,haco_safemarl_pilot,generalization,21503018,6
0.0,0.0,300.0,0.3222222222222223,0.7714629725166402,0.4934330135323242,0.5,0.8130614242268839,0.0,0.0,0.0,1805.6921953906615,988.864627888977,1187.0,mappo_no_acoustic_shield,generalization,21503018,6
0.0,0.6666666666666666,300.0,0.605,0.552809292499265,0.3486814284034734,1.0,0.7024461618390678,0.0,96.0,0.0,6320.999999999983,3446.3044672571914,0.0,fixed_auv_ga_pso_tlbo_proxy,generalization,21513025,6
0.0,1.0,279.0,0.7616487455197133,0.42531583025602465,0.16915499938273035,1.0,0.5084507040989482,0.0,74.0,0.0,8068.680000000017,4024.2999999999925,0.0,independent_greedy,generalization,21513025,6
0.0,0.16666666666666666,300.0,0.6755555555555556,0.6917807628465044,0.5935840759215115,1.0,0.7317353654088548,0.0,104.0,0.0,8365.854483921958,3083.8092404815775,0.0,communication_aware,generalization,21513025,6
0.0,0.6666666666666666,300.0,0.4922222222222223,0.6625433828451194,0.44780586429853914,0.8333333333333331,0.7880856426306678,0.0,0.0,0.0,7684.293653155603,2122.6070177117754,1461.0,haco_safemarl_pilot_no_acoustic,generalization,21513025,6
0.0,0.8333333333333334,300.0,0.675,0.5824414053624817,0.43858225138360685,1.0,0.7011973985405265,0.0,133.0,0.0,9844.130993743214,2786.4434588062636,0.0,haco_safemarl_pilot_no_shield,generalization,21513025,6
0.0,0.16666666666666666,300.0,0.5066666666666666,0.7402788792774614,0.6374846206824142,0.8333333333333331,0.8520746887138152,0.0,0.0,0.0,6473.536226319657,2475.012811078331,1505.0,haco_safemarl_pilot,generalization,21513025,6
0.0,0.0,300.0,0.36222222222222217,0.7908696688258601,0.7267509628420434,0.6666666666666669,0.8809848496472537,0.0,0.0,0.0,2617.8786286265586,837.5832925769784,1475.0,mappo_no_acoustic_shield,generalization,21513025,6
0.0,0.8333333333333334,300.0,0.5233333333333333,0.5421272562600148,0.17106597306945676,0.6666666666666669,0.6235021495393251,0.0,410.0,0.0,6320.999999999983,4421.388137673061,0.0,fixed_auv_ga_pso_tlbo_proxy,generalization,21523032,6
0.0,1.0,242.0,0.6694214876033058,0.5091733062297398,0.0814974566921452,0.8333333333333333,0.4690591942371884,0.0,338.0,0.0,6998.640000000014,4336.299999999999,0.0,independent_greedy,generalization,21523032,6
0.0,0.5,300.0,0.5455555555555556,0.6660382487692934,0.431832340562825,0.6666666666666669,0.583749472147017,0.0,230.0,0.0,8568.27070622359,4332.223733228051,0.0,communication_aware,generalization,21523032,6
0.0,0.5,300.0,0.5211111111111112,0.6436576551281105,0.2248825218451669,0.6666666666666669,0.6369421727979865,0.0,0.0,0.0,9535.762726644962,4026.963218433568,1063.0,haco_safemarl_pilot_no_acoustic,generalization,21523032,6
0.0,0.6666666666666666,300.0,0.5916666666666667,0.5767848225195463,0.278980608575168,0.8333333333333331,0.5596875757072727,0.0,208.0,0.0,9492.443325618824,2762.752020775273,0.0,haco_safemarl_pilot_no_shield,generalization,21523032,6
0.0,0.3333333333333333,300.0,0.5177777777777778,0.7461422648715927,0.5442213574917442,0.6666666666666669,0.6333955442984401,0.0,0.0,0.0,9208.93363349603,3666.20256722652,1066.0,haco_safemarl_pilot,generalization,21523032,6
0.0,0.0,300.0,0.44444444444444436,0.719203154771046,0.3740273158200853,0.6666666666666669,0.7658328278308818,0.0,0.0,0.0,2049.06812288435,1002.5955936436944,1265.0,mappo_no_acoustic_shield,generalization,21523032,6
0.0,0.8333333333333334,300.0,0.516111111111111,0.565972844339513,0.23260669694577563,0.8333333333333331,0.7427825916024374,0.0,69.0,0.0,6320.999999999983,3334.257678389295,0.0,fixed_auv_ga_pso_tlbo_proxy,generalization,21533039,6
0.0,1.0,246.0,0.5345528455284552,0.5380013233082895,0.25338444441890856,0.8333333333333333,0.7382521045560715,0.0,53.0,0.0,7114.320000000014,3374.0999999999995,0.0,independent_greedy,generalization,21533039,6
0.0,0.16666666666666666,300.0,0.5555555555555555,0.7097975473485982,0.5520366609027001,0.8333333333333331,0.7061772857374741,0.0,283.0,0.0,8535.805006177608,3735.5424528650237,0.0,communication_aware,generalization,21533039,6
0.0,0.5,300.0,0.4122222222222222,0.7082513700278019,0.565976353082647,0.6666666666666669,0.7845738044077367,0.0,13.0,0.0,9768.635210277387,3740.3027551208093,1094.0,haco_safemarl_pilot_no_acoustic,generalization,21533039,6
0.0,0.3333333333333333,300.0,0.6027777777777777,0.5568419024530292,0.3516670420507658,0.8333333333333331,0.6450023592683639,0.0,73.0,0.0,9552.967564137269,3168.4265097944217,0.0,haco_safemarl_pilot_no_shield,generalization,21533039,6
0.0,0.16666666666666666,300.0,0.3944444444444444,0.783965317684097,0.7079856886625066,0.6666666666666669,0.8107396215823058,0.0,13.0,0.0,9508.698028373972,3959.6416823865143,1122.0,haco_safemarl_pilot,generalization,21533039,6
0.0,0.16666666666666666,300.0,0.2827777777777778,0.7838823184377594,0.5674849931741321,0.5,0.8623633381051218,0.0,12.0,0.0,2098.4570424206695,1171.58405513733,1272.0,mappo_no_acoustic_shield,generalization,21533039,6
0.0,0.8333333333333334,300.0,0.46611111111111114,0.6665880458346358,0.40498191501966396,1.0,0.8633861542769085,0.0,28.0,0.0,6320.999999999983,3330.3973309857456,0.0,fixed_auv_ga_pso_tlbo_proxy,generalization,21543046,6
0.0,0.8333333333333334,300.0,0.7566666666666667,0.5491952348863257,0.13774009493862288,1.0,0.5640347161928357,0.0,22.0,0.0,8676.000000000018,4488.899999999998,0.0,independent_greedy,generalization,21543046,6
0.0,0.16666666666666666,300.0,0.5105555555555554,0.735084599357439,0.552478233142118,0.8333333333333331,0.7979826330104862,0.0,58.0,0.0,8663.091594383142,3532.423894325466,0.0,communication_aware,generalization,21543046,6
0.0,0.5,300.0,0.3522222222222222,0.7073470461598613,0.33948248022082544,0.7888888888888886,0.8869500092117494,0.0,0.0,0.0,9998.692449222352,3092.012222849772,952.0,haco_safemarl_pilot_no_acoustic,generalization,21543046,6
0.0,0.6666666666666666,300.0,0.5083333333333333,0.6496554623506094,0.4048528030883494,0.8333333333333331,0.8424219934004301,0.0,21.0,0.0,9845.522801808826,2854.310999670391,0.0,haco_safemarl_pilot_no_shield,generalization,21543046,6
0.0,0.5,300.0,0.3988888888888889,0.7667061623825311,0.5989542526935677,0.8333333333333331,0.8777042061171937,0.0,0.0,0.0,9749.24389728937,3249.5700246067017,1015.0,haco_safemarl_pilot,generalization,21543046,6
0.0,0.0,300.0,0.5016666666666667,0.6805131621526721,0.3706103202071791,0.6666666666666669,0.6118355316468388,0.0,0.0,0.0,2079.1628683239187,343.62803778909483,1299.0,mappo_no_acoustic_shield,generalization,21543046,6
0.0,0.8333333333333334,300.0,0.7188888888888888,0.5677024353252177,0.39821688303265235,1.0,0.4783180516453909,0.0,66.0,0.0,6320.999999999983,3855.108655873429,0.0,fixed_auv_ga_pso_tlbo_proxy,generalization,21553053,6
0.0,1.0,251.0,0.8014608233731739,0.5279894180648361,0.30052556847236983,1.0,0.7139172372751865,0.0,51.0,0.0,7258.920000000015,4073.100000000001,0.0,independent_greedy,generalization,21553053,6
0.0,0.3333333333333333,300.0,0.7755555555555556,0.6933876269997705,0.6331050495926397,1.0,0.5429457238937065,0.0,91.0,0.0,8412.189002905678,3577.467438485387,0.0,communication_aware,generalization,21553053,6
0.0,0.8333333333333334,300.0,0.4927777777777777,0.6866841260557458,0.451760594119449,0.8222222222222221,0.8355023523681847,0.0,3.0,0.0,3100.72159879811,1512.737839112123,1850.0,haco_safemarl_pilot_no_acoustic,generalization,21553053,6
0.0,0.8333333333333334,300.0,0.676111111111111,0.5932474065020582,0.39002473444361047,0.8555555555555555,0.7873815644569595,0.0,377.0,0.0,9870.915035799597,2494.457777523494,0.0,haco_safemarl_pilot_no_shield,generalization,21553053,6
0.0,0.6666666666666666,300.0,0.4916666666666666,0.7451451391202505,0.6123290130478322,0.7666666666666664,0.8977687273545358,0.0,3.0,0.0,3097.2691307097175,1474.9126678800478,1906.0,haco_safemarl_pilot,generalization,21553053,6
0.0,0.0,300.0,0.5477777777777777,0.7709378377542605,0.6949424902807823,0.7944444444444443,0.8197807635243853,0.0,140.0,0.0,2509.357414464644,1344.8654955755765,1826.0,mappo_no_acoustic_shield,generalization,21553053,6
0.0,0.8333333333333334,300.0,0.36,0.6881232645910836,0.20544085860307526,0.6666666666666669,0.8087698641514558,0.0,107.0,0.0,6320.999999999983,3339.5980734179625,0.0,fixed_auv_ga_pso_tlbo_proxy,generalization,21563060,6
0.0,1.0,242.0,0.40771349862258954,0.6549936288555908,0.06407314369998524,0.6666666666666667,0.7559218648618267,0.0,81.0,0.19008264462809918,6998.640000000014,3174.499999999996,0.0,independent_greedy,generalization,21563060,6
0.0,0.3333333333333333,300.0,0.5138888888888887,0.7065987211824869,0.3685018335492947,0.8333333333333331,0.7521214120994753,0.0,138.0,0.09,8628.412287010578,3489.122981858711,0.0,communication_aware,generalization,21563060,6
0.0,0.8333333333333334,300.0,0.35444444444444445,0.6942815196666503,0.1681166025535389,0.6666666666666669,0.7669940855168664,0.0,0.0,0.07666666666666666,9931.009978560109,2830.0025804882316,830.0,haco_safemarl_pilot_no_acoustic,generalization,21563060,6
0.0,0.5,300.0,0.5266666666666666,0.6434440962553782,0.2466361996537435,0.8333333333333331,0.7079227617868996,0.0,70.0,0.03666666666666667,9726.863029343192,2943.5221990509303,0.0,haco_safemarl_pilot_no_shield,generalization,21563060,6
0.0,0.5,300.0,0.3733333333333333,0.7730381858660258,0.5210528822212308,0.7999999999999997,0.7917858342535309,0.0,0.0,0.04666666666666667,9655.434971855608,3032.865856372144,945.0,haco_safemarl_pilot,generalization,21563060,6
0.0,0.0,300.0,0.2733333333333333,0.7493294143181601,0.4338625086708621,0.4444444444444444,0.7963803937663851,0.0,0.0,0.0,1741.177061933924,220.49102867833443,1058.0,mappo_no_acoustic_shield,generalization,21563060,6
0.0,0.8333333333333334,300.0,0.6094444444444442,0.513645302939593,0.20326108411666188,0.861111111111111,0.7259217803923417,0.0,64.0,0.19,6320.999999999983,3760.0122005532003,0.0,fixed_auv_ga_pso_tlbo_proxy,generalization,21573067,6
0.0,1.0,247.0,0.6470985155195681,0.46948281734330094,0.12899594021069563,0.8333333333333333,0.5263310819293984,0.0,49.0,0.016194331983805668,7143.240000000014,3730.299999999994,0.0,independent_greedy,generalization,21573067,6
0.0,0.3333333333333333,300.0,0.745,0.6311265727465986,0.4297641186303812,1.0,0.7780350532522983,0.0,145.0,0.15666666666666668,8314.415906076016,3392.5148226998413,0.0,communication_aware,generalization,21573067,6
0.0,0.5,300.0,0.5472222222222222,0.6304044347956065,0.4499671080532032,0.8333333333333331,0.7056839308754194,0.0,0.0,0.043333333333333335,9796.653258511498,3148.047311305369,1287.0,haco_safemarl_pilot_no_acoustic,generalization,21573067,6
0.0,0.3333333333333333,300.0,0.6555555555555556,0.5329897804520014,0.3170520283400391,0.8333333333333331,0.5853296056597904,0.0,62.0,0.14666666666666667,9416.341818811245,3148.7630708551583,0.0,haco_safemarl_pilot_no_shield,generalization,21573067,6
0.0,0.3333333333333333,300.0,0.5872222222222221,0.7254521667633901,0.6325836291367217,0.8333333333333331,0.6653325040797654,0.0,0.0,0.2,9106.423740767374,3312.7583307047394,1386.0,haco_safemarl_pilot,generalization,21573067,6
0.0,0.0,300.0,0.3811111111111111,0.7220314431989672,0.36642388022977757,0.5,0.6967159365651263,0.0,19.0,0.11,1474.1168744903262,699.6525964697513,1019.0,mappo_no_acoustic_shield,generalization,21573067,6
0.0,1.0,295.0,0.6338983050847457,0.5497366407296209,0.32795464729905605,0.8333333333333331,0.5878242171034983,0.0,65.0,0.08813559322033898,6215.649999999984,4017.2673203367985,0.0,fixed_auv_ga_pso_tlbo_proxy,generalization,21583074,6
0.0,1.0,225.0,0.6755555555555556,0.49367671921524786,0.2086693274200462,0.8333333333333333,0.5686490715515762,0.0,50.0,0.10222222222222223,6507.000000000013,3474.099999999997,0.0,independent_greedy,generalization,21583074,6
0.0,0.5,300.0,0.6616666666666666,0.6815824066460628,0.5295849451911028,0.8333333333333331,0.537653628299239,0.0,112.0,0.08,8440.854483375377,3802.0435545806445,0.0,communication_aware,generalization,21583074,6
0.0,0.8333333333333334,300.0,0.3644444444444444,0.7418932592982956,0.5331085485366963,0.6,0.8351494637915116,0.0,0.0,0.01,9979.579220692849,3399.1611659279856,885.0,haco_safemarl_pilot_no_acoustic,generalization,21583074,6
0.0,0.6666666666666666,300.0,0.5088888888888888,0.657616114775064,0.4356164073245092,0.7722222222222219,0.7130020948166709,0.0,92.0,0.04,9574.738081392094,3087.1581732060995,0.0,haco_safemarl_pilot_no_shield,generalization,21583074,6
0.0,0.3333333333333333,300.0,0.4905555555555555,0.7500939452117569,0.546243136913073,0.6666666666666669,0.6806447956895509,0.0,0.0,0.08666666666666667,9160.975273479025,3528.658216913229,1133.0,haco_safemarl_pilot,generalization,21583074,6
0.0,0.0,300.0,0.5077777777777777,0.7370572994737785,0.5938971575877016,0.7055555555555553,0.654982060860285,0.0,0.0,0.056666666666666664,1758.9013929640084,770.1491104180938,1615.0,mappo_no_acoustic_shield,generalization,21583074,6
0.0,1.0,277.0,0.34416365824308054,0.7484703359431208,0.31973409484176746,0.6666666666666669,0.7941759980769347,0.0,491.0,0.0,5836.389999999989,2909.2925664399972,0.0,fixed_auv_ga_pso_tlbo_proxy,generalization,21593081,6
0.0,1.0,212.0,0.455188679245283,0.7053510357178746,0.2534924297062791,0.6893939393939393,0.7899637791427675,0.0,378.0,0.0,6131.040000000012,2459.899999999998,0.0,independent_greedy,generalization,21593081,6
0.0,0.6666666666666666,300.0,0.4233333333333333,0.7570468900750255,0.45907474884157956,0.6666666666666669,0.7373793782652622,0.0,593.0,0.0,8853.891744639326,3756.96203898685,0.0,communication_aware,generalization,21593081,6
0.0,0.3333333333333333,300.0,0.19222222222222224,0.7790015535076956,0.41330778296790394,0.3333333333333334,0.8801819220056653,0.0,11.0,0.0,9094.081581344495,3426.0229938996326,1108.0,haco_safemarl_pilot_no_acoustic,generalization,21593081,6
0.0,1.0,254.0,0.5590551181102362,0.6239781748518054,0.5162691266625014,1.0,0.8741463413542462,0.0,265.0,0.0,8746.504217712403,2131.091146248362,0.0,haco_safemarl_pilot_no_shield,generalization,21593081,6
0.0,0.3333333333333333,300.0,0.22555555555555554,0.8137107473916141,0.6496243504461474,0.4444444444444444,0.886826723292637,0.0,11.0,0.0,8913.759285735028,3348.831400151974,1147.0,haco_safemarl_pilot,generalization,21593081,6
0.0,0.0,300.0,0.33,0.7831851811268227,0.587330614691016,0.5,0.7869660352963563,0.0,83.0,0.0,1872.8660157550776,1205.0994647848897,1640.0,mappo_no_acoustic_shield,generalization,21593081,6
0.0,0.3333333333333333,300.0,0.37333333333333324,0.7267620810734216,0.5400912140174243,0.8333333333333331,0.8938570091238299,0.0,454.0,0.02666666666666667,6320.999999999983,3383.9964842665026,0.0,fixed_auv_ga_pso_tlbo_proxy,generalization,21603088,6
0.0,1.0,274.0,0.49452554744525545,0.6313133959129446,0.42994495177288966,0.8333333333333331,0.751532860952668,0.0,392.0,0.051094890510948905,7924.080000000016,3681.3000000000084,0.0,independent_greedy,generalization,21603088,6
0.0,0.3333333333333333,300.0,0.4344444444444443,0.7707929187725836,0.6693199457906618,0.8333333333333331,0.8679953899413372,0.0,435.0,0.03,8828.563153188099,3942.670814923031,0.0,communication_aware,generalization,21603088,6
0.0,0.16666666666666666,300.0,0.056111111111111105,0.8756767080732784,0.8090090368359057,0.1666666666666667,0.9826372222522567,0.0,135.0,0.0,4533.304311650881,3084.9439733059826,1546.0,haco_safemarl_pilot_no_acoustic,generalization,21603088,6
0.0,0.3333333333333333,300.0,0.3694444444444444,0.703000604984455,0.510590023141236,0.6666666666666669,0.8439662367147951,0.0,367.0,0.0,9795.561544114023,3156.1444101688417,0.0,haco_safemarl_pilot_no_shield,generalization,21603088,6
0.0,0.16666666666666666,300.0,0.04055555555555554,0.8806174055368318,0.840047085863929,0.1666666666666667,0.9911454106378688,0.0,130.0,0.0,4678.996222283524,3163.1206206938655,1558.0,haco_safemarl_pilot,generalization,21603088,6
0.0,0.16666666666666666,300.0,0.085,0.8590083000224622,0.814648997299105,0.3333333333333334,0.9819733232231695,0.0,67.0,0.03,3187.7736312325696,2029.4731229975093,1649.0,mappo_no_acoustic_shield,generalization,21603088,6
0.0,1.0,293.0,0.7417519908987485,0.45055497685348145,0.18290172920152428,1.0,0.6014754115989189,0.0,82.0,0.0,6173.509999999985,3323.8152041132043,0.0,fixed_auv_ga_pso_tlbo_proxy,generalization,21613095,6
0.0,1.0,224.0,0.7418154761904763,0.43983104817312657,0.08288440959919598,1.0,0.576456112999338,0.0,50.0,0.0,6478.080000000013,2814.4999999999977,0.0,independent_greedy,generalization,21613095,6
0.0,0.16666666666666666,300.0,0.7916666666666666,0.600945480298279,0.37891982172893146,1.0,0.6323009682605952,0.0,32.0,0.0,8134.0881119866945,3035.541217864887,0.0,communication_aware,generalization,21613095,6
0.0,0.5,300.0,0.6244444444444444,0.5986212018477943,0.19087211248482303,1.0,0.7295414342777022,0.0,0.0,0.0,7824.647200106506,2219.3301871338645,1596.0,haco_safemarl_pilot_no_acoustic,generalization,21613095,6
0.0,0.6666666666666666,300.0,0.7266666666666667,0.5396949456743608,0.23173837218688798,1.0,0.8357293778734735,0.0,77.0,0.0,9600.035466665522,2766.4648057857253,0.0,haco_safemarl_pilot_no_shield,generalization,21613095,6
0.0,0.0,300.0,0.6972222222222222,0.6794014767870534,0.5112553313079825,1.0,0.6772949700579722,0.0,0.0,0.0,6606.911229603477,2417.133502992585,1678.0,haco_safemarl_pilot,generalization,21613095,6
0.0,0.0,300.0,0.5155555555555555,0.6642605083651587,0.16748535334020165,0.6666666666666669,0.6096044382005993,0.0,17.0,0.0,1843.1917156482377,863.2577366717312,1317.0,mappo_no_acoustic_shield,generalization,21613095,6
0.0,0.8333333333333334,300.0,0.5977777777777777,0.5114362733642007,0.196045354618268,0.8333333333333331,0.5999111879586613,0.0,139.0,0.0,6320.999999999983,3603.8008252312316,0.0,fixed_auv_ga_pso_tlbo_proxy,generalization,21623102,6
0.0,1.0,263.0,0.6463878326996197,0.4675474473477952,0.0872137651552117,0.8333333333333331,0.523124999939207,0.0,121.0,0.0,7605.9600000000155,4079.0999999999995,0.0,independent_greedy,generalization,21623102,6
0.0,0.3333333333333333,300.0,0.6255555555555554,0.6808789483987842,0.5080977952106004,0.8333333333333331,0.5704433694838238,0.0,58.0,0.0,8424.06898108802,3831.096524476254,0.0,communication_aware,generalization,21623102,6
0.0,0.3333333333333333,300.0,0.5533333333333332,0.6367176385784725,0.25228262812589225,0.8333333333333331,0.6574479769948023,0.0,8.0,0.0,9594.278094490352,3586.264358506726,1214.0,haco_safemarl_pilot_no_acoustic,generalization,21623102,6
0.0,0.5,300.0,0.6149999999999999,0.5703155433907284,0.23378879812831252,0.8333333333333331,0.5484435703786639,0.0,146.0,0.0,9449.022687706985,3129.1702830926492,0.0,haco_safemarl_pilot_no_shield,generalization,21623102,6
0.0,0.3333333333333333,300.0,0.5244444444444444,0.7388195612326738,0.48835479913278346,0.8333333333333331,0.6789798103906439,0.0,8.0,0.0,9460.678950272888,4037.1302962218383,1206.0,haco_safemarl_pilot,generalization,21623102,6
0.0,0.0,300.0,0.4055555555555555,0.6751525132837913,0.2684168017479999,0.5,0.6637286138630317,0.0,33.0,0.0,1310.2747300091967,809.2000743618624,1503.0,mappo_no_acoustic_shield,generalization,21623102,6
0.0,0.5,300.0,0.5105555555555555,0.5941432527149937,0.3245920499028358,1.0,0.8982783482504045,0.0,130.0,0.0,6320.999999999983,3022.998767002983,0.0,fixed_auv_ga_pso_tlbo_proxy,generalization,21633109,6
0.0,1.0,281.0,0.603202846975089,0.5028997945643192,0.280428527988215,1.0,0.9174979396062238,0.0,99.0,0.0,8126.520000000017,3789.499999999988,0.0,independent_greedy,generalization,21633109,6
0.0,0.16666666666666666,300.0,0.5788888888888889,0.7026469422031535,0.5719103755346402,1.0,0.9075808121640471,0.0,189.0,0.0,8490.237809249764,3026.9988279362606,0.0,communication_aware,generalization,21633109,6
0.0,0.5,300.0,0.5288888888888889,0.6906349409865551,0.47489008463164706,1.0,0.9358507851625638,0.0,0.0,0.0,9954.148994246061,3401.690357253061,1169.0,haco_safemarl_pilot_no_acoustic,generalization,21633109,6
0.0,0.3333333333333333,300.0,0.5844444444444445,0.6007536134117201,0.3999172767302456,1.0,0.9042225841003736,0.0,311.0,0.0,9824.40633186475,3083.0959663519952,0.0,haco_safemarl_pilot_no_shield,generalization,21633109,6
0.0,0.0,300.0,0.563888888888889,0.7424096882266975,0.6656908816385539,1.0,0.9503397456525025,0.0,0.0,0.0,9534.038645322877,3430.9695387300353,1211.0,haco_safemarl_pilot,generalization,21633109,6
0.0,0.0,300.0,0.3627777777777777,0.7729127136110989,0.6286254753227144,0.7222222222222219,0.8802097341062085,0.0,0.0,0.0,2212.9013686209037,791.9385983309178,1342.0,mappo_no_acoustic_shield,generalization,21633109,6
0.0,1.0,258.0,0.4063307493540052,0.6436797609619611,0.28940141178590845,0.7692307692307693,0.7837033036093526,0.0,186.0,0.0,5436.059999999995,2591.575471284573,0.0,fixed_auv_ga_pso_tlbo_proxy,generalization,21643116,6
0.0,1.0,198.0,0.43939393939393945,0.6284895652207297,0.30488023867460634,0.7416666666666668,0.7637141262733721,0.0,144.0,0.0,5726.160000000011,2216.1000000000026,0.0,independent_greedy,generalization,21643116,6
0.0,0.3333333333333333,300.0,0.5205555555555554,0.7037033551970464,0.5016962253661152,0.8333333333333331,0.7246117502658883,0.0033333333333333335,140.0,0.03333333333333333,8582.517172793276,3585.0072642770756,0.0,communication_aware,generalization,21643116,6
0.0,0.3333333333333333,300.0,0.45777777777777773,0.6478047427318866,0.39522899859100186,0.6666666666666669,0.712777643042386,0.0,0.0,0.023333333333333334,9687.83758709796,3663.4689722790886,1078.0,haco_safemarl_pilot_no_acoustic,generalization,21643116,6
0.0,0.3333333333333333,300.0,0.5255555555555556,0.5920340361133287,0.3355483053230512,0.8333333333333331,0.6788300513592178,0.0,201.0,0.02666666666666667,9604.059154172217,3378.0832981909625,0.0,haco_safemarl_pilot_no_shield,generalization,21643116,6
0.0,0.16666666666666666,300.0,0.44944444444444437,0.7586713790871726,0.6322163326887,0.6666666666666669,0.7261281044108634,0.0,0.0,0.02666666666666667,9353.882396107327,3687.7569635755935,1098.0,haco_safemarl_pilot,generalization,21643116,6
0.0,0.16666666666666666,300.0,0.45388888888888884,0.7416531783540662,0.5158023889114315,0.6666666666666669,0.7274048746652256,0.0,0.0,0.05,2302.2885549784223,689.1533178038243,1535.0,mappo_no_acoustic_shield,generalization,21643116,6
0.0,0.6666666666666666,300.0,0.5983333333333334,0.5190226918558657,0.3285991908013976,1.0,0.8908219919082778,0.006666666666666667,76.0,0.42333333333333334,6320.999999999983,3033.060896107525,0.0,fixed_auv_ga_pso_tlbo_proxy,generalization,21653123,6
0.0,1.0,281.0,0.6755634638196915,0.43702922287680557,0.27751874769326035,1.0,0.8963774496228889,0.0,101.0,0.4128113879003559,8126.520000000017,3953.8999999999955,0.0,independent_greedy,generalization,21653123,6
0.0,0.16666666666666666,300.0,0.6505555555555557,0.667922195846098,0.5681971259954353,1.0,0.8920115072884824,0.0,11.0,0.4066666666666667,8353.627662572319,3026.2287548005643,0.0,communication_aware,generalization,21653123,6
0.0,0.5,300.0,0.595,0.6157286416643337,0.4639467250616165,1.0,0.8999268462300588,0.0,5.0,0.41,8064.109245125635,2347.2392467536106,1527.0,haco_safemarl_pilot_no_acoustic,generalization,21653123,6
0.0,0.5,300.0,0.6616666666666666,0.538292518539781,0.39632374856509683,1.0,0.8332344811956791,0.0,113.0,0.38333333333333336,9695.130763611161,2943.408575661342,0.0,haco_safemarl_pilot_no_shield,generalization,21653123,6
0.0,0.0,300.0,0.6361111111111111,0.7086928745657919,0.6610590741352949,1.0,0.9456596967780906,0.0,5.0,0.41,8184.161128909047,2796.7918102981707,1545.0,haco_safemarl_pilot,generalization,21653123,6
0.0,0.0,300.0,0.4938888888888889,0.7057968879267704,0.3729576766703107,0.8333333333333331,0.7395337107394455,0.0,7.0,0.23333333333333334,1475.822708815148,433.50454234733024,1645.0,mappo_no_acoustic_shield,generalization,21653123,6
0.0,0.875,300.0,0.47583333333333333,0.6240611028264904,0.38928586070481214,0.875,0.8035604029204645,0.0,159.0,0.0,6828.0000000000455,3963.393896264529,0.0,fixed_auv_ga_pso_tlbo_proxy,generalization,21163330,8
0.0,1.0,239.0,0.5465481171548117,0.5916730018231167,0.3726511187678904,0.875,0.7476278852844297,0.0,137.0,0.04602510460251046,7602.590000000038,3797.9000000000083,0.0,independent_greedy,generalization,21163330,8
0.0,0.375,300.0,0.54125,0.7166382248234228,0.6040322974278136,0.875,0.769925179702438,0.0,14.0,0.0,8941.493803449848,3833.9815962809603,0.0,communication_aware,generalization,21163330,8
0.0,0.625,300.0,0.42791666666666667,0.6868041685227663,0.46506236835280135,0.75,0.8136076823162601,0.0,9.0,0.0033333333333333335,10312.506896462297,3193.42727716336,1341.0,haco_safemarl_pilot_no_acoustic,generalization,21163330,8
0.0,0.625,300.0,0.5420833333333334,0.6236578658180659,0.4143785336008696,0.875,0.7528241790696888,0.0,12.0,0.016666666666666666,10165.540056703043,3027.897171544433,0.0,haco_safemarl_pilot_no_shield,generalization,21163330,8
0.0,0.375,300.0,0.4625,0.7552588259406451,0.6579477287688336,0.7583333333333333,0.8028456853148586,0.0,9.0,0.0,9804.09051817223,3338.9249202804453,1405.0,haco_safemarl_pilot,generalization,21163330,8
0.0,0.125,300.0,0.39375,0.7223269060437761,0.39781574724137464,0.65,0.7531388121010999,0.0,9.0,0.0,2593.043342029289,437.95231112419617,1769.0,mappo_no_acoustic_shield,generalization,21163330,8
0.0,0.625,300.0,0.6175,0.5168301040678114,0.20085134454407727,1.0,0.7339676146635558,0.0,189.0,0.056666666666666664,6828.0000000000455,3375.1241139123053,0.0,fixed_auv_ga_pso_tlbo_proxy,generalization,21173337,8
0.0,1.0,262.0,0.6588740458015268,0.45913815470014835,0.12362554626203917,1.0,0.7170699753565223,0.0,177.0,0.007633587786259542,8334.220000000043,3797.2999999999965,0.0,independent_greedy,generalization,21173337,8
0.0,0.25,300.0,0.6758333333333333,0.6621785820100698,0.5076357169219836,1.0,0.7400862742749239,0.0,341.0,0.0,8604.04431009221,3021.683008576,0.0,communication_aware,generalization,21173337,8
0.0,0.375,300.0,0.5754166666666667,0.6509055932930808,0.34478578157584344,0.9083333333333333,0.7743184190382635,0.013333333333333334,21.0,0.09333333333333334,9883.797190494764,3355.9908109399285,1784.0,haco_safemarl_pilot_no_acoustic,generalization,21173337,8
0.0,0.5,300.0,0.6675,0.5545005937178406,0.2961201155991898,1.0,0.7767114865858281,0.0,414.0,0.10333333333333333,10111.960023870517,2966.9715812233317,0.0,haco_safemarl_pilot_no_shield,generalization,21173337,8
0.0,0.0,300.0,0.59875,0.7187983787462349,0.6082463582636143,1.0,0.7156906174065016,0.0,21.0,0.043333333333333335,9717.719981784097,3599.0015159199725,1831.0,haco_safemarl_pilot,generalization,21173337,8
0.0,0.0,300.0,0.4091666666666667,0.6926105196402994,0.28863557028967435,0.625,0.7248171666950599,0.0,21.0,0.0,2496.853824098161,708.4338682003175,2040.0,mappo_no_acoustic_shield,generalization,21173337,8
0.0,1.0,268.0,0.5620335820895522,0.6037128724221336,0.2639388965322788,1.0,0.7351252609163131,0.0,435.0,0.0,6099.6800000000385,2967.1648951584257,0.0,fixed_auv_ga_pso_tlbo_proxy,generalization,21183344,8
0.0,1.0,205.0,0.526829268292683,0.5896074843569712,0.12659601854298785,1.0,0.7772821147864193,0.0,331.0,0.0,6521.050000000026,2545.2999999999975,0.0,independent_greedy,generalization,21183344,8
0.0,0.25,300.0,0.6633333333333333,0.6703920624395558,0.4608513862469922,1.0,0.7762431989429219,0.0,399.0,0.0,8653.135035266214,3093.6670468434,0.0,communication_aware,generalization,21183344,8
0.0,0.375,300.0,0.5608333333333333,0.6401054831516264,0.3344137573112032,0.875,0.7514882079353726,0.0,4.0,0.0,10321.999285767359,4136.436102207958,1619.0,haco_safemarl_pilot_no_acoustic,generalization,21183344,8
0.0,0.625,300.0,0.5766666666666667,0.6034813727553127,0.42474293089630727,0.875,0.8112566958659644,0.0,490.0,0.0,10201.969316420405,2932.665694696338,0.0,haco_safemarl_pilot_no_shield,generalization,21183344,8
0.0,0.125,300.0,0.5775,0.7263759585293499,0.5601081307903781,0.875,0.7857461636679118,0.0,4.0,0.0,9785.742889855206,3449.264606679802,1656.0,haco_safemarl_pilot,generalization,21183344,8
0.0,0.0,300.0,0.3616666666666667,0.7222374314315914,0.42232314026469286,0.5,0.7613089059358401,0.0,4.0,0.0,2669.7408944325252,1015.2798671821656,1671.0,mappo_no_acoustic_shield,generalization,21183344,8
0.0,0.75,300.0,0.6070833333333333,0.5654255133676225,0.22631020230608315,1.0,0.8871128322201738,0.0,321.0,0.0,6828.0000000000455,3545.797340830424,0.0,fixed_auv_ga_pso_tlbo_proxy,generalization,21193351,8
0.0,1.0,257.0,0.6556420233463035,0.5097184311908776,0.09648975793050273,1.0,0.7447759419214435,0.0,301.0,0.0,8175.170000000046,3912.300000000002,0.0,independent_greedy,generalization,21193351,8
0.0,0.25,300.0,0.6704166666666667,0.6798634690097959,0.44516578751099434,1.0,0.890116940647427,0.0,319.0,0.0,8666.102226352074,3165.328478028771,0.0,communication_aware,generalization,21193351,8
0.0,0.5,300.0,0.5066666666666667,0.652823224803309,0.23614248986637387,0.8708333333333333,0.7921880650591677,0.0,0.0,0.0,10344.65539618425,3658.2014305008297,1569.0,haco_safemarl_pilot_no_acoustic,generalization,21193351,8
0.0,0.5,300.0,0.5908333333333333,0.6068140263345928,0.23887308354076733,0.8958333333333334,0.7190266278060112,0.0,128.0,0.0,10167.908403214187,2983.706909939399,0.0,haco_safemarl_pilot_no_shield,generalization,21193351,8
0.0,0.125,300.0,0.49583333333333335,0.7477918086489073,0.5472261254425983,0.875,0.7981565151771121,0.0,0.0,0.0,9849.534120702609,3517.6442551711098,1613.0,haco_safemarl_pilot,generalization,21193351,8
0.0,0.0,300.0,0.44125,0.7258713497638828,0.46264389538607636,0.6791666666666667,0.7571505441250664,0.0,0.0,0.0,2596.4501235842604,1169.293980277391,1934.0,mappo_no_acoustic_shield,generalization,21193351,8
0.0,0.625,300.0,0.4216666666666667,0.6741024314265017,0.4636330853446335,1.0,0.9630947905152062,0.0,448.0,0.0,6828.0000000000455,2683.527788409638,0.0,fixed_auv_ga_pso_tlbo_proxy,generalization,21203358,8
0.0,1.0,261.0,0.5972222222222222,0.5725633180184969,0.24551801829411982,1.0,0.7893831640753786,0.0,341.0,0.0,8302.410000000044,3050.3000000000034,0.0,independent_greedy,generalization,21203358,8
0.0,0.25,300.0,0.5108333333333334,0.7354738250236704,0.5894453020373328,1.0,0.9681624051087842,0.0,389.0,0.0,9001.03879077375,3038.7720392288597,0.0,communication_aware,generalization,21203358,8
0.0,0.125,300.0,0.2375,0.79320206751289,0.48490795459201175,0.5166666666666667,0.9041111422859738,0.0,17.0,0.0,6196.617092471907,2632.1129628478175,1810.0,haco_safemarl_pilot_no_acoustic,generalization,21203358,8
0.0,0.5,300.0,0.5675,0.6469692609874258,0.3883159174000507,1.0,0.9635728185127193,0.0,332.0,0.0,10649.746102327737,2938.4815020120645,0.0,haco_safemarl_pilot_no_shield,generalization,21203358,8
0.0,0.125,300.0,0.23166666666666666,0.8264701866696567,0.6521846584374962,0.5,0.9059175078216828,0.0,17.0,0.0,5355.898698576243,2359.413164640018,1839.0,haco_safemarl_pilot,generalization,21203358,8
0.0,0.0,300.0,0.38125,0.734660640203877,0.48248777088483,0.75,0.8202668180042196,0.0,51.0,0.0,4208.189251329935,2172.2529741632106,2285.0,mappo_no_acoustic_shield,generalization,21203358,8
0.0,0.5,300.0,0.5420833333333334,0.6054120424849976,0.3226328611406603,1.0,0.9187034106530233,0.0,173.0,0.0,6828.0000000000455,3359.6567411657393,0.0,fixed_auv_ga_pso_tlbo_proxy,generalization,21213365,8
0.0,1.0,289.0,0.6583044982698962,0.4745964114137262,0.11102684266873891,1.0,0.7993903062983325,0.0,175.0,0.0,9193.09000000003,4369.099999999989,0.0,independent_greedy,generalization,21213365,8
0.0,0.375,300.0,0.6058333333333333,0.7138975244542228,0.5678698568618069,1.0,0.9193334976138846,0.0,150.0,0.0,8851.069487633527,3368.28403274965,0.0,communication_aware,generalization,21213365,8
0.0,0.375,300.0,0.4666666666666667,0.7081762863105928,0.3555585491144156,0.875,0.8887191681710173,0.0,0.0,0.0,10380.709424837016,3395.4898687334703,1567.0,haco_safemarl_pilot_no_acoustic,generalization,21213365,8
0.0,0.375,300.0,0.5741666666666667,0.632434186530523,0.2804222674462316,0.875,0.7419390584391449,0.0,258.0,0.0,10331.908318814263,3070.902205874264,0.0,haco_safemarl_pilot_no_shield,generalization,21213365,8
0.0,0.25,300.0,0.4245833333333333,0.7693518999941492,0.5877012804046102,0.75,0.8546374169288541,0.0,0.0,0.0,10080.022782206677,3526.697450944854,1616.0,haco_safemarl_pilot,generalization,21213365,8
0.0,0.0,300.0,0.49916666666666665,0.6587869679255869,0.30868093954750364,0.8,0.7613078777502922,0.0,0.0,0.0,2652.0491864464843,578.9894924009826,2124.0,mappo_no_acoustic_shield,generalization,21213365,8
0.0,0.875,300.0,0.6670833333333334,0.4818515172804526,0.17406226426914265,0.875,0.5666857809927976,0.0,92.0,0.07333333333333333,6828.0000000000455,3230.405213823215,0.0,fixed_auv_ga_pso_tlbo_proxy,generalization,21223372,8
0.0,1.0,238.0,0.7069327731092437,0.4500426734300786,0.10502120003061594,0.875,0.5168862386297137,0.0,70.0,0.0,7570.780000000038,3077.900000000004,0.0,independent_greedy,generalization,21223372,8
0.0,0.25,300.0,0.71,0.6348749584805016,0.39246619965808877,0.875,0.49895350940512195,0.0,141.0,0.09,8544.424842371156,3476.347538638079,0.0,communication_aware,generalization,21223372,8
0.0,0.375,300.0,0.5354166666666667,0.5837523936058242,0.2485622824134482,0.75,0.6499421796994942,0.0,0.0,0.05,9972.513532395084,3614.500631674246,1660.0,haco_safemarl_pilot_no_acoustic,generalization,21223372,8
0.0,0.25,300.0,0.6733333333333333,0.5081072326245127,0.2658466429261807,0.875,0.4604468309211092,0.0,104.0,0.06333333333333334,9739.423129840372,3254.2684603034245,0.0,haco_safemarl_pilot_no_shield,generalization,21223372,8
0.0,0.25,300.0,0.5454166666666667,0.72350328849214,0.5728329300077405,0.8375,0.6780373458763282,0.0,0.0,0.06,9449.446388809834,3359.274701373914,1745.0,haco_safemarl_pilot,generalization,21223372,8
0.0,0.0,300.0,0.6608333333333334,0.5777151976489759,0.3164825274216363,0.875,0.4761615940637869,0.0,0.0,0.006666666666666667,3416.8390259721855,2119.449371416644,1999.0,mappo_no_acoustic_shield,generalization,21223372,8
0.0,0.625,300.0,0.5641666666666667,0.5327047679800359,0.25245532041986196,0.925,0.7622079673158922,0.0,349.0,0.0,6828.0000000000455,3202.12228660208,0.0,fixed_auv_ga_pso_tlbo_proxy,generalization,21233379,8
0.0,1.0,285.0,0.7289473684210527,0.436765126369444,0.09496543718855761,1.0,0.7770263670590942,0.0,378.0,0.0,9065.850000000031,4363.900000000004,0.0,independent_greedy,generalization,21233379,8
0.0,0.125,300.0,0.6120833333333333,0.6696290978986577,0.43387008378614467,0.875,0.69497889627242,0.0,366.0,0.0,8750.933127934626,3637.6284643038066,0.0,communication_aware,generalization,21233379,8
0.0,0.125,300.0,0.5033333333333333,0.6151681552204132,0.24133405506703487,0.75,0.7405949511365633,0.0,0.0,0.0,10126.246301231078,3678.840968247749,1611.0,haco_safemarl_pilot_no_acoustic,generalization,21233379,8
0.0,0.25,300.0,0.64375,0.5330686029317714,0.24408133736753798,0.875,0.6417679179181804,0.0,421.0,0.0033333333333333335,9957.396258285116,3139.9064839976263,0.0,haco_safemarl_pilot_no_shield,generalization,21233379,8
0.0,0.125,300.0,0.5045833333333334,0.736047865747605,0.5434311520247218,0.75,0.7343944153887058,0.0,0.0,0.0,9483.873273894202,3551.5085682212293,1648.0,haco_safemarl_pilot,generalization,21233379,8
0.0,0.0,300.0,0.48125,0.6520869144515696,0.18905738961879953,0.75,0.7333327971104318,0.0,0.0,0.0,2140.0757291576424,911.2975870804494,1942.0,mappo_no_acoustic_shield,generalization,21233379,8
0.0,0.75,300.0,0.78375,0.3301751722394698,0.10924990389401183,1.0,0.39254922872680004,0.0,127.0,0.0,6828.0000000000455,3603.1268093918493,0.0,fixed_auv_ga_pso_tlbo_proxy,generalization,21243386,8
0.0,1.0,254.0,0.8267716535433071,0.2920427754072518,0.10249194258157486,1.0,0.3395151036271205,0.0,97.0,0.0,8079.740000000044,3896.3000000000047,0.0,independent_greedy,generalization,21243386,8
0.0,0.0,300.0,0.8204166666666667,0.5550141102820632,0.3699832080963572,1.0,0.41115759177289907,0.0,193.0,0.0,8198.370032510493,3008.410084199302,0.0,communication_aware,generalization,21243386,8
0.0,0.125,300.0,0.8266666666666667,0.4277233667772839,0.2506748261608933,1.0,0.3903706643737743,0.0,0.0,0.0,9736.94364932155,3727.42192111993,2070.0,haco_safemarl_pilot_no_acoustic,generalization,21243386,8
0.0,0.0,300.0,0.8529166666666667,0.3783711623022484,0.2414791179627832,1.0,0.37465123261058747,0.0,414.0,0.0,9459.915450395716,3167.5329232179324,0.0,haco_safemarl_pilot_no_shield,generalization,21243386,8
0.0,0.0,300.0,0.8233333333333334,0.6482744707077539,0.554236307635014,1.0,0.40668886628465245,0.0,0.0,0.0,9120.876159238986,3251.3129289732356,2080.0,haco_safemarl_pilot,generalization,21243386,8
0.0,0.0,300.0,0.835,0.5018157602736828,0.2496529442029635,1.0,0.4800411420531796,0.0,0.0,0.0,1779.0714893972797,440.27027147447234,2317.0,mappo_no_acoustic_shield,generalization,21243386,8
0.0,1.0,224.0,0.5574776785714286,0.6193988153865685,0.3914608816824224,0.875,0.7073539733418834,0.0,186.0,0.0,5098.240000000029,2689.9596665920485,0.0,fixed_auv_ga_pso_tlbo_proxy,generalization,21253393,8
0.0,1.0,172.0,0.5443313953488372,0.569713692013554,0.19864059988791555,0.875,0.6593557541032578,0.0,143.0,0.0,5471.3200000000115,2321.900000000002,0.0,independent_greedy,generalization,21253393,8
0.0,0.375,300.0,0.6908333333333333,0.6644853249744402,0.46094830299217665,0.875,0.5572600365490197,0.0,223.0,0.0,8623.664625547126,3761.6419841642564,0.0,communication_aware,generalization,21253393,8
0.0,0.875,300.0,0.46541666666666665,0.6875365217708912,0.3482603504387208,0.7,0.7198799448334178,0.0,32.0,0.0,8621.205276400102,2919.8432833948004,1906.0,haco_safemarl_pilot_no_acoustic,generalization,21253393,8
0.0,0.875,300.0,0.61875,0.6095393494001591,0.3120767713749609,0.8583333333333333,0.6334053067240891,0.0,312.0,0.0,9978.881826961742,2560.6147854449346,0.0,haco_safemarl_pilot_no_shield,generalization,21253393,8
0.0,0.25,300.0,0.45416666666666666,0.7580574020745489,0.5537218916572748,0.625,0.7516205325562169,0.0,53.0,0.0,9102.466080332484,4048.2690377143676,1912.0,haco_safemarl_pilot,generalization,21253393,8
0.0,0.0,300.0,0.28833333333333333,0.8167048845970029,0.741785236545255,0.5,0.8851781726139475,0.0,86.0,0.0,2794.3842560657595,1262.9368353167918,1956.0,mappo_no_acoustic_shield,generalization,21253393,8
0.0,0.75,300.0,0.375,0.6741573544849476,0.31788663795120453,0.75,0.8018074521509242,0.0,0.0,0.0,6828.0000000000455,4068.1107030072326,0.0,fixed_auv_ga_pso_tlbo_proxy,generalization,21263400,8
1.0,1.0,300.0,0.5366666666666666,0.5767100130840953,0.13689017916437402,0.75,0.6125871908414251,0.0,0.0,0.0,9543.000000000024,5744.100000000003,0.0,independent_greedy,generalization,21263400,8
0.0,0.375,300.0,0.5133333333333333,0.7264172189072183,0.4953422553730371,0.875,0.7803770821490975,0.0,0.0,0.0,9144.417448945445,4250.47671257019,0.0,communication_aware,generalization,21263400,8
0.0,0.625,300.0,0.34833333333333333,0.7337180590498128,0.3245659923029621,0.6708333333333333,0.8208243625358134,0.0,0.0,0.0,10320.775247661017,3096.8828863835993,1117.0,haco_safemarl_pilot_no_acoustic,generalization,21263400,8
0.0,0.75,300.0,0.44166666666666665,0.6932801120654549,0.35797254948099183,0.75,0.7825138059602718,0.0,0.0,0.0,10224.939200066863,2930.144969076346,0.0,haco_safemarl_pilot_no_shield,generalization,21263400,8
0.0,0.375,300.0,0.40208333333333335,0.7714336640538131,0.5917318662345243,0.75,0.7907662874406821,0.0,0.0,0.0,9916.257605775,3462.6927572356562,1265.0,haco_safemarl_pilot,generalization,21263400,8
0.0,0.0,300.0,0.2704166666666667,0.7908069444050385,0.547700518976957,0.5,0.8404810751806396,0.0,0.0,0.0,2338.264390754997,370.75779834835885,1643.0,mappo_no_acoustic_shield,generalization,21263400,8
0.0,1.0,231.0,0.6071428571428571,0.5589876389009952,0.18921343581909073,0.9270833333333334,0.6295820273278095,0.0,212.0,0.0,5257.56000000003,2830.632267257372,0.0,fixed_auv_ga_pso_tlbo_proxy,generalization,21273407,8
0.0,1.0,177.0,0.5790960451977402,0.5469006706430677,0.07820291816422864,0.9236111111111112,0.6281938824246615,0.0,160.0,0.0,5630.3700000000135,2429.900000000002,0.0,independent_greedy,generalization,21273407,8
0.0,0.5,300.0,0.7716666666666666,0.5891315025013895,0.35702734662646896,1.0,0.6566720312191666,0.0,250.0,0.0,8363.205662868831,3053.105876440576,0.0,communication_aware,generalization,21273407,8
0.0,0.875,300.0,0.5320833333333334,0.6023578361117484,0.20833105478709357,0.875,0.6575147130280035,0.0,47.0,0.0,7637.200342444669,2502.7425063368223,2012.0,haco_safemarl_pilot_no_acoustic,generalization,21273407,8
0.0,0.625,300.0,0.7054166666666667,0.5468751216192307,0.24722086155214976,1.0,0.6849273208762545,0.0,414.0,0.0,9858.34900520934,2933.938765347127,0.0,haco_safemarl_pilot_no_shield,generalization,21273407,8
0.0,0.25,300.0,0.5554166666666667,0.7087651015391893,0.5156160370583025,0.75,0.6013849153910997,0.0,47.0,0.0,7691.576481279346,3272.1612389394672,2098.0,haco_safemarl_pilot,generalization,21273407,8
0.0,0.0,300.0,0.39958333333333335,0.6679512874237349,0.2146616578602811,0.6375,0.7395612810157135,0.0,39.0,0.0,3223.3023743074314,1464.7208898929289,2063.0,mappo_no_acoustic_shield,generalization,21273407,8
0.0,1.0,281.0,0.8647686832740213,0.3189917346747481,0.17096888113846254,1.0,0.5171919768488203,0.0,16.0,0.09608540925266904,6395.560000000041,3399.923071103617,0.0,fixed_auv_ga_pso_tlbo_proxy,generalization,21283414,8
0.0,1.0,215.0,0.8732558139534884,0.31899619424486547,0.13527645895755616,1.0,0.5573747416756821,0.0,12.0,0.13023255813953488,6839.150000000029,3058.499999999999,0.0,independent_greedy,generalization,21283414,8
0.0,0.0,300.0,0.8883333333333333,0.5625232016958702,0.4597680988544472,1.0,0.5208865162531925,0.0,0.0,0.08333333333333333,8111.516122270435,3051.6062307661296,0.0,communication_aware,generalization,21283414,8
0.0,0.375,300.0,0.8508333333333333,0.44353399453703873,0.2659145926884361,1.0,0.622784170152141,0.0,0.0,0.09666666666666666,9705.366105405985,3077.2037082207685,2317.0,haco_safemarl_pilot_no_acoustic,generalization,21283414,8
0.0,0.0,300.0,0.9066666666666666,0.35894881894580644,0.25239747841953275,1.0,0.5306260570245733,0.0,0.0,0.09,9391.56416691537,3273.298866707051,0.0,haco_safemarl_pilot_no_shield,generalization,21283414,8
0.0,0.0,300.0,0.8391666666666666,0.6455150197421086,0.5879590774899078,1.0,0.6443571821461036,0.0,0.0,0.09333333333333334,9000.665112817109,3318.236088263598,2312.0,haco_safemarl_pilot,generalization,21283414,8
0.0,0.0,300.0,0.8691666666666666,0.4993664600546915,0.2588002063159111,1.0,0.6044977434372866,0.0,0.0,0.11,1792.3309099878682,942.3468365967742,2442.0,mappo_no_acoustic_shield,generalization,21283414,8
0.0,0.625,300.0,0.7320833333333333,0.4661532381642213,0.3310507172493612,1.0,0.6741338715210207,0.0,229.0,0.16,6828.0000000000455,3743.0766899255136,0.0,fixed_auv_ga_pso_tlbo_proxy,generalization,21293421,8
0.0,0.875,300.0,0.82875,0.35496762431845824,0.2317155821515404,1.0,0.5099163224000445,0.0,285.0,0.16666666666666666,9543.000000000024,5440.300000000005,0.0,independent_greedy,generalization,21293421,8
0.0,0.125,300.0,0.7691666666666667,0.6493269166984275,0.5434624599645789,1.0,0.6886712858521657,0.0,220.0,0.15666666666666668,8465.040690232556,3146.0597123087377,0.0,communication_aware,generalization,21293421,8
0.0,0.375,300.0,0.7041666666666667,0.5980710392557357,0.45941226050794587,1.0,0.8172191527352771,0.0,2.0,0.16666666666666666,9954.893076062112,3469.9500518875893,1998.0,haco_safemarl_pilot_no_acoustic,generalization,21293421,8
0.0,0.375,300.0,0.74,0.5550679000923945,0.4330407473604444,1.0,0.7939190289868595,0.0,55.0,0.13333333333333333,10027.791778607456,3071.5468025391688,0.0,haco_safemarl_pilot_no_shield,generalization,21293421,8
0.0,0.0,300.0,0.7354166666666667,0.6910618019409955,0.6310014848167508,1.0,0.7636952831316903,0.0,2.0,0.16666666666666666,9340.524465528462,3402.1019228641217,2096.0,haco_safemarl_pilot,generalization,21293421,8
0.0,0.0,300.0,0.6441666666666667,0.6567974278326144,0.40810604538894096,0.875,0.6267152009634649,0.0,29.0,0.17333333333333334,1820.261666413302,204.64632445692175,2309.0,mappo_no_acoustic_shield,generalization,21293421,8
0.0,0.875,300.0,0.8079166666666666,0.40729904676797,0.21426431192448328,1.0,0.8657929469171797,0.0,356.0,0.0,6828.0000000000455,4006.626724329221,0.0,fixed_auv_ga_pso_tlbo_proxy,generalization,21303428,8
0.0,1.0,251.0,0.8799800796812749,0.3579629435004313,0.18957185926282516,1.0,0.41323495911808994,0.0,294.0,0.0,7984.310000000043,4256.100000000011,0.0,independent_greedy,generalization,21303428,8
0.0,0.125,300.0,0.81625,0.6230115914921176,0.4972518048901754,1.0,0.8228725921789487,0.0,173.0,0.03,8461.2303301055,3456.1410574650363,0.0,communication_aware,generalization,21303428,8
0.0,0.375,300.0,0.705,0.5411475618116501,0.33480986424627557,0.95,0.8131277737658946,0.0,35.0,0.0,9916.942983288362,3368.2200543764066,2124.0,haco_safemarl_pilot_no_acoustic,generalization,21303428,8
0.0,0.25,300.0,0.77375,0.47205762158315273,0.3164851228860394,1.0,0.6158597208300037,0.0,297.0,0.0,9682.295964662413,3207.1398022231597,0.0,haco_safemarl_pilot_no_shield,generalization,21303428,8
0.0,0.125,300.0,0.6683333333333333,0.6943443829025386,0.6053765960852379,0.875,0.7635546813918133,0.0,33.0,0.0,9397.744522327008,3392.3042528362025,2050.0,haco_safemarl_pilot,generalization,21303428,8
0.0,0.125,300.0,0.6779166666666666,0.6117253304196579,0.3433776406805202,0.875,0.5445586873181761,0.0,73.0,0.0,2067.4368550662834,507.67705552722373,2136.0,mappo_no_acoustic_shield,generalization,21303428,8
0.0,1.0,271.0,0.8021217712177122,0.4212868229902023,0.19568017630790818,1.0,0.49281559939752567,0.01845018450184502,97.0,0.14760147601476015,6167.960000000039,3413.560238801812,0.0,fixed_auv_ga_pso_tlbo_proxy,generalization,21313435,8
0.0,1.0,208.0,0.8257211538461539,0.37436659909699077,0.08571856196734082,1.0,0.455402009943562,0.0,75.0,0.11538461538461539,6616.480000000026,2907.8999999999974,0.0,independent_greedy,generalization,21313435,8
0.0,0.25,300.0,0.785,0.6308904622528385,0.3896066089686289,0.875,0.3229004967048991,0.05,0.0,0.11666666666666667,8408.771304767333,3900.6671553579354,0.0,communication_aware,generalization,21313435,8
0.0,0.5,300.0,0.6191666666666666,0.5573186680459664,0.23174950319923554,0.75,0.5805489458807865,0.0,0.0,0.18666666666666668,10066.589322908862,3141.161046167059,1824.0,haco_safemarl_pilot_no_acoustic,generalization,21313435,8
0.0,0.5,300.0,0.7395833333333334,0.5024147529718257,0.2552752391442541,0.875,0.41783079894318387,0.0,82.0,0.21,9701.625644137242,2972.291493609768,0.0,haco_safemarl_pilot_no_shield,generalization,21313435,8
0.0,0.125,300.0,0.6733333333333333,0.6832265615312394,0.5454505938967634,0.875,0.5305198033063003,0.0,0.0,0.15333333333333332,9231.26462506113,3288.961674282724,2013.0,haco_safemarl_pilot,generalization,21313435,8
0.0,0.125,300.0,0.7458333333333333,0.5899319169445207,0.2965962338255535,0.875,0.4119212511545386,0.0,0.0,0.14,2446.2243770266778,714.4326634809079,2202.0,mappo_no_acoustic_shield,generalization,21313435,8
0.0,0.75,300.0,0.7091666666666666,0.46691356282431995,0.16203958754600392,1.0,0.6328639716603999,0.0,34.0,0.04666666666666667,6828.0000000000455,3639.2182387496387,0.0,fixed_auv_ga_pso_tlbo_proxy,generalization,21323442,8
0.0,0.875,300.0,0.8,0.33552535376009474,0.05550345259900345,1.0,0.5650382576739911,0.016666666666666666,26.0,0.07,9543.000000000024,5352.300000000001,0.0,independent_greedy,generalization,21323442,8
0.0,0.25,300.0,0.7504166666666666,0.6454122464609198,0.4993289591885153,1.0,0.6332348538393,0.0,21.0,0.006666666666666667,8457.413918498154,3194.7400824358765,0.0,communication_aware,generalization,21323442,8
0.0,0.375,300.0,0.5845833333333333,0.6302964009931512,0.2571613618054318,0.875,0.6304251589007498,0.0,0.0,0.05,10267.549368776012,2978.636859410514,1832.0,haco_safemarl_pilot_no_acoustic,generalization,21323442,8
0.0,0.375,300.0,0.7220833333333333,0.5343982222451152,0.22814168435793286,1.0,0.6377788289790125,0.03666666666666667,19.0,0.07,9981.908475159733,2993.362117592203,0.0,haco_safemarl_pilot_no_shield,generalization,21323442,8
0.0,0.125,300.0,0.6579166666666667,0.7010372404325025,0.5583043824816417,0.875,0.6506538962930827,0.0,0.0,0.06,9326.861933492024,3156.820768495786,1880.0,haco_safemarl_pilot,generalization,21323442,8
0.0,0.0,300.0,0.6004166666666667,0.5949509325186849,0.2459100134827529,0.8291666666666667,0.5735874874318174,0.0,0.0,0.0,2058.9898655324264,719.5221743715189,2106.0,mappo_no_acoustic_shield,generalization,21323442,8
0.0,0.75,300.0,0.6795833333333333,0.5533644959250275,0.26684873059190795,1.0,0.5853065885948967,0.0,217.0,0.0,6828.000000000045,3721.170769125497,0.0,fixed_auv_ga_pso_tlbo_proxy,generalization,21333449,8
0.0,1.0,251.0,0.7146414342629482,0.5003176715483683,0.116534284548281,1.0,0.5623227374881365,0.0,166.0,0.0,7984.310000000043,3908.699999999999,0.0,independent_greedy,generalization,21333449,8
0.0,0.25,300.0,0.7429166666666667,0.6620981671999076,0.5083227661758704,1.0,0.5988915387349442,0.0,290.0,0.0,8537.685555708125,3152.2688696707305,0.0,communication_aware,generalization,21333449,8
0.0,0.375,300.0,0.5020833333333333,0.6767009626916473,0.3305538159462542,0.75,0.7729850774976678,0.0,33.0,0.0,10202.767832587248,3588.6012744378004,1661.0,haco_safemarl_pilot_no_acoustic,generalization,21333449,8
0.0,0.5,300.0,0.6616666666666666,0.5634050844345763,0.3291942727506192,0.875,0.7213703041687197,0.0,160.0,0.0,9970.176568254175,2953.1943140432527,0.0,haco_safemarl_pilot_no_shield,generalization,21333449,8
0.0,0.25,300.0,0.47041666666666665,0.7673662017755324,0.6704013085067045,0.75,0.8094202825569456,0.0,33.0,0.0,10040.577833859805,4031.9637892897367,1732.0,haco_safemarl_pilot,generalization,21333449,8
0.0,0.125,300.0,0.48541666666666666,0.7250289631824206,0.44497613672812186,0.875,0.7953656577503688,0.0,33.0,0.0,2352.39395962908,1253.4983002283184,2083.0,mappo_no_acoustic_shield,generalization,21333449,8
0.0,0.75,300.0,0.6866666666666666,0.554354280404014,0.2644944370280139,1.0,0.7723607437699237,0.0,150.0,0.0,6828.0000000000455,4600.693314990758,0.0,fixed_auv_ga_pso_tlbo_proxy,generalization,21343456,8
0.0,1.0,257.0,0.6624513618677043,0.4656917090071281,0.08443404568214037,0.875,0.5442657481332401,0.0,115.0,0.0,8175.170000000046,4931.499999999989,0.0,independent_greedy,generalization,21343456,8
0.0,0.375,300.0,0.7429166666666667,0.6795455993793913,0.49207560077496976,1.0,0.7503449280429936,0.0,125.0,0.0,8610.820159642013,3647.6883179375004,0.0,communication_aware,generalization,21343456,8
0.0,0.625,300.0,0.40166666666666667,0.6890098099616832,0.2555493626151111,0.6708333333333333,0.8243530209116107,0.0,54.0,0.0,10454.45995921518,3227.158466574973,1529.0,haco_safemarl_pilot_no_acoustic,generalization,21343456,8
0.0,0.5,300.0,0.5366666666666666,0.6302457080698306,0.26701245442878285,0.6958333333333333,0.6927137952629675,0.0,245.0,0.0,9943.598118202144,2978.7575849348104,0.0,haco_safemarl_pilot_no_shield,generalization,21343456,8
0.0,0.375,300.0,0.4508333333333333,0.7567245753579304,0.5212554408661795,0.65,0.8210401935598115,0.0,61.0,0.0,9907.131035315124,3555.885260000716,1540.0,haco_safemarl_pilot,generalization,21343456,8
0.0,0.0,300.0,0.435,0.7231651150856152,0.542122551042285,0.625,0.7301299889191286,0.0,86.0,0.0,3089.375705510367,1337.2438968752185,2054.0,mappo_no_acoustic_shield,generalization,21343456,8
0.0,0.875,300.0,0.5029166666666667,0.6043304528297858,0.19272179781828935,0.8083333333333333,0.6699256479395066,0.0,137.0,0.0,6828.0000000000455,4438.46051687738,0.0,fixed_auv_ga_pso_tlbo_proxy,generalization,21353463,8
0.0,1.0,272.0,0.7192095588235294,0.5541790049145501,0.145158555928896,1.0,0.6574312139011859,0.0,147.0,0.0,8652.320000000038,5475.900000000005,0.0,independent_greedy,generalization,21353463,8
0.0,0.5,300.0,0.6479166666666667,0.7125443322243914,0.501257866130251,1.0,0.7402045546212251,0.0,249.0,0.0,8949.782123486655,4537.177791881443,0.0,communication_aware,generalization,21353463,8
0.0,0.5,300.0,0.3745833333333333,0.7366787120972683,0.4460372418784271,0.5666666666666667,0.7255368905991012,0.0,0.0,0.0,9932.373110018767,3727.928075331151,1037.0,haco_safemarl_pilot_no_acoustic,generalization,21353463,8
0.0,0.5,300.0,0.42083333333333334,0.6513509651230587,0.3113187433918102,0.625,0.6912562753439597,0.0,235.0,0.0,9792.60658758382,3291.176960485896,0.0,haco_safemarl_pilot_no_shield,generalization,21353463,8
0.0,0.5,300.0,0.38666666666666666,0.787084050988809,0.6385897145726517,0.625,0.7272102414077103,0.0,0.0,0.0,9696.666167142252,3497.686200458673,1078.0,haco_safemarl_pilot,generalization,21353463,8
0.0,0.0,300.0,0.36833333333333335,0.6948911874596326,0.40322825434417886,0.5708333333333333,0.7355831519439886,0.0,0.0,0.0,3249.4147282602466,1588.6146524305955,1550.0,mappo_no_acoustic_shield,generalization,21353463,8
0.0,1.0,297.0,0.6430976430976431,0.5200100937074631,0.14962183633887946,0.875,0.5579155132008912,0.0,31.0,0.0,6759.720000000045,4759.7726263245195,0.0,fixed_auv_ga_pso_tlbo_proxy,generalization,21363470,8
0.0,1.0,227.0,0.6569383259911894,0.5184411612440264,0.08606736046056032,0.875,0.5193611839282207,0.0,24.0,0.0,7220.8700000000335,4312.100000000011,0.0,independent_greedy,generalization,21363470,8
0.0,0.375,300.0,0.6283333333333333,0.6445609835895603,0.39563470196061334,0.75,0.498336506635904,0.0,72.0,0.0,8711.954458553626,4212.134497493551,0.0,communication_aware,generalization,21363470,8
0.0,0.625,300.0,0.48625,0.6182551760921677,0.2415452228077208,0.75,0.67308737844202,0.0,0.0,0.0,10004.888388792568,3374.0612386086846,1379.0,haco_safemarl_pilot_no_acoustic,generalization,21363470,8
0.0,0.5,300.0,0.6145833333333334,0.5585442578837042,0.2779774637105691,0.75,0.5180707936456281,0.0,46.0,0.0,9632.954313742375,3185.194972906981,0.0,haco_safemarl_pilot_no_shield,generalization,21363470,8
0.0,0.375,300.0,0.5033333333333333,0.7453214257425851,0.523984346923183,0.75,0.6518777343595531,0.0,0.0,0.0,9469.700114982434,3773.213251949678,1487.0,haco_safemarl_pilot,generalization,21363470,8
0.0,0.125,300.0,0.5,0.6719781671852881,0.3490413815404893,0.75,0.6692345443720018,0.0,0.0,0.0,1716.3541126291286,370.5373249418627,2010.0,mappo_no_acoustic_shield,generalization,21363470,8
0.0,0.875,300.0,0.54875,0.5847100932327265,0.27664844043949105,0.875,0.7742332186926161,0.0,0.0,0.0,6828.0000000000455,4065.0857449099444,0.0,fixed_auv_ga_pso_tlbo_proxy,generalization,21373477,8
1.0,1.0,235.0,0.5643617021276596,0.5683420334514722,0.24799270944286958,0.875,0.7226096904707513,0.0,0.0,0.0,7475.350000000037,3873.2999999999997,0.0,independent_greedy,generalization,21373477,8
0.0,0.375,300.0,0.5933333333333334,0.6966381008418817,0.5153946536666102,0.875,0.7284651526515071,0.0,0.0,0.0,8818.567896736618,3827.2704043943086,0.0,communication_aware,generalization,21373477,8
0.0,0.5,300.0,0.4379166666666667,0.6555426697682092,0.38857284478709087,0.6375,0.7742226294838855,0.0,0.0,0.0,9991.608772597148,3343.6218663035042,1314.0,haco_safemarl_pilot_no_acoustic,generalization,21373477,8
0.0,0.375,300.0,0.5029166666666667,0.6145251540313578,0.3294938033201787,0.7583333333333333,0.7064167953528697,0.0,0.0,0.0,9909.113036800647,3452.4467994345787,0.0,haco_safemarl_pilot_no_shield,generalization,21373477,8
0.0,0.375,300.0,0.44333333333333336,0.7606388779836776,0.6328471986802185,0.7666666666666667,0.7953685020749485,0.0,0.0,0.0,9680.136294024243,3554.785488022195,1375.0,haco_safemarl_pilot,generalization,21373477,8
0.0,0.125,300.0,0.4791666666666667,0.7270938802636899,0.5860566807323613,0.75,0.7444957345435513,0.0,0.0,0.0,2587.2702841307896,1012.2137662152857,1865.0,mappo_no_acoustic_shield,generalization,21373477,8
0.0,0.875,300.0,0.29041666666666666,0.727022759902377,0.2882495211825017,0.625,0.8478695450612208,0.0,0.0,0.0,6828.0000000000455,4185.49691245441,0.0,fixed_auv_ga_pso_tlbo_proxy,generalization,21383484,8
1.0,1.0,247.0,0.34868421052631576,0.6783419258573026,0.09381060167627425,0.625,0.8064082515505306,0.0,0.0,0.0,7857.070000000042,4182.300000000004,0.0,independent_greedy,generalization,21383484,8
0.0,0.625,300.0,0.43416666666666665,0.7430400939452411,0.4129579523654255,0.875,0.8234404246172011,0.0,0.0,0.0,9320.891203651448,4345.914199917222,0.0,communication_aware,generalization,21383484,8
0.0,0.875,300.0,0.3225,0.7398417143624072,0.5742473945959662,0.8708333333333333,0.928567213969772,0.0,0.0,0.0,11057.612624296286,2391.0857485315114,954.0,haco_safemarl_pilot_no_acoustic,generalization,21383484,8
0.0,0.875,300.0,0.40458333333333335,0.7025117692482757,0.5083205833172174,0.875,0.8888486984939512,0.0,30.0,0.0,10554.044296086855,2483.2015983190568,0.0,haco_safemarl_pilot_no_shield,generalization,21383484,8
0.0,0.625,300.0,0.36625,0.7867375212665596,0.5544874558592425,0.625,0.7931979016418476,0.0,0.0,0.0,10036.944826288913,3248.9798249490614,1009.0,haco_safemarl_pilot,generalization,21383484,8
0.0,0.125,300.0,0.29791666666666666,0.7708218268450778,0.5389098480418516,0.5,0.8513214075594534,0.0,0.0,0.0,3735.9152183917154,446.05238125955265,1635.0,mappo_no_acoustic_shield,generalization,21383484,8
0.0,0.75,300.0,0.7666666666666667,0.4002097085820139,0.268336418697371,1.0,0.7581325183048585,0.0,205.0,0.0,6828.0000000000455,3555.8652841103158,0.0,fixed_auv_ga_pso_tlbo_proxy,generalization,21393491,8
0.0,0.875,300.0,0.8416666666666667,0.2929647376625113,0.13416593447667846,1.0,0.6097972970655331,0.0,146.0,0.0,9543.000000000024,5226.1000000000095,0.0,independent_greedy,generalization,21393491,8
0.0,0.125,300.0,0.7933333333333333,0.6142355906234266,0.4983716260461073,1.0,0.7617160406081119,0.0,109.0,0.0,8362.02024971324,3051.0606584714396,0.0,communication_aware,generalization,21393491,8
0.0,0.25,300.0,0.7270833333333333,0.5395048352361264,0.32331345677690704,1.0,0.7388727765074561,0.0,0.0,0.0,9981.144266354753,3363.459430228527,2075.0,haco_safemarl_pilot_no_acoustic,generalization,21393491,8
0.0,0.25,300.0,0.8041666666666667,0.46548021510319737,0.29202704686199793,1.0,0.7074323629852785,0.0,157.0,0.0,9782.845985339716,3146.77848653246,0.0,haco_safemarl_pilot_no_shield,generalization,21393491,8
0.0,0.0,300.0,0.7541666666666667,0.6842761858065207,0.6125023105204761,1.0,0.8063843586161635,0.0,0.0,0.0,9405.715944878535,3455.6127220581916,2074.0,haco_safemarl_pilot,generalization,21393491,8
0.0,0.0,300.0,0.73,0.5439906014353748,0.257309836061137,1.0,0.7288785201327573,0.0,0.0,0.0,3771.7197412175606,1824.0355726266012,2255.0,mappo_no_acoustic_shield,generalization,21393491,8
0.0,0.625,300.0,0.6183333333333333,0.5626063085831663,0.32459420853324444,1.0,0.7864459140621202,0.0,301.0,0.0,6828.0000000000455,3406.9255698733455,0.0,fixed_auv_ga_pso_tlbo_proxy,generalization,21403498,8
0.0,0.75,300.0,0.705,0.43256935340898184,0.23420581529561132,1.0,0.7674350242677702,0.0,303.0,0.0,9543.000000000024,4779.699999999994,0.0,independent_greedy,generalization,21403498,8
0.0,0.125,300.0,0.67375,0.6915615659735823,0.5874062936435598,1.0,0.7879268066082252,0.0,381.0,0.0,8662.503834948617,3238.574262677674,0.0,communication_aware,generalization,21403498,8
0.0,0.125,300.0,0.55,0.6804108246071845,0.48177457582299144,0.875,0.8822781898778509,0.0,0.0,0.0,10377.164191867862,4309.261600460279,1563.0,haco_safemarl_pilot_no_acoustic,generalization,21403498,8
0.0,0.375,300.0,0.625,0.5690130702151668,0.35577785638733395,0.875,0.847393793231452,0.0,250.0,0.0,10163.951224345503,3026.0323832346257,0.0,haco_safemarl_pilot_no_shield,generalization,21403498,8
0.0,0.125,300.0,0.5425,0.7500994855953093,0.6613200271218939,0.875,0.9217381464355731,0.0,0.0,0.0,10045.747834035294,3939.7535515759428,1582.0,haco_safemarl_pilot,generalization,21403498,8
0.0,0.0,300.0,0.6,0.6968123388228008,0.6015593285556858,1.0,0.8172531213876696,0.0,0.0,0.0,2852.6493860011615,1348.1977097213341,2313.0,mappo_no_acoustic_shield,generalization,21403498,8
0.0,1.0,284.0,0.5356514084507042,0.6287232549746777,0.2949054783735914,0.875,0.7788227934110017,0.0,156.0,0.0,6463.840000000042,4290.092066115804,0.0,fixed_auv_ga_pso_tlbo_proxy,generalization,21413505,8
0.0,1.0,217.0,0.7050691244239631,0.5796841344296036,0.20557462793302517,0.875,0.6052903797184348,0.0,119.0,0.0,6902.7700000000295,3844.1000000000063,0.0,independent_greedy,generalization,21413505,8
0.0,0.5,300.0,0.5920833333333333,0.714680896249659,0.5215764383886669,0.875,0.7193645184241134,0.0,259.0,0.0,8901.280531580007,4138.507072142146,0.0,communication_aware,generalization,21413505,8
0.0,0.875,300.0,0.27791666666666665,0.7540609822827523,0.32183506936497813,0.5,0.8709487236367222,0.0,5.0,0.0,6803.103631872542,2305.4025287669588,1708.0,haco_safemarl_pilot_no_acoustic,generalization,21413505,8
0.0,1.0,253.0,0.4827075098814229,0.6809945248563134,0.4163008410155101,0.75,0.8189317965458882,0.0,225.0,0.0,8749.66532016039,2084.162768323593,0.0,haco_safemarl_pilot_no_shield,generalization,21413505,8
0.0,0.375,300.0,0.3358333333333333,0.7822817391876998,0.5743969666231207,0.5,0.8118143384186898,0.0,5.0,0.0,7088.495774081756,2485.5103624531744,1624.0,haco_safemarl_pilot,generalization,21413505,8
0.0,0.0,300.0,0.225,0.821929187580472,0.6494562814182807,0.375,0.8709934702986116,0.0,4.0,0.0,2074.1452859911324,1139.862302311738,1506.0,mappo_no_acoustic_shield,generalization,21413505,8
0.0,0.75,300.0,0.5758333333333333,0.5336082849941723,0.2947298862206695,0.875,0.6718487438149168,0.0,53.0,0.0,6828.0000000000455,3179.8802680271033,0.0,fixed_auv_ga_pso_tlbo_proxy,generalization,21423512,8
0.0,1.0,267.0,0.6413857677902621,0.46574598378212917,0.12337913994470888,0.875,0.6947343992138936,0.0,76.0,0.0,8493.27000000004,3931.3000000000015,0.0,independent_greedy,generalization,21423512,8
0.0,0.125,300.0,0.69875,0.6639146659742848,0.4576602456993088,1.0,0.7745969413939395,0.0,0.0,0.0,8595.642452543987,2995.060939064464,0.0,communication_aware,generalization,21423512,8
0.0,0.375,300.0,0.5658333333333333,0.5977585172799691,0.2812485857452648,0.875,0.7626632425510801,0.0,0.0,0.0,10163.770396610189,3252.2175589418384,1674.0,haco_safemarl_pilot_no_acoustic,generalization,21423512,8
0.0,0.25,300.0,0.65,0.5301899331082515,0.31067361990361436,0.875,0.666696902297154,0.0,67.0,0.0,10015.69517597388,3098.566335138326,0.0,haco_safemarl_pilot_no_shield,generalization,21423512,8
0.0,0.125,300.0,0.5695833333333333,0.7216439435880583,0.5676198241896633,0.875,0.7683753851859544,0.0,0.0,0.0,9668.379760325472,3229.6365254409325,1731.0,haco_safemarl_pilot,generalization,21423512,8
0.0,0.0,300.0,0.525,0.6431567849254162,0.3570170426560729,0.75,0.6723589887606408,0.0,0.0,0.0,2285.914802828323,725.5591833590827,2379.0,mappo_no_acoustic_shield,generalization,21423512,8
0.0,0.625,300.0,0.5754166666666667,0.5202039220384092,0.2452572798366308,0.875,0.7346880005418939,0.0,175.0,0.0,6828.0000000000455,3652.069411658698,0.0,fixed_auv_ga_pso_tlbo_proxy,generalization,21433519,8
0.0,1.0,258.0,0.6051356589147286,0.4801977112568062,0.17498142865684663,0.875,0.697533625645388,0.0,162.0,0.0,8206.980000000045,4050.700000000001,0.0,independent_greedy,generalization,21433519,8
0.0,0.125,300.0,0.6170833333333333,0.6801025901999765,0.4939792315188517,0.875,0.6832177595785232,0.0,162.0,0.0,8730.56954969959,3616.656634823059,0.0,communication_aware,generalization,21433519,8
0.0,0.375,300.0,0.5725,0.6151071545295148,0.3621711202291304,0.875,0.7647860554906956,0.0,5.0,0.0,10024.926756584455,3406.84420949582,1654.0,haco_safemarl_pilot_no_acoustic,generalization,21433519,8
0.0,0.375,300.0,0.6529166666666667,0.5376558730851961,0.2976427137508809,0.875,0.6315568637213202,0.0,181.0,0.0,9951.096080902083,3187.3378902308164,0.0,haco_safemarl_pilot_no_shield,generalization,21433519,8
0.0,0.125,300.0,0.5741666666666667,0.728787775453345,0.6063476968773096,0.875,0.7687626595185326,0.0,5.0,0.0,9554.022592852527,3508.793103575009,1660.0,haco_safemarl_pilot,generalization,21433519,8
0.0,0.125,300.0,0.51875,0.6718575646025206,0.48151049643911503,0.75,0.7004285449930072,0.0,6.0,0.0,2122.5877375794016,452.42500580104246,1799.0,mappo_no_acoustic_shield,generalization,21433519,8
0.0,0.5,300.0,0.45958333333333334,0.6283374244096249,0.2405140235742122,0.6875,0.6567332167110005,0.0,202.0,0.12,6828.0000000000455,3776.840410200185,0.0,fixed_auv_ga_pso_tlbo_proxy,generalization,21443526,8
0.0,1.0,294.0,0.5667517006802721,0.5128991890542736,0.05893473261129499,0.8041666666666667,0.570189667642671,0.0,176.0,0.0782312925170068,9352.140000000027,4848.899999999991,0.0,independent_greedy,generalization,21443526,8
0.0,0.25,300.0,0.5845833333333333,0.7316445289604465,0.5318281327009877,0.875,0.5907746090146577,0.0,185.0,0.07,8942.989845791484,3828.3027826360703,0.0,communication_aware,generalization,21443526,8
0.0,0.5,300.0,0.37125,0.7188983184311667,0.3131038498389414,0.5041666666666667,0.7233733731618953,0.05,47.0,0.08666666666666667,7847.427081217064,2299.560647243416,1389.0,haco_safemarl_pilot_no_acoustic,generalization,21443526,8
0.0,0.375,300.0,0.5008333333333334,0.6314975884082452,0.297496730316949,0.75,0.6590808896192673,0.0,198.0,0.06333333333333334,10210.95483349922,3182.2423823596782,0.0,haco_safemarl_pilot_no_shield,generalization,21443526,8
0.0,0.25,300.0,0.41583333333333333,0.7727852502451088,0.5610482813473497,0.75,0.731957304042486,0.0,0.0,0.016666666666666666,7730.443056281725,2839.7431010570062,1494.0,haco_safemarl_pilot,generalization,21443526,8
0.0,0.0,300.0,0.44375,0.7117378889495398,0.3422427875273382,0.75,0.7465879957492616,0.0,44.0,0.03333333333333333,3722.715219837302,1512.3135603880999,2479.0,mappo_no_acoustic_shield,generalization,21443526,8
0.0,0.75,300.0,0.715,0.44265810845971887,0.22707386971884863,1.0,0.6206698929467808,0.0,130.0,0.0,6828.0000000000455,3806.263724758533,0.0,fixed_auv_ga_pso_tlbo_proxy,generalization,21453533,8
0.0,1.0,261.0,0.7246168582375478,0.3791089117472735,0.07167742506489398,1.0,0.6089217043334406,0.0,99.0,0.0,8302.410000000044,4166.899999999999,0.0,independent_greedy,generalization,21453533,8
0.0,0.25,300.0,0.7708333333333334,0.6158876555348576,0.44327927244105114,1.0,0.6485404087661897,0.0,66.0,0.0,8380.495899548734,3146.4449065296717,0.0,communication_aware,generalization,21453533,8
0.0,0.5,300.0,0.5195833333333333,0.6214946862294717,0.23938654733958092,0.8,0.7353674267369118,0.0,0.0,0.0,10472.05805370394,3050.8985135778435,1762.0,haco_safemarl_pilot_no_acoustic,generalization,21453533,8
0.0,0.375,300.0,0.7254166666666667,0.5158395348422187,0.20943029262836077,1.0,0.6994694557606844,0.0,227.0,0.0,9950.861953014371,2945.826273005323,0.0,haco_safemarl_pilot_no_shield,generalization,21453533,8
0.0,0.0,300.0,0.6970833333333334,0.6802780398747847,0.5141401988948128,1.0,0.7124799140701698,0.0,0.0,0.0,9401.80061945112,3207.2768229972576,1963.0,haco_safemarl_pilot,generalization,21453533,8
0.0,0.0,300.0,0.61125,0.6379001246529599,0.29117861952577734,1.0,0.7867248334609415,0.0,0.0,0.0,2152.2623172070657,733.5248217018898,2194.0,mappo_no_acoustic_shield,generalization,21453533,8
0.0,0.625,300.0,0.5008333333333334,0.5984201385659399,0.2794453017953124,0.875,0.7367274444240968,0.0,183.0,0.0,6828.0000000000455,3038.867639918599,0.0,fixed_auv_ga_pso_tlbo_proxy,generalization,21463540,8
0.0,0.875,300.0,0.6345833333333334,0.48618916119218575,0.22609664260970072,0.875,0.6717189977603326,0.0,139.0,0.0,9543.000000000024,4619.5,0.0,independent_greedy,generalization,21463540,8
0.0,0.125,300.0,0.5729166666666666,0.7239482197812737,0.5716798886233779,0.875,0.7000321156491348,0.0,176.0,0.0,8847.566258318348,3522.256222382787,0.0,communication_aware,generalization,21463540,8
0.0,0.375,300.0,0.45,0.673603229863235,0.3733445737452984,0.8166666666666667,0.7835998100046934,0.0,27.0,0.0,10242.711034834107,3666.566065096945,1561.0,haco_safemarl_pilot_no_acoustic,generalization,21463540,8
0.0,0.5,300.0,0.6016666666666667,0.5747340927404402,0.4009445333283339,0.875,0.6841002179232071,0.0,125.0,0.0,10230.548961989532,2916.8311889926686,0.0,haco_safemarl_pilot_no_shield,generalization,21463540,8
0.0,0.125,300.0,0.47291666666666665,0.7574708608742895,0.6165052332301766,0.7958333333333333,0.8227580937349364,0.0,27.0,0.0,9889.764748464557,3643.2346846712994,1592.0,haco_safemarl_pilot,generalization,21463540,8
0.0,0.125,300.0,0.44708333333333333,0.7327782397243139,0.34856811040787006,0.625,0.7024048663489366,0.0,28.0,0.0,1985.1890898973852,795.5025840636918,1939.0,mappo_no_acoustic_shield,generalization,21463540,8
0.0,1.0,300.0,0.5641666666666667,0.5933509376473242,0.1120500317909539,0.75,0.5871031302839906,0.0,70.0,0.006666666666666667,6828.0000000000455,4735.170439773759,0.0,fixed_auv_ga_pso_tlbo_proxy,generalization,21473547,8
0.0,1.0,229.0,0.5731441048034934,0.5883418152656884,0.05958243067686384,0.75,0.6090100066605683,0.0,53.0,0.004366812227074236,7284.490000000034,4293.100000000007,0.0,independent_greedy,generalization,21473547,8
0.0,0.5,300.0,0.5991666666666666,0.6867142632465135,0.2886666707042227,0.75,0.5388006520444273,0.0,195.0,0.006666666666666667,8865.343992771212,4564.550980462961,0.0,communication_aware,generalization,21473547,8
0.0,0.75,300.0,0.37166666666666665,0.6811729052328557,0.18295708939488609,0.5,0.7355735889073836,0.0,10.0,0.0033333333333333335,9996.009885333642,3230.434613454371,1157.0,haco_safemarl_pilot_no_acoustic,generalization,21473547,8
0.0,0.625,300.0,0.4920833333333333,0.6442146740103109,0.19567275179668842,0.7416666666666667,0.6153292221738921,0.0,292.0,0.0033333333333333335,9794.063838181715,3080.6809110914996,0.0,haco_safemarl_pilot_no_shield,generalization,21473547,8
0.0,0.5,300.0,0.3720833333333333,0.771839763618209,0.5396030017121499,0.5,0.7493529504707058,0.0,10.0,0.0033333333333333335,9632.305185022002,3568.6065434958145,1231.0,haco_safemarl_pilot,generalization,21473547,8
0.0,0.0,300.0,0.42,0.6781769857050467,0.2787367707732426,0.6166666666666667,0.7255429409934329,0.0,11.0,0.0,2800.9274829372553,1678.9174366671405,1835.0,mappo_no_acoustic_shield,generalization,21473547,8
0.0,0.75,300.0,0.54875,0.5477548889524777,0.29720065137298185,0.7541666666666667,0.6062845557759287,0.0,429.0,0.0,6828.0000000000455,3698.977287090709,0.0,fixed_auv_ga_pso_tlbo_proxy,generalization,21483554,8
0.0,1.0,260.0,0.6509615384615385,0.47447260070251895,0.12942004415795685,0.8653846153846154,0.5745874903644101,0.0,359.0,0.0,8270.600000000044,3983.499999999999,0.0,independent_greedy,generalization,21483554,8
0.0,0.25,300.0,0.6575,0.6789320849021163,0.4564445145666048,1.0,0.6372165134582055,0.0,292.0,0.0,8657.908763534793,3157.1734258064603,0.0,communication_aware,generalization,21483554,8
0.0,0.5,300.0,0.47125,0.6588076086089123,0.3797463676338454,0.6333333333333333,0.717749943812066,0.0,0.0,0.0,10448.489553489642,3488.6665480924717,1571.0,haco_safemarl_pilot_no_acoustic,generalization,21483554,8
0.0,0.75,300.0,0.6141666666666666,0.5955093748689655,0.41166326296889477,0.9416666666666667,0.6229194271624715,0.0,247.0,0.0,10274.624586656479,2807.7154847273414,0.0,haco_safemarl_pilot_no_shield,generalization,21483554,8
0.0,0.125,300.0,0.5154166666666666,0.7307457974003267,0.5503289788405982,0.8791666666666667,0.6871273698655576,0.0,0.0,0.0,9882.210310260283,3693.725191779722,1743.0,haco_safemarl_pilot,generalization,21483554,8
0.0,0.125,300.0,0.52375,0.6572719391851124,0.33651568443313623,0.625,0.6033648428214549,0.0,0.0,0.0,3950.249236573378,1434.8826793576172,2146.0,mappo_no_acoustic_shield,generalization,21483554,8
0.0,0.75,300.0,0.6845833333333333,0.4702238394207994,0.20216625133746896,1.0,0.6268640225515913,0.0,243.0,0.15,6828.0000000000455,3880.1492491483914,0.0,fixed_auv_ga_pso_tlbo_proxy,generalization,21493561,8
0.0,1.0,257.0,0.8059338521400778,0.38672350292411,0.08844084310142258,1.0,0.49642340399384993,0.0,214.0,0.058365758754863814,8175.170000000046,4137.500000000005,0.0,independent_greedy,generalization,21493561,8
0.0,0.25,300.0,0.7425,0.646709924090334,0.47205075105073613,1.0,0.6294897150964958,0.0,265.0,0.15,8449.856412651117,3200.586407888221,0.0,communication_aware,generalization,21493561,8
0.0,0.375,300.0,0.5958333333333333,0.6349451577863583,0.3234465192187481,0.8458333333333333,0.7203558522196117,0.03,0.0,0.10666666666666667,6134.646938857746,2165.2689001050867,2148.0,haco_safemarl_pilot_no_acoustic,generalization,21493561,8
0.0,0.625,300.0,0.755,0.5498980705335631,0.2997776485539396,1.0,0.6191158352152386,0.0,152.0,0.09666666666666666,10135.793344595122,2864.3873868705814,0.0,haco_safemarl_pilot_no_shield,generalization,21493561,8
0.0,0.0,300.0,0.6804166666666667,0.6989471440764292,0.5319246577586214,1.0,0.6595937193805517,0.03666666666666667,0.0,0.13,4815.805567244214,1861.5322371555592,2281.0,haco_safemarl_pilot,generalization,21493561,8
0.0,0.0,300.0,0.4658333333333333,0.6916481002580889,0.3301787001513046,0.75,0.6712864331213176,0.0,0.0,0.14333333333333334,2650.697573602385,692.7192113683896,2150.0,mappo_no_acoustic_shield,generalization,21493561,8
0.0,1.0,267.0,0.7743445692883895,0.45069428727300404,0.3080363390294263,1.0,0.798430110878838,0.0,86.0,0.0,6076.920000000038,3957.1307474209875,0.0,fixed_auv_ga_pso_tlbo_proxy,generalization,21503568,8
0.0,1.0,205.0,0.7865853658536586,0.45095748101005845,0.2716331375188319,1.0,0.7356120290226625,0.0,66.0,0.0,6521.050000000025,3719.700000000006,0.0,independent_greedy,generalization,21503568,8
0.0,0.5,300.0,0.8216666666666667,0.5854961716990444,0.49162529536963573,1.0,0.7846617775057418,0.0,75.0,0.0,8276.943380047784,3220.5655485042093,0.0,communication_aware,generalization,21503568,8
0.0,0.75,300.0,0.5804166666666667,0.6491714121840474,0.4470605585211081,0.8958333333333334,0.8580081971553236,0.0,112.0,0.0,5906.7353974439275,1728.4014208482254,2146.0,haco_safemarl_pilot_no_acoustic,generalization,21503568,8
0.0,0.75,300.0,0.6708333333333333,0.5730649370803628,0.37208761438708515,1.0,0.7151861018697666,0.0,218.0,0.0,9823.526718320385,2868.947512482972,0.0,haco_safemarl_pilot_no_shield,generalization,21503568,8
0.0,0.25,300.0,0.6995833333333333,0.6860956116107161,0.6147437775728143,1.0,0.8611771915752667,0.0,108.0,0.0,3496.959577757947,1096.089725388153,2423.0,haco_safemarl_pilot,generalization,21503568,8
0.0,0.0,300.0,0.55625,0.6966646172893495,0.33868211107078583,0.75,0.6364927563887579,0.0,45.0,0.0,2300.4664938505744,953.3941131360702,2336.0,mappo_no_acoustic_shield,generalization,21503568,8
0.0,0.875,300.0,0.6225,0.504329305004919,0.25634338527984357,0.875,0.6643217869376913,0.0,83.0,0.0,6828.0000000000455,3782.3834768245865,0.0,fixed_auv_ga_pso_tlbo_proxy,generalization,21513575,8
0.0,1.0,253.0,0.6783596837944664,0.4632607359083247,0.19102595837775174,0.875,0.5426722768688268,0.0,64.0,0.0,8047.930000000044,4144.300000000009,0.0,independent_greedy,generalization,21513575,8
0.0,0.25,300.0,0.6579166666666667,0.6643830381345898,0.5314760292046531,0.875,0.6134382120954561,0.0,174.0,0.0,8654.868432739433,3517.866562807064,0.0,communication_aware,generalization,21513575,8
0.0,0.5,300.0,0.5325,0.6311720083927574,0.36498586562492075,0.875,0.7349722564348706,0.0,0.0,0.0,10050.153489251943,3227.308700397883,1707.0,haco_safemarl_pilot_no_acoustic,generalization,21513575,8
0.0,0.375,300.0,0.6520833333333333,0.531098747104196,0.30223701153518734,0.875,0.5708408383401213,0.0,79.0,0.0,9888.490691548666,3079.8835554923567,0.0,haco_safemarl_pilot_no_shield,generalization,21513575,8
0.0,0.25,300.0,0.5408333333333334,0.7339269281760739,0.624431915995311,0.875,0.7579565199598206,0.0,0.0,0.0,9630.74479245312,3530.826780310517,1708.0,haco_safemarl_pilot,generalization,21513575,8
0.0,0.0,300.0,0.6075,0.596058478497909,0.2609010547107606,0.875,0.6461338163940339,0.0,0.0,0.0,2140.877826527475,872.0699115507288,2190.0,mappo_no_acoustic_shield,generalization,21513575,8
0.0,0.875,300.0,0.43583333333333335,0.6548257851936996,0.46778610174909546,0.75,0.8030715587011686,0.0,503.0,0.03,6828.0000000000455,4486.103707083201,0.0,fixed_auv_ga_pso_tlbo_proxy,generalization,21523582,8
0.0,0.875,300.0,0.54125,0.5580861034421809,0.23995999419498298,0.75,0.6704265904724848,0.0,526.0,0.07666666666666666,9543.000000000024,6425.700000000023,0.0,independent_greedy,generalization,21523582,8
0.0,0.5,300.0,0.4841666666666667,0.7353042183632962,0.6013075540152383,0.75,0.7546104458465048,0.0,719.0,0.0,9072.17567041706,4241.339204351415,0.0,communication_aware,generalization,21523582,8
0.0,0.75,300.0,0.35291666666666666,0.7448360234331367,0.5032350842335576,0.625,0.8519812605528714,0.0,0.0,0.03666666666666667,10411.302078563986,3702.232122700866,1172.0,haco_safemarl_pilot_no_acoustic,generalization,21523582,8
0.0,0.875,300.0,0.42625,0.7010506928948873,0.48173375977917865,0.625,0.8051940827049336,0.0,379.0,0.06,10246.617079344649,2786.6167985959237,0.0,haco_safemarl_pilot_no_shield,generalization,21523582,8
0.0,0.375,300.0,0.3383333333333333,0.7910407682100405,0.635625074585946,0.625,0.8564868653891591,0.0,0.0,0.03666666666666667,10056.871778514658,4019.8381701461476,1178.0,haco_safemarl_pilot,generalization,21523582,8
0.0,0.25,300.0,0.2520833333333333,0.7968544082505904,0.5991258023894543,0.4708333333333333,0.8879839778066586,0.0,0.0,0.06,3162.706275218949,1175.9835464938794,1605.0,mappo_no_acoustic_shield,generalization,21523582,8
0.0,0.75,300.0,0.7358333333333333,0.5509045397183981,0.24962753211384234,1.0,0.5116443656365858,0.0,34.0,0.0,6828.0000000000455,4222.01381418571,0.0,fixed_auv_ga_pso_tlbo_proxy,generalization,21533589,8
0.0,1.0,282.0,0.8789893617021277,0.45702028911145054,0.07101942798929951,1.0,0.44564099476537206,0.0,26.0,0.08156028368794327,8970.420000000033,5307.699999999992,0.0,independent_greedy,generalization,21533589,8
0.0,0.375,300.0,0.7375,0.6862358388315394,0.47248534451233204,1.0,0.5035575087728367,0.0,148.0,0.0,8614.110960597562,3696.521070084553,0.0,communication_aware,generalization,21533589,8
0.0,0.5,300.0,0.35791666666666666,0.7512865639367681,0.40845062865258724,0.5,0.8258013609385139,0.0,0.0,0.0,10300.284648347291,3413.4741828575193,1474.0,haco_safemarl_pilot_no_acoustic,generalization,21533589,8
0.0,0.625,300.0,0.555,0.6647499893146093,0.26826658150370947,0.7708333333333334,0.6773623449683105,0.0,101.0,0.0,10099.554610822672,2911.6245089579747,0.0,haco_safemarl_pilot_no_shield,generalization,21533589,8
0.0,0.375,300.0,0.5295833333333333,0.7429352208564196,0.5826370822592637,0.7916666666666666,0.7217378453058784,0.0,0.0,0.0,9778.837394174485,3326.256452887499,1745.0,haco_safemarl_pilot,generalization,21533589,8
0.0,0.0,300.0,0.6066666666666667,0.6881538260942238,0.47812039819118646,0.75,0.5135733254381007,0.0,0.0,0.03333333333333333,2618.9461848618494,649.3882043837273,1898.0,mappo_no_acoustic_shield,generalization,21533589,8
0.0,0.875,300.0,0.595,0.5274619507124308,0.22791799968319046,0.875,0.6553281690044369,0.0,497.0,0.0,6828.0000000000455,4059.0761955245835,0.0,fixed_auv_ga_pso_tlbo_proxy,generalization,21543596,8
0.0,1.0,300.0,0.6570833333333334,0.4362911829139897,0.12389292206578617,0.875,0.5796469037310716,0.0,520.0,0.0,9543.000000000025,5988.300000000012,0.0,independent_greedy,generalization,21543596,8
0.0,0.375,300.0,0.6345833333333334,0.671421433169511,0.465324517631559,0.875,0.6143791736785521,0.0,496.0,0.0,8721.227433954786,3756.4654749447454,0.0,communication_aware,generalization,21543596,8
0.0,0.375,300.0,0.4216666666666667,0.6929663107736704,0.3277055998979168,0.625,0.7234596088318596,0.0,93.0,0.0,5842.97179460875,2611.844517299051,1939.0,haco_safemarl_pilot_no_acoustic,generalization,21543596,8
0.0,0.625,300.0,0.66625,0.5724266598200906,0.2504925638011288,0.875,0.5731568960497402,0.0,646.0,0.0,10060.474934726202,2998.485436828518,0.0,haco_safemarl_pilot_no_shield,generalization,21543596,8
0.0,0.25,300.0,0.4270833333333333,0.7652301546869426,0.6093422366701639,0.625,0.7420990613914236,0.0,93.0,0.0,7347.511723850264,3412.8809235367535,1818.0,haco_safemarl_pilot,generalization,21543596,8
0.0,0.125,300.0,0.5866666666666667,0.6267092458337483,0.44228849078750726,0.875,0.6705260288495862,0.0,147.0,0.0,3044.9744456259123,1603.5509571433076,2312.0,mappo_no_acoustic_shield,generalization,21543596,8
0.0,0.875,300.0,0.5029166666666667,0.5660875946438456,0.2698010327010038,0.75,0.7004426337630862,0.03333333333333333,707.0,0.19,6828.0000000000455,4269.279005920649,0.0,fixed_auv_ga_pso_tlbo_proxy,generalization,21553603,8
0.0,1.0,240.0,0.5302083333333333,0.5371398596932905,0.1620960946492164,0.75,0.6481784808054272,0.05416666666666667,573.0,0.25833333333333336,7634.400000000039,4153.699999999999,0.0,independent_greedy,generalization,21553603,8
0.0,0.25,300.0,0.54,0.6973090784210655,0.4835394495569972,0.75,0.6536299906156813,0.0,735.0,0.22666666666666666,8927.394146123144,4376.621755773501,0.0,communication_aware,generalization,21553603,8
0.0,0.5,300.0,0.51625,0.6409584972036849,0.3625171821576627,0.75,0.7039281282439236,0.02666666666666667,0.0,0.16666666666666666,9919.072467835886,3568.341748540382,1761.0,haco_safemarl_pilot_no_acoustic,generalization,21553603,8
0.0,0.625,300.0,0.58125,0.5879901535365337,0.35802601778076615,0.75,0.5769013282956122,0.043333333333333335,180.0,0.17333333333333334,9895.51340400671,2926.584843063091,0.0,haco_safemarl_pilot_no_shield,generalization,21553603,8
0.0,0.125,300.0,0.5145833333333333,0.7459073299475961,0.5953816426873404,0.75,0.7089528459639713,0.03666666666666667,0.0,0.19,9332.811873571285,3786.9529232281716,1762.0,haco_safemarl_pilot,generalization,21553603,8
0.0,0.0,300.0,0.5229166666666667,0.7044001077117541,0.4046249038247696,0.75,0.6770284645736854,0.03,0.0,0.05,2386.039245999301,1011.4968079408231,2094.0,mappo_no_acoustic_shield,generalization,21553603,8
0.0,0.875,300.0,0.6545833333333333,0.5089090035573546,0.23083705527384812,0.875,0.5741208254652582,0.0,41.0,0.0,6828.0000000000455,4386.178708143354,0.0,fixed_auv_ga_pso_tlbo_proxy,generalization,21563610,8
0.0,1.0,277.0,0.7459386281588448,0.4367672168740747,0.09252500257523907,0.875,0.3977824908005102,0.0,31.0,0.0,8811.370000000035,5447.900000000013,0.0,independent_greedy,generalization,21563610,8
0.0,0.5,300.0,0.6754166666666667,0.6590569817865227,0.47530829279484577,0.875,0.5366361166297344,0.0,171.0,0.0,8638.158015550582,3643.7782025535853,0.0,communication_aware,generalization,21563610,8
0.0,0.75,300.0,0.5283333333333333,0.6701262727090572,0.302075867651335,0.875,0.7461522694697295,0.0,0.0,0.0,9680.010630678164,2999.0777610235227,1765.0,haco_safemarl_pilot_no_acoustic,generalization,21563610,8
0.0,0.625,300.0,0.6779166666666666,0.5814430848971405,0.28637640459414876,0.875,0.5149584950270383,0.0,51.0,0.0,9955.682812608233,2962.5856442242048,0.0,haco_safemarl_pilot_no_shield,generalization,21563610,8
0.0,0.25,300.0,0.5733333333333334,0.7270248241514019,0.5888924936013852,0.875,0.6642341684531713,0.0,0.0,0.0,9560.462284764351,3534.9197508578186,1696.0,haco_safemarl_pilot,generalization,21563610,8
0.0,0.125,300.0,0.39,0.7014673951820682,0.3613213422420875,0.5,0.7054437065655825,0.0,0.0,0.0,2325.8481890962057,1180.0431095463387,1657.0,mappo_no_acoustic_shield,generalization,21563610,8
0.0,0.875,300.0,0.48083333333333333,0.6472681693254677,0.2420794226263925,0.75,0.6722897367593823,0.0,98.0,0.04666666666666667,6828.0000000000455,4376.978425426733,0.0,fixed_auv_ga_pso_tlbo_proxy,generalization,21573617,8
0.0,1.0,259.0,0.4411196911196911,0.6236789146892175,0.12767110914023697,0.625,0.7038028417145268,0.0,76.0,0.0,8238.790000000045,4946.700000000014,0.0,independent_greedy,generalization,21573617,8
0.0,0.5,300.0,0.5925,0.7099540482024261,0.44116220931657374,0.875,0.59426661361556,0.0,88.0,0.06333333333333334,8831.624684492108,3843.138492840169,0.0,communication_aware,generalization,21573617,8
0.0,0.75,300.0,0.3425,0.7121715274372966,0.26975677559478667,0.5833333333333334,0.7412270256941965,0.0,10.0,0.01,10285.957096775313,3135.8779906908735,1237.0,haco_safemarl_pilot_no_acoustic,generalization,21573617,8
0.0,0.625,300.0,0.5295833333333333,0.6509111230992776,0.28852106235000446,0.75,0.6500378402779461,0.0,75.0,0.07,10014.72120272229,2904.955380837294,0.0,haco_safemarl_pilot_no_shield,generalization,21573617,8
0.0,0.5,300.0,0.32958333333333334,0.7878804406952579,0.5916530874368704,0.5166666666666667,0.7507954911722892,0.0,10.0,0.043333333333333335,9854.84748919273,3570.596927676447,1227.0,haco_safemarl_pilot,generalization,21573617,8
0.0,0.125,300.0,0.24041666666666667,0.7615993711393221,0.25561970467159795,0.375,0.8316189615188854,0.0,9.0,0.0,2190.1541844125522,1090.1662843715344,1339.0,mappo_no_acoustic_shield,generalization,21573617,8
0.0,0.875,300.0,0.60625,0.5146917856524033,0.1592472478745563,0.75,0.529376929505539,0.0,73.0,0.0,6828.0000000000455,4892.738978134187,0.0,fixed_auv_ga_pso_tlbo_proxy,generalization,21583624,8
0.0,1.0,244.0,0.6055327868852459,0.49587558120904,0.054839705539103854,0.75,0.5490058817126265,0.0,57.0,0.0,7761.64000000004,4823.7000000000035,0.0,independent_greedy,generalization,21583624,8
0.0,0.5,300.0,0.7054166666666667,0.6388993095389405,0.4009820314987131,0.875,0.49474716716764,0.0,33.0,0.0,8541.541053970928,3928.480975695041,0.0,communication_aware,generalization,21583624,8
0.0,0.75,300.0,0.41291666666666665,0.6852830428160901,0.14497663130758653,0.625,0.7415711911919262,0.0,0.0,0.0,9774.289681579196,2632.6368893937174,1426.0,haco_safemarl_pilot_no_acoustic,generalization,21583624,8
0.0,0.625,300.0,0.5554166666666667,0.6163968467519608,0.1634575954540365,0.75,0.5934946931347799,0.0,29.0,0.0,9820.973247993694,3118.842781440213,0.0,haco_safemarl_pilot_no_shield,generalization,21583624,8
0.0,0.375,300.0,0.5370833333333334,0.7216588083826246,0.5032867438644986,0.75,0.6256721438163219,0.0,0.0,0.0,9376.8402561711,3427.444106045757,1607.0,haco_safemarl_pilot,generalization,21583624,8
0.0,0.125,300.0,0.4320833333333333,0.7498442309124297,0.5092276865915599,0.625,0.6751261748726034,0.0,0.0,0.0,2447.4631104652967,418.32757507839233,1781.0,mappo_no_acoustic_shield,generalization,21583624,8
0.0,0.875,300.0,0.6916666666666667,0.502882144073418,0.25822889890378725,1.0,0.7420054199637123,0.0,487.0,0.0,6828.0000000000455,4049.6311545871504,0.0,fixed_auv_ga_pso_tlbo_proxy,generalization,21593631,8
0.0,1.0,251.0,0.7216135458167331,0.45533194647780445,0.17513621815440653,1.0,0.6497350998034376,0.0,371.0,0.0,7984.310000000044,4321.500000000005,0.0,independent_greedy,generalization,21593631,8
0.0,0.25,300.0,0.74,0.6539278483270874,0.4951598424994423,1.0,0.745222929807941,0.0,407.0,0.0,8488.031739481396,3418.5591200625363,0.0,communication_aware,generalization,21593631,8
0.0,0.375,300.0,0.45875,0.6991924970553618,0.3063305808421278,0.625,0.7375855430581226,0.0,50.0,0.0,7773.290455558007,4315.596046937034,2353.0,haco_safemarl_pilot_no_acoustic,generalization,21593631,8
0.0,0.5,300.0,0.6004166666666667,0.6065834042625613,0.25997565859958244,0.9083333333333333,0.8172385173052064,0.0,1157.0,0.0,9904.691677527957,3012.912342812211,0.0,haco_safemarl_pilot_no_shield,generalization,21593631,8
0.0,0.25,300.0,0.45916666666666667,0.7577051417350734,0.580018523069637,0.775,0.7650132587140602,0.0,50.0,0.0,7744.082189636695,4299.857998304231,2447.0,haco_safemarl_pilot,generalization,21593631,8
0.0,0.0,300.0,0.395,0.7217653886335442,0.2604027666056373,0.5916666666666667,0.7320825369787659,0.0,473.0,0.0,3975.171240336178,3060.4069576104666,2528.0,mappo_no_acoustic_shield,generalization,21593631,8
0.0,0.875,300.0,0.63875,0.5127528217994992,0.2402638816484985,1.0,0.6846931450787151,0.0,106.0,0.08,6828.0000000000455,3301.1125218086268,0.0,fixed_auv_ga_pso_tlbo_proxy,generalization,21603638,8
0.0,1.0,255.0,0.7328431372549019,0.43541347057322355,0.16370046888860165,1.0,0.5791044717185745,0.0,84.0,0.0,8111.550000000045,3727.300000000005,0.0,independent_greedy,generalization,21603638,8
0.0,0.25,300.0,0.6995833333333333,0.6748380943627542,0.5265749586487196,1.0,0.7223143917016704,0.0,112.0,0.08333333333333333,8589.310412150957,3032.0479378355108,0.0,communication_aware,generalization,21603638,8
0.0,0.375,300.0,0.575,0.624344812233884,0.436340079449566,0.9083333333333333,0.7060720567683925,0.0,0.0,0.06,10393.433188474395,3290.3505144136866,1789.0,haco_safemarl_pilot_no_acoustic,generalization,21603638,8
0.0,0.5,300.0,0.7008333333333333,0.5443055252624505,0.32366417846009515,1.0,0.6995733546706234,0.0,161.0,0.09333333333333334,10097.098565459544,2935.4749130133773,0.0,haco_safemarl_pilot_no_shield,generalization,21603638,8
0.0,0.125,300.0,0.57625,0.7230023804959717,0.6031661585063542,0.9041666666666667,0.7143550775043154,0.0,0.0,0.07,9823.65119746399,3418.029129759868,1858.0,haco_safemarl_pilot,generalization,21603638,8
0.0,0.0,300.0,0.4241666666666667,0.7311969680944329,0.581280224817284,0.8583333333333333,0.847559287100486,0.0,0.0,0.06666666666666667,3093.82374178721,1065.4402743928608,2220.0,mappo_no_acoustic_shield,generalization,21603638,8
0.0,1.0,274.0,0.5364963503649635,0.6210568376224617,0.3586507350479018,0.75,0.6538297828904479,0.0,146.0,0.11678832116788321,6236.24000000004,3761.092083199802,0.0,fixed_auv_ga_pso_tlbo_proxy,generalization,21613645,8
0.0,1.0,210.0,0.5279761904761905,0.5892735583256236,0.25383540073002486,0.6964285714285714,0.5704570194626463,0.0,110.0,0.05238095238095238,6680.100000000027,3276.5000000000077,0.0,independent_greedy,generalization,21613645,8
0.0,0.625,300.0,0.6991666666666667,0.7030735432466277,0.5706490485700733,1.0,0.6249568402609648,0.0,98.0,0.09,8882.718500696792,3964.9859739255126,0.0,communication_aware,generalization,21613645,8
0.0,0.5,300.0,0.40958333333333335,0.721891715502305,0.46912827381337774,0.6041666666666666,0.7636672812593259,0.0,0.0,0.13666666666666666,9800.094243037285,3215.457970451421,1354.0,haco_safemarl_pilot_no_acoustic,generalization,21613645,8
0.0,0.75,300.0,0.4775,0.6811078320413848,0.3590832632514017,0.7208333333333333,0.6952620967465275,0.0,327.0,0.08333333333333333,10102.71268793205,2816.971093620292,0.0,haco_safemarl_pilot_no_shield,generalization,21613645,8
0.0,0.375,300.0,0.4529166666666667,0.7641763307725714,0.6460061000229083,0.6458333333333334,0.69519139880244,0.0,0.0,0.043333333333333335,9740.614993222584,3436.5179504456682,1459.0,haco_safemarl_pilot,generalization,21613645,8
0.0,0.375,300.0,0.43625,0.7204282518868882,0.41061035915000754,0.6708333333333333,0.6778125416323542,0.0,41.0,0.23,3045.209743483694,647.0251554767108,1928.0,mappo_no_acoustic_shield,generalization,21613645,8
0.0,1.0,299.0,0.4443979933110368,0.6081848664066933,0.10495491747898976,0.75,0.7349073294025589,0.0,62.0,0.0,6805.240000000045,3534.6629770712493,0.0,fixed_auv_ga_pso_tlbo_proxy,generalization,21623652,8
0.0,1.0,229.0,0.42248908296943233,0.6060311602220955,0.035717969566183075,0.75,0.7555265772211462,0.0,48.0,0.0,7284.490000000034,3020.300000000002,0.0,independent_greedy,generalization,21623652,8
0.0,0.25,300.0,0.5683333333333334,0.687120866149251,0.28314229422680876,0.875,0.7086669905978762,0.0,11.0,0.0,8862.406624115863,3601.1202913364214,0.0,communication_aware,generalization,21623652,8
0.0,0.5,300.0,0.47125,0.6379722792425513,0.0980229996105151,0.75,0.726348449992706,0.0,0.0,0.0,10164.674388073028,3356.6565370580106,1261.0,haco_safemarl_pilot_no_acoustic,generalization,21623652,8
0.0,0.5,300.0,0.5258333333333334,0.5941217481559434,0.17146168705829842,0.75,0.6622504499777028,0.0,115.0,0.0,10053.059057178254,3007.5191527446555,0.0,haco_safemarl_pilot_no_shield,generalization,21623652,8
0.0,0.25,300.0,0.44166666666666665,0.7533200082615877,0.4710986192133159,0.75,0.7438424624570222,0.0,0.0,0.0,9806.376586435887,3433.9228557197152,1290.0,haco_safemarl_pilot,generalization,21623652,8
0.0,0.0,300.0,0.29791666666666666,0.7120524278205833,0.17735752261197957,0.375,0.7554714790028054,0.0,0.0,0.0,1837.8543849217235,274.89390353180335,1476.0,mappo_no_acoustic_shield,generalization,21623652,8
0.0,1.0,216.0,0.7065972222222222,0.5080444652749415,0.2548542626877608,0.875,0.4929674434576323,0.0,109.0,0.2824074074074074,4916.160000000027,2654.918570465593,0.0,fixed_auv_ga_pso_tlbo_proxy,generalization,21633659,8
0.0,1.0,165.0,0.7219696969696969,0.5006636818791861,0.17629015518600052,0.875,0.4998701047563577,0.0,82.0,0.15757575757575756,5248.65000000001,2326.700000000002,0.0,independent_greedy,generalization,21633659,8
0.0,0.375,300.0,0.8529166666666667,0.6012447407590183,0.44868572646182486,1.0,0.6320196791596583,0.0,118.0,0.21333333333333335,8385.509477957548,3954.6379808423617,0.0,communication_aware,generalization,21633659,8
0.0,0.5,300.0,0.5325,0.5998648005621807,0.3099072953277376,0.625,0.5848919499313117,0.0,9.0,0.08,9738.324903652661,3540.191952892575,1582.0,haco_safemarl_pilot_no_acoustic,generalization,21633659,8
0.0,0.375,300.0,0.6604166666666667,0.5223992435599847,0.24444991191401774,1.0,0.4797289293801058,0.0,285.0,0.11,9430.378327157734,3170.9179937181125,0.0,haco_safemarl_pilot_no_shield,generalization,21633659,8
0.0,0.375,300.0,0.5229166666666667,0.7282429957390445,0.5832079671449657,0.6333333333333333,0.6006800246067655,0.0,8.0,0.10333333333333333,9337.021926821137,3441.546686834435,1596.0,haco_safemarl_pilot,generalization,21633659,8
0.0,0.125,300.0,0.4379166666666667,0.6682730000916215,0.30775855504186705,0.625,0.6698857830053147,0.0,9.0,0.08,1982.5832972703788,1050.0366028614467,1666.0,mappo_no_acoustic_shield,generalization,21633659,8
0.0,0.75,300.0,0.6254166666666666,0.5209327859225935,0.22137361111617687,1.0,0.8517061500688641,0.0,34.0,0.0,6828.0000000000455,3438.3195369579194,0.0,fixed_auv_ga_pso_tlbo_proxy,generalization,21643666,8
0.0,1.0,281.0,0.7215302491103203,0.43410383159327576,0.1041453496014484,1.0,0.8719826970840471,0.0,26.0,0.0,8938.610000000033,4598.500000000001,0.0,independent_greedy,generalization,21643666,8
0.0,0.25,300.0,0.6366666666666667,0.6774676358485506,0.48370921273269424,1.0,0.7641005851775342,0.0,58.0,0.0,8747.035643119749,3566.8529730204455,0.0,communication_aware,generalization,21643666,8
0.0,0.5,300.0,0.5558333333333333,0.6228357846680751,0.2703957106843895,0.875,0.7486112867420214,0.0,0.0,0.0,10212.935743830501,2968.4039794421774,1657.0,haco_safemarl_pilot_no_acoustic,generalization,21643666,8
0.0,0.375,300.0,0.6416666666666667,0.5581292456648407,0.2494280065761183,0.875,0.6404306020726199,0.0,53.0,0.0,10038.099174435058,3075.415361181026,0.0,haco_safemarl_pilot_no_shield,generalization,21643666,8
0.0,0.125,300.0,0.5533333333333333,0.7262195369419485,0.5780105148671035,0.875,0.768286160448392,0.0,0.0,0.0,9661.305180321673,3357.8203787490334,1665.0,haco_safemarl_pilot,generalization,21643666,8
0.0,0.0,300.0,0.4066666666666667,0.7329229964462043,0.598081869747024,0.75,0.8085747096813304,0.0,0.0,0.0,2303.351507557961,921.8729959123261,1845.0,mappo_no_acoustic_shield,generalization,21643666,8
0.0,0.625,300.0,0.4008333333333333,0.6353451982756323,0.26340341607659457,0.625,0.7622544971731777,0.0,267.0,0.0,6828.0000000000455,4542.486854374456,0.0,fixed_auv_ga_pso_tlbo_proxy,generalization,21653673,8
0.0,1.0,277.0,0.46886281588447654,0.5770057917963632,0.14554558282578067,0.625,0.6504698234664251,0.0,238.0,0.0,8811.370000000035,5403.299999999996,0.0,independent_greedy,generalization,21653673,8
0.0,0.5,300.0,0.43166666666666664,0.7294053540856905,0.4996449049709733,0.625,0.724198922529358,0.0,148.0,0.0,9177.903506961617,4965.302524405374,0.0,communication_aware,generalization,21653673,8
0.0,0.625,300.0,0.3879166666666667,0.7060401121186927,0.358321328765456,0.625,0.7764617029538168,0.0,32.0,0.0,6149.65642702897,2173.6814889518487,1586.0,haco_safemarl_pilot_no_acoustic,generalization,21653673,8
0.0,0.625,300.0,0.46166666666666667,0.652862759741413,0.33552393576294204,0.625,0.680110821357069,0.0,783.0,0.0,9888.386742038394,3238.7933144621775,0.0,haco_safemarl_pilot_no_shield,generalization,21653673,8
0.0,0.375,300.0,0.41,0.7725101078576692,0.6188723962474331,0.625,0.7600252298326392,0.0,32.0,0.0,3939.4530300968236,1957.946883570605,1735.0,haco_safemarl_pilot,generalization,21653673,8
0.0,0.125,300.0,0.29791666666666666,0.7432390150273975,0.25494908340262784,0.375,0.7995672709538285,0.0,104.0,0.0,3001.745537818629,2059.1019509715325,2248.0,mappo_no_acoustic_shield,generalization,21653673,8
