success,task_completion,mission_time,outage_rate,mean_packet,worst_agent_packet,cvar_outage_90,comm_fairness,usv_collision_rate,auv_collision_count,colregs_violation_rate,energy,smoothness,shield_interventions,policy,scenario,seed,num_auvs
0.0,0.6666666666666666,300.0,0.16444444444444445,0.8534551557156057,0.6723019787603667,0.3888888888888888,0.9346833667467938,0.0,14.0,0.0,5560.499999999976,2971.4282349620344,0.0,fixed_auv_ga_pso_tlbo_proxy,survey,21160729,3
0.0,1.0,253.0,0.32806324110671936,0.733725717719507,0.3251218536926378,0.6025641025641024,0.7319049788480628,0.0,10.0,0.0,6220.005000000008,2645.60000000001,0.0,independent_greedy,survey,21160729,3
0.0,0.3333333333333333,300.0,0.25,0.8665266910926149,0.7588799783238144,0.6666666666666669,0.9203597203463231,0.0,12.0,0.0,8311.217473299683,3597.4737781937865,0.0,communication_aware,survey,21160729,3
0.0,1.0,260.0,0.14999999999999997,0.8591924295828499,0.6855721022426636,0.4102564102564102,0.949493574775331,0.0,2.0,0.0,8135.407724054304,2108.253564163292,175.0,haco_safemarl_pilot_no_acoustic,survey,21160729,3
0.0,1.0,246.0,0.14092140921409219,0.8496010176780477,0.6513278387228142,0.3733333333333333,0.9530217889900348,0.0,10.0,0.0,7737.584932088726,1831.402957457433,0.0,haco_safemarl_pilot_no_shield,survey,21160729,3
0.0,0.6666666666666666,300.0,0.24222222222222223,0.8625744914610897,0.7533722821297733,0.6666666666666669,0.944153492467108,0.0,2.0,0.0,9191.245909172703,2769.004154141743,291.0,haco_safemarl_pilot,survey,21160729,3
0.0,0.3333333333333333,300.0,0.11111111111111112,0.8764632163219289,0.8373943687077017,0.45555555555555544,0.9784047720346594,0.0,2.0,0.0,841.9097250023758,83.08324598248868,356.0,haco_safemarl_mappo,survey,21160729,3
1.0,1.0,299.0,0.20958751393534,0.8650762211749116,0.7618081120793082,0.6666666666666669,0.9410382699290127,0.0,0.0,0.0,5541.9649999999765,3357.57080350357,0.0,fixed_auv_ga_pso_tlbo_proxy,survey,21170736,3
1.0,1.0,229.0,0.33042212518195047,0.7820889798401233,0.4858510333457655,0.6086956521739129,0.7272827258730505,0.0,0.0,0.0,5629.965000000007,2805.8000000000047,0.0,independent_greedy,survey,21170736,3
0.0,0.6666666666666666,300.0,0.2688888888888888,0.8586321994620142,0.7788877376182708,0.6666666666666669,0.9265384383139696,0.0,0.0,0.0,8324.643714094593,3921.0255755880303,0.0,communication_aware,survey,21170736,3
1.0,1.0,223.0,0.10164424514200297,0.9001634103413901,0.8028178369910498,0.3333333333333332,0.9750356997900181,0.0,0.0,0.04035874439461883,7041.819037407235,1850.1562714655013,131.0,haco_safemarl_pilot_no_acoustic,survey,21170736,3
1.0,1.0,223.0,0.22272047832585953,0.8367552304963295,0.609189218170048,0.3333333333333332,0.8589526113470853,0.0,0.0,0.03139013452914798,6916.340322933764,1749.145758128423,0.0,haco_safemarl_pilot_no_shield,survey,21170736,3
1.0,1.0,223.0,0.08520179372197309,0.901934802205188,0.8083249248843641,0.3333333333333332,0.9829467616460102,0.0,0.0,0.03587443946188341,7039.824477467775,1835.1626229065441,121.0,haco_safemarl_pilot,survey,21170736,3
0.0,0.0,300.0,0.0,0.8888679252751808,0.8567824985248386,0.0,0.9999999998888889,0.0,0.0,0.0,540.3436293520336,252.8544596828675,271.0,haco_safemarl_mappo,survey,21170736,3
0.0,1.0,276.0,0.4432367149758453,0.629580929062977,0.384180384249172,0.6666666666666669,0.752587760565008,0.0,265.0,0.0,5115.65999999998,3062.419084931384,0.0,fixed_auv_ga_pso_tlbo_proxy,survey,21180743,3
0.0,1.0,211.0,0.4581358609794629,0.6249611610260981,0.307816220532569,0.6666666666666665,0.7197902707753133,0.0,203.0,0.0,5187.435000000007,2636.2000000000085,0.0,independent_greedy,survey,21180743,3
0.0,0.3333333333333333,300.0,0.4944444444444444,0.7347456197657956,0.6065261312284066,0.6666666666666669,0.6736923971095502,0.0,291.0,0.0,8077.571124602165,3779.618181012102,0.0,communication_aware,survey,21180743,3
1.0,1.0,292.0,0.44292237442922366,0.6962770153434472,0.4657076780490279,0.6666666666666669,0.836156287494403,0.0,0.0,0.0,8818.86237307721,2590.979488391043,513.0,haco_safemarl_pilot_no_acoustic,survey,21180743,3
0.0,1.0,268.0,0.48134328358208955,0.659937043751001,0.4310856923190989,0.6666666666666669,0.8180278586507377,0.0,81.0,0.0,8098.0606148964625,2190.3140838083277,0.0,haco_safemarl_pilot_no_shield,survey,21180743,3
0.0,0.3333333333333333,300.0,0.47333333333333333,0.770877877557433,0.6781707632028222,0.6666666666666669,0.7119823551986969,0.0,0.0,0.0,8804.869954067863,3233.29475258633,536.0,haco_safemarl_pilot,survey,21180743,3
0.0,0.0,300.0,0.3755555555555556,0.7895824559487298,0.7276014886781936,0.6666666666666669,0.8457418889814039,0.0,0.0,0.0,280.12799564611805,162.69231818296043,487.0,haco_safemarl_mappo,survey,21180743,3
0.0,0.6666666666666666,300.0,0.6,0.5698742284888191,0.4420342420771702,1.0,0.8047989860996316,0.0,70.0,0.0,5560.499999999976,2766.5568253704214,0.0,fixed_auv_ga_pso_tlbo_proxy,survey,21190750,3
0.0,1.0,238.0,0.6064425770308123,0.528860798964325,0.3506061485802999,1.0,0.7822025414890278,0.0,53.0,0.0,5851.230000000008,2682.2000000000126,0.0,independent_greedy,survey,21190750,3
0.0,0.3333333333333333,300.0,0.6644444444444444,0.6819174568251176,0.6084936225197787,1.0,0.8184281836208606,0.0,48.0,0.0,7942.667583058071,3029.7273545291478,0.0,communication_aware,survey,21190750,3
0.0,0.6666666666666666,300.0,0.46,0.7160407906908689,0.6938557661129183,1.0,0.9979972109273683,0.0,0.0,0.0,6240.268371258336,1828.8316613313489,712.0,haco_safemarl_pilot_no_acoustic,survey,21190750,3
0.0,0.3333333333333333,300.0,0.6211111111111111,0.5817164220260969,0.5377223109238876,1.0,0.9527871317015245,0.0,41.0,0.0,9147.72707466418,2864.961448712853,0.0,haco_safemarl_pilot_no_shield,survey,21190750,3
0.0,0.3333333333333333,300.0,0.4511111111111111,0.7722661141132752,0.7321260917666762,1.0,0.9970501471259998,0.0,0.0,0.0,6299.08141323939,2054.844810530876,709.0,haco_safemarl_pilot,survey,21190750,3
0.0,0.0,300.0,0.4766666666666667,0.7391636508666183,0.6770033715235481,1.0,0.946085643372237,0.0,0.0,0.0,483.8402183690125,140.3686080364069,667.0,haco_safemarl_mappo,survey,21190750,3
0.0,0.6666666666666666,300.0,0.21888888888888886,0.8558962151601632,0.7228486139372899,0.5888888888888889,0.9021457972468933,0.0,51.0,0.0,5560.499999999976,3311.103640761904,0.0,fixed_auv_ga_pso_tlbo_proxy,survey,21200757,3
0.0,1.0,266.0,0.3107769423558897,0.7445413941034861,0.4170077665390831,0.6666666666666669,0.7921917390610698,0.0,39.0,0.0,6539.610000000009,3434.6000000000117,0.0,independent_greedy,survey,21200757,3
0.0,0.6666666666666666,300.0,0.2966666666666667,0.8478352195921689,0.7661551215456769,0.6666666666666669,0.8847751344651573,0.0,44.0,0.0,8306.88421022087,3841.4468544975457,0.0,communication_aware,survey,21200757,3
0.0,1.0,258.0,0.15374677002583978,0.882712362723487,0.7530179438998209,0.33333333333333337,0.9380732790147484,0.0,11.0,0.0,8137.266975347996,2096.530841998562,192.0,haco_safemarl_pilot_no_acoustic,survey,21200757,3
0.0,1.0,258.0,0.21188630490956067,0.8123688376803663,0.553119401000826,0.33333333333333337,0.8736956785801171,0.0,70.0,0.0,7973.127427480754,2006.1308250338516,0.0,haco_safemarl_pilot_no_shield,survey,21200757,3
0.0,1.0,258.0,0.12661498708010338,0.8921547643436738,0.78165586024376,0.33333333333333337,0.9596626512779116,0.0,11.0,0.0,8147.55024390474,2128.922887630635,177.0,haco_safemarl_pilot,survey,21200757,3
0.0,0.3333333333333333,300.0,0.0,0.8983973300504474,0.8904943303274033,0.0,0.9999999998888889,0.0,8.0,0.0,677.7886551165099,325.4097800829475,485.0,haco_safemarl_mappo,survey,21200757,3
1.0,1.0,247.0,0.5357624831309044,0.5512513456195955,0.20862358552182653,0.6666666666666667,0.582666154413484,0.0,0.0,0.13360323886639677,4578.144999999984,2549.7480336084227,0.0,fixed_auv_ga_pso_tlbo_proxy,survey,21210764,3
1.0,1.0,189.0,0.5890652557319225,0.5428735475713719,0.13045427451288572,0.6666666666666665,0.48725957423548116,0.0,0.0,0.0,4646.565000000006,2123.3999999999996,0.0,independent_greedy,survey,21210764,3
0.0,0.3333333333333333,300.0,0.5888888888888889,0.6602587652236224,0.4550704856832603,0.6666666666666669,0.48977518265831005,0.0,0.0,0.21333333333333335,7988.143469497016,3630.4330361589887,0.0,communication_aware,survey,21210764,3
0.0,0.6666666666666666,300.0,0.5977777777777777,0.579693561338342,0.317260694584949,0.6666666666666669,0.4697927868277,0.0,0.0,0.39,7901.75848639171,2232.023344999755,731.0,haco_safemarl_pilot_no_acoustic,survey,21210764,3
0.0,0.3333333333333333,300.0,0.6144444444444443,0.5512537073424632,0.3146912194257088,0.6666666666666669,0.43852863501969386,0.0,0.0,0.41333333333333333,8789.067101844965,3203.9815547292433,0.0,haco_safemarl_pilot_no_shield,survey,21210764,3
0.0,0.3333333333333333,300.0,0.591111111111111,0.7483935738894595,0.6159445971593475,0.6666666666666669,0.4859654787248828,0.0,0.0,0.4533333333333333,7456.91777810824,2718.922132137437,786.0,haco_safemarl_pilot,survey,21210764,3
0.0,0.0,300.0,0.5511111111111111,0.6422612507557177,0.42647338723061085,0.6666666666666669,0.5575116647532224,0.0,0.0,0.7566666666666667,256.7554903422545,17.48548650113395,660.0,haco_safemarl_mappo,survey,21210764,3
1.0,1.0,298.0,0.6331096196868009,0.5407070633694456,0.35022516825965816,1.0,0.701430452461958,0.0,0.0,0.0,5523.429999999977,2637.1373372622043,0.0,fixed_auv_ga_pso_tlbo_proxy,survey,21220771,3
1.0,1.0,228.0,0.5146198830409356,0.5539439896380927,0.10782925911337365,1.0,0.7148953831370517,0.0,0.0,0.0,5605.380000000007,2003.2000000000057,0.0,independent_greedy,survey,21220771,3
0.0,0.0,300.0,0.7033333333333334,0.6808093599520572,0.5892037852373794,1.0,0.7431278724616494,0.0,0.0,0.0,7899.988729797108,2906.6928694408107,0.0,communication_aware,survey,21220771,3
0.0,0.6666666666666666,300.0,0.5166666666666667,0.650768108872099,0.3001224845498943,1.0,0.7800615884020101,0.0,0.0,0.0,5793.648810585946,1286.5653506630363,780.0,haco_safemarl_pilot_no_acoustic,survey,21220771,3
0.0,0.3333333333333333,300.0,0.7455555555555555,0.4940617350734915,0.3580627075276685,1.0,0.727105083462426,0.0,0.0,0.0,9066.795204184331,2789.855161139341,0.0,haco_safemarl_pilot_no_shield,survey,21220771,3
0.0,0.0,300.0,0.6433333333333332,0.7214482818539837,0.6077666198451087,1.0,0.8592979903985652,0.0,0.0,0.0,4795.778888206777,1534.4342143368176,903.0,haco_safemarl_pilot,survey,21220771,3
0.0,0.0,300.0,0.41777777777777775,0.7382559945271956,0.6319197473493615,0.6666666666666669,0.7853150971270902,0.0,0.0,0.0,1141.06347629797,614.9244694179872,714.0,haco_safemarl_mappo,survey,21220771,3
1.0,1.0,162.0,0.0,0.9637980766971834,0.9525013934519847,0.0,0.9999999998888889,0.0,0.0,0.0,3002.669999999996,1032.6988969166864,0.0,fixed_auv_ga_pso_tlbo_proxy,survey,21230778,3
1.0,1.0,124.0,0.024193548387096774,0.9442503255065107,0.9057761141673356,0.23076923076923078,0.9987720852918788,0.0,0.0,0.0,3048.5400000000036,814.3999999999999,0.0,independent_greedy,survey,21230778,3
1.0,1.0,140.0,0.0,0.9637403706068185,0.9523155955662742,0.0,0.9999999998888889,0.0,0.0,0.0,3972.5,1158.0036755537114,0.0,communication_aware,survey,21230778,3
1.0,1.0,120.0,0.0,0.9621022209193667,0.9564316672322314,0.0,0.9999999998888889,0.0,0.0,0.0,3877.0312500000027,828.575236350869,0.0,haco_safemarl_pilot_no_acoustic,survey,21230778,3
1.0,1.0,120.0,0.0,0.9621022209193667,0.9564316672322314,0.0,0.9999999998888889,0.0,0.0,0.0,3877.0312500000027,828.575236350869,0.0,haco_safemarl_pilot_no_shield,survey,21230778,3
1.0,1.0,120.0,0.0,0.9621022209193667,0.9564316672322314,0.0,0.9999999998888889,0.0,0.0,0.0,3877.0312500000027,828.575236350869,0.0,haco_safemarl_pilot,survey,21230778,3
0.0,0.0,300.0,0.0,0.9541685679660308,0.9423385211985515,0.0,0.9999999998888889,0.0,0.0,0.0,490.97659696867976,32.53972194042127,0.0,haco_safemarl_mappo,survey,21230778,3
1.0,1.0,279.0,0.42054958183990443,0.703644057382354,0.43469586178058195,0.869047619047619,0.8330588637149836,0.0,0.0,0.03942652329749104,5171.264999999979,2326.7504294004593,0.0,fixed_auv_ga_pso_tlbo_proxy,survey,21240785,3
1.0,1.0,214.0,0.4890965732087227,0.6706961415824824,0.39348012509898783,0.7575757575757575,0.8431215808638454,0.0,0.0,0.03271028037383177,5261.190000000007,1913.6000000000026,0.0,independent_greedy,survey,21240785,3
0.0,0.6666666666666666,300.0,0.5488888888888888,0.73510075608788,0.6086300449159642,1.0,0.8308182373424982,0.0,0.0,0.03333333333333333,8040.953000782677,2915.7699462209225,0.0,communication_aware,survey,21240785,3
0.0,0.6666666666666666,300.0,0.4155555555555555,0.7554116241993342,0.6968698492844176,0.6666666666666669,0.9062133566487857,0.0,0.0,0.016666666666666666,9230.505882004252,2512.2614690322403,486.0,haco_safemarl_pilot_no_acoustic,survey,21240785,3
1.0,1.0,266.0,0.5914786967418546,0.6668603921690626,0.5851631933814321,1.0,0.9565624375107328,0.0,0.0,0.022556390977443608,8195.314885474829,2282.3665682358123,0.0,haco_safemarl_pilot_no_shield,survey,21240785,3
0.0,0.3333333333333333,300.0,0.4266666666666667,0.8046252215851486,0.7479039106945303,0.6666666666666669,0.916689045141392,0.0,0.0,0.016666666666666666,9096.65313039076,2933.2468385784523,489.0,haco_safemarl_pilot,survey,21240785,3
0.0,0.0,300.0,0.31888888888888883,0.8055255230200306,0.6925413249465446,1.0,0.8897499826437618,0.0,0.0,0.04666666666666667,763.95938164599,49.61558937521379,564.0,haco_safemarl_mappo,survey,21240785,3
0.0,0.6666666666666666,300.0,0.5877777777777777,0.5905828435028972,0.3351137388119737,1.0,0.6496330380721321,0.0,51.0,0.013333333333333334,5560.499999999976,3108.1904151372414,0.0,fixed_auv_ga_pso_tlbo_proxy,survey,21250792,3
0.0,1.0,256.0,0.6783854166666667,0.4629630659328193,0.27152459151316954,1.0,0.5207367762260944,0.0,39.0,0.44921875,6293.760000000008,2913.400000000012,0.0,independent_greedy,survey,21250792,3
0.0,0.3333333333333333,300.0,0.6511111111111111,0.704546119334098,0.6017737995329778,1.0,0.6594432624413105,0.0,44.0,0.0,7967.281418471728,3190.985678909794,0.0,communication_aware,survey,21250792,3
0.0,1.0,296.0,0.3952702702702703,0.7448927943331063,0.6105602901966025,0.6666666666666669,0.9100057746776262,0.0,13.0,0.09797297297297297,9207.256497779892,2400.031584678014,525.0,haco_safemarl_pilot_no_acoustic,survey,21250792,3
0.0,1.0,259.0,0.5598455598455598,0.653998608725955,0.5322016495828827,1.0,0.8078740153737187,0.023166023166023165,38.0,0.0,8077.633013738639,1938.2873926399684,0.0,haco_safemarl_pilot_no_shield,survey,21250792,3
0.0,0.3333333333333333,300.0,0.41,0.787128308637546,0.7567371025827325,0.6666666666666669,0.9745948128909252,0.0,13.0,0.0,9173.7970547064,2976.445771167218,542.0,haco_safemarl_pilot,survey,21250792,3
0.0,0.0,300.0,0.3822222222222222,0.800889999966359,0.7356482981095405,1.0,0.9436385833793419,0.0,16.0,0.18666666666666668,603.5532533324771,80.5633926589155,739.0,haco_safemarl_mappo,survey,21250792,3
0.0,0.6666666666666666,300.0,0.35888888888888887,0.7479203994022395,0.5867976629386162,1.0,0.955169198301659,0.0,92.0,0.0,5560.499999999976,2336.762394676038,0.0,fixed_auv_ga_pso_tlbo_proxy,survey,21260799,3
0.0,1.0,282.0,0.4408983451536643,0.6337212447784666,0.2996666506890054,0.6781609195402301,0.8239113220073255,0.0,122.0,0.0,6932.970000000009,2728.800000000008,0.0,independent_greedy,survey,21260799,3
0.0,0.0,300.0,0.4777777777777777,0.7719700114351808,0.7153067194504146,1.0,0.9704174240783995,0.0,64.0,0.0,8098.470361452918,2847.814008201631,0.0,communication_aware,survey,21260799,3
0.0,0.3333333333333333,300.0,0.2966666666666667,0.7375130096961757,0.4708170375817902,0.6666666666666669,0.8867724093123406,0.0,9.0,0.11,8323.084452060706,2541.875465001986,563.0,haco_safemarl_pilot_no_acoustic,survey,21260799,3
0.0,1.0,298.0,0.407158836689038,0.7107024118992689,0.5125417965079386,1.0,0.9209171794762966,0.0,59.0,0.07718120805369127,9336.32470186608,2309.198577185702,0.0,haco_safemarl_pilot_no_shield,survey,21260799,3
0.0,0.0,300.0,0.45888888888888885,0.7887060760928288,0.7135031619226272,1.0,0.9405086227811851,0.0,9.0,0.0,8784.163906820348,3183.976693234956,605.0,haco_safemarl_pilot,survey,21260799,3
0.0,0.0,300.0,0.21555555555555553,0.8382394208939652,0.8103751888894638,0.6666666666666669,0.9529960611720973,0.0,8.0,0.0,1129.3656387752958,372.3192031052966,560.0,haco_safemarl_mappo,survey,21260799,3
0.0,1.0,280.0,0.475,0.6191266190269985,0.4392429738287427,0.6666666666666669,0.7010977124498781,0.0,89.0,0.0,5189.799999999979,2295.799226391481,0.0,fixed_auv_ga_pso_tlbo_proxy,survey,21270806,3
0.0,1.0,214.0,0.5124610591900313,0.5787013543494256,0.3327797362309248,0.6666666666666665,0.6267889929898695,0.0,69.0,0.0,5261.190000000007,1974.0,0.0,independent_greedy,survey,21270806,3
0.0,0.3333333333333333,300.0,0.51,0.7340761780113192,0.6323747976642858,0.6666666666666669,0.6437572614044277,0.0,136.0,0.0,8074.973199274213,3283.3201668069055,0.0,communication_aware,survey,21270806,3
0.0,0.6666666666666666,300.0,0.4866666666666667,0.654954131610191,0.47207602148786293,0.6666666666666669,0.6899266899975,0.0,2.0,0.0,9062.05168023452,3028.4970074602534,498.0,haco_safemarl_pilot_no_acoustic,survey,21270806,3
0.0,0.3333333333333333,300.0,0.5211111111111112,0.6147988650490324,0.412249239438675,0.6666666666666669,0.6280398538891415,0.0,5.0,0.0,9024.49998180781,2962.5477731144647,0.0,haco_safemarl_pilot_no_shield,survey,21270806,3
0.0,0.3333333333333333,300.0,0.48333333333333334,0.7733119915524335,0.6588013749695464,0.6666666666666669,0.6955904917063058,0.0,2.0,0.0,8964.282675603301,3077.158412797019,497.0,haco_safemarl_pilot,survey,21270806,3
0.0,0.3333333333333333,300.0,0.47,0.6917527792438459,0.5579919006304076,0.6666666666666669,0.7177684188564515,0.0,1.0,0.0,652.4061867792174,240.9158138386901,533.0,haco_safemarl_mappo,survey,21270806,3
0.0,0.3333333333333333,300.0,0.5111111111111111,0.581566814628051,0.36588008555503443,0.6666666666666669,0.6386277418522958,0.0,85.0,0.0,5560.499999999976,2408.1100268874657,0.0,fixed_auv_ga_pso_tlbo_proxy,survey,21280813,3
0.0,1.0,288.0,0.6875,0.44782866853677783,0.16521214156695113,1.0,0.49515037872504036,0.0,123.0,0.0,7080.48000000001,2550.6000000000113,0.0,independent_greedy,survey,21280813,3
0.0,0.0,300.0,0.5877777777777777,0.7203360806176513,0.6126545433218552,1.0,0.64160222229489,0.0,0.0,0.0,8015.024989075606,2962.936678399226,0.0,communication_aware,survey,21280813,3
0.0,0.3333333333333333,300.0,0.45888888888888885,0.6639513459060693,0.3729796506164658,0.7666666666666667,0.7488451687572154,0.0,0.0,0.0,9236.821556987185,2993.4608286189364,546.0,haco_safemarl_pilot_no_acoustic,survey,21280813,3
0.0,0.3333333333333333,300.0,0.6055555555555555,0.5771607257214143,0.38737346455171007,1.0,0.6281807802025916,0.0,0.0,0.0,9178.263889608725,2917.713952143992,0.0,haco_safemarl_pilot_no_shield,survey,21280813,3
0.0,0.0,300.0,0.4955555555555555,0.7561055651793941,0.6271217902976196,0.9,0.7337648003003224,0.0,0.0,0.0,9087.34287546347,3063.4432568474735,571.0,haco_safemarl_pilot,survey,21280813,3
0.0,0.0,300.0,0.4866666666666667,0.6746223611223605,0.5390034171035455,0.6666666666666669,0.6899266899975,0.0,0.0,0.0,969.90483899412,110.0606542194619,580.0,haco_safemarl_mappo,survey,21280813,3
0.0,1.0,212.0,0.17610062893081754,0.8837419826922607,0.807463693868771,0.6666666666666665,0.9693837201195843,0.0,89.0,0.0,3929.4199999999887,1896.6123336535027,0.0,fixed_auv_ga_pso_tlbo_proxy,survey,21290820,3
0.0,1.0,162.0,0.2654320987654321,0.8115461951021443,0.5924751840195179,0.47058823529411764,0.8228833748387747,0.0,67.0,0.0,3982.770000000005,1439.400000000002,0.0,independent_greedy,survey,21290820,3
0.0,1.0,199.0,0.22613065326633155,0.8819411254175461,0.8208411002647382,0.6666666666666665,0.9585320505934183,0.0,78.0,0.0,5552.540741545133,2149.5042089673516,0.0,communication_aware,survey,21290820,3
1.0,1.0,175.0,0.08380952380952382,0.9088118050819165,0.8653734414310592,0.33333333333333326,0.9957306338610037,0.0,0.0,0.0,5576.418334661629,1628.6758018067753,175.0,haco_safemarl_pilot_no_acoustic,survey,21290820,3
0.0,1.0,158.0,0.17932489451476794,0.8879539585315557,0.7440736438845387,0.3333333333333333,0.9128315566487022,0.0,140.0,0.0,5032.137539021513,1202.1329947510535,0.0,haco_safemarl_pilot_no_shield,survey,21290820,3
1.0,1.0,180.0,0.07407407407407408,0.9069872608522666,0.858925181462608,0.3888888888888889,0.9959524491177101,0.0,0.0,0.0,5678.744834637741,1726.6157023067694,191.0,haco_safemarl_pilot,survey,21290820,3
0.0,0.3333333333333333,300.0,0.008888888888888889,0.9016589605445344,0.8605670981717931,0.08888888888888888,0.9998391538366993,0.0,0.0,0.0,661.3438330721617,410.8634982997546,365.0,haco_safemarl_mappo,survey,21290820,3
0.0,0.6666666666666666,300.0,0.31444444444444436,0.7320994225770322,0.42963153901934287,0.6666666666666669,0.8449334707726159,0.0,0.0,0.0,5560.499999999976,3013.8468692994247,0.0,fixed_auv_ga_pso_tlbo_proxy,survey,21300827,3
1.0,1.0,254.0,0.7125984251968503,0.6260687626399899,0.3207202757684439,1.0,0.5463586339581824,0.0,0.0,0.0,6244.590000000008,2952.200000000016,0.0,independent_greedy,survey,21300827,3
0.0,0.6666666666666666,300.0,0.3699999999999999,0.7970314810306391,0.6529237497738152,0.6666666666666669,0.8144013373527983,0.0,0.0,0.0,8198.50790709626,3667.086774872947,0.0,communication_aware,survey,21300827,3
0.0,0.6666666666666666,300.0,0.35333333333333333,0.7598607199471933,0.6638908992915814,0.6666666666666669,0.8947176567282001,0.0,0.0,0.0,9156.230280245582,2538.5009802591,377.0,haco_safemarl_pilot_no_acoustic,survey,21300827,3
0.0,0.6666666666666666,300.0,0.39222222222222214,0.7063715671031915,0.5876351695098924,0.6666666666666669,0.8538265515038698,0.0,0.0,0.0,9110.973739042507,2580.824552620777,0.0,haco_safemarl_pilot_no_shield,survey,21300827,3
0.0,0.3333333333333333,300.0,0.3488888888888889,0.8172789931064746,0.7371326681351633,0.6666666666666669,0.8739813186769021,0.0,0.0,0.0,8986.382467114181,3066.4221999082665,385.0,haco_safemarl_pilot,survey,21300827,3
0.0,0.0,300.0,0.33777777777777773,0.7839843593638097,0.6635467942048844,0.6666666666666669,0.8566068128111579,0.0,0.0,0.0,506.390341884682,68.91623557296063,597.0,haco_safemarl_mappo,survey,21300827,3
0.0,0.6666666666666666,300.0,0.37888888888888883,0.7671825713952429,0.6371762395180145,0.6666666666666669,0.8398604535372033,0.0,0.0,0.0,5560.499999999976,3272.1691412269556,0.0,fixed_auv_ga_pso_tlbo_proxy,survey,21310834,3
1.0,1.0,268.0,0.44154228855721384,0.6286765479444318,0.2504595746554369,0.6666666666666669,0.6705482434844341,0.0,0.0,0.0,6588.780000000009,3383.4000000000115,0.0,independent_greedy,survey,21310834,3
0.0,0.6666666666666666,300.0,0.4,0.8246323002040875,0.7382650566680475,0.6666666666666669,0.8179614916475458,0.0,0.0,0.0,8194.827101004108,3746.731602478786,0.0,communication_aware,survey,21310834,3
1.0,1.0,261.0,0.3780332056194125,0.7422618406717622,0.4312285506212097,0.6666666666666669,0.7963207320451995,0.0,0.0,0.0,8433.909692655821,1966.5939505155602,377.0,haco_safemarl_pilot_no_acoustic,survey,21310834,3
1.0,1.0,261.0,0.4712643678160919,0.6371702660290735,0.2955108340331797,0.6666666666666669,0.6983498347896661,0.0,0.0,0.0,8169.213270672907,2012.5101633551003,0.0,haco_safemarl_pilot_no_shield,survey,21310834,3
1.0,1.0,261.0,0.3563218390804598,0.777718618409575,0.5302286975243057,0.6666666666666669,0.8174077576259254,0.0,0.0,0.0,8531.404619738416,1973.066745329806,367.0,haco_safemarl_pilot,survey,21310834,3
0.0,0.3333333333333333,300.0,0.3222222222222222,0.8291003155350467,0.7542550166232561,0.6666666666666669,0.8984667389089411,0.0,0.0,0.0,464.51318825970867,101.74924213024627,534.0,haco_safemarl_mappo,survey,21310834,3
0.0,0.6666666666666666,300.0,0.4377777777777779,0.6442291654034903,0.4860077219063813,1.0,0.8843159600746434,0.0,0.0,0.0,5560.499999999976,2563.966825030436,0.0,fixed_auv_ga_pso_tlbo_proxy,survey,21320841,3
1.0,1.0,245.0,0.580952380952381,0.5629786677047742,0.3305388221767505,0.6666666666666667,0.500258397774466,0.0,0.0,0.0,6023.325000000008,2473.800000000005,0.0,independent_greedy,survey,21320841,3
0.0,0.3333333333333333,300.0,0.5766666666666665,0.7181076818891574,0.6547691993156304,1.0,0.957153877540114,0.0,0.0,0.0,8021.846317173124,2926.2680464449522,0.0,communication_aware,survey,21320841,3
0.0,0.6666666666666666,300.0,0.4088888888888889,0.7121539350096671,0.4913357255036431,0.8888888888888888,0.8476157958339008,0.0,0.0,0.0033333333333333335,9330.396638467273,2494.7538894167783,476.0,haco_safemarl_pilot_no_acoustic,survey,21320841,3
1.0,1.0,277.0,0.5306859205776173,0.6668244991321168,0.4679122886230311,1.0,0.9340801056801957,0.0,0.0,0.018050541516245487,8645.19242533196,2146.0142685571122,0.0,haco_safemarl_pilot_no_shield,survey,21320841,3
0.0,0.3333333333333333,300.0,0.44555555555555554,0.7806468529119188,0.7150693340209648,0.9,0.8093408609114616,0.0,0.0,0.0,9085.728560352518,3079.1427772850175,492.0,haco_safemarl_pilot,survey,21320841,3
0.0,0.3333333333333333,300.0,0.3733333333333333,0.782771677215843,0.7344205203138939,0.688888888888889,0.8538298007342742,0.0,0.0,0.0,700.9827867437002,289.68337513899513,567.0,haco_safemarl_mappo,survey,21320841,3
0.0,1.0,222.0,0.448948948948949,0.68285195630765,0.46996076831433325,1.0,0.9050037960544646,0.0,92.0,0.0,4114.769999999988,1935.7930511628183,0.0,fixed_auv_ga_pso_tlbo_proxy,survey,21330848,3
0.0,1.0,170.0,0.43529411764705883,0.6765227694913442,0.3686111123698171,1.0,0.814854111174484,0.0,70.0,0.0,4179.450000000005,1622.0000000000005,0.0,independent_greedy,survey,21330848,3
0.0,0.3333333333333333,300.0,0.66,0.658662901017583,0.5563264154691998,1.0,0.9002595896450016,0.0,139.0,0.0,7919.616507121876,2964.7209866986977,0.0,communication_aware,survey,21330848,3
1.0,1.0,232.0,0.41810344827586204,0.7240412580718564,0.4627055459721363,1.0,0.8480031017415386,0.0,0.0,0.0,2947.9535138713663,1046.3703001476304,654.0,haco_safemarl_pilot_no_acoustic,survey,21330848,3
0.0,1.0,190.0,0.556140350877193,0.6627357208830317,0.5701549538545221,1.0,0.915683160478718,0.0,91.0,0.0,5910.686944345303,1663.516599257574,0.0,haco_safemarl_pilot_no_shield,survey,21330848,3
0.0,0.0,300.0,0.5977777777777777,0.7496819911367675,0.6587415194576031,1.0,0.9211195922926015,0.0,0.0,0.0,3137.853914359498,1391.414375799979,971.0,haco_safemarl_pilot,survey,21330848,3
0.0,0.0,300.0,0.0,0.8606570052120434,0.8508400342903144,0.0,0.9999999998888889,0.0,0.0,0.0,1794.2220785315524,1456.1767193280818,651.0,haco_safemarl_mappo,survey,21330848,3
0.0,1.0,278.0,0.4712230215827338,0.7633012089558229,0.7237716292633023,1.0,0.9144860271190397,0.0,45.0,0.0,5152.72999999998,2895.3415707741815,0.0,fixed_auv_ga_pso_tlbo_proxy,survey,21340855,3
0.0,1.0,212.0,0.529874213836478,0.6857873667320408,0.4072143681985781,1.0,0.7046162088945508,0.0,34.0,0.0,5212.020000000007,2295.3999999999987,0.0,independent_greedy,survey,21340855,3
0.0,0.6666666666666666,300.0,0.5877777777777777,0.7608283149661494,0.732138076598857,1.0,0.9365435772364619,0.0,93.0,0.0,8049.277679662369,3218.161857654343,0.0,communication_aware,survey,21340855,3
1.0,1.0,251.0,0.16733067729083664,0.8563214039013579,0.7689420024261946,0.6666666666666667,0.9764681334676627,0.0,0.0,0.0,7700.094101794865,2009.8959751102911,292.0,haco_safemarl_pilot_no_acoustic,survey,21340855,3
0.0,1.0,206.0,0.3721682847896442,0.7392148036010993,0.5397769042906353,0.6666666666666665,0.8457147991332483,0.0,33.0,0.0,6481.036303588572,1524.581177915927,0.0,haco_safemarl_pilot_no_shield,survey,21340855,3
1.0,1.0,251.0,0.15405046480743692,0.8640208187961994,0.7846506980890117,0.6666666666666667,0.9808931207456199,0.0,0.0,0.0,7481.5626345082255,1984.817121017787,284.0,haco_safemarl_pilot,survey,21340855,3
0.0,0.0,300.0,0.0,0.8554117400634337,0.8518646074569024,0.0,0.9999999998888889,0.0,0.0,0.0,653.0945124126318,471.316949735969,544.0,haco_safemarl_mappo,survey,21340855,3
0.0,1.0,226.0,0.36135693215339226,0.7282361165260416,0.3840199358139008,0.6666666666666664,0.7853172656785297,0.0,71.0,0.0,4188.909999999987,2338.6701222179313,0.0,fixed_auv_ga_pso_tlbo_proxy,survey,21350862,3
0.0,1.0,173.0,0.36801541425818873,0.7100488613122038,0.33475475391950266,0.6666666666666665,0.742071210651206,0.0,54.0,0.0,4253.205000000005,1889.0000000000014,0.0,independent_greedy,survey,21350862,3
0.0,0.3333333333333333,300.0,0.46777777777777774,0.7663809094022856,0.5753510231872547,0.6666666666666669,0.6882617445189071,0.0,175.0,0.0,8099.561202004042,3776.4778014103385,0.0,communication_aware,survey,21350862,3
1.0,1.0,284.0,0.35798122065727705,0.7836142636755548,0.6504945992296125,0.6666666666666669,0.8638097133240621,0.0,0.0,0.0,8310.07516519887,2614.856806468274,410.0,haco_safemarl_pilot_no_acoustic,survey,21350862,3
0.0,1.0,225.0,0.44444444444444436,0.7128600378161211,0.5169117590635062,0.6666666666666664,0.7551349172332998,0.0,74.0,0.0,6797.957452137998,2033.994244384266,0.0,haco_safemarl_pilot_no_shield,survey,21350862,3
0.0,0.3333333333333333,300.0,0.36666666666666664,0.8205703826544334,0.7294609508441385,0.6666666666666669,0.8553691591187165,0.0,0.0,0.0,8892.173295431665,3382.9645005907064,453.0,haco_safemarl_pilot,survey,21350862,3
0.0,0.3333333333333333,300.0,0.07666666666666666,0.8735561598443445,0.8014412865757531,0.3333333333333334,0.9863987554493169,0.0,0.0,0.0,423.31439918905727,446.5876777349821,453.0,haco_safemarl_mappo,survey,21350862,3
0.0,1.0,281.0,0.0,0.8963280461966466,0.8763932658826279,0.0,0.9999999998888889,0.03202846975088968,42.0,0.07473309608540925,5208.334999999979,1746.3414821410397,0.0,fixed_auv_ga_pso_tlbo_proxy,traffic,21160869,3
0.0,1.0,215.0,0.4496124031007752,0.7154612985179445,0.5281201942005005,1.0,0.7854520748879239,0.0,32.0,0.0,5285.775000000007,1392.000000000003,0.0,independent_greedy,traffic,21160869,3
0.0,1.0,244.0,0.0,0.8961724870774107,0.8758551790406637,0.0,0.9999999998888889,0.0,36.0,0.06967213114754098,6923.5,1947.9460398072674,0.0,communication_aware,traffic,21160869,3
1.0,1.0,238.0,0.03361344537815126,0.8834048319857414,0.8729222820384247,0.3333333333333333,0.9975861807671682,0.0,0.0,0.09243697478991597,7684.302548435137,1819.4941020440451,100.0,haco_safemarl_pilot_no_acoustic,traffic,21160869,3
0.0,1.0,209.0,0.07017543859649122,0.8790680905288075,0.863778786563818,0.33333333333333326,0.9887363603108295,0.0,31.0,0.0,6762.323069672716,1573.0653967189442,0.0,haco_safemarl_pilot_no_shield,traffic,21160869,3
1.0,1.0,241.0,0.0318118948824343,0.8841404009263694,0.8739805535213768,0.30666666666666664,0.9978454682380576,0.0,0.0,0.07053941908713693,7773.087314253783,1972.7440844511088,103.0,haco_safemarl_pilot,traffic,21160869,3
0.0,0.3333333333333333,300.0,0.02333333333333333,0.8772250718457101,0.8576477116526386,0.23333333333333328,0.9988597622955009,0.0,0.0,0.03333333333333333,1335.6380163722015,302.82333288078837,239.0,haco_safemarl_mappo,traffic,21160869,3
0.0,0.6666666666666666,300.0,0.38,0.6818380156806076,0.4830221232700259,0.6666666666666669,0.8415334217782406,0.0,68.0,0.0,5560.499999999976,2560.206883991643,0.0,fixed_auv_ga_pso_tlbo_proxy,traffic,21170876,3
0.0,1.0,241.0,0.5006915629322268,0.6316335621577871,0.4425100461107961,1.0,0.8743500456173262,0.0,52.0,0.0,5924.985000000008,2472.0000000000055,0.0,independent_greedy,traffic,21170876,3
0.0,0.3333333333333333,300.0,0.42333333333333334,0.7456408387913583,0.6359232980466273,0.6666666666666669,0.7877365523759917,0.0,59.0,0.0,8142.063074252278,3104.9531310354914,0.0,communication_aware,traffic,21170876,3
0.0,0.6666666666666666,300.0,0.36666666666666664,0.6905873493278915,0.5848154819751311,0.7333333333333333,0.941264405532532,0.0,0.0,0.0,4723.05886520621,1108.3767577854537,735.0,haco_safemarl_pilot_no_acoustic,traffic,21170876,3
0.0,1.0,282.0,0.45981087470449167,0.6240786410545267,0.4758233667148079,0.8390804597701149,0.9341339591891489,0.0,86.0,0.0,8836.851618305938,2428.4100058968957,0.0,haco_safemarl_pilot_no_shield,traffic,21170876,3
0.0,0.3333333333333333,300.0,0.3911111111111111,0.780264804739013,0.7063102419160436,0.6666666666666669,0.827324770720148,0.0,0.0,0.0,3354.232436179438,1229.8840933814329,784.0,haco_safemarl_pilot,traffic,21170876,3
0.0,0.0,300.0,0.4033333333333333,0.7727808673784021,0.6930008812599312,0.6666666666666669,0.8136019296253919,0.0,0.0,0.0,1163.3202086779183,552.5678616588282,593.0,haco_safemarl_mappo,traffic,21170876,3
0.0,0.6666666666666666,300.0,0.33555555555555555,0.7608307799681518,0.6630867415494538,1.0,0.9877308405868432,0.0,0.0,0.016666666666666666,5560.499999999976,2843.247032240599,0.0,fixed_auv_ga_pso_tlbo_proxy,traffic,21180883,3
0.0,1.0,262.0,0.5865139949109415,0.6195668692732891,0.511317490467207,1.0,0.7241979825320917,0.030534351145038167,0.0,0.09923664122137404,6441.270000000009,2829.8000000000143,0.0,independent_greedy,traffic,21180883,3
0.0,0.3333333333333333,300.0,0.43111111111111106,0.7959177922371207,0.7533562984390976,1.0,0.9896409044990045,0.0,0.0,0.02,8180.6173107749455,3394.2390979581414,0.0,communication_aware,traffic,21180883,3
0.0,0.6666666666666666,300.0,0.331111111111111,0.777003157611445,0.7303929923553689,0.6666666666666669,0.9436572039388164,0.0,0.0,0.15666666666666668,9146.513832779192,2717.4558992770103,397.0,haco_safemarl_pilot_no_acoustic,traffic,21180883,3
0.0,0.6666666666666666,300.0,0.5,0.7043554872040404,0.6407968149146516,1.0,0.9800220682182376,0.0,0.0,0.17333333333333334,9250.7583059691,2461.8219770580886,0.0,haco_safemarl_pilot_no_shield,traffic,21180883,3
0.0,0.3333333333333333,300.0,0.3177777777777777,0.8176178805591916,0.7964142265078218,0.6666666666666669,0.9472023313855222,0.0,0.0,0.17,9090.39794412408,2851.7852031137263,399.0,haco_safemarl_pilot,traffic,21180883,3
0.0,0.0,300.0,0.2511111111111111,0.8098833424028116,0.7823366652490478,0.6666666666666669,0.9466686670392687,0.0,0.0,0.03666666666666667,578.1255137551989,125.9445049127371,590.0,haco_safemarl_mappo,traffic,21180883,3
0.0,0.3333333333333333,300.0,0.34222222222222215,0.6843347467014825,0.48507201261613064,0.6666666666666669,0.8712158498560434,0.06,96.0,0.13333333333333333,5560.499999999976,2639.682550445901,0.0,fixed_auv_ga_pso_tlbo_proxy,traffic,21190890,3
0.0,1.0,254.0,0.374015748031496,0.6393482040439236,0.4462079436571601,0.6666666666666667,0.8381831240755332,0.06299212598425197,74.0,0.14173228346456693,6244.590000000008,2628.400000000012,0.0,independent_greedy,traffic,21190890,3
0.0,0.3333333333333333,300.0,0.3911111111111111,0.7603255991033837,0.6598125815606928,0.6666666666666669,0.8229716469790042,0.06,52.0,0.14,8163.2099121278725,3419.7061548452166,0.0,communication_aware,traffic,21190890,3
0.0,0.3333333333333333,300.0,0.2866666666666666,0.7928175848204227,0.6783029144232917,0.6666666666666669,0.9198200367719491,0.0033333333333333335,0.0,0.12666666666666668,8584.335862401676,3033.7066413065054,474.0,haco_safemarl_pilot_no_acoustic,traffic,21190890,3
0.0,0.3333333333333333,300.0,0.4722222222222222,0.6559572621439282,0.5385496352137562,1.0,0.8042553795643991,0.03666666666666667,44.0,0.13,9094.490564949088,3053.1800526955535,0.0,haco_safemarl_pilot_no_shield,traffic,21190890,3
0.0,0.3333333333333333,300.0,0.2744444444444444,0.8344944516734839,0.7727793416098965,0.6666666666666669,0.9290624378580256,0.0,0.0,0.13,8752.394175081681,3233.617708355192,466.0,haco_safemarl_pilot,traffic,21190890,3
0.0,0.0,300.0,0.4122222222222222,0.7165225590713465,0.6156792815437132,0.7555555555555554,0.8221356528557764,0.023333333333333334,0.0,0.13333333333333333,759.1597048132738,199.78362219460558,646.0,haco_safemarl_mappo,traffic,21190890,3
0.0,0.6666666666666666,300.0,0.5566666666666665,0.5910091207577923,0.425217236423902,1.0,0.8873931869597196,0.0,0.0,0.06333333333333334,5560.499999999976,2889.083900633684,0.0,fixed_auv_ga_pso_tlbo_proxy,traffic,21200897,3
0.0,1.0,250.0,0.5733333333333333,0.5525846010879023,0.21979606226837833,1.0,0.7049137441379463,0.0,6.0,0.076,6146.250000000008,2745.000000000006,0.0,independent_greedy,traffic,21200897,3
0.0,0.0,300.0,0.6177777777777778,0.6868224435753354,0.6035578065089389,1.0,0.8923072276741645,0.0,0.0,0.03333333333333333,7955.696061854495,2934.2002031514317,0.0,communication_aware,traffic,21200897,3
0.0,0.6666666666666666,300.0,0.5288888888888889,0.6426025787522032,0.38283652721238726,1.0,0.7667596451919356,0.0,0.0,0.17,9188.339071178292,2444.118898678442,604.0,haco_safemarl_pilot_no_acoustic,traffic,21200897,3
0.0,1.0,260.0,0.5576923076923076,0.615694250358794,0.45418538547275134,1.0,0.7882815756141819,0.0,6.0,0.07307692307692308,8099.052303609331,1919.5954135644072,0.0,haco_safemarl_pilot_no_shield,traffic,21200897,3
0.0,0.0,300.0,0.6066666666666667,0.7263399588801682,0.633310731901654,1.0,0.8922971754866296,0.0,0.0,0.03,8922.943415425489,3077.97675611588,619.0,haco_safemarl_pilot,traffic,21200897,3
0.0,0.0,300.0,0.3844444444444444,0.7951832535785865,0.7600380154072917,1.0,0.9782682141940492,0.0,0.0,0.0,489.18905575569227,71.69884644664477,694.0,haco_safemarl_mappo,traffic,21200897,3
0.0,1.0,224.0,0.08035714285714286,0.9033173803096071,0.8457602443838814,0.3333333333333332,0.9849596136502815,0.0,67.0,0.0,4151.839999999987,1821.7260958080294,0.0,fixed_auv_ga_pso_tlbo_proxy,traffic,21210904,3
0.0,1.0,172.0,0.12790697674418605,0.8708666111572355,0.8597913119849497,0.3703703703703704,0.9910730015596804,0.0,50.0,0.0,4228.620000000005,1507.4000000000003,0.0,independent_greedy,traffic,21210904,3
0.0,1.0,194.0,0.07903780068728522,0.9072697464234861,0.8597731310126566,0.33333333333333326,0.9854833839731015,0.0,57.0,0.0,5476.957491491218,2006.150322256271,0.0,communication_aware,traffic,21210904,3
1.0,1.0,167.0,0.025948103792415172,0.8938963776672524,0.873354209483537,0.2549019607843137,0.9985827021416732,0.0,0.0,0.0,5334.034861189714,1328.1575136977012,99.0,haco_safemarl_pilot_no_acoustic,traffic,21210904,3
0.0,1.0,167.0,0.03992015968063871,0.9033800870371943,0.8780370658056595,0.3333333333333333,0.9965541153432622,0.0,53.0,0.0,5295.080556477699,1196.7679238058463,0.0,haco_safemarl_pilot_no_shield,traffic,21210904,3
1.0,1.0,167.0,0.0279441117764471,0.8927962113842591,0.8704042031066577,0.2745098039215686,0.9983498973828069,0.0,0.0,0.0,5341.993106651599,1353.8097547833397,97.0,haco_safemarl_pilot,traffic,21210904,3
0.0,0.3333333333333333,300.0,0.0,0.8866679636087067,0.8511810080124788,0.0,0.9999999998888889,0.0,0.0,0.0,772.1460696837111,211.35344011421662,180.0,haco_safemarl_mappo,traffic,21210904,3
0.0,0.6666666666666666,300.0,0.58,0.5468173169187928,0.30327242275913574,1.0,0.7952314161514566,0.0,70.0,0.0,5560.499999999976,2537.5435447880986,0.0,fixed_auv_ga_pso_tlbo_proxy,traffic,21220911,3
0.0,1.0,269.0,0.5365551425030978,0.5308732983037198,0.08958109070122251,1.0,0.7129691925520868,0.0,54.0,0.0,6613.365000000009,2546.800000000007,0.0,independent_greedy,traffic,21220911,3
0.0,0.0,300.0,0.69,0.6430512445664802,0.49785735066507225,1.0,0.8501359711181126,0.0,67.0,0.0,7899.903090109857,2931.5843635943224,0.0,communication_aware,traffic,21220911,3
0.0,0.0,300.0,0.5844444444444444,0.6042021143341305,0.22561779959936157,1.0,0.7373459422338132,0.0,0.0,0.0,9158.68897235045,3244.976224843985,606.0,haco_safemarl_pilot_no_acoustic,traffic,21220911,3
0.0,0.0,300.0,0.7244444444444443,0.5129239407148293,0.2835966843411129,1.0,0.7446906397018749,0.0,115.0,0.0,9056.143535520358,2879.6260092797233,0.0,haco_safemarl_pilot_no_shield,traffic,21220911,3
0.0,0.0,300.0,0.6244444444444444,0.7029969445569805,0.5274636801292416,1.0,0.7578073173326256,0.0,0.0,0.0,8962.530976444325,3197.906139374513,663.0,haco_safemarl_pilot,traffic,21220911,3
0.0,0.0,300.0,0.6433333333333333,0.5733782401887598,0.37100411542394207,1.0,0.8104339202870857,0.0,0.0,0.0,725.5871772846866,242.7245024927953,864.0,haco_safemarl_mappo,traffic,21220911,3
1.0,1.0,203.0,0.30706075533661736,0.8144582326205001,0.6935533599189041,0.6666666666666665,0.8584429981423206,0.0,0.0,0.024630541871921183,3762.6049999999905,1810.8740482934943,0.0,fixed_auv_ga_pso_tlbo_proxy,traffic,21230918,3
1.0,1.0,156.0,0.40384615384615374,0.7460944018482791,0.4768368387041808,0.6666666666666666,0.6656319744131857,0.0,0.0,0.0,3835.2600000000048,1453.2000000000007,0.0,independent_greedy,traffic,21230918,3
0.0,0.6666666666666666,300.0,0.44666666666666666,0.796435400874794,0.6994506570189442,0.6666666666666669,0.7412574869782493,0.0,0.0,0.03333333333333333,8185.429575131439,3580.1442976898584,0.0,communication_aware,traffic,21230918,3
1.0,1.0,178.0,0.22659176029962544,0.8418825214430313,0.792467524945695,0.6666666666666665,0.9578707367828048,0.0,0.0,0.0,5552.178655962144,1559.4839314526891,225.0,haco_safemarl_pilot_no_acoustic,traffic,21230918,3
1.0,1.0,156.0,0.3034188034188034,0.816726087100644,0.7471003031712123,0.6666666666666666,0.8999424175905144,0.0,0.0,0.0,4914.223199523282,1225.8996052921416,0.0,haco_safemarl_pilot_no_shield,traffic,21230918,3
1.0,1.0,202.0,0.25082508250825086,0.8400624343609581,0.7890415819046847,0.6666666666666665,0.9468239529305892,0.0,0.0,0.0,6269.586713428343,1903.2028087399815,280.0,haco_safemarl_pilot,traffic,21230918,3
0.0,0.0,300.0,0.0,0.85652422007053,0.826233282200687,0.0,0.9999999998888889,0.0,0.0,0.016666666666666666,622.4837073000299,259.8272644113621,343.0,haco_safemarl_mappo,traffic,21230918,3
1.0,1.0,181.0,0.37937384898710863,0.7286621153037102,0.5488365081394265,0.6666666666666665,0.8292552917631067,0.0,0.0,0.11049723756906077,3354.834999999993,1836.1219361599963,0.0,fixed_auv_ga_pso_tlbo_proxy,traffic,21240925,3
0.0,1.0,138.0,0.39371980676328494,0.7126809519585092,0.4310544439352012,0.6666666666666666,0.7475290402800706,0.036231884057971016,0.0,0.18115942028985507,3392.730000000004,1572.3999999999974,0.0,independent_greedy,traffic,21240925,3
0.0,0.6666666666666666,300.0,0.52,0.6975824450307551,0.5696717748081511,0.6666666666666669,0.6280464410010964,0.0,0.0,0.06666666666666667,8048.35602527976,3751.2682752255787,0.0,communication_aware,traffic,21240925,3
0.0,1.0,179.0,0.35567970204841703,0.761853328753283,0.5622797179538204,0.6666666666666665,0.8519862787530175,0.0670391061452514,0.0,0.18435754189944134,4979.060542320387,1193.738956429987,276.0,haco_safemarl_pilot_no_acoustic,traffic,21240925,3
0.0,1.0,143.0,0.33566433566433557,0.7539151104543497,0.5475058441828806,0.6666666666666665,0.9052459123952502,0.06293706293706294,0.0,0.4125874125874126,4426.767046558854,933.4857444521485,0.0,haco_safemarl_pilot_no_shield,traffic,21240925,3
0.0,0.3333333333333333,300.0,0.4988888888888889,0.752740308136391,0.6526891709083963,0.6666666666666669,0.6682403417400393,0.03333333333333333,0.0,0.11,8289.638206219599,3005.3355435038675,539.0,haco_safemarl_pilot,traffic,21240925,3
0.0,0.0,300.0,0.18777777777777774,0.8367768373389028,0.8064734532205807,0.6666666666666669,0.9736490633817669,0.0,0.0,0.05333333333333334,266.2711847301921,289.1251759543766,492.0,haco_safemarl_mappo,traffic,21240925,3
0.0,1.0,294.0,0.11678004535147388,0.8961855322881361,0.8727166765764792,0.6666666666666669,0.9904584231661335,0.006802721088435374,0.0,0.07482993197278912,5449.289999999977,3073.495131364157,0.0,fixed_auv_ga_pso_tlbo_proxy,traffic,21250932,3
1.0,1.0,225.0,0.3022222222222222,0.8410896968343978,0.7115170475746392,0.579710144927536,0.7756705441653001,0.0,0.0,0.0,5531.625000000007,2438.8000000000084,0.0,independent_greedy,traffic,21250932,3
0.0,0.6666666666666666,300.0,0.1955555555555555,0.8808093143261378,0.8542668916546284,0.6666666666666669,0.9712034801740759,0.0,0.0,0.06666666666666667,8393.211437579743,3895.2787045742925,0.0,communication_aware,traffic,21250932,3
1.0,1.0,219.0,0.07762557077625569,0.8799654579490007,0.7870633836796839,0.33333333333333326,0.9860325744223437,0.0,0.0,0.0639269406392694,6180.409900239966,1563.6073166297228,152.0,haco_safemarl_pilot_no_acoustic,traffic,21250932,3
1.0,1.0,219.0,0.08066971080669708,0.8699505971947161,0.7584725391712084,0.33333333333333326,0.9848340053903433,0.0,0.0,0.0639269406392694,6843.163401852095,1647.364876333051,0.0,haco_safemarl_pilot_no_shield,traffic,21250932,3
1.0,1.0,219.0,0.07762557077625569,0.8827712017470872,0.7956019828075868,0.33333333333333326,0.9860325744223437,0.0,0.0,0.0639269406392694,6202.780884994717,1546.9946166363054,152.0,haco_safemarl_pilot,traffic,21250932,3
0.0,0.6666666666666666,300.0,0.06555555555555553,0.8822356195420874,0.8169962037722576,0.3333333333333334,0.9902526169817236,0.0,0.0,0.0,1327.876639835437,286.1756919978807,194.0,haco_safemarl_mappo,traffic,21250932,3
0.0,1.0,295.0,0.5627118644067797,0.6386116953753739,0.5996653992452269,1.0,0.9963676274043914,0.0,4.0,0.0,5467.824999999977,2804.4617197207704,0.0,fixed_auv_ga_pso_tlbo_proxy,traffic,21260939,3
0.0,1.0,226.0,0.7330383480825959,0.5609415859220235,0.32958380348521676,1.0,0.5174287289516196,0.0,4.0,0.0,5556.210000000007,2365.200000000006,0.0,independent_greedy,traffic,21260939,3
0.0,0.3333333333333333,300.0,0.6344444444444444,0.7309227385515283,0.7167081311816716,1.0,0.9988741536327097,0.0,0.0,0.0,7976.703464103494,3069.043271104692,0.0,communication_aware,traffic,21260939,3
1.0,1.0,240.0,0.37638888888888883,0.7353702688293373,0.5743970273245375,0.6666666666666666,0.8871448245693032,0.0,0.0,0.0,7756.136514010531,1849.083107699846,349.0,haco_safemarl_pilot_no_acoustic,traffic,21260939,3
1.0,1.0,225.0,0.4177777777777778,0.6722784749660765,0.48486496305634796,0.9275362318840579,0.9265364885155167,0.0,0.0,0.0,7138.6211393816675,1762.2271480616,0.0,haco_safemarl_pilot_no_shield,traffic,21260939,3
1.0,1.0,249.0,0.3266398929049531,0.767128353747394,0.6550654117847267,0.6666666666666667,0.875248641149523,0.0,0.0,0.0,8078.673064571049,1964.6525587731169,381.0,haco_safemarl_pilot,traffic,21260939,3
0.0,0.0,300.0,0.24888888888888885,0.8254366554923162,0.7991558498454995,0.6666666666666669,0.9478509408789828,0.0,0.0,0.0,560.0685646765515,245.15210980266144,588.0,haco_safemarl_mappo,traffic,21260939,3
0.0,0.6666666666666666,300.0,0.0,0.9103815256464878,0.8643413663293241,0.0,0.9999999998888889,0.0,12.0,0.14,5560.499999999976,2943.646164787517,0.0,fixed_auv_ga_pso_tlbo_proxy,traffic,21270946,3
0.0,1.0,257.0,0.18158236057068738,0.8101788445052011,0.6296212135946265,0.33333333333333337,0.9103715236152078,0.0,9.0,0.07392996108949416,6318.345000000008,2818.000000000005,0.0,independent_greedy,traffic,21270946,3
0.0,1.0,294.0,0.019274376417233556,0.9052842319708775,0.8545904906889187,0.18888888888888883,0.9992281012677975,0.0,10.0,0.17687074829931973,8339.141375830963,3804.93052400182,0.0,communication_aware,traffic,21270946,3
0.0,1.0,237.0,0.07735583684950773,0.8992730274343435,0.8296829261881856,0.3333333333333333,0.9861361270632184,0.0,1.0,0.0,7445.359999999993,2101.603395345604,100.0,haco_safemarl_pilot_no_acoustic,traffic,21270946,3
0.0,1.0,250.0,0.09866666666666665,0.8992739734311126,0.8268176735632656,0.33333333333333337,0.9765946896508924,0.0,9.0,0.0,7778.8562815829455,2113.0126859086768,0.0,haco_safemarl_pilot_no_shield,traffic,21270946,3
0.0,1.0,238.0,0.07002801120448178,0.9020919121575276,0.8382577774924768,0.3333333333333333,0.9887866227640327,0.0,1.0,0.0,7474.5305189414075,1960.9342123040358,98.0,haco_safemarl_pilot,traffic,21270946,3
0.0,0.3333333333333333,300.0,0.0,0.9095058029303124,0.8644538683491373,0.0,0.9999999998888889,0.0,1.0,0.24,851.8959658290281,96.52197265119077,123.0,haco_safemarl_mappo,traffic,21270946,3
0.0,1.0,236.0,0.23587570621468928,0.7970583883928368,0.5855917741427878,0.3333333333333333,0.8399295181161033,0.03389830508474576,0.0,0.0847457627118644,4374.259999999986,2293.4478277125386,0.0,fixed_auv_ga_pso_tlbo_proxy,traffic,21280953,3
1.0,1.0,180.0,0.3759259259259259,0.7597285488284213,0.704476232033883,0.6666666666666665,0.9963503966988484,0.0,0.0,0.005555555555555556,4425.300000000006,1793.0000000000005,0.0,independent_greedy,traffic,21280953,3
0.0,0.6666666666666666,300.0,0.26222222222222225,0.8395417562239184,0.730514366748679,0.3333333333333334,0.7983081289619769,0.0,0.0,0.16666666666666666,8294.551677148027,3930.817024688185,0.0,communication_aware,traffic,21280953,3
1.0,1.0,199.0,0.16247906197654943,0.8250626918842853,0.753875970810696,0.6666666666666665,0.9818013303844718,0.0,0.0,0.0,6162.4032832051835,1498.4186135938937,186.0,haco_safemarl_pilot_no_acoustic,traffic,21280953,3
1.0,1.0,180.0,0.22592592592592586,0.7979439147316414,0.7131052639189805,0.6666666666666665,0.9946601995182394,0.0,0.0,0.0,5656.524791682875,1334.1266824808213,0.0,haco_safemarl_pilot_no_shield,traffic,21280953,3
1.0,1.0,199.0,0.15912897822445563,0.8299511299478972,0.7655683941601239,0.6666666666666665,0.9819434376869909,0.0,0.0,0.0,6168.273759024453,1537.8147846006038,192.0,haco_safemarl_pilot,traffic,21280953,3
0.0,0.3333333333333333,300.0,0.25111111111111106,0.8281146018192249,0.7515689256141727,0.6666666666666669,0.8921121570100388,0.0,0.0,0.23,757.074843611739,172.70032676813554,462.0,haco_safemarl_mappo,traffic,21280953,3
0.0,0.6666666666666666,300.0,0.39777777777777773,0.7022952123070384,0.40646627106784033,1.0,0.8782654968606862,0.0,22.0,0.0,5560.499999999976,2356.6418249766944,0.0,fixed_auv_ga_pso_tlbo_proxy,traffic,21290960,3
0.0,1.0,238.0,0.4551820728291316,0.657789960768507,0.3029995017646712,1.0,0.8008817471652024,0.0,17.0,0.0,5851.230000000008,2051.4,0.0,independent_greedy,traffic,21290960,3
0.0,0.3333333333333333,300.0,0.51,0.7448565319595264,0.5968489271935604,1.0,0.8921351403459158,0.0,19.0,0.0,8073.946510227492,2947.659959200794,0.0,communication_aware,traffic,21290960,3
0.0,0.3333333333333333,300.0,0.41888888888888887,0.6949005962971024,0.47799311324113336,0.8888888888888888,0.8156401423166266,0.0,0.0,0.0,8061.576043833639,2543.382853528366,512.0,haco_safemarl_pilot_no_acoustic,traffic,21290960,3
0.0,0.3333333333333333,300.0,0.5688888888888889,0.6303020670144024,0.48092468173362135,1.0,0.9072741512586351,0.0,21.0,0.0,9185.168786171253,2878.2624988497746,0.0,haco_safemarl_pilot_no_shield,traffic,21290960,3
0.0,0.3333333333333333,300.0,0.3922222222222222,0.7849132383333415,0.6835488874889815,0.8333333333333334,0.8490438610004511,0.0,0.0,0.0,9135.529369964082,3035.410088993659,482.0,haco_safemarl_pilot,traffic,21290960,3
0.0,0.0,300.0,0.30666666666666664,0.7709248909382895,0.6077219704729903,0.6666666666666669,0.8458811260077137,0.0,0.0,0.0,874.6985933968709,144.82947261154436,561.0,haco_safemarl_mappo,traffic,21290960,3
0.0,1.0,253.0,0.4848484848484848,0.5977695118010631,0.3060291248087868,0.6666666666666667,0.6795707812990409,0.0,149.0,0.0,4689.354999999983,1978.0661583313222,0.0,fixed_auv_ga_pso_tlbo_proxy,traffic,21300967,3
0.0,1.0,194.0,0.5274914089347079,0.5603086023652313,0.21246227883569024,0.6666666666666665,0.697268091848142,0.0,114.0,0.0,4769.490000000006,1545.4000000000012,0.0,independent_greedy,traffic,21300967,3
0.0,0.3333333333333333,300.0,0.5811111111111111,0.6730310261067866,0.4907830731921001,1.0,0.6201983703769836,0.0,199.0,0.0,8025.098182506585,3098.2869359290357,0.0,communication_aware,traffic,21300967,3
0.0,0.3333333333333333,300.0,0.5433333333333332,0.6456105117685457,0.2899974557535213,0.8333333333333334,0.6198139686433549,0.0,19.0,0.0,6845.612458742066,2568.5923335875173,787.0,haco_safemarl_pilot_no_acoustic,traffic,21300967,3
0.0,0.3333333333333333,300.0,0.5622222222222222,0.5606561859831284,0.33489880321308957,0.6666666666666669,0.5450893639205798,0.0,239.0,0.0,9012.703174697479,2948.059921731037,0.0,haco_safemarl_pilot_no_shield,traffic,21300967,3
0.0,0.3333333333333333,300.0,0.5344444444444444,0.7567566088352995,0.6205744732730358,0.6666666666666669,0.5960211164175044,0.0,19.0,0.0,8208.427425904369,3054.2890920808654,684.0,haco_safemarl_pilot,traffic,21300967,3
0.0,0.0,300.0,0.5277777777777777,0.6221259599920352,0.30343232095684414,0.6666666666666669,0.6000850499370175,0.006666666666666667,19.0,0.043333333333333335,1992.2832301651092,1108.1986864360913,918.0,haco_safemarl_mappo,traffic,21300967,3
0.0,1.0,248.0,0.32392473118279574,0.7957159221709529,0.7227673340918906,1.0,0.9288040144303655,0.0,29.0,0.0,4596.679999999984,2402.1944064706813,0.0,fixed_auv_ga_pso_tlbo_proxy,traffic,21310974,3
0.0,1.0,190.0,0.5631578947368421,0.6953342397127525,0.6254034153472806,0.8771929824561402,0.868178953562399,0.0,22.0,0.0,4671.150000000006,1846.800000000001,0.0,independent_greedy,traffic,21310974,3
0.0,1.0,274.0,0.46715328467153283,0.7940035333221518,0.7672740360652075,1.0,0.941658076519433,0.0,24.0,0.0,7476.09694795245,3054.617253175737,0.0,communication_aware,traffic,21310974,3
0.0,1.0,182.0,0.17032967032967034,0.8480281085961968,0.8077622325492337,0.33333333333333326,0.9712886047465484,0.0,10.0,0.0,4727.923945601103,1007.0931309691891,310.0,haco_safemarl_pilot_no_acoustic,traffic,21310974,3
0.0,1.0,188.0,0.32801418439716307,0.8168072479093441,0.8005279633554524,0.6666666666666665,0.9444038999232132,0.0,22.0,0.0,5929.247540207525,1580.4558651958182,0.0,haco_safemarl_pilot_no_shield,traffic,21310974,3
0.0,1.0,183.0,0.12386156648451731,0.8518764185731053,0.819739898475933,0.33333333333333326,0.989191453924182,0.0,10.0,0.0,4665.367167026912,1088.8919993289448,307.0,haco_safemarl_pilot,traffic,21310974,3
0.0,0.0,300.0,0.0,0.8612940936249888,0.8415707692936113,0.0,0.9999999998888889,0.0,10.0,0.0,1115.8188584608242,774.6212743044189,427.0,haco_safemarl_mappo,traffic,21310974,3
0.0,1.0,207.0,0.001610305958132045,0.917430880145912,0.9098749101574376,0.015873015873015872,0.9999947970019698,0.0,31.0,0.2028985507246377,3836.74499999999,1954.6367359422188,0.0,fixed_auv_ga_pso_tlbo_proxy,traffic,21320981,3
0.0,1.0,158.0,0.0,0.906804185155349,0.8880470709952356,0.0,0.9999999998888889,0.0,23.0,0.15822784810126583,3884.430000000005,1662.1999999999975,0.0,independent_greedy,traffic,21320981,3
0.0,1.0,179.0,0.0037243947858473,0.9172547396328018,0.9088117976162685,0.037037037037037035,0.9999720506299409,0.0,26.0,0.2569832402234637,5079.125,2089.610828886553,0.0,communication_aware,traffic,21320981,3
1.0,1.0,162.0,0.0,0.9081581427742986,0.8740678133371103,0.0,0.9999999998888889,0.0,0.0,0.17901234567901234,5135.398372743113,1394.9362333247261,68.0,haco_safemarl_pilot_no_acoustic,traffic,21320981,3
0.0,1.0,154.0,0.09956709956709955,0.8986110570356926,0.8505025209999693,0.3333333333333333,0.976129235914727,0.0,22.0,0.14285714285714285,4833.651121911614,1208.318246357626,0.0,haco_safemarl_pilot_no_shield,traffic,21320981,3
1.0,1.0,162.0,0.0,0.9080343183425386,0.8739258890970452,0.0,0.9999999998888889,0.0,0.0,0.17901234567901234,5135.044390904152,1395.058407541755,67.0,haco_safemarl_pilot,traffic,21320981,3
1.0,1.0,271.0,0.0,0.9207825880687626,0.9075781217659228,0.0,0.9999999998888889,0.0,0.0,0.02214022140221402,409.60838497054544,60.674312241869316,60.0,haco_safemarl_mappo,traffic,21320981,3
0.0,0.3333333333333333,300.0,0.6733333333333333,0.45668257477461555,0.23942460762255682,1.0,0.8247552520540832,0.0,27.0,0.0,5560.499999999976,2356.462903904767,0.0,fixed_auv_ga_pso_tlbo_proxy,traffic,21330988,3
0.0,1.0,244.0,0.6898907103825136,0.42124781039169046,0.10674688485631043,1.0,0.722028387868529,0.0,35.0,0.0,5998.740000000008,1962.000000000002,0.0,independent_greedy,traffic,21330988,3
0.0,0.0,300.0,0.7488888888888888,0.6172372465044332,0.4989717454623539,1.0,0.8681964970569833,0.0,0.0,0.0,7852.05065208134,2969.9346463913444,0.0,communication_aware,traffic,21330988,3
0.0,0.0,300.0,0.6688888888888889,0.5068637897230435,0.2508789601865797,1.0,0.7240322207125616,0.0,0.0,0.0,9028.797890162385,3079.5642657700187,679.0,haco_safemarl_pilot_no_acoustic,traffic,21330988,3
0.0,0.0,300.0,0.8044444444444444,0.4487201313774388,0.2865817683712315,1.0,0.8025286265550656,0.0,53.0,0.0,8962.311935949114,2969.8762361113563,0.0,haco_safemarl_pilot_no_shield,traffic,21330988,3
0.0,0.0,300.0,0.6633333333333333,0.6918968790408563,0.5947776475882548,1.0,0.75341588855948,0.0,0.0,0.0,8838.35928718658,3113.5882389538665,720.0,haco_safemarl_pilot,traffic,21330988,3
0.0,0.0,300.0,0.7511111111111111,0.455598083988811,0.2671160272841605,1.0,0.7732470323687436,0.0,0.0,0.0,664.2819115060697,41.61272783181794,870.0,haco_safemarl_mappo,traffic,21330988,3
1.0,1.0,232.0,0.6350574712643677,0.5577307377689275,0.3156202441305002,1.0,0.6948860450066612,0.0,0.0,0.11637931034482758,4300.119999999986,1832.6440721962167,0.0,fixed_auv_ga_pso_tlbo_proxy,traffic,21340995,3
1.0,1.0,178.0,0.5636704119850187,0.5527224242994806,0.14850944441503908,1.0,0.6917294188306162,0.0,0.0,0.0,4376.130000000006,1499.2000000000019,0.0,independent_greedy,traffic,21340995,3
0.0,0.0,300.0,0.79,0.6132729819072786,0.4920623339043042,1.0,0.7677477578804289,0.0,0.0,0.08,7808.597182774175,2928.9758964807775,0.0,communication_aware,traffic,21340995,3
1.0,1.0,282.0,0.6205673758865248,0.5414403309693042,0.34625586605553155,1.0,0.8498997841652651,0.0,0.0,0.0,8531.827996094846,2346.451430130361,663.0,haco_safemarl_pilot_no_acoustic,traffic,21340995,3
0.0,0.3333333333333333,300.0,0.8166666666666667,0.45994572330321104,0.31618473579307627,1.0,0.725941922903907,0.0,0.0,0.04666666666666667,8944.41010677915,2955.8173437280875,0.0,haco_safemarl_pilot_no_shield,traffic,21340995,3
0.0,0.0,300.0,0.7177777777777777,0.690924663194864,0.5716556182168024,1.0,0.8468667129214512,0.0,0.0,0.0,8776.009553099764,3047.6966728625307,762.0,haco_safemarl_pilot,traffic,21340995,3
0.0,0.0,300.0,0.6544444444444445,0.6874725018290951,0.5869684385492684,1.0,0.9284473234119482,0.0,0.0,0.04666666666666667,495.32871870659915,154.5714662880457,770.0,haco_safemarl_mappo,traffic,21340995,3
0.0,0.3333333333333333,300.0,0.29666666666666663,0.7533552244547711,0.565460273262471,0.6666666666666669,0.9008883221228902,0.0,58.0,0.10666666666666667,5560.499999999976,2040.9872776459604,0.0,fixed_auv_ga_pso_tlbo_proxy,traffic,21351002,3
0.0,1.0,287.0,0.6643437862950059,0.5163360595860599,0.31307125019098847,1.0,0.5598184898345652,0.03484320557491289,44.0,0.13937282229965156,7055.8950000000095,2282.2000000000044,0.0,independent_greedy,traffic,21351002,3
0.0,0.0,300.0,0.36,0.8015015131671714,0.6868356237668148,0.8555555555555555,0.8838450839432622,0.0,51.0,0.11666666666666667,8218.937799575644,2946.8618784800083,0.0,communication_aware,traffic,21351002,3
0.0,0.0,300.0,0.35,0.7499348516483074,0.5768619216526545,0.6666666666666669,0.8618996167381399,0.0,0.0,0.1,6463.396838554841,2133.6542055275463,665.0,haco_safemarl_pilot_no_acoustic,traffic,21351002,3
0.0,0.3333333333333333,300.0,0.44666666666666666,0.6840332417644206,0.5373370844581032,1.0,0.8714553770093014,0.056666666666666664,43.0,0.16666666666666666,9360.79930830687,2869.6904359674345,0.0,haco_safemarl_pilot_no_shield,traffic,21351002,3
0.0,0.0,300.0,0.34444444444444444,0.814745546231122,0.7169529810238072,0.6666666666666669,0.871108041224607,0.0,0.0,0.11666666666666667,6675.983156676923,2257.742746931118,649.0,haco_safemarl_pilot,traffic,21351002,3
0.0,0.0,300.0,0.3466666666666667,0.7727210523754796,0.671262761889312,0.6666666666666669,0.8755184828671501,0.0,0.0,0.023333333333333334,1341.9394504286322,302.1665917374321,668.0,haco_safemarl_mappo,traffic,21351002,3
0.0,0.6666666666666666,300.0,0.5877777777777777,0.6294159991521191,0.4858469234075621,0.8444444444444444,0.5246764631207391,0.0,24.0,0.0,5560.499999999976,2919.3733838016665,0.0,fixed_auv_ga_pso_tlbo_proxy,acoustic_degradation,21161009,3
0.0,1.0,294.0,0.9206349206349205,0.412812666445763,0.11180018749539358,1.0,0.3333333313733333,0.0,18.0,0.0,7227.99000000001,3319.6000000000145,0.0,independent_greedy,acoustic_degradation,21161009,3
0.0,0.6666666666666666,300.0,0.7388888888888888,0.6998172090556614,0.6059737306076477,1.0,0.6050397145499471,0.0,21.0,0.0,8072.014367529909,3258.6681669995623,0.0,communication_aware,acoustic_degradation,21161009,3
0.0,0.6666666666666666,300.0,0.5577777777777777,0.621737006196449,0.31833487756476225,0.7777777777777778,0.5513693383400052,0.0,0.0,0.0,8611.416954601791,2510.4217856127525,970.0,haco_safemarl_pilot_no_acoustic,acoustic_degradation,21161009,3
0.0,1.0,292.0,0.6655251141552511,0.5428780719106308,0.29992167472737385,0.9,0.38709953767103766,0.0,23.0,0.0,9185.558211838372,2296.362079526864,0.0,haco_safemarl_pilot_no_shield,acoustic_degradation,21161009,3
0.0,0.3333333333333333,300.0,0.5444444444444444,0.7145734056667166,0.5765918821280432,0.8,0.6498275886468258,0.0,0.0,0.0,7975.354902442638,2954.048167540455,971.0,haco_safemarl_pilot,acoustic_degradation,21161009,3
0.0,0.0,300.0,0.3711111111111111,0.7905917902587801,0.7597629932728455,0.711111111111111,0.6661343512616452,0.0,0.0,0.0,2541.2320132604004,2148.6233364285067,1044.0,haco_safemarl_mappo,acoustic_degradation,21161009,3
0.0,0.6666666666666666,300.0,0.8666666666666667,0.4844316358726986,0.2907250711039367,1.0,0.33333333263888887,0.0,90.0,0.0,5560.499999999976,2498.302162076886,0.0,fixed_auv_ga_pso_tlbo_proxy,acoustic_degradation,21171016,3
0.0,1.0,238.0,0.8249299719887955,0.4486684684027848,0.16625077424700904,1.0,0.6615436708805421,0.0,70.0,0.0,5851.230000000008,2186.200000000004,0.0,independent_greedy,acoustic_degradation,21171016,3
0.0,0.0,300.0,0.8744444444444446,0.6499161671456158,0.5160352758575164,1.0,0.33333333255018666,0.0,161.0,0.0,7894.853927486422,2952.1931709549185,0.0,communication_aware,acoustic_degradation,21171016,3
0.0,0.3333333333333333,300.0,0.6744444444444445,0.6858126414034192,0.5510087549906799,1.0,0.6592865640722206,0.0,36.0,0.0,8178.738987588515,3042.176374817604,966.0,haco_safemarl_pilot_no_acoustic,acoustic_degradation,21171016,3
0.0,0.3333333333333333,300.0,0.8955555555555554,0.47549413598162926,0.32988391984645055,1.0,0.5196424343232289,0.0,79.0,0.0,9062.928477915435,2918.3092886960794,0.0,haco_safemarl_pilot_no_shield,acoustic_degradation,21171016,3
0.0,0.0,300.0,0.6522222222222223,0.7342106721022623,0.6617908978386446,1.0,0.6617425543269584,0.0,34.0,0.0,8044.04843856346,2967.389775095741,965.0,haco_safemarl_pilot,acoustic_degradation,21171016,3
0.0,0.0,300.0,0.7444444444444444,0.6336632980561386,0.4010275636374431,1.0,0.48268184930616653,0.0,0.0,0.06333333333333334,939.2368819845377,362.0073940906619,1032.0,haco_safemarl_mappo,acoustic_degradation,21171016,3
0.0,1.0,269.0,1.0,0.5032191278746608,0.38679610522756586,1.0,0.0,0.0,52.0,0.0,4985.914999999981,1963.0089209986088,0.0,fixed_auv_ga_pso_tlbo_proxy,acoustic_degradation,21181023,3
0.0,1.0,206.0,1.0,0.33627403873841305,0.08076193483630767,1.0,0.0,0.0,39.0,0.0,5064.510000000007,1608.0000000000016,0.0,independent_greedy,acoustic_degradation,21181023,3
0.0,0.3333333333333333,300.0,1.0,0.6668128545193029,0.6237728880468224,1.0,0.0,0.0,0.0,0.0,7935.87797786573,3121.8137663146663,0.0,communication_aware,acoustic_degradation,21181023,3
1.0,1.0,268.0,1.0,0.5826625630798447,0.3357690124997425,1.0,0.0,0.0,0.0,0.018656716417910446,8733.84066331208,2449.458225416774,804.0,haco_safemarl_pilot_no_acoustic,acoustic_degradation,21181023,3
0.0,1.0,265.0,1.0,0.5331967632626368,0.3022293566073984,1.0,0.0,0.0,55.0,0.0,8196.312121619478,2277.6936993697673,0.0,haco_safemarl_pilot_no_shield,acoustic_degradation,21181023,3
0.0,0.3333333333333333,300.0,1.0,0.6420953724065129,0.5055666797755838,1.0,0.0,0.0,0.0,0.09333333333333334,9357.01533473729,3390.0164318606853,939.0,haco_safemarl_pilot,acoustic_degradation,21181023,3
0.0,0.3333333333333333,300.0,1.0,0.6813318171700874,0.6108955407868865,1.0,0.0,0.0,0.0,0.0,941.2776551712446,204.54816990242614,900.0,haco_safemarl_mappo,acoustic_degradation,21181023,3
0.0,0.6666666666666666,300.0,1.0,0.36706373920766355,0.3184255598384649,1.0,0.0,0.0,24.0,0.09333333333333334,5560.499999999976,2385.5727195207855,0.0,fixed_auv_ga_pso_tlbo_proxy,acoustic_degradation,21191030,3
0.0,1.0,254.0,1.0,0.3035220258433459,0.22874244029075708,1.0,0.0,0.03937007874015748,18.0,0.11023622047244094,6244.590000000008,2260.6000000000035,0.0,independent_greedy,acoustic_degradation,21191030,3
0.0,0.0,300.0,1.0,0.6185508044314183,0.5862623105685953,1.0,0.0,0.0,0.0,0.09333333333333334,7768.124660166621,2998.788947114755,0.0,communication_aware,acoustic_degradation,21191030,3
0.0,0.0,300.0,1.0,0.4541079163589588,0.3679952177341692,1.0,0.0,0.0,0.0,0.08666666666666667,8630.615103785633,3044.2725196391402,947.0,haco_safemarl_pilot_no_acoustic,acoustic_degradation,21191030,3
0.0,0.0,300.0,1.0,0.40217078383739724,0.3473448673983948,1.0,0.0,0.0,0.0,0.11333333333333333,8939.068764302525,3127.3657347340286,0.0,haco_safemarl_pilot_no_shield,acoustic_degradation,21191030,3
0.0,0.0,300.0,1.0,0.6245061786475055,0.5940744301108329,1.0,0.0,0.0,0.0,0.11,8504.835743061085,3206.0801678674516,952.0,haco_safemarl_pilot,acoustic_degradation,21191030,3
0.0,0.0,300.0,1.0,0.5276576176849166,0.4433131828325158,1.0,0.0,0.0,0.0,0.11,546.6085660648068,26.87854498892346,944.0,haco_safemarl_mappo,acoustic_degradation,21191030,3
0.0,0.6666666666666666,300.0,0.8755555555555556,0.3282404392994168,0.19464683047909376,1.0,0.33333333253613945,0.0,99.0,0.05333333333333334,5560.499999999976,2515.446185832402,0.0,fixed_auv_ga_pso_tlbo_proxy,acoustic_degradation,21201037,3
0.0,1.0,275.0,0.8727272727272727,0.2887508182532346,0.06297442526932306,1.0,0.5312996944639033,0.0,75.0,0.04363636363636364,6760.875000000009,2881.200000000015,0.0,independent_greedy,acoustic_degradation,21201037,3
0.0,0.0,300.0,0.9044444444444446,0.6006007051390448,0.49711279672978614,1.0,0.33333333198125115,0.0,44.0,0.03,7750.5776630772925,2927.550982976718,0.0,communication_aware,acoustic_degradation,21201037,3
0.0,0.3333333333333333,300.0,0.8477777777777777,0.4821519849734127,0.2509986624433625,1.0,0.3333333328005399,0.0,0.0,0.05333333333333334,3420.1432072257353,1028.6970990060995,1212.0,haco_safemarl_pilot_no_acoustic,acoustic_degradation,21201037,3
0.0,0.0,300.0,0.9144444444444446,0.3932275310289486,0.23562602663736995,1.0,0.33333333164670825,0.0,41.0,0.04,8863.182436754525,3046.1326111130393,0.0,haco_safemarl_pilot_no_shield,acoustic_degradation,21201037,3
0.0,0.0,300.0,0.8433333333333334,0.6685308597566141,0.5653224222474159,1.0,0.33333333283034056,0.0,0.0,0.05,3464.4604188841076,1942.5434424734854,1214.0,haco_safemarl_pilot,acoustic_degradation,21201037,3
0.0,0.0,300.0,0.8977777777777779,0.43758527649392076,0.2957103615951236,1.0,0.33333333215185884,0.0,0.0,0.06666666666666667,1242.286540639939,572.9672946796952,1011.0,haco_safemarl_mappo,acoustic_degradation,21201037,3
0.0,0.6666666666666666,300.0,0.8555555555555556,0.4823367383415084,0.3384536463014786,1.0,0.3333333327416174,0.0,0.0,0.0,5560.499999999976,3115.996986885955,0.0,fixed_auv_ga_pso_tlbo_proxy,acoustic_degradation,21211044,3
1.0,1.0,281.0,0.9098457888493475,0.329179109634522,0.16912715404780165,1.0,0.3333333318143852,0.0,0.0,0.0,6908.385000000009,3419.800000000012,0.0,independent_greedy,acoustic_degradation,21211044,3
0.0,0.3333333333333333,300.0,0.8766666666666667,0.6626236630503108,0.612311219938104,1.0,0.3333333325217109,0.0,0.0,0.0,7817.386571573358,3119.7111370934467,0.0,communication_aware,acoustic_degradation,21211044,3
0.0,0.6666666666666666,300.0,0.6288888888888889,0.6652320237517682,0.4998727202344881,0.7666666666666667,0.7791420464727625,0.0,0.0,0.0,9445.926580579235,2687.8313856795853,900.0,haco_safemarl_pilot_no_acoustic,acoustic_degradation,21211044,3
1.0,1.0,284.0,0.7910798122065729,0.5112663115311404,0.3605215235884471,1.0,0.3447585468454784,0.0,0.0,0.0,8821.98777483699,2180.585773151311,0.0,haco_safemarl_pilot_no_shield,acoustic_degradation,21211044,3
0.0,0.3333333333333333,300.0,0.6266666666666666,0.7285181436882688,0.6859240273642744,0.7888888888888889,0.8126106667160804,0.0,0.0,0.0,9262.51600722647,3349.0279346232196,900.0,haco_safemarl_pilot,acoustic_degradation,21211044,3
0.0,0.0,300.0,0.8177777777777777,0.750837136613122,0.740489823909221,1.0,0.3333333329615309,0.0,0.0,0.0,535.1080356547536,62.591288091673086,900.0,haco_safemarl_mappo,acoustic_degradation,21211044,3
0.0,0.6666666666666666,300.0,0.8877777777777779,0.4215747892501905,0.38334995546125844,1.0,0.43790512816435023,0.0,103.0,0.07,5560.499999999976,2610.8193814163315,0.0,fixed_auv_ga_pso_tlbo_proxy,acoustic_degradation,21221051,3
0.0,1.0,253.0,1.0,0.3270418584287302,0.30654830066660543,1.0,0.0,0.0,78.0,0.07114624505928854,6220.005000000008,2480.80000000001,0.0,independent_greedy,acoustic_degradation,21221051,3
0.0,0.0,300.0,0.9133333333333333,0.6372818729380351,0.6040875601460822,1.0,0.3508650500820153,0.0,73.0,0.07666666666666666,7831.147279631335,2977.658143504593,0.0,communication_aware,acoustic_degradation,21221051,3
0.0,0.0,300.0,0.8655555555555556,0.5765163150031541,0.4775957449258334,1.0,0.5030752827792057,0.0,0.0,0.06333333333333334,9006.473288911497,3451.4366269076563,926.0,haco_safemarl_pilot_no_acoustic,acoustic_degradation,21221051,3
0.0,0.0,300.0,0.9055555555555554,0.43044853855306187,0.4226344140361796,1.0,0.5308206562505429,0.0,178.0,0.07,8964.731993356529,3154.121015008726,0.0,haco_safemarl_pilot_no_shield,acoustic_degradation,21221051,3
0.0,0.0,300.0,0.8655555555555556,0.6688761431475051,0.6097409308781266,1.0,0.48876648158941793,0.0,0.0,0.07333333333333333,8762.325485806783,3203.6655833856585,929.0,haco_safemarl_pilot,acoustic_degradation,21221051,3
0.0,0.0,300.0,0.83,0.659207554344899,0.5837675289359434,1.0,0.553993609043677,0.0,0.0,0.03333333333333333,506.51653849029844,95.09638682381959,919.0,haco_safemarl_mappo,acoustic_degradation,21221051,3
1.0,1.0,226.0,0.7256637168141593,0.6982673171408146,0.6000504805554935,1.0,0.33333333316929376,0.0,0.0,0.07964601769911504,4188.909999999987,2300.2033598977887,0.0,fixed_auv_ga_pso_tlbo_proxy,acoustic_degradation,21231058,3
1.0,1.0,173.0,0.813102119460501,0.6230732278667147,0.43119102177600827,1.0,0.33333333297990103,0.0,0.0,0.0,4253.205000000005,1937.1999999999964,0.0,independent_greedy,acoustic_degradation,21231058,3
0.0,0.6666666666666666,300.0,0.7022222222222223,0.7376771006847092,0.6936070605285622,1.0,0.3333333331941041,0.0,0.0,0.06666666666666667,8122.666215270482,3775.144195864531,0.0,communication_aware,acoustic_degradation,21231058,3
1.0,1.0,195.0,0.45470085470085475,0.7417671027929628,0.6369381998554942,0.7166666666666666,0.6400908294533274,0.0,0.0,0.0,6374.510513214545,1636.9616129177969,585.0,haco_safemarl_pilot_no_acoustic,acoustic_degradation,21231058,3
1.0,1.0,174.0,0.5881226053639846,0.622299932514657,0.40023049982366976,0.7407407407407407,0.4982484503898144,0.0,0.0,0.0,5421.86105460759,1286.1694415304103,0.0,haco_safemarl_pilot_no_shield,acoustic_degradation,21231058,3
1.0,1.0,191.0,0.44851657940663187,0.7550612148286389,0.6771600280834221,0.7166666666666666,0.6434683986527325,0.0,0.0,0.0,6290.720691272029,1512.017542213449,573.0,haco_safemarl_pilot,acoustic_degradation,21231058,3
0.0,0.3333333333333333,300.0,0.07444444444444445,0.7977137798674481,0.7945282229990441,0.7333333333333333,0.9994785746222141,0.0,0.0,0.0,513.9829888873247,165.5592780208844,930.0,haco_safemarl_mappo,acoustic_degradation,21231058,3
0.0,1.0,297.0,0.803591470258137,0.4604448253795306,0.2413817994738626,1.0,0.33333333301330065,0.0,28.0,0.0,5504.894999999977,2751.1018192893034,0.0,fixed_auv_ga_pso_tlbo_proxy,acoustic_degradation,21241065,3
0.0,1.0,228.0,0.9137426900584794,0.3810153406727994,0.09160029071546609,1.0,0.33333333167404006,0.0,21.0,0.0,5605.380000000007,2066.0,0.0,independent_greedy,acoustic_degradation,21241065,3
0.0,0.3333333333333333,300.0,0.8922222222222221,0.6717409621199254,0.6354652861471904,1.0,0.33333333227052114,0.0,28.0,0.0,7852.631664792147,2874.4652091684975,0.0,communication_aware,acoustic_degradation,21241065,3
0.0,0.6666666666666666,300.0,0.7488888888888889,0.6084171174093166,0.3397514910484848,1.0,0.33333333313754665,0.0,17.0,0.0,7871.600263856874,2334.3149361380506,982.0,haco_safemarl_pilot_no_acoustic,acoustic_degradation,21241065,3
0.0,0.6666666666666666,300.0,0.9155555555555556,0.48117712491994263,0.3387397848371716,1.0,0.3333333316020314,0.0,21.0,0.0,9059.161637280602,2795.3894863022883,0.0,haco_safemarl_pilot_no_shield,acoustic_degradation,21241065,3
0.0,0.0,300.0,0.85,0.6863438174929343,0.5944672841704011,1.0,0.3333333327846365,0.0,17.0,0.0,5649.588024354231,2113.2764225636756,1090.0,haco_safemarl_pilot,acoustic_degradation,21241065,3
0.0,0.0,300.0,0.7355555555555555,0.739099338047736,0.7071846819274309,1.0,0.3333333331567921,0.0,17.0,0.0,664.0041801790035,129.17170447937087,900.0,haco_safemarl_mappo,acoustic_degradation,21241065,3
0.0,0.6666666666666666,300.0,1.0,0.3198768397665381,0.19552598285722386,1.0,0.0,0.0,36.0,0.0,5560.499999999976,2677.072428828465,0.0,fixed_auv_ga_pso_tlbo_proxy,acoustic_degradation,21251072,3
0.0,1.0,259.0,0.9922779922779923,0.24155796516338648,0.1911637949589681,1.0,0.3333331262933385,0.0,28.0,0.0,6367.5150000000085,2745.000000000013,0.0,independent_greedy,acoustic_degradation,21251072,3
0.0,0.0,300.0,1.0,0.6064605066659606,0.4994662308572425,1.0,0.0,0.0,0.0,0.0,7760.689794709672,2995.6598786084696,0.0,communication_aware,acoustic_degradation,21251072,3
0.0,0.3333333333333333,300.0,0.9322222222222221,0.45123834796101847,0.37411256237712004,1.0,0.3333333306458837,0.0,0.0,0.0,8996.62050541544,3157.151546205916,900.0,haco_safemarl_pilot_no_acoustic,acoustic_degradation,21251072,3
0.0,0.0,300.0,1.0,0.3782900411431175,0.3325251007985352,1.0,0.0,0.0,0.0,0.0,8846.328679471839,3152.213962697664,0.0,haco_safemarl_pilot_no_shield,acoustic_degradation,21251072,3
0.0,0.0,300.0,0.9322222222222223,0.6517472167316234,0.5994134544772776,1.0,0.3333333306458837,0.0,0.0,0.0,8752.763848867542,3218.797330432696,900.0,haco_safemarl_pilot,acoustic_degradation,21251072,3
0.0,0.0,300.0,0.8855555555555554,0.5494285528369588,0.42013938078048735,1.0,0.33333333239073737,0.0,0.0,0.0,468.8024110741979,208.67900007962882,900.0,haco_safemarl_mappo,acoustic_degradation,21251072,3
1.0,1.0,225.0,0.997037037037037,0.40198700347052635,0.11699222877859813,1.0,0.33333192708926596,0.0,0.0,0.09333333333333334,4170.374999999987,2246.519164098356,0.0,fixed_auv_ga_pso_tlbo_proxy,acoustic_degradation,21261079,3
1.0,1.0,172.0,0.7655038759689924,0.4299253910017539,0.04489218039585561,1.0,0.6393728975538142,0.0,0.0,0.01744186046511628,4228.620000000005,1905.399999999998,0.0,independent_greedy,acoustic_degradation,21261079,3
0.0,0.6666666666666666,300.0,1.0,0.5305459993113648,0.34653151557153306,1.0,0.0,0.0033333333333333335,0.0,0.07333333333333333,7684.28906248477,3031.3482042529768,0.0,communication_aware,acoustic_degradation,21261079,3
0.0,0.6666666666666666,300.0,0.6866666666666666,0.5390274062013165,0.11967135225640571,1.0,0.6559762430170926,0.0,0.0,0.056666666666666664,9130.933546401113,2769.217579063043,938.0,haco_safemarl_pilot_no_acoustic,acoustic_degradation,21261079,3
0.0,0.3333333333333333,300.0,0.9444444444444445,0.4227324445360394,0.190786594235879,1.0,0.3333333293333334,0.0,0.0,0.06666666666666667,8790.423735575727,3043.100229803015,0.0,haco_safemarl_pilot_no_shield,acoustic_degradation,21261079,3
0.0,0.3333333333333333,300.0,0.8577777777777779,0.6438045988100597,0.4943144747097701,1.0,0.4726790132554062,0.0,0.0,0.06,8557.240055651046,2989.952792944561,939.0,haco_safemarl_pilot,acoustic_degradation,21261079,3
0.0,0.0,300.0,0.6655555555555556,0.6483690606130461,0.5275076684414074,0.7666666666666667,0.3562158186698301,0.0,0.0,0.04666666666666667,285.25529862585165,46.20010194375796,939.0,haco_safemarl_mappo,acoustic_degradation,21261079,3
0.0,1.0,222.0,1.0,0.5655696996674937,0.40229751203522957,1.0,0.0,0.0,19.0,0.0,4114.769999999988,1958.1476583824526,0.0,fixed_auv_ga_pso_tlbo_proxy,acoustic_degradation,21271086,3
0.0,1.0,170.0,1.0,0.4455416737968961,0.292385527024024,1.0,0.0,0.0,15.0,0.0,4179.450000000005,1510.000000000001,0.0,independent_greedy,acoustic_degradation,21271086,3
0.0,0.6666666666666666,300.0,1.0,0.7118089974307324,0.6741022562878167,1.0,0.0,0.0,21.0,0.0,7937.790172776593,3462.0287150126205,0.0,communication_aware,acoustic_degradation,21271086,3
0.0,1.0,238.0,0.850140056022409,0.679801312608401,0.5374197241257587,1.0,0.45492112584858924,0.0,12.0,0.0,7677.726012484976,2223.7506829645904,724.0,haco_safemarl_pilot_no_acoustic,acoustic_degradation,21271086,3
0.0,1.0,198.0,0.9612794612794613,0.6008219107624301,0.46979917956303907,1.0,0.33333332509892905,0.0,15.0,0.0,6110.960850480007,1614.8989996234648,0.0,haco_safemarl_pilot_no_shield,acoustic_degradation,21271086,3
0.0,1.0,252.0,0.8492063492063492,0.7084416736298554,0.6138592962821409,1.0,0.5144893098704619,0.0,12.0,0.0,7907.248481232098,2387.933663159878,773.0,haco_safemarl_pilot,acoustic_degradation,21271086,3
0.0,0.0,300.0,0.5688888888888889,0.7557520607787905,0.7298411037682347,1.0,0.6652349512603906,0.0,12.0,0.0,659.1322917098122,175.35028501628776,900.0,haco_safemarl_mappo,acoustic_degradation,21271086,3
0.0,1.0,286.0,1.0,0.49834457831802464,0.34117666423891013,1.0,0.0,0.0,51.0,0.01048951048951049,5301.009999999978,2314.4478434287153,0.0,fixed_auv_ga_pso_tlbo_proxy,acoustic_degradation,21281093,3
0.0,1.0,219.0,0.9634703196347032,0.30093264656057794,0.176273860000502,1.0,0.33333332408159744,0.0,39.0,0.0867579908675799,5384.115000000007,1867.2000000000028,0.0,independent_greedy,acoustic_degradation,21281093,3
0.0,0.0,300.0,0.97,0.6685239124663,0.6226281319797926,1.0,0.3333333196159128,0.0,99.0,0.0,7862.616071662241,3022.225313012047,0.0,communication_aware,acoustic_degradation,21281093,3
0.0,0.6666666666666666,300.0,0.9455555555555555,0.5962281350298269,0.46471671188631586,1.0,0.3333333291684021,0.0,0.0,0.04666666666666667,9090.96992774386,2921.8263760496548,935.0,haco_safemarl_pilot_no_acoustic,acoustic_degradation,21281093,3
0.0,1.0,263.0,0.9898605830164765,0.5166162442331936,0.39486085798001874,1.0,0.33333321324830717,0.0,100.0,0.060836501901140684,8102.325273750759,2301.588232361225,0.0,haco_safemarl_pilot_no_shield,acoustic_degradation,21281093,3
0.0,0.0,300.0,0.9233333333333333,0.6581124433093299,0.6213695560189209,1.0,0.3333333312329343,0.0,0.0,0.05,8852.013265624832,3081.3832905254826,930.0,haco_safemarl_pilot,acoustic_degradation,21281093,3
0.0,0.0,300.0,0.7666666666666667,0.7069664473077111,0.6637378988504599,1.0,0.333333333106576,0.0,15.0,0.0,747.8604808004893,77.56143403588429,906.0,haco_safemarl_mappo,acoustic_degradation,21281093,3
0.0,1.0,270.0,1.0,0.25562690535087995,0.11875031444710354,1.0,0.0,0.0,52.0,0.0,5004.449999999981,2365.618172433144,0.0,fixed_auv_ga_pso_tlbo_proxy,acoustic_degradation,21291100,3
0.0,1.0,207.0,0.9339774557165861,0.2660583205883276,0.058778240532781495,1.0,0.33333333050109065,0.0,40.0,0.0,5089.095000000007,2029.4000000000046,0.0,independent_greedy,acoustic_degradation,21291100,3
0.0,0.0,300.0,1.0,0.5159167978551885,0.40595111131987416,1.0,0.0,0.0,0.0,0.0,7607.979624012875,2961.8183116853475,0.0,communication_aware,acoustic_degradation,21291100,3
0.0,0.3333333333333333,300.0,0.9566666666666667,0.3797246982962541,0.13095651642213546,1.0,0.33333332675871147,0.0,0.0,0.0,8925.083173741605,3062.1512581442985,900.0,haco_safemarl_pilot_no_acoustic,acoustic_degradation,21291100,3
0.0,0.3333333333333333,300.0,1.0,0.3524433303894328,0.22359739687934999,1.0,0.0,0.0,0.0,0.0,8747.718675226797,2991.9594345340356,0.0,haco_safemarl_pilot_no_shield,acoustic_degradation,21291100,3
0.0,0.0,300.0,0.9877777777777778,0.6137584504324163,0.49964769451323304,1.0,0.3333332506887257,0.0,0.0,0.0,8602.004927186037,3069.3168611283854,900.0,haco_safemarl_pilot,acoustic_degradation,21291100,3
0.0,0.0,300.0,1.0,0.37288039129949496,0.17283810407928565,1.0,0.0,0.0,0.0,0.0,299.2010535338593,42.19536821664019,900.0,haco_safemarl_mappo,acoustic_degradation,21291100,3
0.0,0.6666666666666666,300.0,0.9966666666666667,0.47731159999313066,0.23988902263233308,1.0,0.3333322222259259,0.0,0.0,0.08666666666666667,5560.499999999976,2912.3552142630706,0.0,fixed_auv_ga_pso_tlbo_proxy,acoustic_degradation,21301107,3
1.0,1.0,265.0,0.9471698113207547,0.3447953298171262,0.12051793017614906,1.0,0.33333332890998996,0.0,0.0,0.0,6515.025000000009,2985.6000000000167,0.0,independent_greedy,acoustic_degradation,21301107,3
0.0,0.3333333333333333,300.0,0.9366666666666666,0.6366384064642469,0.4875129719402082,1.0,0.33333333025546324,0.0033333333333333335,0.0,0.09666666666666666,7822.394809929445,3030.93335530945,0.0,communication_aware,acoustic_degradation,21301107,3
0.0,0.6666666666666666,300.0,0.7566666666666667,0.547228989955029,0.3545749318404388,1.0,0.41784062067025907,0.0,0.0,0.05333333333333334,9251.06218648353,3365.1161947943856,908.0,haco_safemarl_pilot_no_acoustic,acoustic_degradation,21301107,3
0.0,0.3333333333333333,300.0,0.8511111111111112,0.5206728754019749,0.3682238445915971,1.0,0.3333333327764164,0.0,0.0,0.06,8945.744615077774,3132.3004157597047,0.0,haco_safemarl_pilot_no_shield,acoustic_degradation,21301107,3
0.0,0.3333333333333333,300.0,0.7522222222222222,0.6779580823694143,0.5707807879008986,1.0,0.43823749689851177,0.0,0.0,0.05,9096.332147393907,3372.041100160081,909.0,haco_safemarl_pilot,acoustic_degradation,21301107,3
0.0,0.0,300.0,0.6566666666666666,0.6201852814643879,0.42586471964474454,1.0,0.49635844707832444,0.0,0.0,0.016666666666666666,643.8763073027058,199.35233151777896,919.0,haco_safemarl_mappo,acoustic_degradation,21301107,3
1.0,1.0,256.0,0.9375,0.4292449169745751,0.17716051893977142,1.0,0.33333333017283956,0.0,0.0,0.0,4744.959999999983,2412.337301344525,0.0,fixed_auv_ga_pso_tlbo_proxy,acoustic_degradation,21311114,3
1.0,1.0,196.0,0.976190476190476,0.3903633591261898,0.25355141084098626,1.0,0.33333331155555695,0.0,0.0,0.0,4818.660000000006,2045.800000000004,0.0,independent_greedy,acoustic_degradation,21311114,3
0.0,0.3333333333333333,300.0,0.961111111111111,0.5860240217327727,0.463073250072423,1.0,0.33333332517006825,0.0,0.0,0.01,7791.898677629568,3067.858224026519,0.0,communication_aware,acoustic_degradation,21311114,3
0.0,0.6666666666666666,300.0,0.9422222222222221,0.5044381517152293,0.339197242322838,1.0,0.33333332963510853,0.0,0.0,0.0,9196.073286589253,3391.8805290589876,900.0,haco_safemarl_pilot_no_acoustic,acoustic_degradation,21311114,3
0.0,0.3333333333333333,300.0,0.9633333333333334,0.47047086925939385,0.302627419667533,1.0,0.33333332415059713,0.0,0.0,0.0,8839.501810192505,3408.229319362754,0.0,haco_safemarl_pilot_no_shield,acoustic_degradation,21311114,3
0.0,0.3333333333333333,300.0,0.94,0.671717322637321,0.5945045392034899,1.0,0.33333332990397807,0.0,0.0,0.0,9036.251633184056,3823.950561917404,900.0,haco_safemarl_pilot,acoustic_degradation,21311114,3
0.0,0.0,300.0,0.92,0.6204135506571508,0.4937154738722078,1.0,0.333333331404321,0.0,0.0,0.0,359.77614697397127,163.67032305360902,900.0,haco_safemarl_mappo,acoustic_degradation,21311114,3
0.0,0.3333333333333333,300.0,0.8333333333333334,0.3905893331574403,0.22161600560789235,1.0,0.3333333328888889,0.0,69.0,0.05333333333333334,5560.499999999976,2333.934805150328,0.0,fixed_auv_ga_pso_tlbo_proxy,acoustic_degradation,21321121,3
0.0,1.0,271.0,0.9065190651906517,0.3251964177204595,0.1407065539691844,1.0,0.33333333192057174,0.0,67.0,0.033210332103321034,6662.535000000009,2394.800000000005,0.0,independent_greedy,acoustic_degradation,21321121,3
0.0,0.0,300.0,0.88,0.6330377391191719,0.5676062135083402,1.0,0.3333333324759945,0.01,0.0,0.08,7798.390735413484,2951.728258929728,0.0,communication_aware,acoustic_degradation,21321121,3
0.0,0.0,300.0,0.8266666666666667,0.5213942214000313,0.32896446145547553,1.0,0.33333333292241946,0.0,0.0,0.05333333333333334,8948.109133820042,3096.0039834072027,915.0,haco_safemarl_pilot_no_acoustic,acoustic_degradation,21321121,3
0.0,0.0,300.0,0.908888888888889,0.4320352519744196,0.2953892177215014,1.0,0.33333333184612335,0.0,0.0,0.05333333333333334,8936.338485248858,3015.016466017768,0.0,haco_safemarl_pilot_no_shield,acoustic_degradation,21321121,3
0.0,0.0,300.0,0.8344444444444444,0.6785684476543133,0.6058944997168765,1.0,0.3333333328829032,0.0,0.0,0.06333333333333334,8784.549257825043,3089.840678814221,926.0,haco_safemarl_pilot,acoustic_degradation,21321121,3
0.0,0.0,300.0,0.8477777777777779,0.4374293085345483,0.27839121194043204,1.0,0.3333333328005399,0.0,0.0,0.14666666666666667,725.4525360879529,29.68785075364579,932.0,haco_safemarl_mappo,acoustic_degradation,21321121,3
1.0,1.0,281.0,0.8766310794780545,0.3326257062289053,0.05415095804350984,1.0,0.33333333252217906,0.0,0.0,0.08896797153024912,5208.334999999979,2554.2836264590164,0.0,fixed_auv_ga_pso_tlbo_proxy,acoustic_degradation,21331128,3
1.0,1.0,215.0,0.8852713178294572,0.317027125238695,0.01531040166925887,1.0,0.33333333239540214,0.0,0.0,0.13488372093023257,5285.775000000007,2104.6000000000054,0.0,independent_greedy,acoustic_degradation,21331128,3
0.0,0.3333333333333333,300.0,1.0,0.47642637933450727,0.2732514842412336,1.0,0.0,0.03,0.0,0.09333333333333334,7730.219656643037,2997.287784302886,0.0,communication_aware,acoustic_degradation,21331128,3
0.0,0.6666666666666666,300.0,0.9033333333333333,0.4552455790412489,0.10091331893094103,1.0,0.3333333320121548,0.0,0.0,0.15666666666666668,8946.103974485615,2440.4904407660574,954.0,haco_safemarl_pilot_no_acoustic,acoustic_degradation,21331128,3
0.0,0.3333333333333333,300.0,0.922222222222222,0.36069394978140695,0.1297098704906977,1.0,0.333333331292517,0.0,0.0,0.07,8877.377536795137,2979.640884237153,0.0,haco_safemarl_pilot_no_shield,acoustic_degradation,21331128,3
0.0,0.0,300.0,0.8011111111111111,0.6066852475926691,0.41549754892508045,1.0,0.3333333330212332,0.0,0.0,0.07,8774.949695045885,3121.635998614994,923.0,haco_safemarl_pilot,acoustic_degradation,21331128,3
0.0,0.0,300.0,0.7166666666666667,0.4613795901786991,0.2325935944103726,1.0,0.33333333317954633,0.0,0.0,0.16666666666666666,473.99838933263374,21.550109528239627,931.0,haco_safemarl_mappo,acoustic_degradation,21331128,3
0.0,0.6666666666666666,300.0,1.0,0.28044734856690545,0.23185323418740433,1.0,0.0,0.0,369.0,0.056666666666666664,5560.499999999976,3081.6443752570453,0.0,fixed_auv_ga_pso_tlbo_proxy,acoustic_degradation,21341135,3
0.0,1.0,236.0,0.9067796610169492,0.21602949256484769,0.06896224483627278,1.0,0.33333333191266196,0.0,297.0,0.029661016949152543,5802.060000000008,2633.400000000009,0.0,independent_greedy,acoustic_degradation,21341135,3
0.0,0.3333333333333333,300.0,1.0,0.6203776655563357,0.5648797758588037,1.0,0.0,0.0,87.0,0.056666666666666664,7653.8759856090655,2979.5541017947326,0.0,communication_aware,acoustic_degradation,21341135,3
0.0,0.3333333333333333,300.0,0.8711111111111113,0.5392663415826908,0.4568568792485164,1.0,0.402416411381737,0.0,0.0,0.05,8983.892284068295,2796.9152925194016,936.0,haco_safemarl_pilot_no_acoustic,acoustic_degradation,21341135,3
0.0,0.6666666666666666,300.0,1.0,0.395996905119755,0.25559720156840193,1.0,0.0,0.02666666666666667,90.0,0.12,9159.391327621985,2452.7027618437237,0.0,haco_safemarl_pilot_no_shield,acoustic_degradation,21341135,3
0.0,0.0,300.0,0.888888888888889,0.6274857102998562,0.5403582819338425,1.0,0.3333333323333333,0.0,0.0,0.043333333333333335,8913.64302064757,3114.0820411876657,969.0,haco_safemarl_pilot,acoustic_degradation,21341135,3
0.0,0.0,300.0,0.9211111111111111,0.6303259024676732,0.4674464154817641,1.0,0.33333333134959997,0.0,0.0,0.043333333333333335,1096.5874620507414,507.33505707471664,971.0,haco_safemarl_mappo,acoustic_degradation,21341135,3
0.0,0.6666666666666666,300.0,1.0,0.5093762333630415,0.3749751710966958,1.0,0.0,0.0,0.0,0.10333333333333333,5560.499999999976,3085.8598442884936,0.0,fixed_auv_ga_pso_tlbo_proxy,acoustic_degradation,21351142,3
1.0,1.0,248.0,1.0,0.37066402493365425,0.2101163435709715,1.0,0.0,0.0,0.0,0.06854838709677419,6097.080000000008,2911.2000000000075,0.0,independent_greedy,acoustic_degradation,21351142,3
0.0,0.6666666666666666,300.0,1.0,0.6903312035828526,0.6659876738530783,1.0,0.0,0.0,0.0,0.10333333333333333,7805.89952441539,2983.379702265114,0.0,communication_aware,acoustic_degradation,21351142,3
0.0,0.6666666666666666,300.0,0.7411111111111113,0.6196374513181845,0.5160587541294274,1.0,0.6212480110781657,0.0,0.0,0.09333333333333334,9136.860875807322,2748.932182735997,950.0,haco_safemarl_pilot_no_acoustic,acoustic_degradation,21351142,3
0.0,1.0,255.0,0.803921568627451,0.4985206825366152,0.3243479722907407,1.0,0.5190311410899654,0.050980392156862744,0.0,0.08235294117647059,7965.115959282963,2159.0953230995383,0.0,haco_safemarl_pilot_no_shield,acoustic_degradation,21351142,3
0.0,0.3333333333333333,300.0,0.8488888888888889,0.6948408218139386,0.6213710378195084,1.0,0.3535168189637517,0.0,0.0,0.1,8630.48501598309,3022.907522043476,948.0,haco_safemarl_pilot,acoustic_degradation,21351142,3
0.0,0.0,300.0,0.88,0.7343157860130253,0.6734081311570402,1.0,0.6486486454021589,0.0,0.0,0.19333333333333333,722.0205467338968,49.0019468787266,956.0,haco_safemarl_mappo,acoustic_degradation,21351142,3
0.0,1.0,271.0,0.27675276752767525,0.7696570282629799,0.7234490854292522,0.6666666666666669,0.9333333331482965,0.007380073800738007,0.0,0.12546125461254612,5022.984999999981,2462.05633190691,0.0,fixed_auv_ga_pso_tlbo_proxy,emergency,21161149,3
1.0,1.0,207.0,0.47181964573268925,0.6875800410786053,0.48178177052957427,1.0,0.7028602038982082,0.0,0.0,0.01932367149758454,5089.095000000007,2070.5999999999967,0.0,independent_greedy,emergency,21161149,3
0.0,0.6666666666666666,300.0,0.3611111111111111,0.7788881824580721,0.7544103484701263,0.6666666666666669,0.8644401040653857,0.013333333333333334,0.0,0.1,8248.143674747924,3404.9489113285576,0.0,communication_aware,emergency,21161149,3
1.0,1.0,201.0,0.3698175787728027,0.7924664044620854,0.7329985215816645,0.6666666666666665,0.8166219897922683,0.0,0.0,0.0,6568.949962407318,1467.0735888939873,312.0,haco_safemarl_pilot_no_acoustic,emergency,21161149,3
1.0,1.0,201.0,0.4626865671641791,0.701826060574331,0.5263640322068088,0.6666666666666665,0.654325142884704,0.0,0.0,0.0,6353.967021393723,1494.8739578141433,0.0,haco_safemarl_pilot_no_shield,emergency,21161149,3
1.0,1.0,201.0,0.3499170812603649,0.7987529140168813,0.7468537951416246,0.6666666666666665,0.8482881209948236,0.0,0.0,0.0,6596.618129889674,1482.855310875464,310.0,haco_safemarl_pilot,emergency,21161149,3
0.0,0.3333333333333333,300.0,0.0022222222222222222,0.8345687550355875,0.8196773999003063,0.02222222222222222,0.9999900794011012,0.0,0.0,0.13,833.7936467363427,100.36696677528508,552.0,haco_safemarl_mappo,emergency,21161149,3
0.0,1.0,297.0,0.35353535353535354,0.7273954244342539,0.515662031987543,0.6666666666666669,0.7465269807215367,0.0,32.0,0.0,5504.894999999977,1991.976546747699,0.0,fixed_auv_ga_pso_tlbo_proxy,emergency,21171156,3
0.0,1.0,227.0,0.6740088105726872,0.5223075458388917,0.2959293466986116,1.0,0.536827658021674,0.0,25.0,0.0,5580.795000000007,1563.2000000000003,0.0,independent_greedy,emergency,21171156,3
0.0,0.6666666666666666,300.0,0.37777777777777777,0.7710009456958358,0.6588999099294411,0.6666666666666669,0.7670369770793078,0.0,70.0,0.0,8250.495328935867,3005.400297097381,0.0,communication_aware,emergency,21171156,3
0.0,0.6666666666666666,300.0,0.3488888888888889,0.7594548520449007,0.6246319868815056,0.6555555555555557,0.793806663820019,0.0,0.0,0.0,9454.403763346767,2733.734473303355,546.0,haco_safemarl_pilot_no_acoustic,emergency,21171156,3
0.0,1.0,230.0,0.5318840579710145,0.735343334036944,0.6433660551057939,1.0,0.8156374350669824,0.0,25.0,0.0,7324.713521633169,1960.7903576093572,0.0,haco_safemarl_pilot_no_shield,emergency,21171156,3
0.0,0.3333333333333333,300.0,0.31666666666666665,0.794594060659968,0.7281167702484473,0.43333333333333324,0.8305171832907418,0.0,0.0,0.0,9398.798597945035,2879.8051706015026,562.0,haco_safemarl_pilot,emergency,21171156,3
0.0,0.0,300.0,0.14,0.8241747146485959,0.7741075622093925,0.3333333333333334,0.949666152920495,0.0,0.0,0.0,1313.4668707387225,37.42825323686265,340.0,haco_safemarl_mappo,emergency,21171156,3
0.0,1.0,230.0,0.7217391304347827,0.42722202652468044,0.1523696260588668,1.0,0.3333333331738884,0.0,73.0,0.0,4263.0499999999865,2311.4750232538713,0.0,fixed_auv_ga_pso_tlbo_proxy,emergency,21181163,3
0.0,1.0,176.0,0.9962121212121211,0.38761282604828945,0.1710159586779246,1.0,0.33333247289110995,0.0,56.0,0.0,4326.9600000000055,1985.9999999999998,0.0,independent_greedy,emergency,21181163,3
0.0,0.3333333333333333,300.0,0.7577777777777777,0.6170101472820698,0.4541684815404978,1.0,0.3333333331229133,0.0,0.0,0.0,7850.627796793973,3620.009417727543,0.0,communication_aware,emergency,21181163,3
0.0,0.3333333333333333,300.0,0.6733333333333333,0.5052548059500597,0.32279710179893506,0.7555555555555554,0.3378993290550151,0.0,0.0,0.0,8845.19289984784,3276.25737626136,660.0,haco_safemarl_pilot_no_acoustic,emergency,21181163,3
0.0,0.3333333333333333,300.0,0.7622222222222222,0.4639971554229349,0.2884862496591276,1.0,0.33333333311497365,0.0,120.0,0.0,8701.074766828186,3103.212216034601,0.0,haco_safemarl_pilot_no_shield,emergency,21181163,3
0.0,0.3333333333333333,300.0,0.6833333333333333,0.6845167624227929,0.6030912735767711,0.8333333333333334,0.3333333332102185,0.0,0.0,0.0,8683.857310888137,3198.223966633409,662.0,haco_safemarl_pilot,emergency,21181163,3
0.0,0.0,300.0,0.6855555555555555,0.5179320486545483,0.2813944340726801,0.8555555555555555,0.3333333332084722,0.0,0.0,0.0,197.62294892603106,104.19584153917076,855.0,haco_safemarl_mappo,emergency,21181163,3
1.0,1.0,289.0,0.6805074971164936,0.6436261828584227,0.5478057628587755,1.0,0.5201719237497524,0.0,0.0,0.0,5356.614999999978,2751.0644654163625,0.0,fixed_auv_ga_pso_tlbo_proxy,emergency,21191170,3
1.0,1.0,221.0,0.7511312217194569,0.45213340655007206,0.18646827340236186,1.0,0.4041056237886193,0.0,0.0,0.0,5433.285000000007,2051.8000000000065,0.0,independent_greedy,emergency,21191170,3
0.0,0.3333333333333333,300.0,0.7788888888888889,0.6925090713292877,0.6473347326872761,1.0,0.5987903522508333,0.0,0.0,0.0,7996.996419753326,3133.080060995719,0.0,communication_aware,emergency,21191170,3
1.0,1.0,199.0,0.5879396984924624,0.703892740565493,0.6212695510854642,0.6666666666666665,0.48246830886465575,0.0,0.0,0.0,6541.156678597341,1525.6457234648856,416.0,haco_safemarl_pilot_no_acoustic,emergency,21191170,3
1.0,1.0,218.0,0.6024464831804281,0.6747480949113343,0.5707975882421698,0.6666666666666665,0.4637251672289122,0.0,0.0,0.0,6915.07317148622,1860.401861029261,0.0,haco_safemarl_pilot_no_shield,emergency,21191170,3
1.0,1.0,199.0,0.5778894472361811,0.7093497970669106,0.5976585776282785,0.6666666666666665,0.4991275640983576,0.0,0.0,0.0,6530.296923331625,1586.9956149165157,420.0,haco_safemarl_pilot,emergency,21191170,3
0.0,0.0,300.0,0.43666666666666665,0.7649420805873173,0.6784232229017048,0.6666666666666669,0.7459192643587254,0.0,0.0,0.0,714.9892500260061,214.19716953224273,740.0,haco_safemarl_mappo,emergency,21191170,3
0.0,0.3333333333333333,300.0,0.6722222222222222,0.5796423830028975,0.33289617472057415,1.0,0.6660467318750013,0.0,0.0,0.013333333333333334,5560.499999999976,2576.543389505662,0.0,fixed_auv_ga_pso_tlbo_proxy,emergency,21201177,3
1.0,1.0,259.0,0.8275418275418275,0.44613879954156876,0.1921485745750396,1.0,0.3333333329182384,0.0,0.0,0.08494208494208494,6367.5150000000085,2356.4000000000087,0.0,independent_greedy,emergency,21201177,3
0.0,0.3333333333333333,300.0,0.7055555555555554,0.6455660642435878,0.4615774393802629,1.0,0.6650661509043768,0.0,0.0,0.05333333333333334,7979.548123672491,2851.852219984043,0.0,communication_aware,emergency,21201177,3
0.0,0.3333333333333333,300.0,0.5977777777777779,0.5922454684638722,0.3419433597627547,1.0,0.6488418839884149,0.0,0.0,0.07333333333333333,9134.260818637938,2941.129336309362,741.0,haco_safemarl_pilot_no_acoustic,emergency,21201177,3
0.0,0.3333333333333333,300.0,0.7922222222222223,0.5421833156665256,0.37985977490573947,1.0,0.5344735346553774,0.0,0.0,0.03333333333333333,9101.433574258645,2961.1786622280997,0.0,haco_safemarl_pilot_no_shield,emergency,21201177,3
0.0,0.3333333333333333,300.0,0.6555555555555554,0.6956431401878712,0.5340135926359569,1.0,0.6666389185327178,0.0,0.0,0.05,9094.212342373956,3127.9517911026255,781.0,haco_safemarl_pilot,emergency,21201177,3
0.0,0.0,300.0,0.5322222222222222,0.6793319407798506,0.4620127601795711,1.0,0.6343651907949104,0.0,0.0,0.0,693.952526196696,90.80375059955065,748.0,haco_safemarl_mappo,emergency,21201177,3
1.0,1.0,205.0,0.6813008130081302,0.635415963117731,0.45825140846035567,1.0,0.38431372532862357,0.0,0.0,0.0,3799.6749999999897,1335.6102448265635,0.0,fixed_auv_ga_pso_tlbo_proxy,emergency,21211184,3
1.0,1.0,157.0,0.6687898089171974,0.5543973777152142,0.14562340012151118,1.0,0.5333333330452305,0.0,0.0,0.0,3859.845000000005,1029.0000000000002,0.0,independent_greedy,emergency,21211184,3
0.0,0.3333333333333333,300.0,0.801111111111111,0.6669385732349629,0.5575176504351304,1.0,0.37264342912508386,0.0,0.0,0.0,7928.624879715215,2929.7117631167516,0.0,communication_aware,emergency,21211184,3
1.0,1.0,228.0,0.42105263157894735,0.6708641041796957,0.37810799978723414,1.0,0.666598653188752,0.0,0.0,0.0,6995.118085061474,1856.008422233999,503.0,haco_safemarl_pilot_no_acoustic,emergency,21211184,3
1.0,1.0,198.0,0.6902356902356902,0.6154763725712322,0.46247626763607835,1.0,0.578142076115685,0.0,0.0,0.0,6156.670251046708,1663.5289622413463,0.0,haco_safemarl_pilot_no_shield,emergency,21211184,3
0.0,0.3333333333333333,300.0,0.5588888888888889,0.7128100350400209,0.5977147449910164,1.0,0.6460047133593997,0.0,0.0,0.0,5999.400478737047,1822.2549804180665,888.0,haco_safemarl_pilot,emergency,21211184,3
0.0,0.0,300.0,0.2966666666666667,0.7956250053149769,0.7509515517110693,0.6666666666666669,0.8770364239944376,0.0,0.0,0.0,758.32396613234,376.12046864536785,678.0,haco_safemarl_mappo,emergency,21211184,3
0.0,1.0,290.0,0.9770114942528735,0.6112074097985943,0.5474206475095545,1.0,0.3333333099722239,0.017241379310344827,0.0,0.07931034482758621,5375.149999999978,2171.648174994439,0.0,fixed_auv_ga_pso_tlbo_proxy,emergency,21221191,3
1.0,1.0,222.0,0.8543543543543544,0.4404491404162508,0.15340440014948664,1.0,0.3402770237325879,0.0,0.0,0.0,5457.870000000007,1609.9999999999998,0.0,independent_greedy,emergency,21221191,3
0.0,0.3333333333333333,300.0,0.91,0.7254157504242184,0.7002490455422183,1.0,0.33333333180917546,0.0,122.0,0.06666666666666667,7981.78346500294,3093.942390295892,0.0,communication_aware,emergency,21221191,3
0.0,0.6666666666666666,300.0,0.7222222222222223,0.6950485973087294,0.5632883465365663,1.0,0.5485632028246994,0.0,0.0,0.04666666666666667,9740.768478256825,2597.396654036192,841.0,haco_safemarl_pilot_no_acoustic,emergency,21221191,3
0.0,1.0,243.0,0.849108367626886,0.6270176493129772,0.46841664553522405,1.0,0.33333333279110194,0.0,10.0,0.0823045267489712,7654.02336439812,1967.6338297218351,0.0,haco_safemarl_pilot_no_shield,emergency,21221191,3
0.0,0.6666666666666666,300.0,0.59,0.7174325992469633,0.6121365130980145,0.9222222222222222,0.6640866190661702,0.0,0.0,0.05333333333333334,9653.789360761411,2812.9781932829137,839.0,haco_safemarl_pilot,emergency,21221191,3
0.0,0.0,300.0,0.331111111111111,0.7806534891209983,0.7550750455532212,0.9777777777777777,0.9715872834798668,0.0,0.0,0.13333333333333333,1223.815906349032,82.6715001509594,929.0,haco_safemarl_mappo,emergency,21221191,3
1.0,1.0,201.0,0.5472636815920398,0.679443541523051,0.5006241029454048,1.0,0.7872421329466746,0.0,0.0,0.0,3725.5349999999908,1948.029215215721,0.0,fixed_auv_ga_pso_tlbo_proxy,emergency,21231198,3
1.0,1.0,154.0,0.6125541125541125,0.647887571466015,0.5240583118108463,1.0,0.716560437951606,0.0,0.0,0.0,3786.0900000000047,1640.5999999999974,0.0,independent_greedy,emergency,21231198,3
0.0,0.6666666666666666,300.0,0.6922222222222222,0.6926551825413299,0.5882134594681703,1.0,0.70382600820657,0.0,0.0,0.0,8017.664819027512,3537.0897913829185,0.0,communication_aware,emergency,21231198,3
1.0,1.0,184.0,0.34420289855072467,0.7288216108230408,0.6559823358566893,0.6666666666666665,0.8676227172673485,0.0,0.0,0.0,5888.640010532703,1472.418143452821,351.0,haco_safemarl_pilot_no_acoustic,emergency,21231198,3
1.0,1.0,155.0,0.44301075268817197,0.64511412143886,0.4930152840411201,0.9583333333333333,0.8495244605649502,0.0,0.0,0.0,4892.394424569167,1115.143403396498,0.0,haco_safemarl_pilot_no_shield,emergency,21231198,3
1.0,1.0,189.0,0.3439153439153439,0.7485958653837752,0.6814565847952158,0.6666666666666665,0.8678833488178009,0.0,0.0,0.0,6100.111855814927,1535.3523485779085,360.0,haco_safemarl_pilot,emergency,21231198,3
0.0,0.0,300.0,0.15666666666666668,0.8016395215314819,0.7301470369167321,0.3333333333333334,0.9354348428346364,0.0,0.0,0.0,435.28247461734804,302.82385514186166,623.0,haco_safemarl_mappo,emergency,21231198,3
0.0,1.0,292.0,0.615296803652968,0.5982699062546535,0.5509417501432259,1.0,0.9586066016583136,0.0,140.0,0.0,5412.2199999999775,2532.1167330760727,0.0,fixed_auv_ga_pso_tlbo_proxy,emergency,21241205,3
0.0,1.0,223.0,0.717488789237668,0.5439261967456136,0.33567765874877004,1.0,0.6666480034124305,0.0,108.0,0.0,5482.455000000007,2155.8000000000025,0.0,independent_greedy,emergency,21241205,3
0.0,0.3333333333333333,300.0,0.6655555555555556,0.6863851762084605,0.6546663095533507,1.0,0.9599292236272032,0.0,128.0,0.0,7970.980264588277,2955.5370777231383,0.0,communication_aware,emergency,21241205,3
0.0,0.3333333333333333,300.0,0.4633333333333333,0.7317949090722902,0.6836366329778412,1.0,0.970036798738837,0.0,65.0,0.0,9220.509476601756,3030.301937569829,663.0,haco_safemarl_pilot_no_acoustic,emergency,21241205,3
0.0,1.0,248.0,0.6008064516129031,0.6177416619688083,0.5264433000567129,1.0,0.8873162924165988,0.0,115.0,0.0,7768.890880612947,1916.7339243196793,0.0,haco_safemarl_pilot_no_shield,emergency,21241205,3
0.0,0.3333333333333333,300.0,0.4177777777777778,0.7643006627475122,0.7421695570960284,1.0,0.9813575796008384,0.0,59.0,0.0,9174.354160200386,3040.282822858541,672.0,haco_safemarl_pilot,emergency,21241205,3
0.0,0.0,300.0,0.12999999999999998,0.8076949865749685,0.7881219783284815,0.6222222222222222,0.9795522193492437,0.0,15.0,0.0,811.1149166281012,254.44512721788035,642.0,haco_safemarl_mappo,emergency,21241205,3
0.0,0.6666666666666666,300.0,0.611111111111111,0.694762959191928,0.6312614546889876,1.0,0.6624271326929774,0.043333333333333335,135.0,0.09,5560.499999999976,2611.3690542286263,0.0,fixed_auv_ga_pso_tlbo_proxy,emergency,21251212,3
0.0,1.0,265.0,0.7018867924528301,0.494821838244052,0.3322853835973931,1.0,0.4705571888960526,0.0,103.0,0.0,6515.025000000009,2556.400000000007,0.0,independent_greedy,emergency,21251212,3
0.0,0.3333333333333333,300.0,0.6933333333333334,0.726812472646876,0.6749531663026094,1.0,0.6420876948550389,0.04666666666666667,116.0,0.11666666666666667,8125.449166416534,3008.081497503434,0.0,communication_aware,emergency,21251212,3
1.0,1.0,243.0,0.46776406035665297,0.7341989147345545,0.6249383521093753,0.6666666666666667,0.632628190424867,0.0,0.0,0.0,8002.675576999377,2424.711962376903,477.0,haco_safemarl_pilot_no_acoustic,emergency,21251212,3
0.0,1.0,261.0,0.5440613026819924,0.7115494839772543,0.5909012064107091,0.6666666666666669,0.5586266747401709,0.0,101.0,0.0,8223.321186562735,2142.179876305812,0.0,haco_safemarl_pilot_no_shield,emergency,21251212,3
1.0,1.0,243.0,0.4595336076817558,0.7507703123849693,0.6589087416403285,0.6666666666666667,0.6363487299031935,0.0,0.0,0.0,7909.283682063273,2236.589445928963,457.0,haco_safemarl_pilot,emergency,21251212,3
0.0,0.0,300.0,0.4477777777777777,0.7860576824828298,0.709586308462069,0.6666666666666669,0.6477208659258928,0.0,29.0,0.0,1147.8612347496462,111.35661054359744,615.0,haco_safemarl_mappo,emergency,21251212,3
0.0,0.6666666666666666,300.0,0.6788888888888891,0.5890822730760037,0.4562651796630514,1.0,0.7357187524447496,0.0,22.0,0.07666666666666666,5560.499999999976,2317.5652807381143,0.0,fixed_auv_ga_pso_tlbo_proxy,emergency,21261219,3
0.0,1.0,239.0,0.6304044630404464,0.42085572500907115,0.19647966407201653,0.6666666666666666,0.4073777575325303,0.0,16.0,0.11715481171548117,5875.815000000008,2046.199999999997,0.0,independent_greedy,emergency,21261219,3
0.0,0.6666666666666666,300.0,0.8088888888888889,0.7191157194781651,0.6865236578288585,1.0,0.9496661503123409,0.0,43.0,0.13,7979.778405326188,3040.8664428902966,0.0,communication_aware,emergency,21261219,3
1.0,1.0,260.0,0.594871794871795,0.6847514289539851,0.5144128859880087,0.6794871794871795,0.6014914402359992,0.0,0.0,0.10384615384615385,8261.871527143794,1819.6315796105384,607.0,haco_safemarl_pilot_no_acoustic,emergency,21261219,3
0.0,1.0,259.0,0.7001287001287001,0.6174519144514129,0.42726082710192037,1.0,0.7049878576325361,0.0,32.0,0.09266409266409266,8125.919447364924,2006.8414530708137,0.0,haco_safemarl_pilot_no_shield,emergency,21261219,3
0.0,0.3333333333333333,300.0,0.6055555555555554,0.7305613570045904,0.6723310232492261,0.6777777777777779,0.45887176335179936,0.0,0.0,0.09,9155.310394442164,2834.2788894998744,728.0,haco_safemarl_pilot,emergency,21261219,3
0.0,0.0,300.0,0.2966666666666667,0.8025129803403059,0.7784540520555374,0.6666666666666669,0.9148839979214424,0.0,3.0,0.0,1246.7533840697802,196.9921179130336,718.0,haco_safemarl_mappo,emergency,21261219,3
0.0,1.0,237.0,0.9676511954992967,0.32292939488163863,0.26475567550452683,1.0,0.3333333215356022,0.0,40.0,0.0,4392.7949999999855,2468.0247722558665,0.0,fixed_auv_ga_pso_tlbo_proxy,emergency,21271226,3
0.0,1.0,181.0,0.9963167587476979,0.3051315256278429,0.15581594814745578,1.0,0.33333242330803997,0.0,31.0,0.0,4449.885000000006,2160.599999999998,0.0,independent_greedy,emergency,21271226,3
0.0,0.3333333333333333,300.0,0.9966666666666667,0.5343404578154951,0.5315574387457104,1.0,0.3333322222259259,0.0,10.0,0.0,7660.827587631087,2996.1127745719627,0.0,communication_aware,emergency,21271226,3
0.0,1.0,290.0,0.8195402298850576,0.48468360823119266,0.3347167217769047,1.0,0.33333333295423295,0.0,8.0,0.0,8900.442738205085,2577.269828044505,833.0,haco_safemarl_pilot_no_acoustic,emergency,21271226,3
0.0,1.0,222.0,0.9324324324324325,0.422413309106403,0.2757360253090553,1.0,0.33333333062913584,0.0,21.0,0.0,6760.382957355985,1769.2108705174048,0.0,haco_safemarl_pilot_no_shield,emergency,21271226,3
0.0,0.0,300.0,0.9333333333333333,0.6058326148868707,0.5735544755271056,1.0,0.3333333305555556,0.0,8.0,0.0,8624.198188767214,3197.938070882429,900.0,haco_safemarl_pilot,emergency,21271226,3
0.0,0.0,300.0,0.9688888888888888,0.5950614899604793,0.5657344515791709,1.0,0.3333333205782318,0.0,7.0,0.0,213.88925447781097,80.86460772709896,900.0,haco_safemarl_mappo,emergency,21271226,3
0.0,0.6666666666666666,300.0,0.83,0.4744314921256984,0.2115616131467649,1.0,0.3333333329061472,0.0,0.0,0.0,5560.499999999976,2943.306122969592,0.0,fixed_auv_ga_pso_tlbo_proxy,emergency,21281233,3
1.0,1.0,295.0,1.0,0.2825560269304965,0.15857537917164347,1.0,0.0,0.0,0.0,0.0,7252.575000000009,3436.0000000000223,0.0,independent_greedy,emergency,21281233,3
0.0,0.3333333333333333,300.0,0.6733333333333333,0.6882046489141548,0.5820984500915173,1.0,0.6606741568488828,0.0,0.0,0.0,7979.665848916631,3492.3537970797934,0.0,communication_aware,emergency,21281233,3
0.0,0.3333333333333333,300.0,0.6633333333333333,0.6607704430357959,0.5345878924032511,1.0,0.7538613124124685,0.0,0.0,0.0,9263.533080864732,3115.1728076343998,836.0,haco_safemarl_pilot_no_acoustic,emergency,21281233,3
0.0,0.3333333333333333,300.0,0.9977777777777779,0.5280105012776326,0.41807895007961465,1.0,0.3333308333520832,0.0,0.0,0.0,8958.297129357408,2898.9279472661265,0.0,haco_safemarl_pilot_no_shield,emergency,21281233,3
0.0,0.3333333333333333,300.0,0.6155555555555555,0.7379970308553592,0.6894147524763165,1.0,0.8145607942211983,0.0,0.0,0.0,9209.975927963324,3298.448090541761,839.0,haco_safemarl_pilot,emergency,21281233,3
0.0,0.0,300.0,0.6388888888888888,0.6495994553101974,0.46948547437291144,1.0,0.6638948072599418,0.0,0.0,0.0,702.7753901282301,21.781650028477227,900.0,haco_safemarl_mappo,emergency,21281233,3
0.0,1.0,188.0,0.46985815602836883,0.6612216137640436,0.35716715693405715,0.6666666666666665,0.6252036782957641,0.0,98.0,0.0,3484.5799999999927,1408.6846513353034,0.0,fixed_auv_ga_pso_tlbo_proxy,emergency,21291240,3
0.0,1.0,144.0,0.6851851851851851,0.6266257114612708,0.5062278602333203,1.0,0.5983436848988336,0.0,71.0,0.0,3540.2400000000043,1129.1999999999991,0.0,independent_greedy,emergency,21291240,3
0.0,0.6666666666666666,300.0,0.48,0.7502331013704097,0.6069327268417022,0.6666666666666669,0.617539585714185,0.0,180.0,0.03333333333333333,8138.053436317435,3612.768929388104,0.0,communication_aware,emergency,21291240,3
0.0,0.6666666666666666,300.0,0.47111111111111104,0.7274958517862263,0.6109172357859601,0.6666666666666669,0.6243001365114099,0.01,0.0,0.10333333333333333,9016.757684255894,2934.851201331249,649.0,haco_safemarl_pilot_no_acoustic,emergency,21291240,3
0.0,1.0,176.0,0.696969696969697,0.6770904403288955,0.5713608160334412,1.0,0.43577435036430484,0.0,103.0,0.0,5475.287058031945,1259.3471500223532,0.0,haco_safemarl_pilot_no_shield,emergency,21291240,3
0.0,0.3333333333333333,300.0,0.4133333333333333,0.7703237344899534,0.6664841129896517,0.6666666666666669,0.7467575254142272,0.0,0.0,0.07,8732.85144435943,3189.596203141572,615.0,haco_safemarl_pilot,emergency,21291240,3
0.0,0.3333333333333333,300.0,0.3333333333333333,0.7652798235068377,0.6302444244025335,0.3333333333333334,0.6666666665555555,0.0,0.0,0.06,560.5039711858453,319.39915255454696,544.0,haco_safemarl_mappo,emergency,21291240,3
0.0,0.6666666666666666,300.0,0.801111111111111,0.35417930299639705,0.15007909698624233,1.0,0.6607072881850985,0.0,0.0,0.08333333333333333,5560.499999999976,2528.9958824065675,0.0,fixed_auv_ga_pso_tlbo_proxy,emergency,21301247,3
0.0,0.6666666666666666,300.0,0.7333333333333333,0.31846247263414384,0.03026300967942427,1.0,0.6666203728908199,0.0,0.0,0.023333333333333334,7375.50000000001,3152.0000000000123,0.0,independent_greedy,emergency,21301247,3
0.0,0.0,300.0,0.8233333333333334,0.5552310429014611,0.371830223975568,1.0,0.6572810217831347,0.05,25.0,0.11333333333333333,7780.386281851923,2945.5743491798125,0.0,communication_aware,emergency,21301247,3
0.0,0.0,300.0,0.7288888888888888,0.4587940016780072,0.1360732518024323,1.0,0.6638123265125423,0.0,0.0,0.05,8873.655666753466,3093.427497193279,777.0,haco_safemarl_pilot_no_acoustic,emergency,21301247,3
0.0,0.0,300.0,0.8577777777777778,0.40223352615179825,0.19331561778914327,1.0,0.6587856831809121,0.0,0.0,0.04,8876.183936810934,3034.2288435966116,0.0,haco_safemarl_pilot_no_shield,emergency,21301247,3
0.0,0.0,300.0,0.7233333333333334,0.6526226872458947,0.45367922764023955,1.0,0.6600134123271356,0.0,0.0,0.056666666666666664,8775.092057485232,3206.387922696197,810.0,haco_safemarl_pilot,emergency,21301247,3
0.0,0.0,300.0,0.81,0.42589293770998904,0.21923890645142544,1.0,0.6648250446801208,0.0,0.0,0.11,527.7136512509512,122.19095427089874,931.0,haco_safemarl_mappo,emergency,21301247,3
0.0,1.0,164.0,0.7560975609756098,0.5589274781325628,0.3348270081470617,1.0,0.3333333331258025,0.0,31.0,0.0,3039.739999999996,1426.0125682053617,0.0,fixed_auv_ga_pso_tlbo_proxy,emergency,21311254,3
0.0,1.0,126.0,0.9179894179894181,0.48679582249346764,0.28832906071788106,1.0,0.3333333314977454,0.0,24.0,0.0,3097.7100000000037,1112.9999999999998,0.0,independent_greedy,emergency,21311254,3
0.0,0.6666666666666666,300.0,0.7155555555555556,0.6366087714444123,0.5350110537220493,1.0,0.33333333318074543,0.0,88.0,0.0,7945.24682536343,3350.0318681338845,0.0,communication_aware,emergency,21311254,3
0.0,1.0,185.0,0.5855855855855856,0.7518308745013688,0.6943348927370815,1.0,0.6039640130991614,0.0,17.0,0.0,5819.050597585119,1664.7488487651465,578.0,haco_safemarl_pilot_no_acoustic,emergency,21311254,3
0.0,1.0,124.0,1.0,0.6159314004350614,0.4665694368782113,1.0,0.0,0.0,30.0,0.0,3895.296057864215,921.690668311273,0.0,haco_safemarl_pilot_no_shield,emergency,21311254,3
0.0,1.0,184.0,0.5072463768115942,0.7678682874068273,0.7264128354279507,0.982456140350877,0.6625116410341892,0.0,16.0,0.0,6109.9022422933995,1652.1622074706042,568.0,haco_safemarl_pilot,emergency,21311254,3
0.0,0.3333333333333333,300.0,0.2755555555555555,0.781429256506552,0.7303276970815582,0.9888888888888888,0.9180996313757133,0.0,16.0,0.0,438.4187121542099,62.465422030009904,685.0,haco_safemarl_mappo,emergency,21311254,3
0.0,0.3333333333333333,300.0,0.8144444444444444,0.5093478162087048,0.44876737601598277,1.0,0.5971053577892074,0.0,0.0,0.1,5560.499999999976,2426.0596444953867,0.0,fixed_auv_ga_pso_tlbo_proxy,emergency,21321261,3
1.0,1.0,282.0,0.9196217494089833,0.37236840754601563,0.13510931051018304,1.0,0.6666666590230681,0.0,0.0,0.0,6932.970000000009,2601.400000000012,0.0,independent_greedy,emergency,21321261,3
0.0,0.3333333333333333,300.0,0.8266666666666667,0.6530606122011477,0.5975617144014964,1.0,0.5905649375570073,0.0,89.0,0.09,7876.02742830807,3059.0637585525756,0.0,communication_aware,emergency,21321261,3
0.0,0.6666666666666666,300.0,0.6644444444444445,0.6065947316578951,0.33898754820240506,0.9777777777777777,0.9320416121580748,0.0,20.0,0.08666666666666667,7994.0498305134215,2144.154833019668,987.0,haco_safemarl_pilot_no_acoustic,emergency,21321261,3
0.0,1.0,291.0,0.702176403207331,0.5917931488338221,0.31877311057823887,1.0,0.880414679553093,0.048109965635738834,17.0,0.10996563573883161,9206.913789847704,2466.171865119078,0.0,haco_safemarl_pilot_no_shield,emergency,21321261,3
0.0,0.0,300.0,0.7133333333333334,0.6850191088924226,0.6127605007453661,1.0,0.9744400514170749,0.04,34.0,0.10333333333333333,7060.614032230709,2331.621864645205,991.0,haco_safemarl_pilot,emergency,21321261,3
0.0,0.0,300.0,0.69,0.7101510704768693,0.6789451594231363,1.0,0.8788145630359209,0.0,27.0,0.11,948.4950544507677,163.3688566211865,839.0,haco_safemarl_mappo,emergency,21321261,3
0.0,0.6666666666666666,300.0,0.41111111111111104,0.6339010783734345,0.39736220211810513,0.6666666666666669,0.7657164039708367,0.0,0.0,0.14666666666666667,5560.499999999976,2684.6673475013126,0.0,fixed_auv_ga_pso_tlbo_proxy,emergency,21331268,3
1.0,1.0,268.0,0.5398009950248756,0.5313810168954789,0.18105813281520589,0.6790123456790125,0.7398160454528252,0.0,0.0,0.0,6588.780000000009,2891.4000000000074,0.0,independent_greedy,emergency,21331268,3
0.0,0.3333333333333333,300.0,0.44111111111111106,0.7201305945571542,0.5815517467868693,0.6666666666666669,0.7361439646597917,0.0,0.0,0.13333333333333333,8133.572030038317,3410.067631460811,0.0,communication_aware,emergency,21331268,3
0.0,0.6666666666666666,300.0,0.4277777777777777,0.6738594927494832,0.42932685895983697,0.6666666666666669,0.7994315285367479,0.0,0.0,0.0,9126.796475659203,2651.399283679792,521.0,haco_safemarl_pilot_no_acoustic,emergency,21331268,3
0.0,0.3333333333333333,300.0,0.5066666666666667,0.610018633567702,0.40246091997353217,0.6666666666666669,0.6992572411414036,0.0,0.0,0.06666666666666667,9053.28131995205,2941.146689158927,0.0,haco_safemarl_pilot_no_shield,emergency,21331268,3
0.0,0.3333333333333333,300.0,0.4288888888888889,0.7585612944884755,0.6466255881631219,0.6666666666666669,0.7835272902045226,0.0,0.0,0.0,8971.547099836735,3011.8685748791577,521.0,haco_safemarl_pilot,emergency,21331268,3
0.0,0.3333333333333333,300.0,0.3755555555555555,0.7544953278377227,0.6939816687181561,0.6666666666666669,0.8322635044139558,0.0,0.0,0.20666666666666667,626.6576225392668,71.64935792739058,676.0,haco_safemarl_mappo,emergency,21331268,3
0.0,0.6666666666666666,300.0,0.7355555555555554,0.5112144303660912,0.24587270146109186,1.0,0.44144144113181727,0.0,61.0,0.0,5560.499999999976,3084.1041227051173,0.0,fixed_auv_ga_pso_tlbo_proxy,emergency,21341275,3
0.0,0.6666666666666666,300.0,0.6666666666666666,0.47089725528700116,0.06093978385270599,1.0,0.5474452551747563,0.0,82.0,0.0,7375.50000000001,3587.600000000014,0.0,independent_greedy,emergency,21341275,3
0.0,0.3333333333333333,300.0,0.8066666666666665,0.609237478349737,0.4681292585242636,1.0,0.4911904986500674,0.0,0.0,0.0,7835.319727510073,2941.250902694783,0.0,communication_aware,emergency,21341275,3
1.0,1.0,290.0,0.3850574712643678,0.6143325536919364,0.19103283784287803,0.6666666666666669,0.6619832320192591,0.0,0.0,0.0,7146.0985734776,1747.7606183889295,635.0,haco_safemarl_pilot_no_acoustic,emergency,21341275,3
0.0,1.0,294.0,0.5158730158730157,0.598133737535762,0.20463761886739976,0.6666666666666669,0.6524636154390767,0.0,2.0,0.0,9097.54609141788,2404.5557258387294,0.0,haco_safemarl_pilot_no_shield,emergency,21341275,3
0.0,0.3333333333333333,300.0,0.6511111111111111,0.6784061431418084,0.5231930697002749,1.0,0.6514436732168489,0.0,0.0,0.0,4487.253686357224,1502.4067225877054,1035.0,haco_safemarl_pilot,emergency,21341275,3
0.0,0.0,300.0,0.6777777777777777,0.7113612287934385,0.6738556070267715,1.0,0.6586469929414481,0.0,0.0,0.0,1498.1642157195602,865.5921373576284,961.0,haco_safemarl_mappo,emergency,21341275,3
0.0,1.0,215.0,0.6620155038759692,0.7138986223749944,0.6512598960970172,0.6666666666666665,0.3426338479918224,0.0,36.0,0.0,3985.0249999999887,1629.383463891583,0.0,fixed_auv_ga_pso_tlbo_proxy,emergency,21351282,3
0.0,1.0,164.0,0.6504065040650406,0.5753986107095994,0.3146958146023066,0.784313725490196,0.5719367433131731,0.0,27.0,0.0,4031.940000000005,1295.4000000000012,0.0,independent_greedy,emergency,21351282,3
0.0,0.6666666666666666,300.0,0.7855555555555556,0.7016803760950314,0.5924805297718628,1.0,0.3438570252019613,0.0,89.0,0.0,8110.251178314735,3267.963588699841,0.0,communication_aware,emergency,21351282,3
1.0,1.0,195.0,0.42051282051282046,0.7659524368364221,0.6629147976265414,0.6666666666666665,0.653023303246159,0.0,0.0,0.05641025641025641,6390.410922443185,1513.6089070958406,392.0,haco_safemarl_pilot_no_acoustic,emergency,21351282,3
0.0,1.0,168.0,0.5932539682539684,0.6980391776276499,0.5178977578293213,1.0,0.6385710592754551,0.0,28.0,0.08333333333333333,5336.499948275202,1236.493315639611,0.0,haco_safemarl_pilot_no_shield,emergency,21351282,3
1.0,1.0,193.0,0.4024179620034542,0.7742239703868076,0.6861232492116016,0.6666666666666665,0.6587212500025491,0.0,0.0,0.05699481865284974,6356.527500051192,1550.1265709152865,391.0,haco_safemarl_pilot,emergency,21351282,3
0.0,0.6666666666666666,300.0,0.3077777777777778,0.7795713348289045,0.6840308971973389,0.46666666666666656,0.743093726837486,0.0,0.0,0.0,921.4710499863714,137.248584966719,591.0,haco_safemarl_mappo,emergency,21351282,3
0.0,1.0,252.0,0.0,0.8966235044915631,0.8919111218368954,0.0,0.99999999975,0.0,89.0,0.027777777777777776,4457.880000000003,1964.2582910471533,0.0,fixed_auv_ga_pso_tlbo_proxy,generalization,21161189,2
0.0,1.0,193.0,0.15025906735751296,0.8378860602956336,0.803415230065332,0.5,0.9696794891650179,0.0,69.0,0.0,4466.019999999998,1564.5000000000034,0.0,independent_greedy,generalization,21161189,2
0.0,1.0,219.0,0.0,0.8965996250120826,0.8919649761911064,0.0,0.99999999975,0.0,78.0,0.0365296803652968,5967.75,2365.137781387575,0.0,communication_aware,generalization,21161189,2
1.0,1.0,271.0,0.0,0.8858130096192562,0.8667595383474448,0.0,0.99999999975,0.0,0.0,0.0,4281.148997372094,1410.412720808354,392.0,haco_safemarl_pilot_no_acoustic,generalization,21161189,2
0.0,1.0,188.0,0.0,0.8867329713412038,0.8736773255117807,0.0,0.99999999975,0.0,109.0,0.0,5747.718331021137,1510.4294588771475,0.0,haco_safemarl_pilot_no_shield,generalization,21161189,2
1.0,1.0,271.0,0.0,0.8861454379305249,0.8674152992113446,0.0,0.99999999975,0.0,0.0,0.0,4258.254216445074,1411.3816830666262,392.0,haco_safemarl_pilot,generalization,21161189,2
0.0,0.0,300.0,0.0,0.9074179047502136,0.9038225855021529,0.0,0.99999999975,0.0,0.0,0.0,1203.0154659728275,803.9034227452094,158.0,haco_safemarl_mappo,generalization,21161189,2
0.0,0.5,300.0,0.54,0.6380930136220544,0.5617337996024901,1.0,0.9657200800340414,0.0,40.0,0.09666666666666666,5306.999999999984,2340.9788270832823,0.0,fixed_auv_ga_pso_tlbo_proxy,generalization,21171196,2
0.0,1.0,243.0,0.7983539094650206,0.4605905781687844,0.3743444672335517,1.0,0.5536084832436,0.06172839506172839,30.0,0.1646090534979424,5623.020000000014,2039.5000000000077,0.0,independent_greedy,generalization,21171196,2
0.0,0.5,300.0,0.605,0.7242448187369152,0.6875403205339503,1.0,0.980980822098427,0.0,20.0,0.10666666666666667,7861.117987859779,2791.230274826168,0.0,communication_aware,generalization,21171196,2
0.0,0.5,300.0,0.44,0.7295187570992001,0.6502512468702064,1.0,0.9783354701371784,0.06333333333333334,0.0,0.15333333333333332,7712.418635375497,2048.988390659477,506.0,haco_safemarl_pilot_no_acoustic,generalization,21171196,2
0.0,1.0,246.0,0.5853658536585366,0.6544591811494247,0.5332409635067715,1.0,0.990479815785894,0.0,30.0,0.17073170731707318,7535.083293198623,1914.7696800001272,0.0,haco_safemarl_pilot_no_shield,generalization,21171196,2
0.0,0.5,300.0,0.35333333333333333,0.7884825068479839,0.7610807996193785,0.75,0.9735126740324875,0.06,0.0,0.16,6859.489778178871,2062.664061070378,612.0,haco_safemarl_pilot,generalization,21171196,2
0.0,0.0,300.0,0.275,0.81088847513569,0.8014447314150261,1.0,0.9998678991282002,0.0,0.0,0.02,656.3816810136137,277.1195771891164,452.0,haco_safemarl_mappo,generalization,21171196,2
1.0,1.0,233.0,0.04291845493562232,0.8586655405640489,0.8378628726183011,0.4166666666666667,0.9979931362550921,0.0,0.0,0.0,4121.77000000001,2011.213642049581,0.0,fixed_auv_ga_pso_tlbo_proxy,generalization,21181203,2
1.0,1.0,178.0,0.3595505617977528,0.7928615780424231,0.7573588683733058,1.0,0.9046989204896542,0.0,0.0,0.0,4118.919999999993,1489.700000000003,0.0,independent_greedy,generalization,21181203,2
1.0,1.0,202.0,0.024752475247524754,0.858949998815184,0.8396689529046938,0.23809523809523808,0.9993562339652255,0.0,0.0,0.0,5504.5,2209.9285658678455,0.0,communication_aware,generalization,21181203,2
1.0,1.0,177.0,0.13559322033898305,0.8335315377451578,0.8072102493663255,0.5,0.9759849903004308,0.0,0.0,0.0,3104.8157026174235,648.0897773478277,210.0,haco_safemarl_pilot_no_acoustic,generalization,21181203,2
0.0,1.0,173.0,0.28034682080924855,0.8155293220804947,0.7499402186300288,0.5,0.8682397419691142,0.0,31.0,0.0,5259.973804277351,1347.7283517436156,0.0,haco_safemarl_pilot_no_shield,generalization,21181203,2
1.0,1.0,176.0,0.14772727272727273,0.8333806725401913,0.8053899485418973,0.5,0.9708318947394666,0.0,0.0,0.0,3228.9220256488165,658.539535949744,204.0,haco_safemarl_pilot,generalization,21181203,2
0.0,0.0,300.0,0.0,0.8378201760225457,0.8247182648381287,0.0,0.99999999975,0.0,0.0,0.08333333333333333,909.4689038176923,374.14667100493926,289.0,haco_safemarl_mappo,generalization,21181203,2
1.0,1.0,254.0,0.05905511811023622,0.8448701826485024,0.8017832399617165,0.5,0.9960764479464004,0.0,0.0,0.0,4493.260000000002,1800.5641989953622,0.0,fixed_auv_ga_pso_tlbo_proxy,generalization,21191210,2
1.0,1.0,194.0,0.42783505154639173,0.6733648849720523,0.44452924470426275,0.5,0.6413846951569604,0.0,0.0,0.11855670103092783,4489.159999999998,1423.7000000000023,0.0,independent_greedy,generalization,21191210,2
1.0,1.0,220.0,0.020454545454545454,0.8454911213423307,0.8039665880498802,0.20454545454545456,0.9995641456270438,0.0,0.0,0.0,5995.0,2184.865711336955,0.0,communication_aware,generalization,21191210,2
1.0,1.0,174.0,0.29310344827586204,0.8265365414159535,0.7548166116451273,0.5,0.85329949202151,0.0,0.0,0.11494252873563218,5439.720955786756,1309.2325378838066,135.0,haco_safemarl_pilot_no_acoustic,generalization,21191210,2
1.0,1.0,190.0,0.28421052631578947,0.8310166377266199,0.7748903352422977,0.5,0.8638146829910363,0.0,0.0,0.005263157894736842,5814.421707420133,1593.7002635637955,0.0,haco_safemarl_pilot_no_shield,generalization,21191210,2
1.0,1.0,175.0,0.24571428571428572,0.8415738704184346,0.7865814326378638,0.5,0.9040626779991837,0.0,0.0,0.08,5463.257472615733,1398.5897462719747,123.0,haco_safemarl_pilot,generalization,21191210,2
0.0,0.0,300.0,0.0,0.8486019613146233,0.8304218675838909,0.0,0.99999999975,0.0,0.0,0.0,754.9060528463149,74.36049582319635,51.0,haco_safemarl_mappo,generalization,21191210,2
0.0,0.5,300.0,0.15833333333333333,0.8533860643062887,0.8527472960983316,1.0,0.9999960784782743,0.0,30.0,0.0,5306.999999999984,2644.7321194133674,0.0,fixed_auv_ga_pso_tlbo_proxy,generalization,21201217,2
0.0,0.5,300.0,0.6283333333333333,0.4981511077127025,0.2255871235906265,1.0,0.6742549548406466,0.0,23.0,0.0,6942.000000000033,2875.900000000013,0.0,independent_greedy,generalization,21201217,2
0.0,0.5,300.0,0.2683333333333333,0.8377098627674563,0.8355297450378517,1.0,0.9999533020806526,0.0,71.0,0.0,8051.856265043233,3220.1828229975977,0.0,communication_aware,generalization,21201217,2
0.0,0.5,300.0,0.20666666666666667,0.8251318047793365,0.752031615734258,0.5,0.9364502046510029,0.0,0.0,0.0,6659.590728237101,1727.6287454485368,374.0,haco_safemarl_pilot_no_acoustic,generalization,21201217,2
0.0,0.5,300.0,0.3383333333333333,0.6945080559067394,0.4904066279186105,0.5,0.7927300341450688,0.0,23.0,0.0,9136.577092610369,2357.6350160457105,0.0,haco_safemarl_pilot_no_shield,generalization,21201217,2
0.0,0.5,300.0,0.17666666666666667,0.8351280693942653,0.7722931196312368,0.5,0.9559842047461585,0.0,0.0,0.0,6761.667976071308,1861.4867032976674,358.0,haco_safemarl_pilot,generalization,21201217,2
0.0,0.0,300.0,0.06666666666666667,0.8500235005586482,0.8484375237894513,0.5,0.9949238575839366,0.0,0.0,0.0,965.8139598690641,214.7205932056421,409.0,haco_safemarl_mappo,generalization,21201217,2
1.0,1.0,234.0,0.5961538461538461,0.6408675790880539,0.6346278942069727,1.0,0.9997481092991268,0.0,0.0,0.0,4139.46000000001,2114.9377931508516,0.0,fixed_auv_ga_pso_tlbo_proxy,generalization,21211224,2
1.0,1.0,179.0,0.5810055865921788,0.5793601470303679,0.4043371591317362,1.0,0.7526090438816448,0.0,0.0,0.0,4142.059999999993,1689.7000000000044,0.0,independent_greedy,generalization,21211224,2
0.0,0.5,300.0,0.7283333333333334,0.6841507909882716,0.6814208543107453,1.0,0.999661370683666,0.0,0.0,0.0,7765.63520043936,3059.026046822891,0.0,communication_aware,generalization,21211224,2
1.0,1.0,190.0,0.34210526315789475,0.6911324817569439,0.5124144154626367,0.6842105263157895,0.8228448044959623,0.0,0.0,0.0,5812.893873164267,1525.1229216820395,179.0,haco_safemarl_pilot_no_acoustic,generalization,21211224,2
1.0,1.0,175.0,0.3342857142857143,0.6573158119558572,0.432161284678171,0.6666666666666666,0.8312000486043497,0.0,0.0,0.0,5362.955565002079,1283.5052332787486,0.0,haco_safemarl_pilot_no_shield,generalization,21211224,2
1.0,1.0,207.0,0.3743961352657005,0.7076482502125588,0.556622508956598,1.0,0.8400876639198884,0.0,0.0,0.0,6322.454080869384,1671.726010024981,219.0,haco_safemarl_pilot,generalization,21211224,2
0.0,0.0,300.0,0.0,0.8335984743592505,0.8318866869224834,0.0,0.99999999975,0.0,0.0,0.0,267.1779969738603,135.26998757849918,447.0,haco_safemarl_mappo,generalization,21211224,2
0.0,1.0,257.0,0.048638132295719845,0.8603306775415744,0.8285427623271878,0.4807692307692308,0.9973930740622289,0.15953307392996108,6.0,0.5175097276264592,4546.330000000001,1505.7561821271443,0.0,fixed_auv_ga_pso_tlbo_proxy,generalization,21221231,2
0.0,1.0,197.0,0.5456852791878173,0.6657069420882998,0.4710296133567279,0.95,0.4999999996971926,0.0,4.0,0.09137055837563451,4558.579999999999,1198.3000000000006,0.0,independent_greedy,generalization,21221231,2
0.0,1.0,223.0,0.04035874439461883,0.8606947528192933,0.8301946950182312,0.391304347826087,0.9982344091285328,0.004484304932735426,5.0,0.5829596412556054,6076.75,1741.1389396558097,0.0,communication_aware,generalization,21221231,2
0.0,1.0,185.0,0.1783783783783784,0.8409823803749168,0.7831582604111653,0.5,0.9549869793671268,0.0,1.0,0.2864864864864865,5809.9172413229935,1437.0923844733409,207.0,haco_safemarl_pilot_no_acoustic,generalization,21221231,2
0.0,1.0,192.0,0.21354166666666666,0.8346092572993365,0.7820261225474799,0.5,0.959557275951381,0.026041666666666668,4.0,0.3541666666666667,5953.013290496951,1447.5713013556833,0.0,haco_safemarl_pilot_no_shield,generalization,21221231,2
0.0,1.0,184.0,0.16304347826086957,0.8459245055163883,0.7942968705688933,0.5,0.9634384137083788,0.0,1.0,0.2554347826086957,5785.440854585319,1466.4831992977774,201.0,haco_safemarl_pilot,generalization,21221231,2
0.0,0.5,300.0,0.028333333333333332,0.8614529911371053,0.8354963722443121,0.2833333333333333,0.9991504445028088,0.0,1.0,0.5466666666666666,1022.2675502873091,92.14617603091736,231.0,haco_safemarl_mappo,generalization,21221231,2
0.0,1.0,246.0,0.22357723577235772,0.8419957047035459,0.7873061309185767,0.5,0.9234293521497856,0.0,22.0,0.0,4351.740000000005,1776.3163789410585,0.0,fixed_auv_ga_pso_tlbo_proxy,generalization,21231238,2
0.0,1.0,189.0,0.30952380952380953,0.7337052661008284,0.6327407810500587,0.7368421052631579,0.8742203738196143,0.0,17.0,0.0,4373.459999999996,1410.1000000000024,0.0,independent_greedy,generalization,21231238,2
0.0,1.0,214.0,0.18457943925233644,0.8434779961327404,0.7912787739219752,0.5,0.9512581805691583,0.0,19.0,0.0,5831.5,1996.527859129346,0.0,communication_aware,generalization,21231238,2
1.0,1.0,178.0,0.02247191011235955,0.8567613083220367,0.846394097196672,0.2222222222222222,0.9994718074766663,0.0,0.0,0.0,4120.203661365107,1165.437751379979,164.0,haco_safemarl_pilot_no_acoustic,generalization,21231238,2
0.0,1.0,183.0,0.04918032786885246,0.8479317647233325,0.8318016619373513,0.47368421052631576,0.9991749444452215,0.0,16.0,0.0,5606.3509124144275,1419.7429201861137,0.0,haco_safemarl_pilot_no_shield,generalization,21231238,2
1.0,1.0,178.0,0.0056179775280898875,0.8573389625589267,0.8456318744777853,0.05555555555555555,0.9999680814580036,0.0,0.0,0.0,4138.931555342386,1171.6969723907082,159.0,haco_safemarl_pilot,generalization,21231238,2
0.0,0.5,300.0,0.0016666666666666668,0.8642470436131898,0.8296606199249578,0.016666666666666666,0.9999972126966968,0.0,0.0,0.0,1147.5210228756216,623.5308350802497,233.0,haco_safemarl_mappo,generalization,21231238,2
0.0,1.0,257.0,0.38715953307393,0.7630951769884823,0.760402735917643,1.0,0.9999093046129048,0.0,77.0,0.0,4546.330000000001,2133.93674611831,0.0,fixed_auv_ga_pso_tlbo_proxy,generalization,21241245,2
0.0,1.0,197.0,0.5329949238578681,0.6909484236335741,0.545256079132639,1.0,0.6399999995304771,0.0,60.0,0.0,4558.579999999999,1787.1000000000058,0.0,independent_greedy,generalization,21241245,2
0.0,0.5,300.0,0.5483333333333333,0.7628499391734335,0.7596862627965518,1.0,0.9998774664399052,0.0,68.0,0.0,7879.899295006927,2957.089919879051,0.0,communication_aware,generalization,21241245,2
0.0,1.0,209.0,0.21052631578947367,0.7561166315693086,0.6382522663391005,0.5,0.9336099581566045,0.0,22.0,0.0,4943.576845607983,1269.0481354197482,297.0,haco_safemarl_pilot_no_acoustic,generalization,21241245,2
0.0,1.0,191.0,0.20680628272251309,0.7343809576841285,0.576293713992259,0.5,0.9363488012834377,0.0,79.0,0.0,5878.898534101809,1486.274603153177,0.0,haco_safemarl_pilot_no_shield,generalization,21241245,2
0.0,1.0,218.0,0.19495412844036697,0.759725625208502,0.6500299046383654,0.5909090909090909,0.9540850302381946,0.0,21.0,0.0,5260.817969002325,1532.7269789934292,329.0,haco_safemarl_pilot,generalization,21241245,2
0.0,0.0,300.0,0.0,0.8313582621096557,0.8268440308910061,0.0,0.99999999975,0.0,10.0,0.0,893.8935941593855,623.2430883208632,462.0,haco_safemarl_mappo,generalization,21241245,2
0.0,1.0,207.0,0.8115942028985508,0.42177472782411485,0.39590887090750665,1.0,0.9768786059957818,0.0,46.0,0.13526570048309178,3661.8300000000095,1811.40073181812,0.0,fixed_auv_ga_pso_tlbo_proxy,generalization,21251252,2
0.0,1.0,158.0,0.7816455696202531,0.3954776486427808,0.2156008721174506,1.0,0.664758445043978,0.0,35.0,0.0,3656.119999999995,1531.900000000003,0.0,independent_greedy,generalization,21251252,2
0.0,0.5,300.0,0.89,0.5328187449888679,0.5244838118813963,1.0,0.9918032583646873,0.0,42.0,0.15333333333333332,7650.110482563245,2982.584740073302,0.0,communication_aware,generalization,21251252,2
0.0,1.0,232.0,0.6142241379310345,0.5985304897129914,0.40113766586201355,1.0,0.7730036178140858,0.0,7.0,0.1336206896551724,6713.99011477649,1803.281659548026,416.0,haco_safemarl_pilot_no_acoustic,generalization,21251252,2
0.0,1.0,173.0,0.6329479768786127,0.5593157890639849,0.3529324361833011,1.0,0.7312086307967929,0.0,34.0,0.12138728323699421,5219.270643120471,1282.6351056778547,0.0,haco_safemarl_pilot_no_shield,generalization,21251252,2
0.0,0.0,300.0,0.83,0.6469411917056397,0.6289213900011769,1.0,0.9996156716020934,0.0,7.0,0.16,8357.097507918597,3180.0853802365677,648.0,haco_safemarl_pilot,generalization,21251252,2
0.0,0.0,300.0,0.7833333333333333,0.7013235445005489,0.7009426891253127,1.0,0.9997633642937351,0.0,6.0,0.12666666666666668,217.53719034569474,216.20576282750497,628.0,haco_safemarl_mappo,generalization,21251252,2
0.0,1.0,293.0,0.0,0.8550130373693751,0.8313171577834967,0.0,0.99999999975,0.0,5.0,0.0,5183.169999999986,2108.875365344773,0.0,fixed_auv_ga_pso_tlbo_proxy,generalization,21261259,2
0.0,1.0,224.0,0.3482142857142857,0.6830624818473474,0.5026959593347928,0.5217391304347826,0.7823820880963772,0.0,4.0,0.0,5183.360000000008,1568.7000000000037,0.0,independent_greedy,generalization,21261259,2
0.0,1.0,254.0,0.0,0.8554451033522256,0.8325113621903234,0.0,0.99999999975,0.0,4.0,0.0,6921.5,2610.284138510848,0.0,communication_aware,generalization,21261259,2
0.0,1.0,206.0,0.15048543689320387,0.8496334676233634,0.8331103218993717,0.5,0.990651484424215,0.0,4.0,0.0,6417.261250000006,1514.554254021262,123.0,haco_safemarl_pilot_no_acoustic,generalization,21261259,2
0.0,1.0,218.0,0.20642201834862386,0.8351800993042051,0.83143301282194,0.5,0.9983654676141978,0.0,4.0,0.0,6697.4147723297,1714.7800556444895,0.0,haco_safemarl_pilot_no_shield,generalization,21261259,2
0.0,1.0,206.0,0.11407766990291263,0.8544185165485801,0.8433606175417178,0.5,0.9967007313580415,0.0,4.0,0.0,6415.369374688642,1616.8821893503948,118.0,haco_safemarl_pilot,generalization,21261259,2
0.0,0.5,300.0,0.12833333333333333,0.8304841857121885,0.7994999585379942,0.5,0.9787839314383892,0.0,3.0,0.0,964.9829151558672,180.79428309635108,149.0,haco_safemarl_mappo,generalization,21261259,2
0.0,0.0,300.0,0.0,0.8884908823716444,0.8852589935328047,0.0,0.99999999975,0.0,107.0,0.0,5306.999999999984,1804.1509630436515,0.0,fixed_auv_ga_pso_tlbo_proxy,generalization,21271266,2
0.0,1.0,267.0,0.5767790262172284,0.5673775960656163,0.382026866884729,1.0,0.7800720866331091,0.0,82.0,0.0,6178.380000000022,1541.5000000000014,0.0,independent_greedy,generalization,21271266,2
0.0,0.5,300.0,0.0,0.8876026971622597,0.884749875091297,0.0,0.99999999975,0.0,93.0,0.0,8175.0,2173.5803656379194,0.0,communication_aware,generalization,21271266,2
0.0,1.0,275.0,0.2781818181818182,0.8024473763878487,0.703982799890561,0.5,0.8706813683399148,0.0,53.0,0.0,7270.2329784244075,1719.8247151449987,303.0,haco_safemarl_pilot_no_acoustic,generalization,21271266,2
0.0,1.0,259.0,0.19111969111969113,0.8448786517963415,0.7885012527015232,0.5,0.9471250846261149,0.0,80.0,0.0,8040.021043277204,2035.4604625678262,0.0,haco_safemarl_pilot_no_shield,generalization,21271266,2
0.0,1.0,275.0,0.25272727272727274,0.8278340909722256,0.7588055081753112,0.5,0.8973608436594229,0.0,56.0,0.0,7372.066347857644,1879.8706080771065,292.0,haco_safemarl_pilot,generalization,21271266,2
0.0,0.0,300.0,0.02666666666666667,0.8381171758670751,0.8251810023335862,0.26666666666666666,0.9992499528585796,0.0,54.0,0.0,1554.6401882705425,312.12402462966367,336.0,haco_safemarl_mappo,generalization,21271266,2
0.0,1.0,179.0,0.8379888268156425,0.40741515570944953,0.3589123900366454,1.0,0.8326732607228504,0.0,30.0,0.0,3166.510000000008,1414.5952440832286,0.0,fixed_auv_ga_pso_tlbo_proxy,generalization,21281273,2
0.0,1.0,137.0,0.8467153284671532,0.40444366310805246,0.3812599099195121,1.0,0.8999999913815817,0.0,23.0,0.0,3170.1799999999976,1204.9,0.0,independent_greedy,generalization,21281273,2
0.0,0.0,300.0,0.9183333333333333,0.5093657651435253,0.4893283198523417,1.0,0.8925650258993114,0.0,0.0,0.0,7624.491199036133,2982.12831507315,0.0,communication_aware,generalization,21281273,2
0.0,0.5,300.0,0.8466666666666667,0.414980659730355,0.397273808812354,1.0,0.9883232030652627,0.0,0.0,0.0,8714.948232776323,2816.323945307601,573.0,haco_safemarl_pilot_no_acoustic,generalization,21281273,2
0.0,0.0,300.0,0.9266666666666666,0.3213420001500357,0.3046514975451979,1.0,0.9307691904955638,0.0,0.0,0.0,8618.560162371397,3167.113204146729,0.0,haco_safemarl_pilot_no_shield,generalization,21281273,2
0.0,0.0,300.0,0.8483333333333334,0.6333108548096279,0.6257001537694747,1.0,0.9855986564265794,0.0,0.0,0.0,8517.878143948523,3195.08188804576,580.0,haco_safemarl_pilot,generalization,21281273,2
0.0,0.0,300.0,0.8283333333333334,0.5793073159570754,0.579276084219757,1.0,0.9991523742772921,0.0,0.0,0.0,151.5518245542755,112.19639412060087,580.0,haco_safemarl_mappo,generalization,21281273,2
1.0,1.0,173.0,0.2861271676300578,0.8228117199971312,0.7606387684167923,0.5,0.8615873460558331,0.0,0.0,0.08670520231213873,3060.3700000000076,1465.0675825410108,0.0,fixed_auv_ga_pso_tlbo_proxy,generalization,21291280,2
1.0,1.0,132.0,0.3143939393939394,0.7965793606448397,0.7290638884621954,0.5,0.8467562673881136,0.0,0.0,0.0,3054.479999999998,1132.9000000000003,0.0,independent_greedy,generalization,21291280,2
1.0,1.0,150.0,0.2633333333333333,0.8266843310950022,0.7722510520835671,0.5,0.8866961980329207,0.0,0.0,0.06666666666666667,4063.292558397449,1464.198808526674,0.0,communication_aware,generalization,21291280,2
1.0,1.0,128.0,0.1875,0.8239845189849025,0.7543328778912956,0.5,0.94943820190582,0.0,0.0,0.078125,3933.076634428596,1038.4286804894812,102.0,haco_safemarl_pilot_no_acoustic,generalization,21291280,2
1.0,1.0,128.0,0.2421875,0.8008655510595417,0.7069846306072952,0.5,0.9073288328142315,0.0,0.0,0.09375,3919.709163877411,998.2526417401274,0.0,haco_safemarl_pilot_no_shield,generalization,21291280,2
1.0,1.0,128.0,0.14453125,0.8329621449771645,0.7750654654646437,0.5,0.9722481245503889,0.0,0.0,0.0703125,3925.4028265296565,1070.9286707411961,100.0,haco_safemarl_pilot,generalization,21291280,2
0.0,0.5,300.0,0.028333333333333332,0.8480466247354371,0.8240291667106164,0.2833333333333333,0.9991504445028088,0.0,0.0,0.08,362.65223501685705,81.33339834492817,187.0,haco_safemarl_mappo,generalization,21291280,2
0.0,0.5,300.0,0.35833333333333334,0.7727057540241166,0.7007603372836642,1.0,0.9426073126560595,0.0,33.0,0.0,5306.999999999984,2767.166430314463,0.0,fixed_auv_ga_pso_tlbo_proxy,generalization,21301287,2
0.0,1.0,286.0,0.7587412587412588,0.46641414571906664,0.3293108592711565,1.0,0.8138461510013094,0.0,37.0,0.0,6618.040000000028,2869.1000000000126,0.0,independent_greedy,generalization,21301287,2
0.0,0.5,300.0,0.34,0.813443644376381,0.7694008065986074,1.0,0.8944966683369951,0.0,25.0,0.0,8028.4194932847995,3431.3251430681466,0.0,communication_aware,generalization,21301287,2
1.0,1.0,289.0,0.4013840830449827,0.6389821920369948,0.4445981434972325,0.5344827586206896,0.812890433565828,0.0,0.0,0.0,6497.642729796948,1943.0109211838583,469.0,haco_safemarl_pilot_no_acoustic,generalization,21301287,2
0.0,1.0,278.0,0.39748201438848924,0.7011685837638664,0.5652029010665739,0.5,0.8123651784142658,0.0,117.0,0.0,8445.662526626851,2564.7646089957784,0.0,haco_safemarl_pilot_no_shield,generalization,21301287,2
1.0,1.0,290.0,0.40344827586206894,0.6917721623817565,0.5452460995743258,0.5862068965517241,0.8165498044588992,0.0,0.0,0.0,6626.978959337099,1838.5946006667411,463.0,haco_safemarl_pilot,generalization,21301287,2
0.0,0.0,300.0,0.20833333333333334,0.823446466195087,0.787064151641212,0.5666666666666667,0.9427990001217987,0.0,7.0,0.0,877.4270247480566,452.9582407194525,437.0,haco_safemarl_mappo,generalization,21301287,2
0.0,1.0,277.0,0.8068592057761733,0.35538168931263364,0.31174948774582373,1.0,0.882729370259758,0.0,1.0,0.0,4900.129999999992,2368.786095819429,0.0,fixed_auv_ga_pso_tlbo_proxy,generalization,21311294,2
0.0,1.0,212.0,0.9033018867924528,0.3213236606392814,0.2926589940623559,1.0,0.6665344845532412,0.0,1.0,0.0,4905.680000000004,1929.7000000000053,0.0,independent_greedy,generalization,21311294,2
0.0,0.0,300.0,0.8533333333333334,0.5804614485624001,0.5513156121788121,1.0,0.919714954539864,0.0,1.0,0.0,7681.865975150891,2963.1914678641697,0.0,communication_aware,generalization,21311294,2
0.0,0.5,300.0,0.7766666666666666,0.4817694238743231,0.44073224083568296,1.0,0.9997772778407599,0.0,0.0,0.0,3560.89247271709,664.4743204788286,824.0,haco_safemarl_pilot_no_acoustic,generalization,21311294,2
0.0,0.0,300.0,0.8733333333333333,0.380199102752066,0.3761439221645515,1.0,0.9756756608427688,0.0,1.0,0.0,8696.87657831564,3120.025214473847,0.0,haco_safemarl_pilot_no_shield,generalization,21311294,2
0.0,0.0,300.0,0.76,0.6629984232957493,0.6620397289766715,1.0,0.999228985643282,0.0,0.0,0.0,2855.597314169179,1295.982958267761,862.0,haco_safemarl_pilot,generalization,21311294,2
0.0,0.0,300.0,0.7833333333333333,0.49982060278895624,0.49919177543309556,1.0,0.9999999946745562,0.0,0.0,0.0,778.9827048327154,391.0634259818839,607.0,haco_safemarl_mappo,generalization,21311294,2
0.0,1.0,197.0,0.10152284263959391,0.8271038710245121,0.8033325999645853,0.5,0.9873932361694369,0.08629441624365482,0.0,0.29441624365482233,3484.930000000009,1301.3094862442606,0.0,fixed_auv_ga_pso_tlbo_proxy,generalization,21321301,2
1.0,1.0,151.0,0.304635761589404,0.7487747814665211,0.6816778581400321,0.53125,0.8448275858378752,0.0,0.0,0.09933774834437085,3494.139999999996,1002.2999999999997,0.0,independent_greedy,generalization,21321301,2
0.0,1.0,171.0,0.029239766081871343,0.8275724446756578,0.8072109226063671,0.2777777777777778,0.9990935786482135,0.1111111111111111,0.0,0.19298245614035087,4659.75,1606.8220796455523,0.0,communication_aware,generalization,21321301,2
1.0,1.0,144.0,0.1388888888888889,0.8299587963264163,0.8040347957791698,0.5,0.9746450301056949,0.0,0.0,0.1736111111111111,4295.347552125624,951.8967786284605,144.0,haco_safemarl_pilot_no_acoustic,generalization,21321301,2
1.0,1.0,147.0,0.17006802721088435,0.7948966623317163,0.7400419509386786,0.5,0.9597008185450678,0.0,0.0,0.1836734693877551,4515.7907183070265,1055.4284376288672,0.0,haco_safemarl_pilot_no_shield,generalization,21321301,2
1.0,1.0,144.0,0.13194444444444445,0.8315114538484022,0.8069741104702758,0.5,0.9774177402059969,0.0,0.0,0.1736111111111111,4318.146620248734,996.4330849569556,140.0,haco_safemarl_pilot,generalization,21321301,2
0.0,0.0,300.0,0.0,0.8371951495415669,0.8322872385518135,0.0,0.99999999975,0.0,0.0,0.15,964.5737360793354,306.9167487455077,294.0,haco_safemarl_mappo,generalization,21321301,2
1.0,1.0,231.0,0.032467532467532464,0.8446795388561011,0.8086782470516389,0.3125,0.9988751909510332,0.0,0.0,0.0,4086.390000000011,2140.7407292710222,0.0,fixed_auv_ga_pso_tlbo_proxy,generalization,21331308,2
1.0,1.0,177.0,0.3107344632768362,0.7481450232114,0.6423214372855689,0.5,0.8310905127863472,0.0,0.0,0.0,4095.7799999999925,1690.900000000004,0.0,independent_greedy,generalization,21331308,2
1.0,1.0,201.0,0.029850746268656716,0.8446006803906705,0.8089757888163941,0.2857142857142857,0.999054149652119,0.0,0.0,0.0,5477.25,2400.469488089623,0.0,communication_aware,generalization,21331308,2
1.0,1.0,162.0,0.11728395061728394,0.8400257570019803,0.8141651024016856,0.5,0.982652570569573,0.0,0.0,0.0,4940.037626551622,1550.406291236041,96.0,haco_safemarl_pilot_no_acoustic,generalization,21331308,2
1.0,1.0,172.0,0.11627906976744186,0.8464644520289156,0.8156147450195664,0.5,0.9829816198404471,0.0,0.0,0.0,5172.175822070841,1429.7985391252087,0.0,haco_safemarl_pilot_no_shield,generalization,21331308,2
1.0,1.0,163.0,0.10122699386503067,0.8429741267518205,0.8197921372713324,0.5,0.9874738316244196,0.0,0.0,0.0,4966.966568294037,1396.58566476869,92.0,haco_safemarl_pilot,generalization,21331308,2
1.0,1.0,239.0,0.13389121338912133,0.830097184891406,0.8161670460502525,0.5,0.976659904407108,0.0,0.0,0.0,646.9558188847137,220.17350184482905,146.0,haco_safemarl_mappo,generalization,21331308,2
0.0,0.5,300.0,0.20833333333333334,0.8256232820379537,0.7610886339383711,0.5,0.9352331602728665,0.0,258.0,0.0,5306.999999999984,2764.79382159043,0.0,fixed_auv_ga_pso_tlbo_proxy,generalization,21341315,2
0.0,0.5,300.0,0.6483333333333333,0.46966284033105693,0.17676195659007646,1.0,0.5924600104686691,0.0,268.0,0.0,6942.000000000033,2944.100000000013,0.0,independent_greedy,generalization,21341315,2
0.0,0.5,300.0,0.34833333333333333,0.807196701145228,0.7568997850483355,1.0,0.9568817670018189,0.0,264.0,0.0,8028.029815231378,3315.0812666370116,0.0,communication_aware,generalization,21341315,2
0.0,0.0,300.0,0.30833333333333335,0.7707278048473203,0.6622998883868276,0.5833333333333334,0.8490263737914105,0.0,0.0,0.0,8121.6415061724865,2979.3007991660065,389.0,haco_safemarl_pilot_no_acoustic,generalization,21341315,2
0.0,0.5,300.0,0.4,0.703068158545936,0.5132832700310183,0.5,0.692307691974852,0.0,35.0,0.0,9091.114297575294,2351.5419529836736,0.0,haco_safemarl_pilot_no_shield,generalization,21341315,2
0.0,0.0,300.0,0.33166666666666667,0.7990668827429664,0.7304494671541232,0.9333333333333333,0.8815360995595732,0.0,0.0,0.0,8973.628192683773,3212.3913880954065,358.0,haco_safemarl_pilot,generalization,21341315,2
0.0,0.0,300.0,0.06833333333333333,0.8490711247976039,0.8136199849537732,0.5,0.9946492571045561,0.0,0.0,0.0,1026.7830361776796,265.58620648110656,435.0,haco_safemarl_mappo,generalization,21341315,2
0.0,1.0,218.0,0.2958715596330275,0.7939577139885711,0.7705454861979961,0.5,0.8499323650429059,0.0,29.0,0.0,3856.42000000001,1889.9160651112716,0.0,fixed_auv_ga_pso_tlbo_proxy,generalization,21351322,2
0.0,1.0,166.0,0.42168674698795183,0.6765896228395202,0.5028512495073395,0.5,0.6528761685677483,0.0,22.0,0.0,3841.239999999994,1363.5000000000014,0.0,independent_greedy,generalization,21351322,2
0.0,1.0,201.0,0.4651741293532338,0.7930119082468005,0.7777309527739967,1.0,0.9681439274679765,0.0,36.0,0.0,5454.265143634567,2128.8593919591376,0.0,communication_aware,generalization,21351322,2
1.0,1.0,174.0,0.20977011494252873,0.8039069796390652,0.7576718083698415,0.5,0.9341724926713564,0.0,0.0,0.0,3389.1077866189394,1033.5216803980998,254.0,haco_safemarl_pilot_no_acoustic,generalization,21351322,2
0.0,1.0,163.0,0.25766871165644173,0.798067032682584,0.7712005992550365,0.5294117647058824,0.962147597661114,0.0,25.0,0.0,4944.114793978902,1291.488348183631,0.0,haco_safemarl_pilot_no_shield,generalization,21351322,2
1.0,1.0,179.0,0.18994413407821228,0.8148850530748908,0.7870802409470768,0.5,0.9478833232229033,0.0,0.0,0.0,3538.1065640889315,1060.077728150145,255.0,haco_safemarl_pilot,generalization,21351322,2
0.0,0.0,300.0,0.13,0.81456107117244,0.800050551202053,0.5,0.9781597308806669,0.0,0.0,0.0,1344.465539317778,1113.3682501250398,642.0,haco_safemarl_mappo,generalization,21351322,2
0.0,0.6666666666666666,300.0,0.4805555555555554,0.590995941115341,0.2944077839955477,0.8333333333333331,0.8010256719717821,0.0,111.0,0.0,6320.999999999983,3126.125474727296,0.0,fixed_auv_ga_pso_tlbo_proxy,generalization,21161729,6
0.0,1.0,264.0,0.5694444444444444,0.5211562800414241,0.2990133579565166,0.8333333333333331,0.6761741941176512,0.0,91.0,0.0,7634.880000000016,3552.099999999999,0.0,independent_greedy,generalization,21161729,6
0.0,0.16666666666666666,300.0,0.5283333333333332,0.7102883168836746,0.571101213532603,0.8333333333333331,0.7587682453947743,0.0,55.0,0.0,8583.468855310219,3638.282555372829,0.0,communication_aware,generalization,21161729,6
0.0,0.3333333333333333,300.0,0.5122222222222221,0.6465609626879778,0.4190096086429237,0.8333333333333331,0.7701939061907356,0.0,0.0,0.0,7119.054346582882,2505.546588166545,1290.0,haco_safemarl_pilot_no_acoustic,generalization,21161729,6
0.0,0.3333333333333333,300.0,0.5833333333333333,0.5787176892506887,0.3819388788343694,0.8333333333333331,0.6827516895082638,0.0,99.0,0.0,9661.795012491213,3148.044291284744,0.0,haco_safemarl_pilot_no_shield,generalization,21161729,6
0.0,0.16666666666666666,300.0,0.49999999999999983,0.7516075132740031,0.6259589003181463,0.8333333333333331,0.7850936877782639,0.0,0.0,0.0,6443.534258105009,2428.521437617877,1327.0,haco_safemarl_pilot,generalization,21161729,6
0.0,0.16666666666666666,300.0,0.5088888888888887,0.7021043822023281,0.5216476852415446,0.8333333333333331,0.7738720538030815,0.0,0.0,0.0,1258.1554142559924,489.4189673426258,1271.0,haco_safemarl_mappo,generalization,21161729,6
0.0,0.3333333333333333,300.0,0.47833333333333333,0.63629297970655,0.33118367449427144,1.0,0.90363412751081,0.0,123.0,0.0,6320.999999999983,3262.2128707813563,0.0,fixed_auv_ga_pso_tlbo_proxy,generalization,21171736,6
0.0,0.8333333333333334,300.0,0.6933333333333334,0.5186527889068143,0.2607243269113148,1.0,0.8405442084708502,0.0,107.0,0.0,8676.000000000018,4289.500000000011,0.0,independent_greedy,generalization,21171736,6
0.0,0.3333333333333333,300.0,0.5316666666666667,0.7242875593546552,0.5787656598111409,1.0,0.8708229480478609,0.0,215.0,0.0,8659.070956158577,3765.851400862383,0.0,communication_aware,generalization,21171736,6
0.0,0.3333333333333333,300.0,0.36333333333333334,0.7375749794188583,0.5634426341068817,0.6666666666666669,0.8630879151566736,0.0,0.0,0.0,9775.44285024598,3483.18543896488,948.0,haco_safemarl_pilot_no_acoustic,generalization,21171736,6
0.0,0.3333333333333333,300.0,0.4872222222222223,0.636735976357501,0.4667164971865938,0.8333333333333331,0.8077744338255292,0.0,202.0,0.0,9688.562539451077,3087.7718696582683,0.0,haco_safemarl_pilot_no_shield,generalization,21171736,6
0.0,0.3333333333333333,300.0,0.3694444444444444,0.7877788742060992,0.6944658641580793,0.6666666666666669,0.8623246031003392,0.0,0.0,0.0,9575.201640706657,3360.3696096234207,954.0,haco_safemarl_pilot,generalization,21171736,6
0.0,0.0,300.0,0.3994444444444444,0.6837913789551815,0.4504580641301564,0.6666666666666669,0.7968486400261604,0.0,0.0,0.0,1220.3566283674656,574.7421275339018,1382.0,haco_safemarl_mappo,generalization,21171736,6
0.0,1.0,197.0,0.4780033840947546,0.6443582274313066,0.21408201030862337,0.5,0.5418150402907023,0.0,48.0,0.0,4150.790000000013,2462.7411739195572,0.0,fixed_auv_ga_pso_tlbo_proxy,generalization,21181743,6
0.0,1.0,151.0,0.5728476821192051,0.6369512988250052,0.13706868692358112,0.6666666666666666,0.5170260361240957,0.0,38.0,0.0,4366.920000000007,2129.7000000000025,0.0,independent_greedy,generalization,21181743,6
0.0,0.6666666666666666,300.0,0.575,0.7051169564865917,0.4307937155847501,0.7888888888888886,0.4972115879294986,0.0,43.0,0.0,8566.155579718503,4565.450217275263,0.0,communication_aware,generalization,21181743,6
0.0,0.8333333333333334,300.0,0.32,0.6921177750362492,0.23252625448199177,0.4,0.7048780487506403,0.0,0.0,0.0,8969.651960560248,2886.0289406662105,804.0,haco_safemarl_pilot_no_acoustic,generalization,21181743,6
0.0,0.6666666666666666,300.0,0.34833333333333333,0.6868474683716749,0.2549061767998724,0.5,0.6847932225555298,0.0,36.0,0.0,9259.428781679353,3491.82125920294,0.0,haco_safemarl_pilot_no_shield,generalization,21181743,6
0.0,0.6666666666666666,300.0,0.31333333333333335,0.7888370124482751,0.5656057106490667,0.3444444444444445,0.7067797739040835,0.0,0.0,0.0,8342.14763493173,3177.48078116283,806.0,haco_safemarl_pilot,generalization,21181743,6
0.0,0.3333333333333333,300.0,0.3016666666666667,0.7212589138885804,0.4028298015646548,0.3333333333333334,0.740628295779648,0.0,0.0,0.0,1024.8982463270459,867.7222520799196,1032.0,haco_safemarl_mappo,generalization,21181743,6
0.0,0.5,300.0,0.5822222222222222,0.614293108613951,0.2764824395987629,0.8333333333333331,0.6573487700990822,0.0,347.0,0.05333333333333334,6320.999999999983,2906.446034882115,0.0,fixed_auv_ga_pso_tlbo_proxy,generalization,21191750,6
0.0,1.0,277.0,0.6227436823104693,0.4767257317651573,0.06495251267237354,0.8333333333333331,0.5022228524070235,0.0,267.0,0.0,8010.8400000000165,3264.8999999999955,0.0,independent_greedy,generalization,21191750,6
0.0,0.16666666666666666,300.0,0.6777777777777778,0.7092085840749913,0.49137487054895757,1.0,0.6864689700072192,0.0,294.0,0.05,8452.493798521205,2949.637248282684,0.0,communication_aware,generalization,21191750,6
0.0,0.3333333333333333,300.0,0.3866666666666666,0.7068459303126273,0.30774019760861765,0.5555555555555555,0.7252629549107097,0.0,0.0,0.0,8311.236488766743,2999.680302206553,1360.0,haco_safemarl_pilot_no_acoustic,generalization,21191750,6
0.0,0.3333333333333333,300.0,0.6499999999999998,0.6176460109748715,0.30024703295444655,0.8333333333333331,0.5819375043218289,0.0,235.0,0.006666666666666667,9902.869349681687,2883.486132710161,0.0,haco_safemarl_pilot_no_shield,generalization,21191750,6
0.0,0.16666666666666666,300.0,0.40888888888888886,0.7688495655417811,0.5799285926778206,0.6666666666666669,0.7021429669703287,0.0,0.0,0.0,8650.774359902018,3175.3175886781746,1442.0,haco_safemarl_pilot,generalization,21191750,6
0.0,0.16666666666666666,300.0,0.3283333333333333,0.7274765623850566,0.46496535382002074,0.6666666666666669,0.8349991259300679,0.0,0.0,0.0,1836.862846304558,728.5547904562019,1410.0,haco_safemarl_mappo,generalization,21191750,6
0.0,0.8333333333333334,300.0,0.5572222222222223,0.6062150307162212,0.4030552032632129,1.0,0.8651268388753217,0.0,319.0,0.0,6320.999999999983,3251.7342506005657,0.0,fixed_auv_ga_pso_tlbo_proxy,generalization,21201757,6
0.0,1.0,268.0,0.6467661691542289,0.5399377597953421,0.23747389071279018,1.0,0.713082071163178,0.0,280.0,0.0,7750.560000000016,3837.699999999996,0.0,independent_greedy,generalization,21201757,6
0.0,0.3333333333333333,300.0,0.6177777777777778,0.7006807807818763,0.5712068903698064,1.0,0.8684956036553702,0.0,296.0,0.0,8449.913757450842,3065.605478852625,0.0,communication_aware,generalization,21201757,6
0.0,0.3333333333333333,300.0,0.3127777777777777,0.7869364147341716,0.6149906871282931,0.5,0.8143779850185401,0.0,5.0,0.0,6106.441669650865,2832.6184265490547,1884.0,haco_safemarl_pilot_no_acoustic,generalization,21201757,6
0.0,0.5,300.0,0.5594444444444445,0.6379116383091056,0.42087919774597893,0.9722222222222222,0.7034152353781933,0.0,302.0,0.0,9822.927664371415,3015.6274768817225,0.0,haco_safemarl_pilot_no_shield,generalization,21201757,6
0.0,0.16666666666666666,300.0,0.34055555555555556,0.8073041788956883,0.7045958202756032,0.5,0.7888690313824502,0.0,5.0,0.0,5256.8725250815605,2812.294121568667,1924.0,haco_safemarl_pilot,generalization,21201757,6
0.0,0.0,300.0,0.16611111111111107,0.8052841204919473,0.5413209922590049,0.3444444444444445,0.909260815242226,0.0,62.0,0.0,5245.50233969368,2874.1397221999946,1947.0,haco_safemarl_mappo,generalization,21201757,6
0.0,1.0,297.0,0.5808080808080807,0.5615295666432827,0.2309271905240134,0.8333333333333331,0.6370882112539054,0.0,203.0,0.0,6257.789999999984,3215.2055405400356,0.0,fixed_auv_ga_pso_tlbo_proxy,generalization,21211764,6
0.0,1.0,227.0,0.6005873715124815,0.5251610909882509,0.1189168722661974,0.8333333333333333,0.6894032575861841,0.0,154.0,0.0,6564.840000000013,2654.900000000005,0.0,independent_greedy,generalization,21211764,6
0.0,0.3333333333333333,300.0,0.7066666666666667,0.6580022324519889,0.39752235003913905,1.0,0.681870212053828,0.0,318.0,0.0,8305.250954148445,3067.7467397376863,0.0,communication_aware,generalization,21211764,6
0.0,0.3333333333333333,300.0,0.42277777777777775,0.6705738743471097,0.24211671445575794,0.5333333333333332,0.7661882962000376,0.0,0.0,0.0,4876.605134180724,1936.7627131881743,1409.0,haco_safemarl_pilot_no_acoustic,generalization,21211764,6
0.0,0.5,300.0,0.6155555555555555,0.5800304418332239,0.2512365370901977,0.8333333333333331,0.6606077661260908,0.0,307.0,0.0,9669.994736648983,2943.42563430524,0.0,haco_safemarl_pilot_no_shield,generalization,21211764,6
0.0,0.3333333333333333,300.0,0.435,0.7570897022143573,0.5628263186870831,0.6666666666666669,0.7529845236717843,0.0,0.0,0.0,5381.625942862452,2178.1080197487863,1369.0,haco_safemarl_pilot,generalization,21211764,6
0.0,0.0,300.0,0.3777777777777777,0.6998183174041706,0.3288430590968394,0.6666666666666669,0.8018327605495184,0.0,0.0,0.0,2212.1194715913557,998.98008025037,1448.0,haco_safemarl_mappo,generalization,21211764,6
0.0,1.0,192.0,0.6918402777777778,0.5771579997289553,0.3640415585442344,1.0,0.6367407361310374,0.0,83.0,0.15104166666666666,4045.4400000000132,1942.6315406964397,0.0,fixed_auv_ga_pso_tlbo_proxy,generalization,21221771,6
0.0,1.0,147.0,0.6848072562358276,0.5409305458588528,0.28001551391901186,1.0,0.5631631105560702,0.0,65.0,0.14965986394557823,4251.240000000007,1696.900000000001,0.0,independent_greedy,generalization,21221771,6
0.0,0.3333333333333333,300.0,0.8272222222222222,0.6077555429360534,0.4995761241625246,1.0,0.6220400022124662,0.0,38.0,0.11333333333333333,8088.819819858384,3225.63118721575,0.0,communication_aware,generalization,21221771,6
1.0,1.0,285.0,0.5567251461988304,0.6670931942203981,0.39491285920075647,0.8333333333333331,0.7961346390639416,0.0,0.0,0.06666666666666667,9191.96958365493,3011.498025473933,1268.0,haco_safemarl_pilot_no_acoustic,generalization,21221771,6
0.0,0.6666666666666666,300.0,0.6255555555555556,0.6137196803413463,0.3069506823306943,1.0,0.7695628014222153,0.0,100.0,0.11666666666666667,9437.21822152262,3038.076932814468,0.0,haco_safemarl_pilot_no_shield,generalization,21221771,6
0.0,0.3333333333333333,300.0,0.6288888888888889,0.7152081534289543,0.6162358762631347,0.8333333333333331,0.7905045350213551,0.0,0.0,0.06,9367.483831043453,3659.6731109427997,1452.0,haco_safemarl_pilot,generalization,21221771,6
0.0,0.0,300.0,0.5027777777777778,0.7549731450933013,0.6330957495440758,0.8333333333333331,0.7871940013258574,0.0,0.0,0.0,583.5607033680265,555.1880052143043,1589.0,haco_safemarl_mappo,generalization,21221771,6
0.0,0.8333333333333334,300.0,0.5505555555555555,0.5381450303647816,0.4276893157336223,0.8333333333333331,0.7539982073240062,0.0,31.0,0.0,6320.999999999983,3621.964264999005,0.0,fixed_auv_ga_pso_tlbo_proxy,generalization,21231778,6
0.0,1.0,262.0,0.5916030534351145,0.4843880103527943,0.29644443428337003,0.8333333333333331,0.6707743383685764,0.0,24.0,0.0,7577.040000000015,4097.100000000004,0.0,independent_greedy,generalization,21231778,6
0.0,0.3333333333333333,300.0,0.5894444444444443,0.6771186990389723,0.5926149207082975,0.8333333333333331,0.6956016129508573,0.0,0.0,0.0,8487.250627098643,3895.19168004807,0.0,communication_aware,generalization,21231778,6
0.0,0.3333333333333333,300.0,0.5038888888888888,0.670695974464769,0.4490656074931643,0.8333333333333331,0.8162939623411413,0.0,0.0,0.0,9500.023806281582,3318.0105144728223,1086.0,haco_safemarl_pilot_no_acoustic,generalization,21231778,6
0.0,0.3333333333333333,300.0,0.575,0.5935684653201364,0.4031026498917255,0.8333333333333331,0.7216500565199153,0.0,27.0,0.0,9498.599870882119,3247.444145669649,0.0,haco_safemarl_pilot_no_shield,generalization,21231778,6
0.0,0.16666666666666666,300.0,0.5516666666666665,0.7284781317075151,0.6561831274579617,0.8333333333333331,0.7577332541354603,0.0,0.0,0.0,9163.618374995853,3522.8033687122543,1171.0,haco_safemarl_pilot,generalization,21231778,6
0.0,0.16666666666666666,300.0,0.5299999999999999,0.6697570740933088,0.5990237156951266,0.8333333333333331,0.7967591540406949,0.0,0.0,0.0,828.897425347562,419.80304837214493,1332.0,haco_safemarl_mappo,generalization,21231778,6
0.0,0.6666666666666666,300.0,0.4944444444444443,0.6074873668574098,0.39119270072744006,0.8333333333333331,0.8099759774555566,0.0,230.0,0.08,6320.999999999983,3325.1714535276706,0.0,fixed_auv_ga_pso_tlbo_proxy,generalization,21241785,6
0.0,1.0,280.0,0.606547619047619,0.5034937405537189,0.3364285636297997,0.8333333333333331,0.7494793863471297,0.0,227.0,0.08214285714285714,8097.600000000017,4251.699999999994,0.0,independent_greedy,generalization,21241785,6
0.0,0.5,300.0,0.5399999999999999,0.7107772181655954,0.5750969494258914,0.8333333333333331,0.761303217993074,0.0,97.0,0.08666666666666667,8561.941317006944,3443.2947874647402,0.0,communication_aware,generalization,21241785,6
0.0,0.5,300.0,0.5338888888888889,0.6669986457596254,0.5207639070691729,0.8333333333333331,0.8006726859531459,0.0,0.0,0.08333333333333333,9071.989766409937,2995.268832706262,1203.0,haco_safemarl_pilot_no_acoustic,generalization,21241785,6
0.0,0.5,300.0,0.5833333333333334,0.6130497500572272,0.4328927674874769,0.8333333333333331,0.7228887791403728,0.0,112.0,0.08,9772.691581794097,2904.304771791955,0.0,haco_safemarl_pilot_no_shield,generalization,21241785,6
0.0,0.16666666666666666,300.0,0.5249999999999999,0.7447359259646334,0.6799505255229348,0.8333333333333331,0.8070365438460508,0.0,0.0,0.08666666666666667,9423.999314025501,3492.434838755756,1175.0,haco_safemarl_pilot,generalization,21241785,6
0.0,0.0,300.0,0.3738888888888889,0.7493316987955182,0.5247009819425618,0.8333333333333331,0.8666900034541238,0.0,0.0,0.016666666666666666,850.0225121388271,170.23515292703055,1238.0,haco_safemarl_mappo,generalization,21241785,6
0.0,0.8333333333333334,300.0,0.6316666666666667,0.5202658958094589,0.22917788387091098,0.8333333333333331,0.5508590547895569,0.0,197.0,0.0,6320.999999999983,3568.348282309538,0.0,fixed_auv_ga_pso_tlbo_proxy,generalization,21251792,6
0.0,1.0,287.0,0.7984901277584204,0.4153145690418232,0.14983553558449456,1.0,0.40946250150059155,0.0,208.0,0.0,8300.040000000017,4664.899999999996,0.0,independent_greedy,generalization,21251792,6
0.0,0.3333333333333333,300.0,0.662222222222222,0.6673254541957901,0.5106143608426743,0.8333333333333331,0.5124400454044751,0.0,169.0,0.0,8380.175286054731,3541.400266873736,0.0,communication_aware,generalization,21251792,6
0.0,0.3333333333333333,300.0,0.5816666666666667,0.6046447234685827,0.37657018086322946,0.8333333333333331,0.6506351336723502,0.0,10.0,0.0,7695.548998318524,2904.7465831237764,1509.0,haco_safemarl_pilot_no_acoustic,generalization,21251792,6
0.0,0.3333333333333333,300.0,0.6416666666666667,0.5613886779257302,0.3969037937522292,0.8333333333333331,0.5549619419700144,0.0,216.0,0.0,9441.930375669534,3104.1395535737156,0.0,haco_safemarl_pilot_no_shield,generalization,21251792,6
0.0,0.3333333333333333,300.0,0.5977777777777777,0.7191429035383866,0.5993909619146608,0.8333333333333331,0.6334208223283112,0.0,10.0,0.0,5957.6506710973035,2382.764048610656,1672.0,haco_safemarl_pilot,generalization,21251792,6
0.0,0.0,300.0,0.6272222222222221,0.6480220449853492,0.3137257477175417,0.8333333333333331,0.554755902462133,0.0,9.0,0.0,1484.096382562372,669.205196551638,1521.0,haco_safemarl_mappo,generalization,21251792,6
0.0,0.8333333333333334,300.0,0.3577777777777777,0.6932523463778345,0.3088474798123834,0.6666666666666669,0.814312700283178,0.0,85.0,0.0,6320.999999999983,4025.954793165053,0.0,fixed_auv_ga_pso_tlbo_proxy,generalization,21261799,6
0.0,1.0,288.0,0.5393518518518519,0.6443479179444472,0.20566336651183875,0.6666666666666669,0.5827833086389386,0.0,65.0,0.0,8328.960000000017,5132.099999999992,0.0,independent_greedy,generalization,21261799,6
0.0,0.6666666666666666,300.0,0.3811111111111111,0.7658072050656647,0.5506917245650184,0.6666666666666669,0.781686432455806,0.0,74.0,0.0,8918.482076721959,4703.3817421591875,0.0,communication_aware,generalization,21261799,6
0.0,0.6666666666666666,300.0,0.2872222222222222,0.7578074071534503,0.44019823583993156,0.5,0.8398456114186366,0.0,0.0,0.0,9636.923471247983,3265.145758271427,779.0,haco_safemarl_pilot_no_acoustic,generalization,21261799,6
0.0,0.6666666666666666,300.0,0.3416666666666668,0.7232754413635772,0.4077364526194431,0.5,0.7699691074344411,0.0,112.0,0.0,9541.874823205508,3209.1371534946024,0.0,haco_safemarl_pilot_no_shield,generalization,21261799,6
0.0,0.6666666666666666,300.0,0.29555555555555557,0.8140361661577137,0.6674939846885832,0.5,0.8360080198608784,0.0,0.0,0.0,9525.25747754855,3373.490564050574,800.0,haco_safemarl_pilot,generalization,21261799,6
0.0,0.16666666666666666,300.0,0.33055555555555555,0.7393631867789832,0.5055516306488478,0.6666666666666669,0.8337295202491525,0.0,0.0,0.0,964.8879730645883,803.6741725250563,985.0,haco_safemarl_mappo,generalization,21261799,6
0.0,0.6666666666666666,300.0,0.4849999999999998,0.574302792677747,0.25030815541767176,0.8333333333333331,0.7981270235112767,0.0,316.0,0.0,6320.999999999983,3299.983734601253,0.0,fixed_auv_ga_pso_tlbo_proxy,generalization,21271806,6
0.0,0.8333333333333334,300.0,0.5644444444444444,0.47432947587261837,0.12158827646789842,0.8333333333333331,0.6990096937387006,0.0,347.0,0.0,8676.000000000018,4741.100000000001,0.0,independent_greedy,generalization,21271806,6
0.0,0.16666666666666666,300.0,0.5383333333333332,0.6892537820057676,0.48481183104189257,0.8333333333333331,0.7488240000830688,0.0,180.0,0.0,8561.726792441706,3768.1434329619665,0.0,communication_aware,generalization,21271806,6
0.0,0.16666666666666666,300.0,0.47388888888888875,0.6517544138109896,0.31467649188596036,0.8333333333333331,0.8013648442482249,0.0,0.0,0.0,3592.3868764647345,1747.142128097125,1512.0,haco_safemarl_pilot_no_acoustic,generalization,21271806,6
0.0,0.16666666666666666,300.0,0.5966666666666666,0.5568516090716323,0.3079145086965215,0.8333333333333331,0.6728916123317245,0.0,590.0,0.0,9527.489618041776,3272.215024141635,0.0,haco_safemarl_pilot_no_shield,generalization,21271806,6
0.0,0.16666666666666666,300.0,0.4577777777777776,0.7519831512808745,0.6140682093300177,0.8333333333333331,0.8181365323796193,0.0,0.0,0.0,2157.1837820293313,1401.677215433661,1669.0,haco_safemarl_pilot,generalization,21271806,6
0.0,0.0,300.0,0.5172222222222221,0.6708243396061029,0.5223564695162172,0.8333333333333331,0.7778989873296345,0.0,0.0,0.0,1969.9053053282412,1049.726654086115,1627.0,haco_safemarl_mappo,generalization,21271806,6
0.0,0.8333333333333334,300.0,0.31777777777777777,0.6980139651510844,0.37063893250881574,0.5,0.7417778853071523,0.0,61.0,0.0,6320.999999999983,3346.1748476409944,0.0,fixed_auv_ga_pso_tlbo_proxy,generalization,21281813,6
0.0,1.0,259.0,0.45431145431145425,0.5945682613629083,0.0871668513294079,0.8333333333333333,0.7050785769009882,0.11969111969111969,46.0,0.305019305019305,7490.280000000015,3642.299999999996,0.0,independent_greedy,generalization,21281813,6
0.0,0.5,300.0,0.4244444444444444,0.7547418933560529,0.5448835963373413,0.6666666666666669,0.7329154203944481,0.0,70.0,0.0,8923.104724755274,3870.2939375844985,0.0,communication_aware,generalization,21281813,6
0.0,1.0,296.0,0.3277027027027027,0.7066330324653803,0.16874140355825282,0.5166666666666666,0.759556552892407,0.0,60.0,0.1858108108108108,9867.200789304727,2416.394230447975,820.0,haco_safemarl_pilot_no_acoustic,generalization,21281813,6
0.0,0.6666666666666666,300.0,0.38222222222222224,0.6871316501007471,0.31669671948055705,0.5777777777777777,0.7200579519375914,0.0,50.0,0.05,9845.983083376446,2791.007581873387,0.0,haco_safemarl_pilot_no_shield,generalization,21281813,6
0.0,0.5,300.0,0.3155555555555556,0.789489432564768,0.573809352986082,0.5,0.7702938620713022,0.0,37.0,0.15666666666666668,9819.604112452138,3212.6318037238193,813.0,haco_safemarl_pilot,generalization,21281813,6
0.0,0.3333333333333333,300.0,0.27055555555555555,0.7516775751909123,0.4333515345474208,0.3333333333333334,0.7707941557777198,0.0,16.0,0.0,1308.8757216433646,394.7200743351766,1030.0,haco_safemarl_mappo,generalization,21281813,6
0.0,0.5,300.0,0.6644444444444445,0.5051745329413823,0.3770847054822973,1.0,0.7580434690848524,0.0,52.0,0.02666666666666667,6320.999999999983,2633.0674436503673,0.0,fixed_auv_ga_pso_tlbo_proxy,generalization,21291820,6
0.0,0.8333333333333334,300.0,0.7661111111111111,0.37373526636053456,0.22803720358447468,1.0,0.5726281167363337,0.0,39.0,0.0,8676.000000000018,3762.3000000000015,0.0,independent_greedy,generalization,21291820,6
0.0,0.16666666666666666,300.0,0.7038888888888889,0.6701601286484429,0.5811199043924249,1.0,0.7529086560874747,0.0,23.0,0.03,8324.322331866666,3058.84942798358,0.0,communication_aware,generalization,21291820,6
0.0,0.3333333333333333,300.0,0.6494444444444444,0.5950176255410603,0.4169389577915547,1.0,0.8379337919577962,0.0,7.0,0.0,9817.316769175735,3176.3669592519086,1396.0,haco_safemarl_pilot_no_acoustic,generalization,21291820,6
0.0,0.3333333333333333,300.0,0.7427777777777778,0.5212992742362832,0.39012682095605217,1.0,0.768529472673938,0.0,58.0,0.0,9701.654999733759,2951.6008618865685,0.0,haco_safemarl_pilot_no_shield,generalization,21291820,6
0.0,0.0,300.0,0.64,0.7096415221832846,0.6373713292271362,1.0,0.8788868235647851,0.0,7.0,0.0,9396.808486298682,3307.6546241562796,1413.0,haco_safemarl_pilot,generalization,21291820,6
0.0,0.0,300.0,0.6049999999999998,0.6094680756337872,0.3670377206129465,0.8333333333333331,0.6218475299889459,0.0,10.0,0.0,1304.0244200219956,342.88911967669833,1542.0,haco_safemarl_mappo,generalization,21291820,6
0.0,0.6666666666666666,300.0,0.3488888888888888,0.7094370263715536,0.3984189113606275,0.8333333333333331,0.9057521469783834,0.02666666666666667,148.0,0.09333333333333334,6320.999999999983,3169.4762942202533,0.0,fixed_auv_ga_pso_tlbo_proxy,generalization,21301827,6
0.0,1.0,264.0,0.42234848484848486,0.643549098317074,0.2669594870923565,0.8333333333333331,0.8295779503954366,0.0,115.0,0.08333333333333333,7634.880000000016,3485.700000000023,0.0,independent_greedy,generalization,21301827,6
0.0,0.3333333333333333,300.0,0.4266666666666666,0.7532241478149815,0.539592596436831,0.8333333333333331,0.8716473025550979,0.03333333333333333,137.0,0.07666666666666666,8765.770509443619,3547.3123724972847,0.0,communication_aware,generalization,21301827,6
0.0,0.6666666666666666,300.0,0.365,0.7349212462590307,0.4343249996381116,0.8222222222222221,0.8719530508011901,0.0,6.0,0.07666666666666666,9983.32317660094,3288.204810509758,910.0,haco_safemarl_pilot_no_acoustic,generalization,21301827,6
0.0,0.6666666666666666,300.0,0.4794444444444444,0.6870912487264422,0.4292390501807121,0.8333333333333331,0.823729694464176,0.016666666666666666,148.0,0.08,9923.18588948512,3057.5583601993726,0.0,haco_safemarl_pilot_no_shield,generalization,21301827,6
0.0,0.16666666666666666,300.0,0.39166666666666655,0.7864642413374284,0.62849950578181,0.8333333333333331,0.8688171434712589,0.023333333333333334,6.0,0.09333333333333334,9362.890008020395,3288.312416520658,972.0,haco_safemarl_pilot,generalization,21301827,6
0.0,0.0,300.0,0.34944444444444434,0.7570952072656442,0.4352263531084173,0.8333333333333331,0.9074563788850167,0.0,5.0,0.09333333333333334,1405.3700155057657,647.6269192612945,1073.0,haco_safemarl_mappo,generalization,21301827,6
0.0,0.3333333333333333,300.0,0.40833333333333327,0.6834575755877866,0.47544620138072313,0.8333333333333331,0.9003543548335372,0.0,400.0,0.0,6320.999999999983,2630.026678463082,0.0,fixed_auv_ga_pso_tlbo_proxy,generalization,21311834,6
0.0,1.0,250.0,0.5833333333333333,0.5456987883423402,0.17723466018833725,0.6666666666666667,0.5984443892345079,0.0,327.0,0.0,7230.000000000015,2456.900000000008,0.0,independent_greedy,generalization,21311834,6
0.0,0.3333333333333333,300.0,0.4988888888888889,0.7488488758144419,0.625041715551637,0.9444444444444445,0.8510466482602647,0.0,285.0,0.0,8693.916828547046,3006.5348493502775,0.0,communication_aware,generalization,21311834,6
0.0,0.5,300.0,0.3349999999999999,0.741195412979016,0.517930248748128,0.6666666666666669,0.872994373780009,0.0,26.0,0.0,10097.444443373315,3282.927435711429,980.0,haco_safemarl_pilot_no_acoustic,generalization,21311834,6
0.0,0.3333333333333333,300.0,0.47833333333333333,0.651096316117984,0.48189854490671963,0.8055555555555554,0.8289765386756174,0.0,273.0,0.0,9979.192292496622,2966.3747194927923,0.0,haco_safemarl_pilot_no_shield,generalization,21311834,6
0.0,0.3333333333333333,300.0,0.3277777777777777,0.7932509696247858,0.6700343004768573,0.7388888888888886,0.8877917566647133,0.0,26.0,0.0,9998.411929374666,3525.686151822618,1044.0,haco_safemarl_pilot,generalization,21311834,6
0.0,0.0,300.0,0.3033333333333333,0.7763746602529313,0.6034432621159861,0.6666666666666669,0.90039783146268,0.0,26.0,0.0,1681.3958391324363,433.5744583868279,1096.0,haco_safemarl_mappo,generalization,21311834,6
0.0,0.5,300.0,0.5872222222222221,0.5139540893691454,0.23408885756056524,0.861111111111111,0.7049191840219184,0.0,135.0,0.0,6320.999999999983,3454.760267751944,0.0,fixed_auv_ga_pso_tlbo_proxy,generalization,21321841,6
0.0,1.0,293.0,0.6660978384527871,0.4255494633010891,0.09817926979828406,0.8333333333333331,0.5051960999290807,0.0,103.0,0.0,8473.560000000018,4530.899999999988,0.0,independent_greedy,generalization,21321841,6
0.0,0.16666666666666666,300.0,0.6738888888888889,0.6640243775045419,0.4815188549121004,1.0,0.7743715248587678,0.0,215.0,0.0,8469.75710687872,3631.237551343117,0.0,communication_aware,generalization,21321841,6
0.0,0.5,300.0,0.47277777777777774,0.6564138935253098,0.39497691491052317,0.6722222222222224,0.6816197494968115,0.0,0.0,0.0,9651.699967681658,3305.775098543691,1164.0,haco_safemarl_pilot_no_acoustic,generalization,21321841,6
0.0,0.16666666666666666,300.0,0.6383333333333332,0.5271212621185346,0.3028000331563624,0.8333333333333331,0.5718709770746555,0.0,121.0,0.0,9461.19586129018,3194.0280703732815,0.0,haco_safemarl_pilot_no_shield,generalization,21321841,6
0.0,0.16666666666666666,300.0,0.465,0.7552525857833414,0.6283510274113603,0.6666666666666669,0.69621983680054,0.0,0.0,0.0,9357.38515546948,3560.0804980819807,1177.0,haco_safemarl_pilot,generalization,21321841,6
0.0,0.16666666666666666,300.0,0.4022222222222222,0.755048804235424,0.6919633670004209,0.6666666666666669,0.810229623420222,0.0,0.0,0.0,945.508997397953,663.4329281673246,1388.0,haco_safemarl_mappo,generalization,21321841,6
0.0,0.6666666666666666,300.0,0.5905555555555554,0.4866160127987952,0.24206958195389688,0.8333333333333331,0.6482828831874309,0.0,222.0,0.12,6320.999999999983,3382.6602163592806,0.0,fixed_auv_ga_pso_tlbo_proxy,generalization,21331848,6
0.0,1.0,235.0,0.597872340425532,0.4788905888168698,0.16367642221681872,0.8333333333333334,0.6159713519759331,0.0,171.0,0.1276595744680851,6796.2000000000135,3081.2999999999947,0.0,independent_greedy,generalization,21331848,6
0.0,0.16666666666666666,300.0,0.6305555555555554,0.6471810332351019,0.4746606100431426,0.8333333333333331,0.5967417206379638,0.02,84.0,0.12333333333333334,8381.952960346274,3738.7669100610897,0.0,communication_aware,generalization,21331848,6
0.0,0.3333333333333333,300.0,0.5627777777777777,0.5873804258904536,0.30116811915922764,0.8333333333333331,0.7033089194761849,0.0,6.0,0.11333333333333333,8042.667257313876,2904.6520286934774,1605.0,haco_safemarl_pilot_no_acoustic,generalization,21331848,6
0.0,0.16666666666666666,300.0,0.662222222222222,0.5034789713014959,0.2817040786159501,0.8333333333333331,0.5432560326119197,0.013333333333333334,149.0,0.11666666666666667,9330.815489413077,3284.9585573483128,0.0,haco_safemarl_pilot_no_shield,generalization,21331848,6
0.0,0.16666666666666666,300.0,0.5722222222222221,0.7261054798229222,0.5975126259116231,0.8333333333333331,0.6972177143597571,0.0,6.0,0.12,8393.032421650687,3199.3691206805565,1450.0,haco_safemarl_pilot,generalization,21331848,6
0.0,0.0,300.0,0.5888888888888888,0.590918879421346,0.29830587445886175,0.8333333333333331,0.6637865409160392,0.0,5.0,0.25,2417.984549762665,1520.328488019569,1554.0,haco_safemarl_mappo,generalization,21331848,6
0.0,0.6666666666666666,300.0,0.4666666666666667,0.664543593295466,0.3431808224677995,0.8333333333333331,0.824999194270257,0.043333333333333335,109.0,0.1,6320.999999999983,3413.9537323810487,0.0,fixed_auv_ga_pso_tlbo_proxy,generalization,21341855,6
0.0,1.0,244.0,0.5601092896174864,0.5870121580742212,0.10760681668271951,0.8333333333333333,0.5615072595172703,0.0,98.0,0.04918032786885246,7056.480000000014,3215.0999999999904,0.0,independent_greedy,generalization,21341855,6
0.0,0.5,300.0,0.6227777777777778,0.7087682670145258,0.5000071714555082,1.0,0.8181884326720319,0.03333333333333333,111.0,0.1,8511.095610676459,3235.410963547372,0.0,communication_aware,generalization,21341855,6
0.0,0.6666666666666666,300.0,0.3077777777777777,0.754356797962024,0.5802914047026463,0.5222222222222221,0.8679654986134406,0.0,0.0,0.09,10056.939211325085,3141.8656935340437,802.0,haco_safemarl_pilot_no_acoustic,generalization,21341855,6
0.0,0.6666666666666666,300.0,0.45055555555555554,0.7129210787358502,0.5340003317975627,0.6666666666666669,0.8337817125402645,0.006666666666666667,194.0,0.09,9901.196266207146,2884.728813018367,0.0,haco_safemarl_pilot_no_shield,generalization,21341855,6
0.0,0.3333333333333333,300.0,0.4666666666666667,0.7647371453808847,0.5945483298910303,0.8333333333333331,0.8069685092512185,0.0,0.0,0.08,9351.54169355546,3148.8426165644332,1136.0,haco_safemarl_pilot,generalization,21341855,6
0.0,0.0,300.0,0.2711111111111111,0.7892163990718782,0.695717153188554,0.6666666666666669,0.9009140277510426,0.0,0.0,0.15666666666666668,1355.8265200035723,423.8596899985934,1049.0,haco_safemarl_mappo,generalization,21341855,6
0.0,1.0,243.0,0.654320987654321,0.5550240145150006,0.2722763043128427,1.0,0.7309644668808696,0.06172839506172839,0.0,0.22633744855967078,5120.009999999999,2940.476932013586,0.0,fixed_auv_ga_pso_tlbo_proxy,generalization,21351862,6
1.0,1.0,186.0,0.6299283154121863,0.5174829768118824,0.29358981212153024,0.8333333333333335,0.5401205833517436,0.0,0.0,0.15053763440860216,5379.12000000001,2624.699999999996,0.0,independent_greedy,generalization,21351862,6
0.0,0.5,300.0,0.7811111111111111,0.6396055160747539,0.4691725180761354,1.0,0.810547200955779,0.07,0.0,0.20666666666666667,8186.709265955413,3315.6862323224136,0.0,communication_aware,generalization,21351862,6
0.0,0.8333333333333334,300.0,0.5027777777777778,0.6463506883693116,0.37371770146260436,0.6999999999999997,0.7589042938163061,0.0,0.0,0.07666666666666666,9788.356292519951,2509.762154287838,1225.0,haco_safemarl_pilot_no_acoustic,generalization,21351862,6
0.0,0.8333333333333334,300.0,0.6227777777777778,0.5851467270135413,0.35788251443891683,0.8333333333333331,0.6759993195728535,0.0,0.0,0.08666666666666667,9674.577318736183,2522.645966134878,0.0,haco_safemarl_pilot_no_shield,generalization,21351862,6
0.0,0.3333333333333333,300.0,0.5183333333333333,0.7362516181682566,0.6071577750963603,0.6666666666666669,0.692090333001611,0.0,0.0,0.15333333333333332,9069.95325661263,3192.857741001276,1187.0,haco_safemarl_pilot,generalization,21351862,6
0.0,0.16666666666666666,300.0,0.4949999999999999,0.7239538962450507,0.5026223442860607,0.7666666666666664,0.7437420002313845,0.0,0.0,0.04,602.9685948292679,119.52029388024604,1370.0,haco_safemarl_mappo,generalization,21351862,6
0.0,0.625,300.0,0.53875,0.6037421021871225,0.2536746403846695,0.875,0.6732969904154359,0.0,185.0,0.15666666666666668,6828.0000000000455,3613.017274061528,0.0,fixed_auv_ga_pso_tlbo_proxy,generalization,21162069,8
0.0,1.0,279.0,0.5743727598566308,0.5203599541119067,0.07982162661646146,0.875,0.622970599895843,0.0,142.0,0.014336917562724014,8874.990000000034,4382.899999999991,0.0,independent_greedy,generalization,21162069,8
0.0,0.375,300.0,0.5995833333333334,0.6899147451956512,0.4066312651185957,0.875,0.6442151008273252,0.0,430.0,0.19666666666666666,8852.501531158918,3556.897208434695,0.0,communication_aware,generalization,21162069,8
0.0,0.5,300.0,0.46458333333333335,0.6936608025886435,0.25854724211549585,0.625,0.708979672074469,0.0,19.0,0.11666666666666667,10092.383519712886,3469.392836629352,1497.0,haco_safemarl_pilot_no_acoustic,generalization,21162069,8
0.0,0.5,300.0,0.5595833333333333,0.6341721129729332,0.2712439550421235,0.85,0.6567386233434674,0.0,176.0,0.14333333333333334,10167.864021887204,3016.9994501801098,0.0,haco_safemarl_pilot_no_shield,generalization,21162069,8
0.0,0.25,300.0,0.41083333333333333,0.7667643035239318,0.5555769303343155,0.75,0.8023464486759647,0.0,19.0,0.14333333333333334,9997.408384866385,3720.1786329426336,1603.0,haco_safemarl_pilot,generalization,21162069,8
0.0,0.0,300.0,0.33,0.7204421368342638,0.28026196250606766,0.6666666666666666,0.7863597214505287,0.0,21.0,0.13333333333333333,1759.7305442513898,797.4629462757317,1915.0,haco_safemarl_mappo,generalization,21162069,8
0.0,1.0,258.0,0.6153100775193798,0.5633573866829379,0.26034975260831356,1.0,0.805508422533504,0.0,88.0,0.0,5872.080000000036,3175.5997435432423,0.0,fixed_auv_ga_pso_tlbo_proxy,generalization,21172076,8
0.0,1.0,197.0,0.6091370558375635,0.5619162461375401,0.23842787499223006,1.0,0.7857663507419678,0.0,67.0,0.0,6266.5700000000215,2887.700000000001,0.0,independent_greedy,generalization,21172076,8
0.0,0.375,300.0,0.70875,0.6543732351773256,0.5305535958581303,1.0,0.8061339306908516,0.0,276.0,0.0,8539.904136110223,3190.186767291768,0.0,communication_aware,generalization,21172076,8
0.0,0.875,300.0,0.5679166666666666,0.6318671060565519,0.4339547783318982,0.9,0.6948372247692414,0.0,0.0,0.01,10184.276043008122,3334.2360891985572,1611.0,haco_safemarl_pilot_no_acoustic,generalization,21172076,8
0.0,0.75,300.0,0.6116666666666667,0.5761350117005619,0.30595448763084143,0.8791666666666667,0.6127979952654077,0.0,120.0,0.0,10049.917221488182,2821.736420416551,0.0,haco_safemarl_pilot_no_shield,generalization,21172076,8
0.0,0.25,300.0,0.55625,0.7437969151832016,0.6340069399562688,0.9083333333333333,0.7303670686114362,0.0,0.0,0.0,9714.934094663831,3605.6963815903564,1624.0,haco_safemarl_pilot,generalization,21172076,8
0.0,0.0,300.0,0.31375,0.7794111596701613,0.6726110982711159,0.625,0.8446222222539078,0.0,0.0,0.0,855.3664602482819,637.2925365357394,1652.0,haco_safemarl_mappo,generalization,21172076,8
0.0,0.625,300.0,0.5729166666666666,0.5599436064903961,0.4374892638986809,1.0,0.9541490783082253,0.0,25.0,0.0,6828.0000000000455,2970.706773485249,0.0,fixed_auv_ga_pso_tlbo_proxy,generalization,21182083,8
0.0,1.0,281.0,0.6654804270462633,0.4713710533537121,0.368259003730126,1.0,0.975464355564983,0.0,19.0,0.0,8938.610000000033,4043.7,0.0,independent_greedy,generalization,21182083,8
0.0,0.25,300.0,0.6329166666666667,0.6837156743869701,0.6025588244923255,1.0,0.9554585248540134,0.0,103.0,0.0,8722.448533754427,3109.9305581805866,0.0,communication_aware,generalization,21182083,8
0.0,0.25,300.0,0.5158333333333334,0.6828577272361182,0.5707324893933904,1.0,0.8959576387616547,0.0,0.0,0.0,10415.890442553728,4052.852018966424,1617.0,haco_safemarl_pilot_no_acoustic,generalization,21182083,8
0.0,0.25,300.0,0.625,0.5638911602026745,0.416599834743971,1.0,0.8779003224614472,0.0,79.0,0.0,10117.238956500812,3130.7940345738994,0.0,haco_safemarl_pilot_no_shield,generalization,21182083,8
0.0,0.125,300.0,0.5295833333333333,0.7414052569304865,0.6968779014240939,0.9291666666666667,0.8939128080271067,0.0,0.0,0.0,10023.40358653488,4071.4973367574876,1674.0,haco_safemarl_pilot,generalization,21182083,8
0.0,0.0,300.0,0.48125,0.7047146174240282,0.5014787090606706,0.875,0.8290003165796267,0.0,0.0,0.0,1599.0089543952356,1025.8499628555278,1850.0,haco_safemarl_mappo,generalization,21182083,8
0.0,0.875,300.0,0.5404166666666667,0.6159602209602303,0.5549181562627958,0.875,0.7567519991216446,0.0,0.0,0.0,6828.0000000000455,4317.705108196347,0.0,fixed_auv_ga_pso_tlbo_proxy,generalization,21192090,8
1.0,1.0,260.0,0.5836538461538462,0.5662469059974047,0.44229251118508367,0.875,0.7099489563630375,0.0,0.0,0.0,8270.600000000044,5018.300000000001,0.0,independent_greedy,generalization,21192090,8
0.0,0.5,300.0,0.5866666666666667,0.7027805605771582,0.6311156482809801,0.875,0.7141994518554348,0.0,0.0,0.0,8859.025497623534,3844.8131746944864,0.0,communication_aware,generalization,21192090,8
0.0,0.75,300.0,0.4091666666666667,0.7225713391313493,0.5475913197154637,0.7875,0.9088494582849106,0.0,0.0,0.0,10144.877238285771,3143.9064679525577,1263.0,haco_safemarl_pilot_no_acoustic,generalization,21192090,8
0.0,0.5,300.0,0.47458333333333336,0.673877649805141,0.49857317373896043,0.8416666666666667,0.8659016453722269,0.0,0.0,0.0,10056.410489790254,3283.1331640341077,0.0,haco_safemarl_pilot_no_shield,generalization,21192090,8
0.0,0.5,300.0,0.47291666666666665,0.761856366769218,0.7049966124150934,0.875,0.8871410355472655,0.0,0.0,0.0,9875.650114203674,3272.9474801805463,1431.0,haco_safemarl_pilot,generalization,21192090,8
0.0,0.125,300.0,0.25166666666666665,0.7822434488404639,0.7065329440584256,0.5291666666666667,0.9097559104277664,0.0,0.0,0.0,980.2062142652778,383.36149846729654,1507.0,haco_safemarl_mappo,generalization,21192090,8
0.0,0.75,300.0,0.5216666666666666,0.6031149144827094,0.4455508897728314,0.875,0.8185495090372027,0.0,420.0,0.0,6828.0000000000455,4020.2148069767463,0.0,fixed_auv_ga_pso_tlbo_proxy,generalization,21202097,8
0.0,1.0,286.0,0.6201923076923077,0.512176964920072,0.27008169290678197,0.875,0.6950374779505172,0.0,462.0,0.0,9097.66000000003,5208.099999999981,0.0,independent_greedy,generalization,21202097,8
0.0,0.375,300.0,0.5654166666666667,0.7187754526177135,0.5761051104873052,0.875,0.7694068803086211,0.0,392.0,0.0,8907.20461344607,4023.832412773317,0.0,communication_aware,generalization,21202097,8
0.0,0.25,300.0,0.31083333333333335,0.7464852247780182,0.5081924855389975,0.5083333333333333,0.8741468514413823,0.0,153.0,0.0,9975.383008476114,4428.185527472917,1615.0,haco_safemarl_pilot_no_acoustic,generalization,21202097,8
0.0,0.625,300.0,0.5270833333333333,0.6618755461857384,0.4685926412985582,0.875,0.7969046157513835,0.0,340.0,0.0,10183.33752233878,2963.5301465935477,0.0,haco_safemarl_pilot_no_shield,generalization,21202097,8
0.0,0.25,300.0,0.34,0.7913935375577578,0.6915743040971855,0.6208333333333333,0.8538618605276038,0.0,145.0,0.0,9819.750762577543,4289.002355504068,1743.0,haco_safemarl_pilot,generalization,21202097,8
0.0,0.0,300.0,0.25583333333333336,0.7721831720941486,0.6478090257445129,0.6208333333333333,0.8817163997357019,0.0,15.0,0.0,1720.046800634891,1280.2018140737127,1553.0,haco_safemarl_mappo,generalization,21202097,8
0.0,0.875,300.0,0.5325,0.5912385750496468,0.22961924589034405,0.875,0.7745872588838315,0.0,234.0,0.0,6828.0000000000455,3920.780560726991,0.0,fixed_auv_ga_pso_tlbo_proxy,generalization,21212104,8
0.0,1.0,288.0,0.6657986111111112,0.5082898347924019,0.09352977214421182,0.875,0.5363397547758697,0.0,238.0,0.0,9161.28000000003,5364.300000000005,0.0,independent_greedy,generalization,21212104,8
0.0,0.25,300.0,0.5741666666666667,0.7052635285127373,0.4290350809036144,0.875,0.7301143035632427,0.0,159.0,0.0,8872.441778018463,3920.5494561312416,0.0,communication_aware,generalization,21212104,8
0.0,0.375,300.0,0.47,0.670830671471459,0.28467803216756976,0.75,0.7677194047652718,0.0,0.0,0.0,10004.810352024295,3306.1722497987207,1414.0,haco_safemarl_pilot_no_acoustic,generalization,21212104,8
0.0,0.5,300.0,0.5654166666666667,0.595338996018158,0.27592249044893025,0.7666666666666667,0.6698148640356261,0.0,21.0,0.0,9975.917320949973,3153.8385156924555,0.0,haco_safemarl_pilot_no_shield,generalization,21212104,8
0.0,0.25,300.0,0.46,0.7601554116570507,0.5721063146421576,0.75,0.7841813142566053,0.0,0.0,0.0,9695.888076976393,3478.101065172891,1420.0,haco_safemarl_pilot,generalization,21212104,8
0.0,0.125,300.0,0.3770833333333333,0.7235413143960638,0.3907416292779,0.625,0.7980977988916637,0.0,0.0,0.0,1053.0427877466552,228.89225450699163,1561.0,haco_safemarl_mappo,generalization,21212104,8
0.0,0.875,300.0,0.80625,0.38763398382266795,0.17840908916707052,1.0,0.7198094487709962,0.0,598.0,0.0,6828.0000000000455,4588.782499382232,0.0,fixed_auv_ga_pso_tlbo_proxy,generalization,21222111,8
0.0,1.0,230.0,0.8516304347826087,0.3818195134517616,0.2235217129548929,1.0,0.5247043084500362,0.0,459.0,0.0,7316.300000000035,4255.7000000000035,0.0,independent_greedy,generalization,21222111,8
0.0,0.125,300.0,0.7704166666666666,0.5994867248780527,0.4848092984861156,1.0,0.5171937391032825,0.0,657.0,0.0,8429.601175627718,3637.3675775511138,0.0,communication_aware,generalization,21222111,8
0.0,0.25,300.0,0.6608333333333334,0.6147627207846249,0.44121102436807946,0.875,0.5915444169393427,0.0,12.0,0.0,9949.597125085775,4426.237420025947,2005.0,haco_safemarl_pilot_no_acoustic,generalization,21222111,8
0.0,0.375,300.0,0.77,0.43877147580160974,0.3242920620024762,0.875,0.41978574257458673,0.0,594.0,0.0,9536.15615448752,3205.7873743773107,0.0,haco_safemarl_pilot_no_shield,generalization,21222111,8
0.0,0.125,300.0,0.5945833333333334,0.7339713082008484,0.6429167421536678,0.75,0.5741119638359533,0.0,12.0,0.0,9494.074434174028,4523.716959279628,1994.0,haco_safemarl_pilot,generalization,21222111,8
0.0,0.0,300.0,0.64125,0.6850874067834528,0.597115462593941,0.875,0.6640328844529853,0.0,12.0,0.0,900.1854458960977,765.2919820149564,2142.0,haco_safemarl_mappo,generalization,21222111,8
0.0,0.875,300.0,0.7404166666666666,0.48409332176384207,0.2086094315002338,1.0,0.5719689823935178,0.0,25.0,0.0,6828.0000000000455,4570.177803865905,0.0,fixed_auv_ga_pso_tlbo_proxy,generalization,21232118,8
0.0,1.0,247.0,0.7145748987854251,0.46981225515085784,0.07910119018234085,1.0,0.5414510593696665,0.0,19.0,0.0,7857.070000000042,4653.500000000005,0.0,independent_greedy,generalization,21232118,8
0.0,0.5,300.0,0.80375,0.586215466293481,0.41762833157959006,1.0,0.6375181045319889,0.0,22.0,0.0,8295.200033339157,3189.88215917527,0.0,communication_aware,generalization,21232118,8
0.0,0.875,300.0,0.5183333333333333,0.6057446101484929,0.21886163908327197,0.8875,0.6733501023574423,0.0,5.0,0.0,10497.686155203926,2370.4939661698772,1570.0,haco_safemarl_pilot_no_acoustic,generalization,21232118,8
0.0,0.625,300.0,0.6379166666666667,0.5688050801814166,0.21607733882946428,0.7541666666666667,0.6549986121682772,0.0,19.0,0.0,9851.062218830639,2829.9617827796346,0.0,haco_safemarl_pilot_no_shield,generalization,21232118,8
0.0,0.25,300.0,0.61875,0.7040957609281342,0.5684946356154328,0.8125,0.707809171093552,0.0,5.0,0.0,9381.116633496431,3316.664820576443,1740.0,haco_safemarl_pilot,generalization,21232118,8
0.0,0.125,300.0,0.5525,0.6579992542964911,0.38432917893705604,0.875,0.7236070822343865,0.0,5.0,0.0,983.185514761805,341.9499038138104,1911.0,haco_safemarl_mappo,generalization,21232118,8
0.0,0.875,300.0,0.5325,0.5740098272998981,0.2595665182179904,0.75,0.6317212502424474,0.0,138.0,0.0,6828.0000000000455,4285.673583418534,0.0,fixed_auv_ga_pso_tlbo_proxy,generalization,21242125,8
0.0,1.0,298.0,0.5813758389261745,0.5061059378785954,0.12821513441354418,0.75,0.5532421190814828,0.0,115.0,0.0,9479.380000000025,6156.900000000012,0.0,independent_greedy,generalization,21242125,8
0.0,0.375,300.0,0.5645833333333333,0.6972477861271792,0.5279776630371955,0.75,0.5949689228184171,0.0,46.0,0.0,8866.740024702483,4212.216243297968,0.0,communication_aware,generalization,21242125,8
0.0,0.5,300.0,0.4529166666666667,0.6653077738044053,0.3483820500860311,0.625,0.7617961212795218,0.0,0.0,0.0,9948.71438036954,3369.1090457763653,1329.0,haco_safemarl_pilot_no_acoustic,generalization,21242125,8
0.0,0.375,300.0,0.52125,0.6169355349891205,0.3164940014331971,0.625,0.6643015429275804,0.0,86.0,0.0,9835.711868133925,3347.010418360437,0.0,haco_safemarl_pilot_no_shield,generalization,21242125,8
0.0,0.375,300.0,0.4725,0.7646970376286193,0.6162149187226807,0.625,0.7562567002049411,0.0,0.0,0.0,9640.125206047267,3548.6484818276417,1375.0,haco_safemarl_pilot,generalization,21242125,8
0.0,0.0,300.0,0.4195833333333333,0.7112565060705814,0.4963576384851637,0.625,0.757431651729133,0.0,0.0,0.0,1049.335167961239,500.83578427238064,1640.0,haco_safemarl_mappo,generalization,21242125,8
0.0,0.625,300.0,0.6858333333333333,0.47018811047489883,0.23653102555024486,1.0,0.7318692069182953,0.0,305.0,0.08666666666666667,6828.0000000000455,3677.1713877102247,0.0,fixed_auv_ga_pso_tlbo_proxy,generalization,21252132,8
0.0,1.0,294.0,0.7763605442176871,0.3719975210240839,0.14515705527198466,1.0,0.5982028573275802,0.0,390.0,0.0782312925170068,9352.140000000027,5008.899999999992,0.0,independent_greedy,generalization,21252132,8
0.0,0.125,300.0,0.7295833333333334,0.6345804034669845,0.48793117539085284,1.0,0.7527360782262025,0.0,177.0,0.09333333333333334,8495.121682571054,3051.292032571812,0.0,communication_aware,generalization,21252132,8
0.0,0.375,300.0,0.6379166666666667,0.617441998692982,0.30988935857957106,1.0,0.8308040467760979,0.0,20.0,0.07,10170.75380740966,3415.0787377181223,1979.0,haco_safemarl_pilot_no_acoustic,generalization,21252132,8
0.0,0.25,300.0,0.7091666666666666,0.5193090761406546,0.30119226033096186,1.0,0.7667770446133884,0.0,127.0,0.08333333333333333,9924.938703065414,3143.1240226311957,0.0,haco_safemarl_pilot_no_shield,generalization,21252132,8
0.0,0.0,300.0,0.65875,0.7036329809500627,0.6025767500706674,1.0,0.8552221563906072,0.0,20.0,0.08333333333333333,9544.100101615995,3549.0248737348406,2029.0,haco_safemarl_pilot,generalization,21252132,8
0.0,0.0,300.0,0.5454166666666667,0.658012596749722,0.5028869259707581,0.875,0.7425556098580433,0.0,17.0,0.03,1389.9040596187108,957.2429060994675,2194.0,haco_safemarl_mappo,generalization,21252132,8
0.0,0.75,300.0,0.49583333333333335,0.6333279861815159,0.4092668182416008,1.0,0.7975373901435805,0.0,225.0,0.12,6828.0000000000455,3634.4988614057106,0.0,fixed_auv_ga_pso_tlbo_proxy,generalization,21262139,8
0.0,1.0,241.0,0.6172199170124482,0.5514462896009374,0.24333752313519286,1.0,0.6811046860123966,0.0,184.0,0.08298755186721991,7666.210000000039,3413.5000000000005,0.0,independent_greedy,generalization,21262139,8
0.0,0.375,300.0,0.5870833333333333,0.7219334743611637,0.608499955497853,1.0,0.8477265193283873,0.0,168.0,0.10333333333333333,8860.709095900984,3409.3751026624104,0.0,communication_aware,generalization,21262139,8
0.0,0.5,300.0,0.3020833333333333,0.7396781662187,0.4157100562313413,0.5208333333333334,0.8558264373836204,0.0,0.0,0.07666666666666666,5556.428518080579,1696.2339721610178,1536.0,haco_safemarl_pilot_no_acoustic,generalization,21262139,8
0.0,0.625,300.0,0.4995833333333333,0.6659647966180989,0.40830865307051706,0.875,0.7872370965735501,0.0,196.0,0.09333333333333334,10279.464187065776,2808.95163001233,0.0,haco_safemarl_pilot_no_shield,generalization,21262139,8
0.0,0.375,300.0,0.3204166666666667,0.7880174437335564,0.6460890535029451,0.55,0.8363834327892534,0.0,0.0,0.12666666666666668,4578.757687296314,1704.4323375323122,1609.0,haco_safemarl_pilot,generalization,21262139,8
0.0,0.125,300.0,0.31875,0.7482763145820068,0.6130398830385488,0.5,0.8166868096862873,0.0,0.0,0.08333333333333333,2448.1193712096756,1174.4394483536284,1780.0,haco_safemarl_mappo,generalization,21262139,8
0.0,0.75,300.0,0.42791666666666667,0.7009193134245842,0.4508368687255824,0.8666666666666667,0.8410798100781247,0.02,234.0,0.23,6828.0000000000455,3974.819283488504,0.0,fixed_auv_ga_pso_tlbo_proxy,generalization,21272146,8
0.0,0.875,300.0,0.54875,0.5808532413589372,0.263404053875946,0.75,0.5956339404057768,0.0,179.0,0.09333333333333334,9543.000000000024,5569.500000000001,0.0,independent_greedy,generalization,21272146,8
0.0,0.5,300.0,0.49666666666666665,0.743311214412261,0.5721950907052156,0.875,0.814474142432229,0.03,237.0,0.23,9070.911388419569,3817.8986972719367,0.0,communication_aware,generalization,21272146,8
0.0,0.625,300.0,0.31625,0.7494168710280388,0.43483012086005296,0.5166666666666667,0.8500663541696111,0.03,20.0,0.2,10202.551173873158,3035.588111909228,1296.0,haco_safemarl_pilot_no_acoustic,generalization,21272146,8
0.0,0.625,300.0,0.45,0.7032805554044432,0.4313204674084641,0.75,0.783058891174195,0.04666666666666667,242.0,0.23,10351.798837092732,3031.53082121376,0.0,haco_safemarl_pilot_no_shield,generalization,21272146,8
0.0,0.375,300.0,0.33791666666666664,0.794667488613108,0.6457055655920657,0.625,0.8798149159674912,0.03,26.0,0.21333333333333335,9787.547397087177,3508.1171062511594,1349.0,haco_safemarl_pilot,generalization,21272146,8
0.0,0.0,300.0,0.30416666666666664,0.7915591857473747,0.6287875618260532,0.625,0.9022202725452518,0.0,0.0,0.2966666666666667,1648.3704092788018,665.129149798216,1572.0,haco_safemarl_mappo,generalization,21272146,8
0.0,0.75,300.0,0.5279166666666667,0.5957935852207984,0.2730278914053341,0.75,0.6571293281430363,0.0,335.0,0.0,6828.0000000000455,4420.259413402787,0.0,fixed_auv_ga_pso_tlbo_proxy,generalization,21282153,8
0.0,1.0,282.0,0.575354609929078,0.5400449365516589,0.16048507634484271,0.75,0.5761027860628792,0.0,391.0,0.0,8970.420000000033,5652.499999999995,0.0,independent_greedy,generalization,21282153,8
0.0,0.375,300.0,0.5520833333333334,0.7171671942853922,0.5102636734574092,0.75,0.6235270059393938,0.0,394.0,0.0,8926.604610756094,4302.059203471259,0.0,communication_aware,generalization,21282153,8
0.0,0.625,300.0,0.4091666666666667,0.7110727751271879,0.5248847920422344,0.75,0.8252143963763274,0.0,0.0,0.0,10053.336438293625,3222.42746697179,1391.0,haco_safemarl_pilot_no_acoustic,generalization,21282153,8
0.0,0.75,300.0,0.515,0.6500726022465803,0.41123662945856854,0.6791666666666667,0.6639355829852079,0.0,265.0,0.0,10084.061287175098,2738.4579672728432,0.0,haco_safemarl_pilot_no_shield,generalization,21282153,8
0.0,0.375,300.0,0.37916666666666665,0.7815456365469395,0.6893082304666641,0.625,0.8304431224172363,0.0,0.0,0.0,9716.053989584629,3651.381069989689,1364.0,haco_safemarl_pilot,generalization,21282153,8
0.0,0.0,300.0,0.33625,0.7635557361975537,0.597268026054653,0.625,0.8594345641822428,0.0,0.0,0.0,1163.6372227703591,746.0065848741066,1498.0,haco_safemarl_mappo,generalization,21282153,8
0.0,0.875,300.0,0.5566666666666666,0.5757628910120745,0.32818942489037234,0.875,0.6927286789448254,0.0,252.0,0.0,6828.0000000000455,4053.1141324190403,0.0,fixed_auv_ga_pso_tlbo_proxy,generalization,21292160,8
0.0,1.0,284.0,0.6575704225352113,0.4984884022067962,0.20258408812199571,0.875,0.5766366892324241,0.0,194.0,0.0,9034.040000000032,5408.500000000014,0.0,independent_greedy,generalization,21292160,8
0.0,0.25,300.0,0.5466666666666666,0.7209328517628634,0.534268223309422,0.7708333333333334,0.6428472125363546,0.0,202.0,0.0,8959.922744950221,4500.984263000939,0.0,communication_aware,generalization,21292160,8
0.0,0.25,300.0,0.3904166666666667,0.7036900119379894,0.4179078137295564,0.625,0.758804514580612,0.0,12.0,0.0,7275.227062522255,3194.048316400921,1576.0,haco_safemarl_pilot_no_acoustic,generalization,21292160,8
0.0,0.5,300.0,0.555,0.6128385022799763,0.36445936425107145,0.75,0.6173276757579456,0.0,386.0,0.0,9895.692204048542,3393.334721410121,0.0,haco_safemarl_pilot_no_shield,generalization,21292160,8
0.0,0.25,300.0,0.37833333333333335,0.7803314909267316,0.6358942769987829,0.625,0.7794429068987644,0.0,12.0,0.0,7377.388907222894,3420.0446476739944,1580.0,haco_safemarl_pilot,generalization,21292160,8
0.0,0.0,300.0,0.3595833333333333,0.7249289942556454,0.3840771223853027,0.625,0.8039928584212211,0.0,12.0,0.0,1140.4819108386112,424.7223355588353,1560.0,haco_safemarl_mappo,generalization,21292160,8
0.0,0.375,300.0,0.6404166666666666,0.5013957436855535,0.23836606594398058,1.0,0.8646350919957357,0.03333333333333333,66.0,0.11666666666666667,6828.0000000000455,3031.3823592662775,0.0,fixed_auv_ga_pso_tlbo_proxy,generalization,21302167,8
0.0,1.0,300.0,0.7829166666666667,0.36323254618219825,0.2162670194532264,1.0,0.6298168840219509,0.0,130.0,0.08,9543.000000000024,4199.5000000000055,0.0,independent_greedy,generalization,21302167,8
0.0,0.125,300.0,0.6966666666666667,0.6665440588116434,0.5506415365708599,1.0,0.8756708170109803,0.04,0.0,0.11333333333333333,8579.51845186277,3095.8526549716066,0.0,communication_aware,generalization,21302167,8
0.0,0.125,300.0,0.5929166666666666,0.6045467047457355,0.4092879503077339,0.875,0.851838201103862,0.0,0.0,0.12,9830.774824087172,3089.521371589024,1795.0,haco_safemarl_pilot_no_acoustic,generalization,21302167,8
0.0,0.125,300.0,0.6770833333333334,0.5268355040768499,0.38928131961385315,0.9541666666666667,0.7843432997061891,0.0,0.0,0.1,10006.53608949668,3079.1773750145394,0.0,haco_safemarl_pilot_no_shield,generalization,21302167,8
0.0,0.125,300.0,0.5854166666666667,0.7231525982104813,0.6441489073300842,0.9208333333333333,0.9084731795375137,0.0,0.0,0.09333333333333334,9454.254347482947,3137.9805940655724,1870.0,haco_safemarl_pilot,generalization,21302167,8
0.0,0.0,300.0,0.54125,0.6046317268564504,0.419480252826958,0.875,0.7286157873843091,0.0,0.0,0.02666666666666667,1565.235119149811,462.49135131672034,2163.0,haco_safemarl_mappo,generalization,21302167,8
0.0,0.75,300.0,0.36083333333333334,0.7302089875149447,0.346125585064023,0.7958333333333333,0.8879351461354875,0.0,70.0,0.0,6828.0000000000455,4854.296411184731,0.0,fixed_auv_ga_pso_tlbo_proxy,generalization,21312174,8
0.0,1.0,268.0,0.47294776119402987,0.6228646764417964,0.29682067943315066,0.75,0.6972596695428853,0.0,54.0,0.0,8525.08000000004,5515.499999999977,0.0,independent_greedy,generalization,21312174,8
0.0,0.5,300.0,0.4066666666666667,0.7687214596110354,0.5920791089554672,0.75,0.8576281508724466,0.0,61.0,0.0,9384.252954173242,5240.194208549551,0.0,communication_aware,generalization,21312174,8
0.0,0.75,300.0,0.17458333333333334,0.8024037076944365,0.5270543241693986,0.35833333333333334,0.9081225991387675,0.0,0.0,0.0,7865.304981122625,2170.275997695984,833.0,haco_safemarl_pilot_no_acoustic,generalization,21312174,8
0.0,0.75,300.0,0.32916666666666666,0.7602396458707413,0.4798098858394702,0.5166666666666667,0.8535854474311686,0.0,108.0,0.0,10087.035832730058,2985.8727803180764,0.0,haco_safemarl_pilot_no_shield,generalization,21312174,8
0.0,0.75,300.0,0.17541666666666667,0.8338367078988161,0.7037439530491029,0.4083333333333333,0.9179990530198157,0.0,0.0,0.0,7820.855948043462,2590.5753616228585,869.0,haco_safemarl_pilot,generalization,21312174,8
0.0,0.25,300.0,0.15125,0.8041581286320952,0.5794238736497743,0.3333333333333333,0.9184815522966278,0.0,0.0,0.0,1082.4698709504416,207.29509051742707,1415.0,haco_safemarl_mappo,generalization,21312174,8
0.0,0.75,300.0,0.5945833333333334,0.5486488782125423,0.24739406284979826,0.875,0.6384221670370229,0.0,391.0,0.10666666666666667,6828.0000000000455,4291.467556774412,0.0,fixed_auv_ga_pso_tlbo_proxy,generalization,21322181,8
0.0,1.0,271.0,0.6466789667896679,0.45680693355775137,0.07940417097907242,0.875,0.5275520038780463,0.0,348.0,0.06642066420664207,8620.51000000004,5024.499999999989,0.0,independent_greedy,generalization,21322181,8
0.0,0.25,300.0,0.6391666666666667,0.6846469851901206,0.47515813997388334,0.875,0.5996731189517656,0.0,464.0,0.11333333333333333,8715.161080466429,3891.311175364269,0.0,communication_aware,generalization,21322181,8
0.0,0.375,300.0,0.49166666666666664,0.6350602609491306,0.2775735841261769,0.75,0.6724714999039805,0.0,28.0,0.0,10081.187753487424,3587.9265355648035,1421.0,haco_safemarl_pilot_no_acoustic,generalization,21322181,8
0.0,0.25,300.0,0.5566666666666666,0.5813067091609516,0.2674325250835247,0.75,0.6316710410881393,0.0,233.0,0.0,9858.376864817454,3265.6726999511484,0.0,haco_safemarl_pilot_no_shield,generalization,21322181,8
0.0,0.25,300.0,0.49541666666666667,0.7584949021436574,0.6268449100457768,0.75,0.6763322609046952,0.0,28.0,0.056666666666666664,9838.039526747392,3980.3366503751668,1434.0,haco_safemarl_pilot,generalization,21322181,8
0.0,0.0,300.0,0.43666666666666665,0.7469623140583426,0.6509180015192961,0.6666666666666666,0.7294063565174179,0.0,28.0,0.07333333333333333,1330.1281254755588,1300.181743648032,1865.0,haco_safemarl_mappo,generalization,21322181,8
0.0,0.625,300.0,0.5041666666666667,0.6208229698402928,0.39002296800272196,1.0,0.8048144510413918,0.06,196.0,0.14,6828.0000000000455,3453.950120231866,0.0,fixed_auv_ga_pso_tlbo_proxy,generalization,21332188,8
0.0,0.875,300.0,0.5958333333333333,0.4880177562484662,0.11338087420104032,0.875,0.6021405459299723,0.0,220.0,0.19333333333333333,9543.000000000024,4846.699999999996,0.0,independent_greedy,generalization,21332188,8
0.0,0.375,300.0,0.6079166666666667,0.6956201167786696,0.5301144315292727,1.0,0.8523485086933603,0.08333333333333333,120.0,0.16666666666666666,8769.200529418256,3009.3725076944,0.0,communication_aware,generalization,21332188,8
0.0,0.375,300.0,0.39125,0.6811035533324057,0.37365209923167936,0.7125,0.7731597927287168,0.06666666666666667,7.0,0.14333333333333334,10012.112544488444,2959.7569418927837,1427.0,haco_safemarl_pilot_no_acoustic,generalization,21332188,8
0.0,0.375,300.0,0.5708333333333333,0.6075883588452804,0.3635671212791091,0.875,0.7849773289086469,0.0,114.0,0.13333333333333333,10437.747478611514,2918.883538666687,0.0,haco_safemarl_pilot_no_shield,generalization,21332188,8
0.0,0.125,300.0,0.49,0.754876150312673,0.6131691690590507,0.875,0.8262826282218118,0.06666666666666667,7.0,0.17,9409.035685712164,3472.0819172128336,1585.0,haco_safemarl_pilot,generalization,21332188,8
0.0,0.125,300.0,0.43125,0.7293754272910742,0.5574267016521323,0.875,0.8492458440400295,0.0,8.0,0.2,2034.2460254870462,1020.9536241603221,1721.0,haco_safemarl_mappo,generalization,21332188,8
0.0,0.75,300.0,0.6458333333333334,0.5705708335172693,0.2666523278274883,0.8916666666666667,0.4971622186682903,0.0,200.0,0.0,6828.0000000000455,3599.6912056715196,0.0,fixed_auv_ga_pso_tlbo_proxy,generalization,21342195,8
0.0,1.0,273.0,0.668040293040293,0.4991857376139695,0.10558838480234277,0.875,0.45752672257747024,0.0,240.0,0.0,8684.130000000037,4493.900000000006,0.0,independent_greedy,generalization,21342195,8
0.0,0.25,300.0,0.7233333333333334,0.7015400123897596,0.42824552343137556,1.0,0.4942691610414114,0.0,48.0,0.0,8599.65628376408,3049.0432793920118,0.0,communication_aware,generalization,21342195,8
0.0,0.625,300.0,0.5416666666666666,0.6522913729901839,0.2674133405995856,0.75,0.5646311325236787,0.0,0.0,0.0,10669.042593187627,2968.341276882575,1600.0,haco_safemarl_pilot_no_acoustic,generalization,21342195,8
0.0,0.875,300.0,0.69125,0.5721301232365626,0.34790523987685734,0.975,0.5291388162457092,0.0,222.0,0.0,10364.038115618045,2569.9975990700423,0.0,haco_safemarl_pilot_no_shield,generalization,21342195,8
0.0,0.375,300.0,0.53125,0.7354825484094805,0.5551219751228376,0.8208333333333333,0.5919911577028056,0.0,0.0,0.0,9956.20735557506,3135.2079134726723,1689.0,haco_safemarl_pilot,generalization,21342195,8
0.0,0.0,300.0,0.48833333333333334,0.7234078762571213,0.34867293406349814,1.0,0.7955247564488845,0.0,0.0,0.0,1056.6241646632682,119.43916762402438,1933.0,haco_safemarl_mappo,generalization,21342195,8
0.0,0.875,300.0,0.43833333333333335,0.6033300010263916,0.2661238472455502,0.625,0.6803186868911446,0.0,362.0,0.0,6828.0000000000455,4732.808134667962,0.0,fixed_auv_ga_pso_tlbo_proxy,generalization,21352202,8
0.0,1.0,288.0,0.5386284722222222,0.5344916079799079,0.07687725878565965,0.75,0.6600872273386711,0.0,360.0,0.0,9161.28000000003,6045.300000000011,0.0,independent_greedy,generalization,21352202,8
0.0,0.5,300.0,0.47458333333333336,0.7244476132990727,0.44187910383493584,0.625,0.6425146675915104,0.0,196.0,0.0,9071.482472681311,4914.732900658877,0.0,communication_aware,generalization,21352202,8
0.0,0.625,300.0,0.3425,0.7145978218020644,0.3499962188958772,0.625,0.7735563254053359,0.0,20.0,0.0,10177.734532214847,3875.034656240145,1175.0,haco_safemarl_pilot_no_acoustic,generalization,21352202,8
0.0,0.5,300.0,0.4795833333333333,0.6261571805935531,0.21860932107026032,0.625,0.6326715430780341,0.0,231.0,0.0,9825.209914695606,3082.033493753324,0.0,haco_safemarl_pilot_no_shield,generalization,21352202,8
0.0,0.375,300.0,0.3491666666666667,0.7881227554510251,0.6170502102326708,0.625,0.7795188144197975,0.0,20.0,0.0,9753.602456845569,3474.1365948913813,1200.0,haco_safemarl_pilot,generalization,21352202,8
0.0,0.25,300.0,0.3983333333333333,0.7236666373924049,0.47593637753202134,0.625,0.7582489192227589,0.0,20.0,0.0,1457.4330866216394,859.4313910561882,1724.0,haco_safemarl_mappo,generalization,21352202,8
