success,task_completion,mission_time,outage_rate,mean_packet,worst_agent_packet,cvar_outage_90,comm_fairness,usv_collision_rate,auv_collision_count,colregs_violation_rate,energy,smoothness,shield_interventions,policy,scenario,seed,num_auvs
0.0,0.6666666666666666,300.0,0.27444444444444444,0.7603332569662649,0.5441325572368343,0.6666666666666669,0.9074713706025652,0.0,0.0,0.0,5560.499999999976,2779.9742184879246,0.0,fixed_auv_ga_pso_tlbo_proxy,survey,21160732,3
1.0,1.0,252.0,0.41005291005291,0.6800608513909857,0.3868328227801483,0.6666666666666667,0.7933917258955009,0.0,0.0,0.0,6195.420000000008,2680.4000000000065,0.0,independent_greedy,survey,21160732,3
0.0,0.3333333333333333,300.0,0.33666666666666667,0.7936452330192432,0.7145776751963601,0.6666666666666669,0.8704473017099795,0.0,0.0,0.0,8219.398876356285,3299.4137205636616,0.0,communication_aware,survey,21160732,3
1.0,1.0,277.0,0.21780986762936216,0.7988268590041083,0.6082393404007875,0.6666666666666669,0.9394776280422727,0.0,0.0,0.0,8683.933059971461,2143.6888070224877,275.0,haco_safemarl_pilot_no_acoustic,survey,21160732,3
1.0,1.0,250.0,0.224,0.7817761217065344,0.5540746604218697,0.6666666666666667,0.9402261710808251,0.0,0.0,0.0,7867.150887278002,1842.1700437105335,0.0,haco_safemarl_pilot_no_shield,survey,21160732,3
0.0,0.6666666666666666,300.0,0.2611111111111111,0.8050073975285097,0.6536884393234946,0.6666666666666669,0.925484114502212,0.0,0.0,0.0,9322.761532613882,2459.3119009491484,334.0,haco_safemarl_pilot,survey,21160732,3
0.0,0.0,300.0,0.23555555555555552,0.8307875920726921,0.7223830301183295,0.6555555555555557,0.8907657274691491,0.0,0.0,0.0,847.649887562498,133.321308784023,358.0,haco_safemarl_mappo,survey,21160732,3
0.0,0.6666666666666666,300.0,0.07444444444444442,0.9129890944573872,0.8609330671379049,0.3333333333333334,0.9872266017769358,0.0,50.0,0.0,5560.499999999976,3276.28931687406,0.0,fixed_auv_ga_pso_tlbo_proxy,survey,21170739,3
0.0,1.0,232.0,0.26149425287356326,0.8682750968768056,0.7955808381789864,0.6666666666666666,0.9156494553526313,0.0,40.0,0.0,5703.7200000000075,2776.6000000000067,0.0,independent_greedy,survey,21170739,3
0.0,0.6666666666666666,300.0,0.10777777777777779,0.9070793652399465,0.8607560258004954,0.35555555555555557,0.9733157026664698,0.0,45.0,0.0,8432.703150992358,4042.4459097306913,0.0,communication_aware,survey,21170739,3
1.0,1.0,232.0,0.11637931034482758,0.9026631076148194,0.7931159192345336,0.3333333333333333,0.9664696546747024,0.0,0.0,0.0,7148.300782438258,1902.2572093057354,143.0,haco_safemarl_pilot_no_acoustic,survey,21170739,3
0.0,1.0,225.0,0.14814814814814817,0.8778885670648646,0.7202012123894267,0.3333333333333332,0.9429590016463819,0.0,39.0,0.0,6973.896436048468,1845.4609865006125,0.0,haco_safemarl_pilot_no_shield,survey,21170739,3
1.0,1.0,232.0,0.11637931034482758,0.9069709277017474,0.8064316641398735,0.3333333333333333,0.9664696546747024,0.0,0.0,0.0,7170.056357100865,1905.5167221587399,143.0,haco_safemarl_pilot,survey,21170739,3
0.0,0.3333333333333333,300.0,0.0,0.9016908029450403,0.8829472344611351,0.0,0.9999999998888889,0.0,0.0,0.63,971.393760904955,545.5902129463227,427.0,haco_safemarl_mappo,survey,21170739,3
0.0,1.0,287.0,0.25667828106852497,0.7718439872276197,0.466181647920376,0.5172413793103448,0.8400293680723366,0.0,34.0,0.0,5319.544999999978,3064.7097139828415,0.0,fixed_auv_ga_pso_tlbo_proxy,survey,21180746,3
0.0,1.0,219.0,0.4794520547945205,0.7422053343893742,0.49839977259006385,0.6666666666666665,0.6629935719042399,0.0,26.0,0.0,5384.115000000007,2506.4000000000015,0.0,independent_greedy,survey,21180746,3
0.0,0.6666666666666666,300.0,0.24888888888888885,0.8558918783698658,0.7308455710539941,0.3333333333333334,0.8199408605456846,0.0,115.0,0.0,8312.684187459738,3978.4128325158626,0.0,communication_aware,survey,21180746,3
1.0,1.0,243.0,0.3333333333333333,0.7820991071207335,0.6228018828689275,0.6666666666666667,0.8788426761179395,0.0,0.0,0.0,6677.008964168254,1606.6961027292696,407.0,haco_safemarl_pilot_no_acoustic,survey,21180746,3
0.0,1.0,214.0,0.3551401869158879,0.6760179016012929,0.4910355791012834,0.6666666666666665,0.8673711056470407,0.0,26.0,0.0,6735.785367092315,1570.1090073812657,0.0,haco_safemarl_pilot_no_shield,survey,21180746,3
1.0,1.0,241.0,0.3167358229598894,0.8040372911565528,0.6778800912746848,0.6666666666666667,0.8911041486764809,0.0,0.0,0.0,6756.0736232151385,1676.3599131281806,388.0,haco_safemarl_pilot,survey,21180746,3
0.0,0.0,300.0,0.22333333333333333,0.8540849406652098,0.7472075391081452,0.3333333333333334,0.8580934767164409,0.0,0.0,0.0,608.1865451627268,259.7057515959737,319.0,haco_safemarl_mappo,survey,21180746,3
1.0,1.0,225.0,0.157037037037037,0.893533737185067,0.8492682623277145,0.6666666666666664,0.9828720441229805,0.0,0.0,0.44,4170.374999999987,1673.3981502384454,0.0,fixed_auv_ga_pso_tlbo_proxy,survey,21190753,3
1.0,1.0,172.0,0.1744186046511628,0.8791326713751365,0.8267274335561056,0.6666666666666665,0.977664285327584,0.0,0.0,0.43023255813953487,4228.620000000005,1385.8000000000013,0.0,independent_greedy,survey,21190753,3
0.0,0.6666666666666666,300.0,0.33555555555555555,0.8233601620344656,0.7577386165939082,0.6666666666666669,0.8869014844029572,0.0,0.0,0.4633333333333333,8216.334395407259,3250.2525136042077,0.0,communication_aware,survey,21190753,3
1.0,1.0,199.0,0.17420435510887777,0.8825484244573039,0.8090987731207269,0.6666666666666665,0.9736252817593966,0.0,0.0,0.47738693467336685,5891.184749554314,1375.6182248159673,332.0,haco_safemarl_pilot_no_acoustic,survey,21190753,3
1.0,1.0,171.0,0.1286549707602339,0.8935516352365585,0.8137694340000127,0.6666666666666665,0.9856743276019686,0.0,0.0,0.3742690058479532,5525.755208285656,1400.3224116915937,0.0,haco_safemarl_pilot_no_shield,survey,21190753,3
1.0,1.0,216.0,0.20061728395061723,0.8775252065635205,0.8045579829376912,0.6666666666666665,0.9669333331707629,0.0,0.0,0.47685185185185186,6360.184269875108,1523.452956132931,375.0,haco_safemarl_pilot,survey,21190753,3
0.0,0.3333333333333333,300.0,0.05999999999999998,0.9148226652452557,0.8789885197976749,0.3333333333333334,0.9919173775143545,0.0,0.0,0.09666666666666666,585.2682940141165,52.12548653666857,521.0,haco_safemarl_mappo,survey,21190753,3
0.0,0.6666666666666666,300.0,0.5411111111111111,0.6735477374184045,0.47640514905500253,1.0,0.8020473318747887,0.0,0.0,0.0,5560.499999999976,2826.4471725901985,0.0,fixed_auv_ga_pso_tlbo_proxy,survey,21200760,3
1.0,1.0,272.0,0.5931372549019607,0.6236798919129898,0.35800386708269605,1.0,0.7832302987426527,0.0,0.0,0.0,6687.120000000009,3054.8000000000166,0.0,independent_greedy,survey,21200760,3
0.0,0.3333333333333333,300.0,0.5966666666666667,0.7326012617687401,0.6331514983235949,1.0,0.8000692175813389,0.0,0.0,0.0,8008.954577042493,3110.0683102057824,0.0,communication_aware,survey,21200760,3
0.0,0.3333333333333333,300.0,0.39666666666666667,0.7257674186272508,0.5762211612661692,0.6666666666666669,0.9228537354558669,0.0,0.0,0.0,9110.785019405086,3051.4588655356974,445.0,haco_safemarl_pilot_no_acoustic,survey,21200760,3
0.0,0.3333333333333333,300.0,0.5066666666666667,0.6606979667932155,0.551383183731641,1.0,0.965245747099542,0.0,0.0,0.0,9105.433351601192,2897.2462210258605,0.0,haco_safemarl_pilot_no_shield,survey,21200760,3
0.0,0.3333333333333333,300.0,0.3877777777777777,0.7999597804019628,0.7293280394720935,0.6666666666666669,0.9280602806684537,0.0,0.0,0.0,9036.111901452414,3022.102112382362,453.0,haco_safemarl_pilot,survey,21200760,3
0.0,0.3333333333333333,300.0,0.36111111111111105,0.7353220190864628,0.5960123540533103,0.6666666666666669,0.8363498843332311,0.0,0.0,0.0,743.5120570191849,55.97167134045247,440.0,haco_safemarl_mappo,survey,21200760,3
0.0,0.6666666666666666,300.0,0.17888888888888888,0.8787916101024795,0.7614397259364547,0.3333333333333334,0.913302327933004,0.0,33.0,0.0,5560.499999999976,2630.3174565755303,0.0,fixed_auv_ga_pso_tlbo_proxy,survey,21210767,3
0.0,1.0,243.0,0.41975308641975306,0.7675774823480261,0.6510755469315781,0.9733333333333333,0.8362614094521932,0.0,25.0,0.0,5974.155000000008,2336.400000000002,0.0,independent_greedy,survey,21210767,3
0.0,0.6666666666666666,300.0,0.2577777777777778,0.8704430684222667,0.7942234411856203,0.6666666666666669,0.9006220455230552,0.0,29.0,0.0,8350.907868629427,3185.9564251591473,0.0,communication_aware,survey,21210767,3
0.0,1.0,236.0,0.1172316384180791,0.8903752360880105,0.797271449233524,0.3333333333333333,0.9659300251140611,0.0,12.0,0.0,7571.760477626881,1846.6535860822942,139.0,haco_safemarl_pilot_no_acoustic,survey,21210767,3
0.0,1.0,236.0,0.1864406779661017,0.8522474285234286,0.6685981793015539,0.3333333333333333,0.904948939375485,0.0,25.0,0.0,7466.523781456269,1725.9403687555716,0.0,haco_safemarl_pilot_no_shield,survey,21210767,3
0.0,1.0,236.0,0.1016949152542373,0.8960857779624185,0.8150123659966519,0.3333333333333333,0.9750086774116238,0.0,12.0,0.0,7579.0267828011965,1844.7871498189618,130.0,haco_safemarl_pilot,survey,21210767,3
0.0,0.0,300.0,0.15333333333333332,0.8726201055053554,0.8158666018362201,0.3333333333333334,0.9384418454444577,0.0,12.0,0.0,803.7917354159657,102.01269149388787,398.0,haco_safemarl_mappo,survey,21210767,3
0.0,0.3333333333333333,300.0,0.2122222222222222,0.837698019160584,0.6962867243124976,0.6666666666666669,0.958884851094834,0.0,38.0,0.0,5560.499999999976,2258.9662782748187,0.0,fixed_auv_ga_pso_tlbo_proxy,survey,21220774,3
0.0,0.6666666666666666,300.0,0.6077777777777778,0.5542545689401748,0.3790703025109878,0.8666666666666667,0.7448993617579733,0.0,51.0,0.0,7375.50000000001,2503.0000000000073,0.0,independent_greedy,survey,21220774,3
0.0,0.3333333333333333,300.0,0.27888888888888885,0.8579432144770963,0.7697643522037894,0.6666666666666669,0.9270714338903308,0.0,34.0,0.0,8275.427068014715,2756.140239010431,0.0,communication_aware,survey,21220774,3
0.0,0.6666666666666666,300.0,0.3055555555555555,0.7999667441385443,0.6904193654114323,0.6666666666666669,0.909752547116442,0.0,0.0,0.0,9384.867797421253,2919.5495361168214,350.0,haco_safemarl_pilot_no_acoustic,survey,21220774,3
0.0,0.3333333333333333,300.0,0.3433333333333333,0.7547429654870312,0.6370242289448053,0.6666666666666669,0.8790061378272279,0.0,29.0,0.0,9380.433845815749,2812.4851884006775,0.0,haco_safemarl_pilot_no_shield,survey,21220774,3
0.0,0.3333333333333333,300.0,0.2944444444444444,0.8520979014052412,0.79044551149888,0.6666666666666669,0.9196412889625536,0.0,0.0,0.0,9315.711014941211,3006.4690448626643,355.0,haco_safemarl_pilot,survey,21220774,3
0.0,0.0,300.0,0.2855555555555555,0.8142888291171145,0.7510453649461278,0.6666666666666669,0.925134311874144,0.0,0.0,0.0,1575.9658124946893,253.7671908079462,527.0,haco_safemarl_mappo,survey,21220774,3
0.0,0.6666666666666666,300.0,0.5399999999999999,0.5971379827951528,0.5656344715396261,1.0,0.9907054167004027,0.0,36.0,0.0,5560.499999999976,2553.3414613868476,0.0,fixed_auv_ga_pso_tlbo_proxy,survey,21230781,3
0.0,1.0,264.0,0.683080808080808,0.4918681926954649,0.3674055624378201,1.0,0.9031236103879914,0.0,27.0,0.0,6490.440000000009,2693.600000000007,0.0,independent_greedy,survey,21230781,3
0.0,0.0,300.0,0.5988888888888888,0.7158899839354307,0.6984965874137636,1.0,0.9948547647655487,0.0,0.0,0.0,7987.658322504415,2850.446481530636,0.0,communication_aware,survey,21230781,3
0.0,0.6666666666666666,300.0,0.56,0.6344875972661791,0.5532631262008582,1.0,0.9823717340824816,0.0,0.0,0.016666666666666666,9193.11618917449,2559.2161294843077,624.0,haco_safemarl_pilot_no_acoustic,survey,21230781,3
0.0,0.6666666666666666,300.0,0.5888888888888889,0.5700423582826397,0.48045969989525816,1.0,0.9508132955121251,0.0,0.0,0.04,9322.737545874075,2295.8459915675758,0.0,haco_safemarl_pilot_no_shield,survey,21230781,3
0.0,0.0,300.0,0.5922222222222222,0.7374076484965496,0.7187660887829915,1.0,0.9990950286703714,0.0,0.0,0.0,8966.318411941471,3064.853397392998,611.0,haco_safemarl_pilot,survey,21230781,3
0.0,0.0,300.0,0.5333333333333333,0.6949107752303673,0.6011684718658393,1.0,0.9325340180166837,0.0,0.0,0.0,1400.7566746764114,549.8027721365964,686.0,haco_safemarl_mappo,survey,21230781,3
0.0,1.0,221.0,0.5460030165912518,0.60482936926531,0.3298083439141304,1.0,0.8647196369149722,0.0,18.0,0.4751131221719457,4096.234999999988,1763.177382688325,0.0,fixed_auv_ga_pso_tlbo_proxy,survey,21240788,3
0.0,1.0,169.0,0.4654832347140039,0.6106059572396428,0.13931584410105752,1.0,0.7233499786202997,0.0,13.0,0.10650887573964497,4154.865000000005,1317.0000000000011,0.0,independent_greedy,survey,21240788,3
0.0,0.0,300.0,0.7555555555555556,0.5877761065553758,0.4325695895369779,1.0,0.905045063737349,0.0,0.0,0.51,7827.024897728131,2935.1774919523905,0.0,communication_aware,survey,21240788,3
0.0,0.6666666666666666,300.0,0.6366666666666667,0.5121760984265784,0.3065049395573798,1.0,0.8717014349543631,0.0,0.0,0.21333333333333335,9046.666573797494,2474.052355610054,737.0,haco_safemarl_pilot_no_acoustic,survey,21240788,3
0.0,0.3333333333333333,300.0,0.7988888888888889,0.44711154397535974,0.29278402397777864,1.0,0.8691073065865588,0.0,0.0,0.44,8953.034649865545,2862.5341117405005,0.0,haco_safemarl_pilot_no_shield,survey,21240788,3
0.0,0.0,300.0,0.7177777777777777,0.6896069989246467,0.5422277949520893,1.0,0.8468000200003676,0.0,0.0,0.3233333333333333,8760.984621048341,3051.807792232174,812.0,haco_safemarl_pilot,survey,21240788,3
0.0,0.0,300.0,0.7655555555555555,0.5310008462966895,0.394107799863166,1.0,0.9103940436796216,0.0,0.0,0.21666666666666667,477.57935654672065,263.087384823329,762.0,haco_safemarl_mappo,survey,21240788,3
1.0,1.0,289.0,0.0,0.9250968820602784,0.9088168666595668,0.0,0.9999999998888889,0.0,0.0,0.01384083044982699,5356.614999999978,2676.95579361475,0.0,fixed_auv_ga_pso_tlbo_proxy,survey,21250795,3
1.0,1.0,221.0,0.21266968325791855,0.8439085511749423,0.7939727200230102,0.6666666666666664,0.9647978583872531,0.0,0.0,0.0,5433.285000000007,2192.7999999999984,0.0,independent_greedy,survey,21250795,3
1.0,1.0,250.0,0.0,0.9249799768868067,0.9085434859072845,0.0,0.9999999998888889,0.0,0.0,0.008,7093.75,3027.4615514147404,0.0,communication_aware,survey,21250795,3
1.0,1.0,214.0,0.0,0.9166445811962951,0.9079841586760729,0.0,0.9999999998888889,0.0,0.0,0.0,6704.687499999995,1566.20354331603,5.0,haco_safemarl_pilot_no_acoustic,survey,21250795,3
1.0,1.0,214.0,0.0,0.9163303234211974,0.9074769085506158,0.0,0.9999999998888889,0.0,0.0,0.0,6702.294929927339,1710.5390619082343,0.0,haco_safemarl_pilot_no_shield,survey,21250795,3
1.0,1.0,214.0,0.0,0.9165865367245312,0.9077636390289755,0.0,0.9999999998888889,0.0,0.0,0.0,6704.670053897185,1662.2056475975583,5.0,haco_safemarl_pilot,survey,21250795,3
0.0,0.0,300.0,0.0,0.8758391388914546,0.8579421417936806,0.0,0.9999999998888889,0.0,0.0,0.0,671.7953211186306,58.756652117591734,61.0,haco_safemarl_mappo,survey,21250795,3
0.0,1.0,272.0,0.5208333333333333,0.5841208040030668,0.28254259779366164,0.6666666666666669,0.6201892844994905,0.0,52.0,0.0,5041.51999999998,2817.498742880617,0.0,fixed_auv_ga_pso_tlbo_proxy,survey,21260802,3
0.0,1.0,208.0,0.626602564102564,0.500721729335572,0.2584231092192712,0.6666666666666665,0.4142080003515737,0.0,40.0,0.0,5113.680000000007,2409.000000000001,0.0,independent_greedy,survey,21260802,3
0.0,0.6666666666666666,300.0,0.5544444444444444,0.6701706413234352,0.5123600978156057,0.6666666666666669,0.56078439560697,0.0,61.0,0.0,8045.514722470499,3511.0837229204926,0.0,communication_aware,survey,21260802,3
1.0,1.0,248.0,0.5040322580645161,0.66244879585352,0.4090145306939705,0.6666666666666667,0.9308053563486649,0.0,0.0,0.05241935483870968,7860.3286160709995,1905.627666710053,460.0,haco_safemarl_pilot_no_acoustic,survey,21260802,3
0.0,1.0,220.0,0.5803030303030304,0.5695418760659652,0.34418032478032146,0.7727272727272727,0.8716926253116808,0.0,42.0,0.0,6880.536000462412,1673.8600626787907,0.0,haco_safemarl_pilot_no_shield,survey,21260802,3
0.0,0.3333333333333333,300.0,0.5255555555555557,0.7492641782095856,0.6539093854907427,0.6666666666666669,0.6183683503564357,0.0,0.0,0.0,8825.38836427114,3185.609512886135,556.0,haco_safemarl_pilot,survey,21260802,3
0.0,0.0,300.0,0.5055555555555555,0.6896653408823428,0.5276082322756782,0.6666666666666669,0.6415240425887826,0.0,0.0,0.0,421.9940586769057,112.24843351886193,588.0,haco_safemarl_mappo,survey,21260802,3
0.0,0.3333333333333333,300.0,0.13,0.8965713248030439,0.8447528294606959,0.7333333333333333,0.9897615713629466,0.0,98.0,0.06,5560.499999999976,2838.928555079949,0.0,fixed_auv_ga_pso_tlbo_proxy,survey,21270809,3
0.0,0.6666666666666666,300.0,0.5577777777777777,0.5937167418384264,0.29064588804401376,1.0,0.7902261862017202,0.006666666666666667,75.0,0.49333333333333335,7375.50000000001,3056.0000000000136,0.0,independent_greedy,survey,21270809,3
0.0,0.3333333333333333,300.0,0.25,0.8694007238091599,0.8245758732172748,1.0,0.9947210194468098,0.0,85.0,0.09333333333333334,8330.719953277094,3365.8742835790677,0.0,communication_aware,survey,21270809,3
0.0,0.3333333333333333,300.0,0.09888888888888889,0.8829401595075493,0.8611965317571671,0.6333333333333334,0.9912617421818916,0.11666666666666667,0.0,0.39666666666666667,7794.813196031873,2457.9920671476093,387.0,haco_safemarl_pilot_no_acoustic,survey,21270809,3
0.0,0.3333333333333333,300.0,0.3688888888888889,0.8232306071948364,0.8039176340707019,1.0,0.9545823048935352,0.14333333333333334,73.0,0.29,9387.98783419669,2828.408904746408,0.0,haco_safemarl_pilot_no_shield,survey,21270809,3
0.0,0.3333333333333333,300.0,0.07666666666666667,0.886016828911373,0.8593361387820179,0.6333333333333334,0.9962002032766277,0.11333333333333333,0.0,0.4,7794.1615161432255,2509.6159930798303,382.0,haco_safemarl_pilot,survey,21270809,3
0.0,0.0,300.0,0.18111111111111108,0.8638334885571981,0.8248725507965279,0.6666666666666669,0.9698493896362207,0.0,0.0,0.19333333333333333,985.4726936268663,156.24152950171847,628.0,haco_safemarl_mappo,survey,21270809,3
0.0,1.0,258.0,0.4315245478036175,0.6512481136408363,0.3334209998709875,0.6666666666666667,0.7528562649225244,0.0,34.0,0.003875968992248062,4782.0299999999825,2181.246360016514,0.0,fixed_auv_ga_pso_tlbo_proxy,survey,21280816,3
0.0,1.0,197.0,0.42470389170896783,0.6385365006072627,0.20173219184937471,0.6666666666666665,0.700937412672641,0.0,26.0,0.4517766497461929,4843.245000000006,1717.4000000000005,0.0,independent_greedy,survey,21280816,3
0.0,0.3333333333333333,300.0,0.5022222222222222,0.6996395493356704,0.49034220875068835,0.6666666666666669,0.6539464078991527,0.0,0.0,0.0,8063.613383947424,3285.0111937223783,0.0,communication_aware,survey,21280816,3
0.0,0.6666666666666666,300.0,0.4644444444444444,0.6067414952837356,0.29797267688184503,0.6666666666666669,0.6916257328979597,0.0,0.0,0.06333333333333334,9078.547511542209,3026.584090582117,464.0,haco_safemarl_pilot_no_acoustic,survey,21280816,3
0.0,0.3333333333333333,300.0,0.5377777777777778,0.6010504838225503,0.3459666197147136,0.6666666666666669,0.5904574733419957,0.0,0.0,0.0,9000.193028068612,3027.965802833634,0.0,haco_safemarl_pilot_no_shield,survey,21280816,3
0.0,0.3333333333333333,300.0,0.4777777777777777,0.7704134561629424,0.6111714345949388,0.6666666666666669,0.6888057372560259,0.0,0.0,0.0,8916.981255401282,3078.4239797692508,487.0,haco_safemarl_pilot,survey,21280816,3
0.0,0.3333333333333333,300.0,0.5244444444444444,0.6123814793257574,0.34316790775028305,0.8444444444444444,0.6586556783117993,0.0,0.0,0.20333333333333334,1024.757708827079,30.113158863683573,555.0,haco_safemarl_mappo,survey,21280816,3
1.0,1.0,272.0,0.22671568627450983,0.8300519604604754,0.6803115358447203,0.619047619047619,0.8979178081929345,0.0,0.0,0.0,5041.51999999998,2925.519842848585,0.0,fixed_auv_ga_pso_tlbo_proxy,survey,21290823,3
1.0,1.0,208.0,0.3141025641025641,0.7419682835072826,0.37584947735184016,0.33333333333333326,0.704510491544828,0.0,0.0,0.0,5113.680000000007,2398.6,0.0,independent_greedy,survey,21290823,3
1.0,1.0,236.0,0.3559322033898305,0.8371353041728609,0.7447213144015395,0.6666666666666666,0.8657723148708018,0.0,0.0,0.0,6564.065865685364,2751.980142360024,0.0,communication_aware,survey,21290823,3
1.0,1.0,202.0,0.07755775577557755,0.9004253995692414,0.7986611131132149,0.33333333333333326,0.9860586494743276,0.0,0.0,0.0,6364.260708645123,1725.1071216984171,112.0,haco_safemarl_pilot_no_acoustic,survey,21290823,3
1.0,1.0,202.0,0.2557755775577558,0.8488935880641154,0.6454938310537418,0.33333333333333326,0.8089090915009021,0.0,0.0,0.0,6275.487220506062,1709.678331688767,0.0,haco_safemarl_pilot_no_shield,survey,21290823,3
1.0,1.0,202.0,0.0726072607260726,0.901347709573268,0.80169834939091,0.33333333333333326,0.9878892515848132,0.0,0.0,0.0,6367.226944789711,1744.3600313529776,106.0,haco_safemarl_pilot,survey,21290823,3
0.0,0.3333333333333333,300.0,0.12777777777777777,0.8760805281600881,0.763613199364976,0.3333333333333334,0.9588438945247661,0.0,0.0,0.0,696.1463691316432,129.65652178124665,290.0,haco_safemarl_mappo,survey,21290823,3
0.0,0.0,300.0,0.28444444444444444,0.7887427366562686,0.6390665834316832,1.0,0.9759642308793108,0.0,137.0,0.0,5560.499999999976,2201.6607774199297,0.0,fixed_auv_ga_pso_tlbo_proxy,survey,21300830,3
0.0,1.0,268.0,0.3880597014925373,0.6827634854683519,0.4302143344485322,1.0,0.9138973833743353,0.0,103.0,0.0,6588.780000000009,2277.0000000000036,0.0,independent_greedy,survey,21300830,3
0.0,0.0,300.0,0.4055555555555555,0.8037982412432697,0.7352199665974498,1.0,0.9825679787423024,0.0,119.0,0.0,8151.024258261795,2958.2696269025682,0.0,communication_aware,survey,21300830,3
0.0,0.0,300.0,0.31555555555555553,0.7789788619280598,0.608918387062717,0.8555555555555555,0.9290418617180238,0.0,67.0,0.0,8710.344731155228,2930.0415414750687,494.0,haco_safemarl_pilot_no_acoustic,survey,21300830,3
0.0,0.3333333333333333,300.0,0.5033333333333333,0.6649659529019561,0.5526325024193968,1.0,0.9831426669201526,0.0,101.0,0.0,9289.79900593535,2908.1043939608335,0.0,haco_safemarl_pilot_no_shield,survey,21300830,3
0.0,0.0,300.0,0.33,0.8361742417099608,0.7675080350727643,0.9777777777777777,0.9399588969855457,0.0,67.0,0.0,9205.947923200783,3213.770811526576,478.0,haco_safemarl_pilot,survey,21300830,3
0.0,0.0,300.0,0.2944444444444444,0.8067980446036765,0.7256087220733402,0.9888888888888888,0.9602172735844229,0.0,54.0,0.07,947.8204510966217,159.49504409928142,639.0,haco_safemarl_mappo,survey,21300830,3
1.0,1.0,282.0,0.5709219858156028,0.5391554246112128,0.24613410058179777,1.0,0.6931307103098756,0.0,0.0,0.0,5226.869999999979,2302.2792779332044,0.0,fixed_auv_ga_pso_tlbo_proxy,survey,21310837,3
1.0,1.0,216.0,0.5046296296296297,0.5576802387857588,0.08489863258535583,1.0,0.6583794972064039,0.0,0.0,0.0,5310.360000000007,2009.4000000000067,0.0,independent_greedy,survey,21310837,3
0.0,0.0,300.0,0.6866666666666666,0.6328980809362353,0.45751677535762314,1.0,0.7182182718774642,0.0,0.0,0.0,7889.366276134897,2945.3450689634806,0.0,communication_aware,survey,21310837,3
0.0,0.6666666666666666,300.0,0.6244444444444445,0.5350174613677916,0.210759737932784,1.0,0.6852365011116032,0.0,0.0,0.11333333333333333,8956.968351666359,2743.4277405129765,664.0,haco_safemarl_pilot_no_acoustic,survey,21310837,3
0.0,0.3333333333333333,300.0,0.74,0.4843086001807085,0.2818240574963999,1.0,0.6524630006586869,0.0,0.0,0.10333333333333333,9020.305450686728,2889.399667572091,0.0,haco_safemarl_pilot_no_shield,survey,21310837,3
0.0,0.0,300.0,0.6544444444444444,0.7083915439460698,0.5397762336055743,1.0,0.7226667857273288,0.0,0.0,0.0,8859.563560187184,3099.7687448818615,658.0,haco_safemarl_pilot,survey,21310837,3
0.0,0.0,300.0,0.69,0.5261182789475511,0.3468100953390046,1.0,0.6672752984436605,0.0,0.0,0.013333333333333334,520.102387977607,38.078062371928894,718.0,haco_safemarl_mappo,survey,21310837,3
0.0,0.3333333333333333,300.0,0.29777777777777775,0.7593256667257207,0.6055913371121256,0.7444444444444444,0.9278788299219244,0.0,39.0,0.043333333333333335,5560.499999999976,2056.713487704588,0.0,fixed_auv_ga_pso_tlbo_proxy,survey,21320844,3
0.0,1.0,252.0,0.4722222222222221,0.658508834386042,0.3532720596617567,0.9615384615384616,0.8169055276659497,0.0,30.0,0.0,6195.420000000008,2040.0000000000025,0.0,independent_greedy,survey,21320844,3
0.0,0.0,300.0,0.4377777777777778,0.7917926071835713,0.7251263990920119,1.0,0.9571081451678828,0.0,0.0,0.04,8129.580945980578,2785.698224584227,0.0,communication_aware,survey,21320844,3
0.0,0.3333333333333333,300.0,0.37777777777777777,0.7206534514044135,0.49472685424305995,1.0,0.9200420118795619,0.0,0.0,0.0,9359.657067164599,2901.099136519679,426.0,haco_safemarl_pilot_no_acoustic,survey,21320844,3
0.0,0.6666666666666666,300.0,0.5088888888888888,0.6536626422538546,0.5831089219243882,1.0,0.964160571265413,0.0,104.0,0.0,9342.801208809293,2576.194357771531,0.0,haco_safemarl_pilot_no_shield,survey,21320844,3
0.0,0.0,300.0,0.43666666666666665,0.7988808211217108,0.7181384443942475,1.0,0.9412094246362797,0.0,0.0,0.0,9175.496464392107,3033.78997454724,473.0,haco_safemarl_pilot,survey,21320844,3
0.0,0.0,300.0,0.40777777777777774,0.7967722863904606,0.77462092870752,1.0,0.9946571430438907,0.0,0.0,0.0,806.867381484579,58.44502483123843,539.0,haco_safemarl_mappo,survey,21320844,3
0.0,1.0,181.0,0.0,0.9255603214141744,0.9064756362840661,0.0,0.9999999998888889,0.0,30.0,0.0,3354.834999999993,1601.1115570914394,0.0,fixed_auv_ga_pso_tlbo_proxy,survey,21330851,3
0.0,1.0,138.0,0.1545893719806763,0.8715040713572467,0.7493717508008676,0.3333333333333333,0.9373182748917281,0.0,23.0,0.0,3392.730000000004,1291.3999999999985,0.0,independent_greedy,survey,21330851,3
0.0,1.0,157.0,0.0,0.925629474555775,0.9070486111200998,0.0,0.9999999998888889,0.0,26.0,0.0,4454.875,1721.945367150475,0.0,communication_aware,survey,21330851,3
1.0,1.0,146.0,0.0958904109589041,0.8999881217493186,0.8485474413414185,0.33333333333333326,0.9779973056625322,0.0,0.0,0.0,3809.2019127273425,905.0215968893345,126.0,haco_safemarl_pilot_no_acoustic,survey,21330851,3
0.0,1.0,134.0,0.1144278606965174,0.8846287569410827,0.812570778685511,0.5952380952380952,0.9850611697858837,0.0,22.0,0.0,4218.1842401495505,893.1383799514468,0.0,haco_safemarl_pilot_no_shield,survey,21330851,3
1.0,1.0,146.0,0.0867579908675799,0.9008697677112845,0.8509944474669365,0.33333333333333326,0.9822700259016129,0.0,0.0,0.0,3811.588160040428,908.168756681432,126.0,haco_safemarl_pilot,survey,21330851,3
0.0,0.3333333333333333,300.0,0.06888888888888889,0.8618178408147426,0.8575305974224072,0.3333333333333334,0.989170793697107,0.0,0.0,0.0,723.1706707170989,626.8523536753402,331.0,haco_safemarl_mappo,survey,21330851,3
0.0,0.6666666666666666,300.0,0.0,0.949451500354823,0.9248234429137807,0.0,0.9999999998888889,0.0,70.0,0.0,5560.499999999976,3284.7176391742432,0.0,fixed_auv_ga_pso_tlbo_proxy,survey,21340858,3
0.0,1.0,270.0,0.15061728395061727,0.881919139330015,0.8187380183401324,0.6666666666666669,0.9796310322082699,0.0,53.0,0.0,6637.950000000009,3254.60000000001,0.0,independent_greedy,survey,21340858,3
0.0,0.6666666666666666,300.0,0.03222222222222223,0.9407643421691727,0.9032629832216584,0.32222222222222224,0.9977877821796777,0.0,60.0,0.0,8502.640984662123,4156.798145346061,0.0,communication_aware,survey,21340858,3
0.0,0.6666666666666666,300.0,0.0033333333333333335,0.9364205409981984,0.895768061987989,0.03333333333333333,0.999977629274188,0.0,0.0,0.0,9221.25694759976,2861.4723058479303,131.0,haco_safemarl_pilot_no_acoustic,survey,21340858,3
0.0,1.0,263.0,0.18504435994930285,0.9065367982493876,0.8085988320899157,0.3333333333333334,0.9065253758373983,0.0,52.0,0.0,8095.560865132375,2089.4067081884155,0.0,haco_safemarl_pilot_no_shield,survey,21340858,3
0.0,0.6666666666666666,300.0,0.0022222222222222222,0.9362570558521035,0.8952459268666821,0.02222222222222222,0.9999900794011012,0.0,0.0,0.0,9221.205475119892,2870.8599151520743,130.0,haco_safemarl_pilot,survey,21340858,3
0.0,0.3333333333333333,300.0,0.02111111111111111,0.9000584247702745,0.8473279749498459,0.21111111111111105,0.9990706450135782,0.0,0.0,0.0,1257.454972100888,218.01337834128825,358.0,haco_safemarl_mappo,survey,21340858,3
0.0,0.6666666666666666,300.0,0.0,0.9596259352828128,0.9494401164145592,0.0,0.9999999998888889,0.0,7.0,0.0,5560.499999999976,2698.4986470448684,0.0,fixed_auv_ga_pso_tlbo_proxy,survey,21350865,3
0.0,1.0,270.0,0.1753086419753086,0.8664498515935257,0.7909599091419043,0.6666666666666669,0.9746244336014386,0.0,5.0,0.0,6637.950000000009,2608.0000000000055,0.0,independent_greedy,survey,21350865,3
0.0,0.6666666666666666,300.0,0.017777777777777774,0.9516406374237233,0.927596383441858,0.17777777777777773,0.9993452416340041,0.0,6.0,0.0,8509.483720411288,3547.616072715057,0.0,communication_aware,survey,21350865,3
1.0,1.0,267.0,0.0,0.9358360317960064,0.9107227061681432,0.0,0.9999999998888889,0.0,0.0,0.0,8436.532429361572,2131.428328364192,22.0,haco_safemarl_pilot_no_acoustic,survey,21350865,3
0.0,1.0,262.0,0.0012722646310432569,0.9330073235815025,0.9056647522821194,0.012345679012345678,0.9999967543313686,0.0,5.0,0.0,8267.95964161924,2062.3098829917576,0.0,haco_safemarl_pilot_no_shield,survey,21350865,3
1.0,1.0,267.0,0.0,0.935848643920884,0.9107575747167677,0.0,0.9999999998888889,0.0,0.0,0.0,8436.806370460856,2131.543750485174,22.0,haco_safemarl_pilot,survey,21350865,3
0.0,0.0,300.0,0.0,0.9412152743991766,0.9290833179622017,0.0,0.9999999998888889,0.0,0.0,0.0,1242.5128690541796,20.3582149821924,80.0,haco_safemarl_mappo,survey,21350865,3
0.0,0.6666666666666666,300.0,0.5377777777777777,0.5422252850667667,0.3183920083607128,0.6666666666666669,0.5962554866913947,0.0,0.0,0.016666666666666666,5560.499999999976,2930.617511047985,0.0,fixed_auv_ga_pso_tlbo_proxy,traffic,21160872,3
1.0,1.0,246.0,0.532520325203252,0.5237208098992601,0.21290083434418808,0.6666666666666667,0.6065493569547122,0.0,0.0,0.016260162601626018,6047.910000000008,2721.6000000000117,0.0,independent_greedy,traffic,21160872,3
0.0,0.3333333333333333,300.0,0.5533333333333333,0.7052213054731794,0.573730329897931,0.6666666666666669,0.5657214869043093,0.0,0.0,0.016666666666666666,8022.698065130092,3527.99566657493,0.0,communication_aware,traffic,21160872,3
0.0,0.3333333333333333,300.0,0.5133333333333333,0.6252801579554117,0.4224471199005802,0.6666666666666669,0.6383947287695733,0.0,0.0,0.016666666666666666,8926.375470223518,3259.53236815778,529.0,haco_safemarl_pilot_no_acoustic,traffic,21160872,3
0.0,0.3333333333333333,300.0,0.5633333333333334,0.5729309519039245,0.373641900018981,0.6666666666666669,0.5455730406785653,0.0,0.0,0.016666666666666666,8892.92127219293,3266.672444627466,0.0,haco_safemarl_pilot_no_shield,traffic,21160872,3
0.0,0.3333333333333333,300.0,0.5033333333333333,0.7535683886195271,0.6482332341335912,0.6666666666666669,0.6575800955745925,0.0,0.0,0.016666666666666666,8795.92375732306,3268.8488756200945,531.0,haco_safemarl_pilot,traffic,21160872,3
0.0,0.3333333333333333,300.0,0.5266666666666666,0.6218624482531765,0.4798621027205683,0.6666666666666669,0.6168498764250048,0.0,0.0,0.013333333333333334,551.5342252373518,488.17659756312656,557.0,haco_safemarl_mappo,traffic,21160872,3
1.0,1.0,280.0,0.2523809523809524,0.8162437082673181,0.736290861809712,0.6666666666666669,0.9462551343761123,0.0,0.0,0.0,5189.799999999979,2154.487895375106,0.0,fixed_auv_ga_pso_tlbo_proxy,traffic,21170879,3
1.0,1.0,214.0,0.3909657320872273,0.7066892981615206,0.4383029105169333,0.8030303030303029,0.7361125153056712,0.0,0.0,0.0,5261.190000000007,1774.8000000000047,0.0,independent_greedy,traffic,21170879,3
0.0,0.6666666666666666,300.0,0.3511111111111111,0.8199327278907091,0.781165739964915,0.6666666666666669,0.9546490209150854,0.0,0.0,0.0,8365.44902688012,3358.6576276782853,0.0,communication_aware,traffic,21170879,3
1.0,1.0,236.0,0.10593220338983048,0.8477851327166791,0.8334085640052409,0.625,0.993868454400712,0.0,0.0,0.0,7488.414605743043,2001.7962910130666,215.0,haco_safemarl_pilot_no_acoustic,traffic,21170879,3
1.0,1.0,213.0,0.19405320813771512,0.8270486270559978,0.8158806554874285,0.6666666666666665,0.9994950235516937,0.0,0.0,0.0,6783.89306623458,1751.56882254084,0.0,haco_safemarl_pilot_no_shield,traffic,21170879,3
1.0,1.0,254.0,0.13385826771653542,0.8457872794070002,0.8253650679227394,0.6666666666666667,0.9900180001821122,0.0,0.0,0.0,7978.102411962006,2359.379207646113,252.0,haco_safemarl_pilot,traffic,21170879,3
0.0,0.3333333333333333,300.0,0.037777777777777785,0.8576187613697384,0.8359286332339309,0.3333333333333334,0.9969266270933719,0.0,0.0,0.0,1136.3723970265517,266.3304317386312,396.0,haco_safemarl_mappo,traffic,21170879,3
0.0,0.6666666666666666,300.0,0.1933333333333333,0.8429557428113281,0.7593217295462685,0.6666666666666669,0.9686083819641081,0.02666666666666667,0.0,0.06333333333333334,5560.499999999976,3108.82936163516,0.0,fixed_auv_ga_pso_tlbo_proxy,traffic,21180886,3
0.0,0.6666666666666666,300.0,0.6277777777777778,0.6700710212440587,0.5931859308314422,1.0,0.7925998116311489,0.0,58.0,0.043333333333333335,7375.50000000001,3681.800000000024,0.0,independent_greedy,traffic,21180886,3
0.0,0.6666666666666666,300.0,0.26111111111111107,0.8511333202835719,0.8079247951225982,0.6666666666666669,0.939906354562727,0.02666666666666667,0.0,0.06666666666666667,8302.78620249888,3744.864252408638,0.0,communication_aware,traffic,21180886,3
0.0,0.6666666666666666,300.0,0.2522222222222222,0.7823590625766309,0.5874756157708647,0.6666666666666669,0.9292852817865679,0.0,0.0,0.07666666666666666,9449.288717130097,2614.11336643313,308.0,haco_safemarl_pilot_no_acoustic,traffic,21180886,3
0.0,0.6666666666666666,300.0,0.29111111111111104,0.7324400549945259,0.5321273508686223,0.6666666666666669,0.9220613884177472,0.0,0.0,0.08,9366.411046091087,2442.4195200476106,0.0,haco_safemarl_pilot_no_shield,traffic,21180886,3
0.0,0.6666666666666666,300.0,0.2433333333333333,0.8307156118832871,0.7255912713724496,0.6666666666666669,0.9487997837802723,0.0,0.0,0.07666666666666666,9242.973514901372,2721.562471501452,322.0,haco_safemarl_pilot,traffic,21180886,3
0.0,0.0,300.0,0.24111111111111108,0.8250173919268621,0.7261748766998611,0.6666666666666669,0.9231282217082101,0.0,0.0,0.08333333333333333,734.290138881737,25.951254481819102,476.0,haco_safemarl_mappo,traffic,21180886,3
0.0,1.0,295.0,0.255367231638418,0.8157778793643817,0.7667199976360596,0.6666666666666669,0.941316339734222,0.07457627118644068,0.0,0.42033898305084744,5467.824999999977,2832.5030643574664,0.0,fixed_auv_ga_pso_tlbo_proxy,traffic,21190893,3
1.0,1.0,225.0,0.45333333333333325,0.7180599812092465,0.5146536004677302,0.8550724637681159,0.7878456488865474,0.0,0.0,0.0,5531.625000000007,2416.800000000002,0.0,independent_greedy,traffic,21190893,3
0.0,0.6666666666666666,300.0,0.31666666666666665,0.8251904815433628,0.7814586507827428,0.6666666666666669,0.9023081050129236,0.0,0.0,0.34,8268.074354572864,3472.902158540059,0.0,communication_aware,traffic,21190893,3
1.0,1.0,218.0,0.08868501529051985,0.8751880762647363,0.8348458097796114,0.33333333333333326,0.9814114889412711,0.0,0.0,0.0045871559633027525,7017.7674999999745,1888.4389954433514,125.0,haco_safemarl_pilot_no_acoustic,traffic,21190893,3
1.0,1.0,219.0,0.20395738203957384,0.8230135369561121,0.677632165666537,0.33333333333333326,0.8839455662229796,0.0,0.0,0.0,6878.929770100796,1905.6899324881208,0.0,haco_safemarl_pilot_no_shield,traffic,21190893,3
1.0,1.0,218.0,0.0779816513761468,0.8766972435119234,0.8391042973062094,0.33333333333333326,0.9858952144950837,0.0,0.0,0.0,6965.165786832208,1808.5214590078513,113.0,haco_safemarl_pilot,traffic,21190893,3
0.0,0.0,300.0,0.028888888888888888,0.855859584194929,0.8352511974440828,0.28888888888888886,0.9982332061949627,0.0,0.0,0.0033333333333333335,718.198977688124,140.11254162812438,408.0,haco_safemarl_mappo,traffic,21190893,3
1.0,1.0,160.0,0.3833333333333333,0.7456764092088884,0.44677137387287147,0.6666666666666666,0.7102464330562394,0.0,0.0,0.0,2965.5999999999967,1676.9822443548996,0.0,fixed_auv_ga_pso_tlbo_proxy,traffic,21200900,3
1.0,1.0,123.0,0.37127371273712734,0.7102324348639534,0.30139446522461655,0.6666666666666666,0.6642478093292681,0.0,0.0,0.0,3023.9550000000036,1530.7999999999977,0.0,independent_greedy,traffic,21200900,3
1.0,1.0,240.0,0.5055555555555555,0.7470969692880017,0.5702356876091635,0.6666666666666666,0.6178205463960803,0.0,0.0,0.09583333333333334,6462.675907198838,3048.4759841190325,0.0,communication_aware,traffic,21200900,3
1.0,1.0,158.0,0.35654008438818574,0.7854073564165379,0.5830249805970321,0.6666666666666666,0.8037203112061715,0.0,0.0,0.0,3016.579616982446,834.1415580526525,346.0,haco_safemarl_pilot_no_acoustic,traffic,21200900,3
1.0,1.0,123.0,0.3224932249322493,0.7832251844251751,0.5578020614911947,0.6666666666666666,0.8146294411990758,0.0,0.0,0.0,3791.406670225192,853.7632886112792,0.0,haco_safemarl_pilot_no_shield,traffic,21200900,3
0.0,0.6666666666666666,300.0,0.49666666666666665,0.7597942038453013,0.6169178911997126,0.6666666666666669,0.6653405828287385,0.0,0.0,0.09333333333333334,4414.466891410109,1856.1649295425298,843.0,haco_safemarl_pilot,traffic,21200900,3
0.0,0.3333333333333333,300.0,0.2644444444444444,0.8324241870990796,0.7776289992839602,0.6666666666666669,0.9292469231409886,0.0,0.0,0.05,1359.4947724154322,1090.6928577452795,642.0,haco_safemarl_mappo,traffic,21200900,3
1.0,1.0,284.0,0.8321596244131455,0.3602246054345796,0.30862810196436546,1.0,0.8191723724684064,0.0,0.0,0.0528169014084507,5263.939999999979,3036.849461095074,0.0,fixed_auv_ga_pso_tlbo_proxy,traffic,21210907,3
0.0,1.0,217.0,0.8172043010752689,0.3173914088918249,0.1623951124976628,1.0,0.5038246691669477,0.04608294930875576,0.0,0.11059907834101383,5334.945000000007,2728.600000000004,0.0,independent_greedy,traffic,21210907,3
0.0,0.6666666666666666,300.0,0.8633333333333333,0.5240568261479082,0.4694806859930821,1.0,0.8431700342258653,0.0,0.0,0.05333333333333334,7739.52040168664,3059.696761141247,0.0,communication_aware,traffic,21210907,3
1.0,1.0,270.0,0.6987654320987654,0.5086716496064415,0.2922560841890317,1.0,0.5483651096990345,0.0,0.0,0.07777777777777778,8300.840890428091,2024.339485583852,641.0,haco_safemarl_pilot_no_acoustic,traffic,21210907,3
1.0,1.0,223.0,0.6905829596412557,0.4810756405270829,0.23064553688016728,1.0,0.5420699074353662,0.0,0.0,0.06278026905829596,6954.305146873366,1482.2089382061288,0.0,haco_safemarl_pilot_no_shield,traffic,21210907,3
0.0,0.0,300.0,0.8366666666666667,0.6326602685350096,0.5800689804397999,1.0,0.8085082473616289,0.0,0.0,0.07,8553.301525601251,3159.962340898901,841.0,haco_safemarl_pilot,traffic,21210907,3
0.0,0.0,300.0,0.8055555555555555,0.5251928702791778,0.48489043260840503,1.0,0.9117025369279501,0.0,0.0,0.0,601.9692418360173,365.5729066709911,905.0,haco_safemarl_mappo,traffic,21210907,3
0.0,1.0,271.0,0.0,0.9204037749909535,0.8937724600094884,0.0,0.9999999998888889,0.0,72.0,0.0,5022.984999999981,2749.4692638811057,0.0,fixed_auv_ga_pso_tlbo_proxy,traffic,21220914,3
0.0,1.0,207.0,0.16103059581320447,0.8559562744733215,0.7969212067595678,0.6666666666666665,0.9750561271556288,0.0,54.0,0.0,5089.095000000007,2055.1999999999975,0.0,independent_greedy,traffic,21220914,3
0.0,1.0,235.0,0.0,0.9202557056242174,0.8934298861298118,0.0,0.9999999998888889,0.0,62.0,0.0,6668.125,2716.8292552208995,0.0,communication_aware,traffic,21220914,3
1.0,1.0,214.0,0.0,0.9107655105747027,0.8815222647732863,0.0,0.9999999998888889,0.0,0.0,0.0,5787.347133897898,1634.9665414195797,109.0,haco_safemarl_pilot_no_acoustic,traffic,21220914,3
0.0,1.0,201.0,0.0,0.9157583575920191,0.8926366584048215,0.0,0.9999999998888889,0.0,52.0,0.0,6294.176249999995,1681.0900569405753,0.0,haco_safemarl_pilot_no_shield,traffic,21220914,3
1.0,1.0,214.0,0.0,0.9107596124981558,0.8815047173273659,0.0,0.9999999998888889,0.0,0.0,0.0,5787.323643856995,1648.5641632069703,109.0,haco_safemarl_pilot,traffic,21220914,3
0.0,0.3333333333333333,300.0,0.0,0.8936835240523727,0.8368684207265276,0.0,0.9999999998888889,0.0,0.0,0.0,1088.5737371530076,293.82229174629947,114.0,haco_safemarl_mappo,traffic,21220914,3
0.0,0.6666666666666666,300.0,0.1533333333333333,0.845474460251667,0.8096929832454045,0.6666666666666669,0.9696307798753122,0.0,0.0,0.09333333333333334,5560.499999999976,3074.259514040784,0.0,fixed_auv_ga_pso_tlbo_proxy,traffic,21230921,3
1.0,1.0,236.0,0.3333333333333333,0.767174069858798,0.5404947824066875,0.6527777777777778,0.7309618020725906,0.0,0.0,0.01694915254237288,5802.060000000008,2644.000000000006,0.0,independent_greedy,traffic,21230921,3
0.0,0.6666666666666666,300.0,0.22777777777777772,0.8343322860816973,0.8136529234663401,0.6666666666666669,0.9539708212891225,0.0,0.0,0.10666666666666667,8352.040080568593,3735.486329985718,0.0,communication_aware,traffic,21230921,3
1.0,1.0,229.0,0.12663755458515283,0.8455024489677164,0.7424870549553764,0.3333333333333332,0.9596468498250647,0.0,0.0,0.0,7295.901249999972,1736.7321640788784,136.0,haco_safemarl_pilot_no_acoustic,traffic,21230921,3
1.0,1.0,230.0,0.16811594202898544,0.8160740663291437,0.669188422663127,0.6666666666666664,0.9634646312513753,0.0,0.0,0.0,7192.39187771692,1695.421646234752,0.0,haco_safemarl_pilot_no_shield,traffic,21230921,3
1.0,1.0,229.0,0.12663755458515283,0.8524626521836365,0.7633475881769195,0.3333333333333332,0.9596468498250647,0.0,0.0,0.0,7329.30201164484,1713.568900060536,138.0,haco_safemarl_pilot,traffic,21230921,3
0.0,0.3333333333333333,300.0,0.07666666666666665,0.8514373789697687,0.8132127805238278,0.3333333333333334,0.9863987554493169,0.0,0.0,0.19666666666666666,898.2687422703249,175.24262360327086,452.0,haco_safemarl_mappo,traffic,21230921,3
1.0,1.0,269.0,0.1722428748451053,0.8487304257634145,0.7786609331480643,0.3333333333333334,0.9203037538895404,0.0,0.0,0.0,4985.914999999981,2326.4417702258074,0.0,fixed_auv_ga_pso_tlbo_proxy,traffic,21240928,3
1.0,1.0,206.0,0.33495145631067963,0.7713418696450173,0.5759578406803619,0.6666666666666665,0.733804230117682,0.0,0.0,0.0,5064.510000000007,1918.3999999999971,0.0,independent_greedy,traffic,21240928,3
1.0,1.0,296.0,0.19932432432432431,0.8503243491504342,0.7923803933692847,0.3333333333333334,0.8897213728808108,0.0,0.0,0.0,8306.98332010191,3647.0745532251585,0.0,communication_aware,traffic,21240928,3
1.0,1.0,195.0,0.17435897435897435,0.8583378670829478,0.8405190156583509,0.6666666666666665,0.985327099092903,0.0,0.0,0.020512820512820513,5074.87017537926,1126.835198421599,291.0,haco_safemarl_pilot_no_acoustic,traffic,21240928,3
0.0,1.0,201.0,0.296849087893864,0.8227976873188195,0.7893387012927908,0.6666666666666665,0.969445972114372,0.0,16.0,0.05472636815920398,6332.431403266042,1616.9617262350343,0.0,haco_safemarl_pilot_no_shield,traffic,21240928,3
1.0,1.0,195.0,0.15042735042735042,0.8592911511558461,0.8399223866611985,0.6666666666666665,0.9799727837859551,0.0,0.0,0.041025641025641026,5075.47956422151,1135.0353720035969,283.0,haco_safemarl_pilot,traffic,21240928,3
0.0,0.6666666666666666,300.0,0.0,0.860510564636402,0.8318879730583969,0.0,0.9999999998888889,0.0,0.0,0.0,1468.2829260822932,522.9916585124963,283.0,haco_safemarl_mappo,traffic,21240928,3
0.0,0.6666666666666666,300.0,0.0,0.889441598064048,0.8332184359061127,0.0,0.9999999998888889,0.0,0.0,0.15333333333333332,5560.499999999976,3063.7450787516905,0.0,fixed_auv_ga_pso_tlbo_proxy,traffic,21250935,3
0.0,1.0,261.0,0.40485312899105996,0.8083068957370788,0.7353816008854863,0.6666666666666669,0.7560141762179781,0.01532567049808429,0.0,0.08812260536398467,6416.685000000009,3020.800000000007,0.0,independent_greedy,traffic,21250935,3
1.0,1.0,295.0,0.0,0.8867625366607277,0.8290537472778625,0.0,0.9999999998888889,0.0,0.0,0.13559322033898305,8370.625,3994.311967395682,0.0,communication_aware,traffic,21250935,3
0.0,1.0,248.0,0.013440860215053762,0.8994256595935771,0.8746005691124591,0.13333333333333333,0.9996289120791287,0.008064516129032258,0.0,0.09274193548387097,7376.108022811682,2039.3986146083225,100.0,haco_safemarl_pilot_no_acoustic,traffic,21250935,3
0.0,1.0,253.0,0.022397891963109352,0.8927669065673237,0.8579189862728511,0.21794871794871792,0.9997348875742369,0.023715415019762844,0.0,0.1225296442687747,7809.146764703593,2152.720164102431,0.0,haco_safemarl_pilot_no_shield,traffic,21250935,3
0.0,1.0,248.0,0.0013440860215053762,0.900042997537913,0.8748117068758158,0.013333333333333332,0.9999963770349048,0.008064516129032258,0.0,0.0967741935483871,7361.462786227246,2016.4096026317159,99.0,haco_safemarl_pilot,traffic,21250935,3
0.0,0.0,300.0,0.0,0.8724274009060269,0.8367625106641451,0.0,0.9999999998888889,0.0,0.0,0.04,1149.9532510592283,134.4829035036307,300.0,haco_safemarl_mappo,traffic,21250935,3
0.0,0.6666666666666666,300.0,0.5466666666666666,0.618962786398453,0.4945189276283035,1.0,0.766302996506158,0.0,65.0,0.0,5560.499999999976,2958.1379832268217,0.0,fixed_auv_ga_pso_tlbo_proxy,traffic,21260942,3
0.0,1.0,291.0,0.6288659793814433,0.4565235472837606,0.18789497923313883,1.0,0.6474963913571503,0.0,49.0,0.0,7154.23500000001,3334.4000000000196,0.0,independent_greedy,traffic,21260942,3
0.0,0.3333333333333333,300.0,0.6244444444444444,0.7154276535182028,0.6300045099139734,1.0,0.744328472518734,0.0,57.0,0.0,7984.369646287545,3129.1552833998917,0.0,communication_aware,traffic,21260942,3
0.0,0.3333333333333333,300.0,0.4477777777777777,0.7296556632175496,0.6703122435580521,0.7000000000000001,0.9686969340597013,0.0,0.0,0.0,9329.190550314946,3079.1379426743133,550.0,haco_safemarl_pilot_no_acoustic,traffic,21260942,3
0.0,0.3333333333333333,300.0,0.6255555555555556,0.6158318793762472,0.5341028375846103,1.0,0.8237696291724564,0.0,111.0,0.0,9191.810156509802,2796.230340540286,0.0,haco_safemarl_pilot_no_shield,traffic,21260942,3
0.0,0.3333333333333333,300.0,0.4288888888888889,0.7719421063681317,0.6924771099693301,0.7777777777777778,0.9772658333224069,0.0,0.0,0.0,9290.633344443677,3037.268129446305,564.0,haco_safemarl_pilot,traffic,21260942,3
0.0,0.0,300.0,0.47111111111111104,0.718551270158897,0.6234101495743168,0.8666666666666667,0.7679709317324313,0.0,0.0,0.0,755.0498885460493,227.612856050153,805.0,haco_safemarl_mappo,traffic,21260942,3
1.0,1.0,258.0,0.297157622739018,0.7576881084011446,0.670255083980757,0.6666666666666667,0.916863400994423,0.0,0.0,0.0,4782.0299999999825,2581.552228181396,0.0,fixed_auv_ga_pso_tlbo_proxy,traffic,21270949,3
1.0,1.0,197.0,0.45346869712351945,0.7218590683353889,0.598345682377735,0.6666666666666665,0.677175218081456,0.0,0.0,0.0,4843.245000000006,2121.0000000000045,0.0,independent_greedy,traffic,21270949,3
0.0,0.3333333333333333,300.0,0.39444444444444443,0.7851049472623777,0.7280040475473387,0.6666666666666669,0.824705199441848,0.0,0.0,0.0,8173.0517802972145,3645.985020569643,0.0,communication_aware,traffic,21270949,3
1.0,1.0,273.0,0.34432234432234426,0.7617050259766963,0.6546467682050789,0.6666666666666669,0.8868498987698522,0.0,0.0,0.0,6595.692329810438,2026.180517334431,484.0,haco_safemarl_pilot_no_acoustic,traffic,21270949,3
1.0,1.0,222.0,0.340840840840841,0.7545213010515015,0.6421453706464912,0.6666666666666664,0.9015807519475975,0.0,0.0,0.0,6833.587935743911,1987.1987588272448,0.0,haco_safemarl_pilot_no_shield,traffic,21270949,3
0.0,0.3333333333333333,300.0,0.36999999999999994,0.7943058051335936,0.7405348759003382,0.6666666666666669,0.851412227183551,0.0,0.0,0.0,6776.173280718135,2624.603904977358,575.0,haco_safemarl_pilot,traffic,21270949,3
0.0,0.3333333333333333,300.0,0.16333333333333333,0.8338513524800505,0.7814783080026756,0.3333333333333334,0.9291771749142105,0.0,0.0,0.0,754.9225682155702,361.3333897553987,413.0,haco_safemarl_mappo,traffic,21270949,3
0.0,1.0,152.0,0.09649122807017543,0.8643662335078849,0.8353784899376135,0.6666666666666666,0.9943296310571429,0.0,97.0,0.0,2817.3199999999974,1423.1272791636675,0.0,fixed_auv_ga_pso_tlbo_proxy,traffic,21280956,3
0.0,1.0,116.0,0.10057471264367814,0.8622681312240437,0.8414176432283758,0.5555555555555557,0.9883578986380622,0.0,74.0,0.0,2851.8600000000033,1235.3999999999987,0.0,independent_greedy,traffic,21280956,3
0.0,1.0,151.0,0.15673289183222963,0.8539349020075037,0.8222869369906323,0.6666666666666666,0.9827723224201709,0.0,85.0,0.0,4250.974870528856,1830.111947175585,0.0,communication_aware,traffic,21280956,3
1.0,1.0,122.0,0.02185792349726776,0.8895439519712878,0.8615748833981635,0.20512820512820512,0.9990022759418425,0.0,0.0,0.0,3710.82010462599,1266.511889589427,146.0,haco_safemarl_pilot_no_acoustic,traffic,21280956,3
0.0,1.0,113.0,0.05899705014749262,0.8661413756260884,0.8538441290696754,0.3333333333333333,0.9921997639193317,0.0,117.0,0.0,3571.7573622494524,891.3517413915241,0.0,haco_safemarl_pilot_no_shield,traffic,21280956,3
1.0,1.0,120.0,0.027777777777777776,0.8901225597321653,0.8626560652888849,0.27777777777777785,0.9983700080327911,0.0,0.0,0.0,3645.249192987375,1273.0328080913923,140.0,haco_safemarl_pilot,traffic,21280956,3
0.0,0.3333333333333333,300.0,0.0,0.8620150763311795,0.8425497640986556,0.0,0.9999999998888889,0.0,0.0,0.0,805.1085704660909,904.2026366992562,254.0,haco_safemarl_mappo,traffic,21280956,3
0.0,0.6666666666666666,300.0,0.21444444444444444,0.848349505447931,0.7665185606070763,0.6666666666666669,0.9524362102057324,0.0,0.0,0.0,5560.499999999976,2941.0705032924043,0.0,fixed_auv_ga_pso_tlbo_proxy,traffic,21290963,3
1.0,1.0,231.0,0.5901875901875901,0.6800762891584012,0.5202472981108406,1.0,0.790512593921567,0.0,0.0,0.0,5679.1350000000075,2184.4000000000074,0.0,independent_greedy,traffic,21290963,3
0.0,0.6666666666666666,300.0,0.2644444444444444,0.8525105365156187,0.7989224802622826,0.6666666666666669,0.9292469231409882,0.0,0.0,0.0,8349.164581847153,3566.638200170724,0.0,communication_aware,traffic,21290963,3
1.0,1.0,224.0,0.0,0.8849017422427574,0.8763928021642338,0.0,0.9999999998888889,0.0,0.0,0.0,7214.018750000001,1894.2692070188955,38.0,haco_safemarl_pilot_no_acoustic,traffic,21290963,3
1.0,1.0,224.0,0.01488095238095238,0.8825848551265248,0.8693266835585566,0.14492753623188406,0.9995438412883897,0.0,0.0,0.0,7068.719308137108,1755.172674358877,0.0,haco_safemarl_pilot_no_shield,traffic,21290963,3
1.0,1.0,224.0,0.0,0.8848746076611439,0.876312216945553,0.0,0.9999999998888889,0.0,0.0,0.0,7214.454911036631,1894.3352162404703,38.0,haco_safemarl_pilot,traffic,21290963,3
0.0,0.3333333333333333,300.0,0.0,0.8716310706491158,0.8363498529907095,0.0,0.9999999998888889,0.0,0.0,0.0,900.2788438067308,82.83617082441333,370.0,haco_safemarl_mappo,traffic,21290963,3
0.0,1.0,235.0,0.251063829787234,0.821495152227273,0.7399339524818731,0.6666666666666666,0.9457165535261942,0.0,115.0,0.0,4355.724999999986,2026.2826438422094,0.0,fixed_auv_ga_pso_tlbo_proxy,traffic,21300970,3
0.0,1.0,180.0,0.4314814814814814,0.7786882239766756,0.6715982042866238,0.6666666666666665,0.750348308419823,0.0,88.0,0.0,4425.300000000006,1672.7999999999997,0.0,independent_greedy,traffic,21300970,3
0.0,0.6666666666666666,300.0,0.38333333333333336,0.8013914379675073,0.7156057374141556,0.6666666666666669,0.8376640856866528,0.0,100.0,0.0,8184.4672215705,3332.804367951114,0.0,communication_aware,traffic,21300970,3
0.0,0.6666666666666666,300.0,0.06111111111111111,0.8998514393877766,0.8542116646853761,0.3333333333333334,0.9915980972964706,0.0,0.0,0.0,4418.075227709878,1735.7773380287329,643.0,haco_safemarl_pilot_no_acoustic,traffic,21300970,3
0.0,1.0,180.0,0.20370370370370372,0.8279275193700009,0.701964992261384,0.6666666666666665,0.9562968707991516,0.0,86.0,0.0,5689.332414164672,1283.2589193553404,0.0,haco_safemarl_pilot_no_shield,traffic,21300970,3
0.0,0.6666666666666666,300.0,0.056666666666666664,0.9008616854416409,0.8573117014987258,0.3333333333333334,0.9928347402292346,0.0,0.0,0.0,4413.130576177496,1730.248959202942,640.0,haco_safemarl_pilot,traffic,21300970,3
0.0,0.0,300.0,0.16222222222222218,0.8635104428520264,0.7963371943571945,0.3333333333333334,0.9302427561184494,0.0,0.0,0.0,1155.6642054873332,583.205415698834,460.0,haco_safemarl_mappo,traffic,21300970,3
0.0,1.0,234.0,0.42877492877492873,0.6499070283173822,0.41839678933370217,0.6666666666666666,0.7766700957668491,0.0,46.0,0.0641025641025641,4337.189999999986,1970.6795003031639,0.0,fixed_auv_ga_pso_tlbo_proxy,traffic,21310977,3
0.0,1.0,179.0,0.41899441340782123,0.6282992675941373,0.23571362325440445,0.6666666666666665,0.7379576982514978,0.0,36.0,0.0670391061452514,4400.715000000006,1456.2000000000035,0.0,independent_greedy,traffic,21310977,3
0.0,0.3333333333333333,300.0,0.6422222222222222,0.6638826875110272,0.5348390574026692,1.0,0.7994017048931691,0.03,85.0,0.07333333333333333,7942.18171090658,3004.519604859139,0.0,communication_aware,traffic,21310977,3
1.0,1.0,288.0,0.474537037037037,0.6148019135739742,0.3510182612528555,0.6666666666666669,0.6927896312888626,0.0,0.0,0.11458333333333333,8531.660886359,2662.81607122745,507.0,haco_safemarl_pilot_no_acoustic,traffic,21310977,3
0.0,0.3333333333333333,300.0,0.56,0.5668691912098491,0.37557159488679265,0.9333333333333333,0.6251285606119035,0.023333333333333334,152.0,0.07666666666666666,9014.533012212918,3019.8275526585253,0.0,haco_safemarl_pilot_no_shield,traffic,21310977,3
0.0,0.3333333333333333,300.0,0.5011111111111111,0.7537414086801065,0.654015322049072,0.6666666666666669,0.6597258353397428,0.0,0.0,0.08333333333333333,8758.609371343608,3105.5368000714884,542.0,haco_safemarl_pilot,traffic,21310977,3
0.0,0.0,300.0,0.49111111111111105,0.6456182426012482,0.4044426848738954,0.6666666666666669,0.6645251217772057,0.0,0.0,0.043333333333333335,624.4705454871283,133.47251907049204,564.0,haco_safemarl_mappo,traffic,21310977,3
0.0,0.6666666666666666,300.0,0.13555555555555557,0.8497454356636027,0.7588102171284438,0.4444444444444443,0.9633187549150787,0.0,86.0,0.0,5560.499999999976,2617.006465413441,0.0,fixed_auv_ga_pso_tlbo_proxy,traffic,21320984,3
0.0,1.0,284.0,0.5974178403755869,0.6838643609900199,0.5828116193394598,0.7701149425287356,0.6290213059013857,0.0,121.0,0.035211267605633804,6982.140000000009,2928.4000000000146,0.0,independent_greedy,traffic,21320984,3
0.0,0.6666666666666666,300.0,0.16666666666666666,0.8604913020014914,0.8164402551644251,0.48888888888888876,0.943671612202252,0.0,114.0,0.0,8397.671522366012,3444.213277025452,0.0,communication_aware,traffic,21320984,3
0.0,0.3333333333333333,300.0,0.11222222222222224,0.868090914299251,0.8375702318575693,0.36666666666666664,0.9749810241137168,0.0,0.0,0.06666666666666667,6794.810209142229,2150.1136477832374,410.0,haco_safemarl_pilot_no_acoustic,traffic,21320984,3
0.0,1.0,276.0,0.28623188405797095,0.7537311440732734,0.6744138382711223,0.6666666666666669,0.9181867649047358,0.0,44.0,0.0,8738.337054876794,2089.311236423231,0.0,haco_safemarl_pilot_no_shield,traffic,21320984,3
0.0,0.3333333333333333,300.0,0.06666666666666664,0.8739730503618108,0.853231842706946,0.3333333333333334,0.9913258982637475,0.0033333333333333335,0.0,0.08,6846.858965326172,2216.5827277276917,406.0,haco_safemarl_pilot,traffic,21320984,3
0.0,0.0,300.0,0.1011111111111111,0.8784597308843718,0.8366768231946764,0.3333333333333334,0.9753190181735318,0.0,0.0,0.0,1299.5423514367462,574.1853377532466,389.0,haco_safemarl_mappo,traffic,21320984,3
1.0,1.0,230.0,0.08695652173913046,0.9047806269000599,0.8714069066801731,0.6231884057971012,0.993989481461102,0.0,0.0,0.0,4263.0499999999865,2122.4071791854467,0.0,fixed_auv_ga_pso_tlbo_proxy,traffic,21330991,3
1.0,1.0,176.0,0.08522727272727272,0.8998058252651384,0.8549592482769716,0.5370370370370369,0.9923179989759966,0.0,0.0,0.0,4326.9600000000055,1868.6000000000054,0.0,independent_greedy,traffic,21330991,3
1.0,1.0,243.0,0.19478737997256512,0.8819205762709486,0.8456766489952389,0.6666666666666667,0.9711612987073148,0.0,0.0,0.0,6763.112010643832,2872.47625844285,0.0,communication_aware,traffic,21330991,3
1.0,1.0,195.0,0.10256410256410255,0.9004319693664646,0.8673821942933398,0.6666666666666665,0.9924600044010735,0.0,0.0,0.0,6084.757319667948,1938.407086048878,99.0,haco_safemarl_pilot_no_acoustic,traffic,21330991,3
1.0,1.0,173.0,0.07321772639691716,0.9086804389284345,0.8795904726093815,0.5925925925925924,0.9962451502163061,0.0,0.0,0.0,5475.309333663368,1691.0640749945244,0.0,haco_safemarl_pilot_no_shield,traffic,21330991,3
1.0,1.0,207.0,0.12077294685990334,0.8958257718640119,0.8613438115627772,0.6666666666666665,0.9900567897365651,0.0,0.0,0.0,6427.740584734229,2051.3297301188672,122.0,haco_safemarl_pilot,traffic,21330991,3
0.0,0.6666666666666666,300.0,0.03111111111111112,0.8904770491358527,0.8424169383010566,0.3111111111111111,0.9979421274702148,0.0,0.0,0.0,958.7006529749644,43.75119996529468,179.0,haco_safemarl_mappo,traffic,21330991,3
0.0,0.3333333333333333,300.0,0.3077777777777777,0.7243033419853734,0.6000269476355286,0.6666666666666669,0.9086373796823698,0.0,86.0,0.0,5560.499999999976,2418.829701244728,0.0,fixed_auv_ga_pso_tlbo_proxy,traffic,21340998,3
0.0,1.0,275.0,0.5951515151515151,0.5540073750273009,0.3764861919689612,0.9404761904761905,0.6340642723689535,0.0,65.0,0.0,6760.875000000009,2365.4000000000083,0.0,independent_greedy,traffic,21340998,3
0.0,0.0,300.0,0.43,0.7760612519467597,0.7090366092477893,1.0,0.9353229053720618,0.0,73.0,0.0,8137.407024608375,2954.6570082520166,0.0,communication_aware,traffic,21340998,3
0.0,0.3333333333333333,300.0,0.44333333333333336,0.6975647755312877,0.5840592500076415,1.0,0.8776289424823631,0.0,13.0,0.0,9340.413050748803,2936.80938318152,499.0,haco_safemarl_pilot_no_acoustic,traffic,21340998,3
0.0,0.3333333333333333,300.0,0.5122222222222222,0.6428340886605719,0.5374779780236119,1.0,0.9155870374109677,0.0,64.0,0.0,9282.764618538875,2900.0923921672156,0.0,haco_safemarl_pilot_no_shield,traffic,21340998,3
0.0,0.0,300.0,0.41777777777777775,0.7843384765262601,0.7303900948024921,1.0,0.8884574561881612,0.0,13.0,0.0,9202.95951701517,3194.456315810627,526.0,haco_safemarl_pilot,traffic,21340998,3
0.0,0.0,300.0,0.3611111111111111,0.7392475430241696,0.6326943254234627,0.6666666666666669,0.861857728429595,0.0,14.0,0.0,1271.928908336207,250.81536563487109,668.0,haco_safemarl_mappo,traffic,21340998,3
0.0,1.0,244.0,0.337431693989071,0.7423483581606704,0.5336851669497942,0.6666666666666667,0.7842637138318751,0.0,104.0,0.012295081967213115,4522.5399999999845,1594.3525331952824,0.0,fixed_auv_ga_pso_tlbo_proxy,traffic,21351005,3
0.0,1.0,187.0,0.6203208556149733,0.5898837760819123,0.22432026723157186,0.8596491228070174,0.4729928375343772,0.0,80.0,0.1443850267379679,4597.395000000006,1240.0000000000002,0.0,independent_greedy,traffic,21351005,3
0.0,0.6666666666666666,300.0,0.4666666666666667,0.7584849777566106,0.6550490842815203,0.8111111111111111,0.7224971305041026,0.0,180.0,0.05,8225.4176449137,3244.3521505674207,0.0,communication_aware,traffic,21351005,3
0.0,1.0,225.0,0.3288888888888889,0.8031551827159091,0.720831320514052,0.4637681159420289,0.850307663442738,0.0044444444444444444,0.0,0.22666666666666666,5671.636087179278,1170.8626682081047,442.0,haco_safemarl_pilot_no_acoustic,traffic,21351005,3
0.0,1.0,203.0,0.5106732348111659,0.7227680107793651,0.6654719948485768,0.6984126984126983,0.7497424984305411,0.029556650246305417,40.0,0.22167487684729065,6457.709990325346,1687.4850187795014,0.0,haco_safemarl_pilot_no_shield,traffic,21351005,3
1.0,1.0,227.0,0.33920704845814964,0.8157077150301284,0.767827114008738,0.49275362318840565,0.8388427696176337,0.0,0.0,0.20704845814977973,5903.107464821095,1487.8439934470457,434.0,haco_safemarl_pilot,traffic,21351005,3
0.0,0.0,300.0,0.08555555555555555,0.8313120516542664,0.8011191285315785,0.3333333333333334,0.9827942197278074,0.0,0.0,0.1,1368.4938576539412,250.3686014457506,572.0,haco_safemarl_mappo,traffic,21351005,3
0.0,0.6666666666666666,300.0,0.7622222222222222,0.4524861279154024,0.2774000905620796,1.0,0.33333333311497365,0.0,60.0,0.06,5560.499999999976,2191.938755746033,0.0,fixed_auv_ga_pso_tlbo_proxy,acoustic_degradation,21161012,3
0.0,1.0,262.0,0.9643765903307888,0.29762189706502434,0.04853198813207236,1.0,0.44144142437933276,0.0,45.0,0.07251908396946564,6441.270000000009,2236.8000000000006,0.0,independent_greedy,acoustic_degradation,21161012,3
0.0,0.3333333333333333,300.0,0.8455555555555555,0.7116898438166929,0.6686220999913702,1.0,0.3333333328157618,0.0,52.0,0.06333333333333334,7877.556988683565,2947.806711313098,0.0,communication_aware,acoustic_degradation,21161012,3
0.0,0.6666666666666666,300.0,0.6955555555555556,0.5759262530812197,0.3585084799984452,0.9666666666666667,0.5379940948747421,0.02,9.0,0.1,8941.48684877666,2338.6044069154755,950.0,haco_safemarl_pilot_no_acoustic,acoustic_degradation,21161012,3
0.0,0.3333333333333333,300.0,0.8033333333333333,0.5043879999524489,0.30783071590548516,1.0,0.36482096031634476,0.02,45.0,0.07666666666666666,9051.293154320301,2922.4452647934795,0.0,haco_safemarl_pilot_no_shield,acoustic_degradation,21161012,3
0.0,0.3333333333333333,300.0,0.6811111111111111,0.6976015541389202,0.6079474450529515,0.8333333333333334,0.5340763935752697,0.03,16.0,0.08333333333333333,8825.028901881027,2957.0481720419593,951.0,haco_safemarl_pilot,acoustic_degradation,21161012,3
0.0,0.0,300.0,0.7455555555555556,0.5816545105599115,0.4703496693224988,1.0,0.3333333331426428,0.0,11.0,0.06333333333333334,1241.0581743850823,260.05897345118507,966.0,haco_safemarl_mappo,acoustic_degradation,21161012,3
1.0,1.0,220.0,1.0,0.19816111418552676,0.09468452317524541,1.0,0.0,0.0,0.0,0.18636363636363637,4077.699999999988,1866.5570224581027,0.0,fixed_auv_ga_pso_tlbo_proxy,acoustic_degradation,21171019,3
1.0,1.0,168.0,1.0,0.15483479139413775,0.07445975052508455,1.0,0.0,0.0,0.0,0.1130952380952381,4130.280000000005,1374.2000000000023,0.0,independent_greedy,acoustic_degradation,21171019,3
0.0,0.0,300.0,1.0,0.4019599144745497,0.2757997787542046,1.0,0.0,0.03,0.0,0.12,7627.118357473462,2953.047787252743,0.0,communication_aware,acoustic_degradation,21171019,3
0.0,0.6666666666666666,300.0,1.0,0.25218357218716453,0.12511905539619175,1.0,0.0,0.0,0.0,0.11666666666666667,8841.764807768108,2577.9616959944974,948.0,haco_safemarl_pilot_no_acoustic,acoustic_degradation,21171019,3
0.0,0.0,300.0,1.0,0.27442045582192437,0.17177942422151588,1.0,0.0,0.0,0.0,0.11333333333333333,8662.612529533377,3036.490192688214,0.0,haco_safemarl_pilot_no_shield,acoustic_degradation,21171019,3
0.0,0.0,300.0,1.0,0.5690758932540361,0.5140357006932649,1.0,0.0,0.0,0.0,0.09666666666666666,8334.962683131596,3007.8603151652305,952.0,haco_safemarl_pilot,acoustic_degradation,21171019,3
0.0,0.0,300.0,1.0,0.2473773316538567,0.21035096021285293,1.0,0.0,0.0,0.0,0.14,492.886808878165,54.84476445637165,958.0,haco_safemarl_mappo,acoustic_degradation,21171019,3
1.0,1.0,149.0,1.0,0.36394956958640307,0.17438432788319763,1.0,0.0,0.0,0.0,0.020134228187919462,2761.7149999999983,977.1244541547258,0.0,fixed_auv_ga_pso_tlbo_proxy,acoustic_degradation,21181026,3
1.0,1.0,114.0,0.847953216374269,0.3302696775466668,0.07399016490037588,1.0,0.3333333327993097,0.0,0.0,0.0,2802.6900000000032,762.5999999999999,0.0,independent_greedy,acoustic_degradation,21181026,3
0.0,0.3333333333333333,300.0,1.0,0.46725519896841167,0.30473153103492623,1.0,0.0,0.0,0.0,0.08,7636.601792016112,3015.063197038659,0.0,communication_aware,acoustic_degradation,21181026,3
1.0,1.0,205.0,0.7658536585365854,0.43421238941132584,0.17917087378216837,1.0,0.3333333331081479,0.0,0.0,0.0,6306.878243193753,1690.1592889189178,615.0,haco_safemarl_pilot_no_acoustic,acoustic_degradation,21181026,3
1.0,1.0,289.0,1.0,0.3790757372229305,0.19917223820411117,1.0,0.0,0.0,0.0,0.10380622837370242,8512.878778074864,2586.6047954915807,0.0,haco_safemarl_pilot_no_shield,acoustic_degradation,21181026,3
0.0,0.0,300.0,0.8455555555555555,0.58396305483014,0.4771538264597173,1.0,0.3333333328157618,0.0,0.0,0.11333333333333333,8316.883761222261,3026.5510734297195,950.0,haco_safemarl_pilot,acoustic_degradation,21181026,3
0.0,0.0,300.0,0.7511111111111112,0.5342469344315185,0.4065171445051418,1.0,0.33333333313403485,0.0,0.0,0.14666666666666667,407.4954762999632,106.88198864510402,937.0,haco_safemarl_mappo,acoustic_degradation,21181026,3
0.0,1.0,286.0,0.9522144522144523,0.6785287725320882,0.6439622902735256,1.0,0.33333332792676323,0.0,161.0,0.0,5301.009999999978,2863.0567180748985,0.0,fixed_auv_ga_pso_tlbo_proxy,acoustic_degradation,21191033,3
0.0,1.0,218.0,0.8975535168195717,0.5130773011921136,0.3696180927578684,1.0,0.33333333215702576,0.0,122.0,0.027522935779816515,5359.530000000007,2139.3999999999974,0.0,independent_greedy,acoustic_degradation,21191033,3
0.0,0.6666666666666666,300.0,0.951111111111111,0.7135320712352065,0.6751305414092286,1.0,0.3333333281680442,0.0,185.0,0.0,7952.428685383819,2903.911569729096,0.0,communication_aware,acoustic_degradation,21191033,3
0.0,0.6666666666666666,300.0,0.6433333333333333,0.7091311226622162,0.5775381715855173,0.8111111111111111,0.41121819799656933,0.0,1.0,0.05,8740.86781575147,3061.857040073882,940.0,haco_safemarl_pilot_no_acoustic,acoustic_degradation,21191033,3
0.0,1.0,215.0,0.7395348837209303,0.6850781049000454,0.5815342018487828,1.0,0.3333333331513566,0.0,57.0,0.037209302325581395,6739.388624251647,1764.945460681708,0.0,haco_safemarl_pilot_no_shield,acoustic_degradation,21191033,3
0.0,0.3333333333333333,300.0,0.6822222222222222,0.7285605358494548,0.6346823849737873,0.8222222222222222,0.33333333321107794,0.0,0.0,0.02666666666666667,9239.674922055661,3406.55341368883,901.0,haco_safemarl_pilot,acoustic_degradation,21191033,3
0.0,0.0,300.0,0.43111111111111106,0.7544112035625968,0.6911810539453592,1.0,0.6660162600103113,0.0,0.0,0.0,665.1109564149154,160.91836946040445,900.0,haco_safemarl_mappo,acoustic_degradation,21191033,3
0.0,1.0,208.0,1.0,0.43106773398202336,0.23479242013926663,1.0,0.0,0.0,84.0,0.07211538461538461,3855.2799999999897,1468.414549632205,0.0,fixed_auv_ga_pso_tlbo_proxy,acoustic_degradation,21201040,3
0.0,1.0,159.0,1.0,0.3147966313442532,0.1502102015976017,1.0,0.0,0.0,65.0,0.0,3909.015000000005,1243.3999999999999,0.0,independent_greedy,acoustic_degradation,21201040,3
0.0,0.0,300.0,1.0,0.6472381492394345,0.6077263336268687,1.0,0.0,0.0,18.0,0.07333333333333333,7729.693894500796,2879.0016501715736,0.0,communication_aware,acoustic_degradation,21201040,3
0.0,0.3333333333333333,300.0,1.0,0.5555852336548893,0.4456641467876567,1.0,0.0,0.0,4.0,0.03,9141.638949503538,3215.5069558796185,900.0,haco_safemarl_pilot_no_acoustic,acoustic_degradation,21201040,3
0.0,1.0,245.0,1.0,0.45195644205324337,0.38097041276564775,1.0,0.0,0.0,62.0,0.061224489795918366,7480.985718963588,1910.2701309294303,0.0,haco_safemarl_pilot_no_shield,acoustic_degradation,21201040,3
0.0,0.0,300.0,1.0,0.6460917706651751,0.6261084041178961,1.0,0.0,0.0,4.0,0.04666666666666667,8798.954923090481,3081.3236167049863,906.0,haco_safemarl_pilot,acoustic_degradation,21201040,3
0.0,0.0,300.0,1.0,0.6528956815862885,0.5473486994887812,1.0,0.0,0.0,3.0,0.0,585.1748498841979,197.08000847049826,900.0,haco_safemarl_mappo,acoustic_degradation,21201040,3
0.0,1.0,268.0,0.8955223880597014,0.5614853587267009,0.30175722287063556,1.0,0.5728202596897027,0.04477611940298507,55.0,0.1044776119402985,4967.379999999981,2807.409906266847,0.0,fixed_auv_ga_pso_tlbo_proxy,acoustic_degradation,21211047,3
0.0,1.0,205.0,0.8536585365853658,0.4996238286240064,0.07316525744138616,1.0,0.4710397755410883,0.0,42.0,0.03414634146341464,5039.925000000007,2271.800000000007,0.0,independent_greedy,acoustic_degradation,21211047,3
0.0,0.3333333333333333,300.0,0.8044444444444444,0.6838097213366501,0.5555575532114,1.0,0.49412965727935704,0.02,0.0,0.09333333333333334,8042.5988336303935,3623.9332053405033,0.0,communication_aware,acoustic_degradation,21211047,3
0.0,0.6666666666666666,300.0,0.4533333333333333,0.6382629086358229,0.32468013593786343,0.7444444444444444,0.6598518177671647,0.0033333333333333335,51.0,0.07333333333333333,7604.824824670873,2628.1805361232205,1016.0,haco_safemarl_pilot_no_acoustic,acoustic_degradation,21211047,3
0.0,0.3333333333333333,300.0,0.6,0.5611789037608982,0.33897233011495853,0.8,0.49019607826450295,0.0,118.0,0.1,8923.494169494395,3017.782963982755,0.0,haco_safemarl_pilot_no_shield,acoustic_degradation,21211047,3
0.0,0.3333333333333333,300.0,0.5077777777777778,0.7141455027639765,0.573228201373458,0.7222222222222222,0.6005410250283864,0.016666666666666666,0.0,0.10666666666666667,8887.79102419922,3635.1405796651193,950.0,haco_safemarl_pilot,acoustic_degradation,21211047,3
0.0,0.3333333333333333,300.0,0.3711111111111111,0.7570801276405282,0.6616371590746956,0.711111111111111,0.6665917583044244,0.0,0.0,0.07333333333333333,788.4924756273678,211.62975337870566,900.0,haco_safemarl_mappo,acoustic_degradation,21211047,3
0.0,0.6666666666666666,300.0,1.0,0.42324150070841426,0.2792404997711949,1.0,0.0,0.0,12.0,0.07666666666666666,5560.499999999976,2879.091170020311,0.0,fixed_auv_ga_pso_tlbo_proxy,acoustic_degradation,21221054,3
0.0,1.0,247.0,0.9122807017543859,0.35388201826881827,0.1568167595375213,1.0,0.3333333317288889,0.02834008097165992,27.0,0.05668016194331984,6072.495000000008,2623.2000000000053,0.0,independent_greedy,acoustic_degradation,21221054,3
0.0,0.3333333333333333,300.0,1.0,0.6597900084620383,0.6046836759464993,1.0,0.0,0.0,0.0,0.07333333333333333,7798.003411253992,3019.2715102051084,0.0,communication_aware,acoustic_degradation,21221054,3
0.0,0.6666666666666666,300.0,0.7411111111111112,0.5275538857835844,0.3948101243163269,1.0,0.42272263590954373,0.0,0.0,0.05333333333333334,8928.309378287599,2847.3904108710367,936.0,haco_safemarl_pilot_no_acoustic,acoustic_degradation,21221054,3
0.0,0.3333333333333333,300.0,0.9355555555555556,0.4822760368610692,0.357798132234014,1.0,0.33333333036068175,0.0,0.0,0.06666666666666667,8940.600538141316,3077.2236441498553,0.0,haco_safemarl_pilot_no_shield,acoustic_degradation,21221054,3
0.0,0.3333333333333333,300.0,0.7522222222222222,0.6814458886794763,0.6120028439264588,1.0,0.4345155396025549,0.0,0.0,0.05333333333333334,8857.647091007868,3141.1806017375234,929.0,haco_safemarl_pilot,acoustic_degradation,21221054,3
0.0,0.0,300.0,0.7011111111111111,0.6050109039348864,0.4490086732947536,1.0,0.41272964735291046,0.0,0.0,0.11333333333333333,652.7790240639388,37.57046176300208,943.0,haco_safemarl_mappo,acoustic_degradation,21221054,3
0.0,1.0,240.0,1.0,0.32588493932924856,0.2908275420529136,1.0,0.0,0.05,0.0,0.10416666666666667,4448.399999999985,2135.5371565544106,0.0,fixed_auv_ga_pso_tlbo_proxy,acoustic_degradation,21231061,3
1.0,1.0,183.0,0.9890710382513661,0.2844263820070503,0.13044679277478827,1.0,0.3333332299722543,0.0,0.0,0.14207650273224043,4499.055000000006,1716.0000000000045,0.0,independent_greedy,acoustic_degradation,21231061,3
0.0,0.0,300.0,1.0,0.5937397315561593,0.5581680062046133,1.0,0.0,0.013333333333333334,0.0,0.08666666666666667,7691.3172456678785,2863.3557394416503,0.0,communication_aware,acoustic_degradation,21231061,3
0.0,0.3333333333333333,300.0,1.0,0.4194239875663329,0.3099676907290997,1.0,0.0,0.0,0.0,0.09,8790.47859987737,2789.1181108646015,939.0,haco_safemarl_pilot_no_acoustic,acoustic_degradation,21231061,3
0.0,0.3333333333333333,300.0,1.0,0.3963772836492398,0.3389449928345625,1.0,0.0,0.02,0.0,0.08333333333333333,8877.509577897505,2908.120445347267,0.0,haco_safemarl_pilot_no_shield,acoustic_degradation,21231061,3
0.0,0.0,300.0,1.0,0.6165030340528141,0.5740690929101973,1.0,0.0,0.016666666666666666,0.0,0.08666666666666667,8434.311224053354,2988.1425106435368,941.0,haco_safemarl_pilot,acoustic_degradation,21231061,3
0.0,0.0,300.0,1.0,0.5063776600163927,0.3707808093912445,1.0,0.0,0.0,0.0,0.16666666666666666,578.6717320686956,48.338300706177165,941.0,haco_safemarl_mappo,acoustic_degradation,21231061,3
1.0,1.0,278.0,0.7997601918465227,0.45562134705201773,0.27111898076998153,1.0,0.3333333330254301,0.0,0.0,0.0,5152.72999999998,2112.6673706267684,0.0,fixed_auv_ga_pso_tlbo_proxy,acoustic_degradation,21241068,3
1.0,1.0,213.0,0.8607198748043817,0.3221308514444639,0.1788518718148492,1.0,0.4255170551004414,0.0,0.0,0.0,5236.605000000007,1701.6000000000045,0.0,independent_greedy,acoustic_degradation,21241068,3
0.0,0.0,300.0,0.8677777777777778,0.6772956767875118,0.6066841314270254,1.0,0.3333333326271685,0.0,84.0,0.0,7839.865754460106,3001.1603216082535,0.0,communication_aware,acoustic_degradation,21241068,3
0.0,0.3333333333333333,300.0,0.7444444444444444,0.5828100398641052,0.38038676957119016,1.0,0.48268184930616653,0.0,0.0,0.0,9108.17823836883,3010.4839441922554,907.0,haco_safemarl_pilot_no_acoustic,acoustic_degradation,21241068,3
0.0,0.3333333333333333,300.0,0.89,0.4779703572725385,0.32942169778926084,1.0,0.3613538313415976,0.0,37.0,0.0,9011.109137621039,3050.24518633419,0.0,haco_safemarl_pilot_no_shield,acoustic_degradation,21241068,3
0.0,0.0,300.0,0.7322222222222222,0.6987842973733586,0.6190854157782544,1.0,0.4787303310741926,0.0,0.0,0.0,9010.982349360342,3168.790986793463,913.0,haco_safemarl_pilot,acoustic_degradation,21241068,3
0.0,0.0,300.0,0.6533333333333333,0.5515677722550036,0.3385485519288813,0.8222222222222222,0.5001849794209282,0.0,0.0,0.0,909.5791660566927,212.90840697724173,910.0,haco_safemarl_mappo,acoustic_degradation,21241068,3
0.0,1.0,224.0,1.0,0.3506565988043456,0.1519449711756226,1.0,0.0,0.013392857142857142,36.0,0.125,4151.839999999987,2122.093003579615,0.0,fixed_auv_ga_pso_tlbo_proxy,acoustic_degradation,21251075,3
0.0,1.0,172.0,1.0,0.3536834985154831,0.11753399884881578,1.0,0.0,0.08139534883720931,27.0,0.1744186046511628,4228.620000000005,1859.800000000004,0.0,independent_greedy,acoustic_degradation,21251075,3
0.0,0.3333333333333333,300.0,1.0,0.5183738666914086,0.4120682639038182,1.0,0.0,0.043333333333333335,30.0,0.1,7623.061078173024,3040.181946069666,0.0,communication_aware,acoustic_degradation,21251075,3
0.0,0.3333333333333333,300.0,0.8344444444444444,0.41858113871090086,0.23202668633754817,1.0,0.3333333328829032,0.06333333333333334,1.0,0.11666666666666667,8516.853304806411,3334.6293603321424,958.0,haco_safemarl_pilot_no_acoustic,acoustic_degradation,21251075,3
0.0,0.3333333333333333,300.0,0.8755555555555554,0.4173279667163711,0.25191652413506593,1.0,0.33333333253613945,0.0,27.0,0.1,8693.274054226718,3202.9619463228714,0.0,haco_safemarl_pilot_no_shield,acoustic_degradation,21251075,3
0.0,0.3333333333333333,300.0,0.8655555555555556,0.6390683092135787,0.574378896632383,1.0,0.33333333265031984,0.04,1.0,0.08,8389.551096074814,3322.875155136224,948.0,haco_safemarl_pilot,acoustic_degradation,21251075,3
0.0,0.0,300.0,1.0,0.3865437430221385,0.22101345397663016,1.0,0.0,0.0,1.0,0.04,462.3685510274546,227.88460301659325,956.0,haco_safemarl_mappo,acoustic_degradation,21251075,3
1.0,1.0,227.0,1.0,0.5683492446471393,0.5113479563591359,1.0,0.0,0.0,0.0,0.0,4207.444999999987,1965.6858347790792,0.0,fixed_auv_ga_pso_tlbo_proxy,acoustic_degradation,21261082,3
1.0,1.0,174.0,0.8735632183908046,0.42068272058079403,0.15046385944918067,1.0,0.3333333325610652,0.0,0.0,0.0,4277.790000000005,1497.4000000000026,0.0,independent_greedy,acoustic_degradation,21261082,3
0.0,0.3333333333333333,300.0,1.0,0.7104197094704375,0.6754911560087116,1.0,0.0,0.0,0.0,0.0,7779.550240047582,3167.950085054944,0.0,communication_aware,acoustic_degradation,21261082,3
1.0,1.0,231.0,0.7258297258297259,0.6652047825264877,0.5081758225260488,1.0,0.3333333331690951,0.0,0.0,0.0,5526.260010794306,1405.8755053081559,812.0,haco_safemarl_pilot_no_acoustic,acoustic_degradation,21261082,3
1.0,1.0,184.0,0.9094202898550724,0.5690640380601517,0.3299440009857074,1.0,0.3469331096661439,0.0,0.0,0.0,5783.490219531504,1530.1956730837046,0.0,haco_safemarl_pilot_no_shield,acoustic_degradation,21261082,3
1.0,1.0,256.0,0.7434895833333333,0.6901189689994895,0.5616269720052562,1.0,0.36888229847657406,0.0,0.0,0.0,6113.918655502645,1706.8671955516593,899.0,haco_safemarl_pilot,acoustic_degradation,21261082,3
0.0,0.3333333333333333,300.0,0.6211111111111111,0.71924015292161,0.6565616305452756,1.0,0.5352084798232154,0.0,0.0,0.0,1985.53900413045,595.0467668837754,986.0,haco_safemarl_mappo,acoustic_degradation,21261082,3
1.0,1.0,271.0,0.9421894218942188,0.7276811293241024,0.7031664199616943,1.0,0.3333333296393039,0.0,0.0,0.0,5022.984999999981,1668.3076865973803,0.0,fixed_auv_ga_pso_tlbo_proxy,acoustic_degradation,21271089,3
1.0,1.0,207.0,0.961352657004831,0.46221705198156043,0.2389723373313088,1.0,0.3333333250677086,0.0,0.0,0.2608695652173913,5089.095000000007,1298.4000000000026,0.0,independent_greedy,acoustic_degradation,21271089,3
0.0,0.6666666666666666,300.0,1.0,0.7495351436087826,0.7355592299792103,1.0,0.0,0.0,0.0,0.0,8262.788845397967,3032.98405127123,0.0,communication_aware,acoustic_degradation,21271089,3
1.0,1.0,205.0,0.6764227642276424,0.7144844075151942,0.6196452321344343,0.7619047619047619,0.333333333215421,0.0,0.0,0.17560975609756097,6653.36119035786,1778.4623485696443,657.0,haco_safemarl_pilot_no_acoustic,acoustic_degradation,21271089,3
1.0,1.0,206.0,0.7378640776699029,0.7001751786424235,0.6058662502273084,1.0,0.3416653645979937,0.0,0.0,0.11650485436893204,6610.345285851804,1658.887882226766,0.0,haco_safemarl_pilot_no_shield,acoustic_degradation,21271089,3
1.0,1.0,210.0,0.6714285714285714,0.7302915453131261,0.6593838769031197,0.7619047619047619,0.3431351350139558,0.0,0.0,0.15714285714285714,6913.712984080879,1812.7157400005385,649.0,haco_safemarl_pilot,acoustic_degradation,21271089,3
0.0,0.3333333333333333,300.0,0.6644444444444444,0.7540953807573616,0.7335438702895902,1.0,0.4327961579686443,0.0,0.0,0.0,1679.7305300562023,31.84510365910392,900.0,haco_safemarl_mappo,acoustic_degradation,21271089,3
0.0,1.0,122.0,0.8688524590163934,0.6747903538348878,0.5431990983126062,1.0,0.3333333326155478,0.0,109.0,0.28688524590163933,2261.2700000000023,899.5606273962161,0.0,fixed_auv_ga_pso_tlbo_proxy,acoustic_degradation,21281096,3
0.0,1.0,94.0,0.9680851063829787,0.6533035361588324,0.6221013226918509,1.0,0.3333333212126205,0.0,83.0,0.23404255319148937,2310.9900000000025,737.9999999999999,0.0,independent_greedy,acoustic_degradation,21281096,3
0.0,0.6666666666666666,300.0,0.9266666666666666,0.7065560503853322,0.6766500082388528,1.0,0.4235705913923227,0.043333333333333335,197.0,0.11666666666666667,7825.7843986946045,3350.7686360317857,0.0,communication_aware,acoustic_degradation,21281096,3
0.0,0.6666666666666666,300.0,0.5044444444444444,0.6403794134203665,0.5535588753960965,0.8333333333333334,0.9429354262784104,0.0,0.0,0.07,3428.306751542703,1926.0310852183413,1300.0,haco_safemarl_pilot_no_acoustic,acoustic_degradation,21281096,3
0.0,1.0,107.0,0.9376947040498442,0.6483056323462911,0.5986971747754839,1.0,0.4065040603109096,0.0,134.0,0.2336448598130841,3362.1244041208824,716.6288975490904,0.0,haco_safemarl_pilot_no_shield,acoustic_degradation,21281096,3
1.0,1.0,289.0,0.5190311418685121,0.6469179651096578,0.5030060595344256,0.7816091954022988,0.9420435887755887,0.0,0.0,0.0657439446366782,3307.6997579506246,1535.9467708579996,1240.0,haco_safemarl_pilot,acoustic_degradation,21281096,3
0.0,0.0,300.0,0.3444444444444445,0.6580067012199952,0.3677965692453299,0.44444444444444436,0.6666360254244807,0.0,0.0,0.09666666666666666,2923.6423812549665,2094.119630000198,1325.0,haco_safemarl_mappo,acoustic_degradation,21281096,3
0.0,0.6666666666666666,300.0,1.0,0.3000485310196163,0.16294646956000874,1.0,0.0,0.0,36.0,0.10666666666666667,5560.499999999976,2520.6513730293527,0.0,fixed_auv_ga_pso_tlbo_proxy,acoustic_degradation,21291103,3
0.0,1.0,232.0,1.0,0.19787766669335152,0.07665035585028536,1.0,0.0,0.0,27.0,0.09482758620689655,5703.7200000000075,2161.599999999999,0.0,independent_greedy,acoustic_degradation,21291103,3
0.0,0.0,300.0,1.0,0.6263145711388701,0.6151569967120902,1.0,0.0,0.0,0.0,0.07333333333333333,7733.871435801908,2789.116508798569,0.0,communication_aware,acoustic_degradation,21291103,3
0.0,0.3333333333333333,300.0,1.0,0.44671602812031086,0.34458565591815954,1.0,0.0,0.0,0.0,0.09,7200.608559823013,2257.7085443640467,1083.0,haco_safemarl_pilot_no_acoustic,acoustic_degradation,21291103,3
0.0,0.3333333333333333,300.0,1.0,0.3932450104860955,0.33106972681025854,1.0,0.0,0.0,0.0,0.07666666666666666,8947.927154616364,2845.438189758666,0.0,haco_safemarl_pilot_no_shield,acoustic_degradation,21291103,3
0.0,0.0,300.0,1.0,0.6240578811729667,0.5772433917280877,1.0,0.0,0.0,0.0,0.09666666666666666,6079.505917945345,2071.0630896741777,1100.0,haco_safemarl_pilot,acoustic_degradation,21291103,3
0.0,0.0,300.0,1.0,0.506323057984947,0.4347259507108931,1.0,0.0,0.0,0.0,0.06,1120.8231556509245,218.69858841390294,967.0,haco_safemarl_mappo,acoustic_degradation,21291103,3
0.0,0.6666666666666666,300.0,1.0,0.2648988931778259,0.13571858724004313,1.0,0.0,0.0,21.0,0.0,5560.499999999976,2910.719201209045,0.0,fixed_auv_ga_pso_tlbo_proxy,acoustic_degradation,21301110,3
0.0,1.0,273.0,0.9719169719169718,0.2109996542991632,0.03807528688040318,1.0,0.3333333176792698,0.0,16.0,0.0,6711.705000000009,3042.000000000018,0.0,independent_greedy,acoustic_degradation,21301110,3
0.0,0.3333333333333333,300.0,1.0,0.5497471299479225,0.46366287475285295,1.0,0.0,0.0,0.0,0.056666666666666664,7648.494117586671,2949.8507432722076,0.0,communication_aware,acoustic_degradation,21301110,3
0.0,0.3333333333333333,300.0,0.9622222222222221,0.43740933760056794,0.21480193822090038,1.0,0.3333333246828145,0.013333333333333334,0.0,0.056666666666666664,8806.973395224231,2763.4737681559895,933.0,haco_safemarl_pilot_no_acoustic,acoustic_degradation,21301110,3
0.0,0.0,300.0,0.9944444444444444,0.3297677007763384,0.18671178178843967,1.0,0.33333293333381336,0.0,0.0,0.0,8771.053710008786,3135.528738677804,0.0,haco_safemarl_pilot_no_shield,acoustic_degradation,21301110,3
0.0,0.0,300.0,0.9622222222222221,0.6094010971344593,0.5086340337060354,1.0,0.3333333246828145,0.0,0.0,0.0,8648.445189036353,3186.309702578294,900.0,haco_safemarl_pilot,acoustic_degradation,21301110,3
0.0,0.0,300.0,1.0,0.384093723988279,0.3153811416923648,1.0,0.0,0.0,0.0,0.0,453.2158541825587,222.77198436343048,900.0,haco_safemarl_mappo,acoustic_degradation,21301110,3
1.0,1.0,261.0,1.0,0.2888588471389825,0.10801345368123286,1.0,0.0,0.0,0.0,0.0,4837.634999999982,2781.918347221715,0.0,fixed_auv_ga_pso_tlbo_proxy,acoustic_degradation,21311117,3
1.0,1.0,199.0,0.9363484087102178,0.38644250795688745,0.042787797753105386,1.0,0.333333330286165,0.0,0.0,0.0,4892.415000000006,2396.0000000000005,0.0,independent_greedy,acoustic_degradation,21311117,3
0.0,0.3333333333333333,300.0,1.0,0.462153147971399,0.34708045034208707,1.0,0.0,0.0,71.0,0.0,7621.153671976989,3033.2959139792997,0.0,communication_aware,acoustic_degradation,21311117,3
0.0,0.6666666666666666,300.0,0.8888888888888887,0.45059350359928924,0.15629777493642347,1.0,0.3333333323333333,0.0,0.0,0.0,8693.36602624316,2651.3968735492217,938.0,haco_safemarl_pilot_no_acoustic,acoustic_degradation,21311117,3
0.0,0.3333333333333333,300.0,1.0,0.3927786384287422,0.2115280860922168,1.0,0.0,0.0,0.0,0.0,8705.715573675474,3183.811121603755,0.0,haco_safemarl_pilot_no_shield,acoustic_degradation,21311117,3
0.0,0.0,300.0,0.801111111111111,0.6228778437388918,0.5107803351504876,1.0,0.3333333330212332,0.0,0.0,0.0,8591.380520555826,3221.173625248755,924.0,haco_safemarl_pilot,acoustic_degradation,21311117,3
0.0,0.0,300.0,1.0,0.4669602322106129,0.2218056061894372,1.0,0.0,0.0,0.0,0.0,484.3170705622308,178.95895888746256,916.0,haco_safemarl_mappo,acoustic_degradation,21311117,3
0.0,0.3333333333333333,300.0,0.89,0.6553135117311643,0.5197831646974396,1.0,0.6071362166485623,0.0,0.0,0.0,5560.499999999976,2751.117890054193,0.0,fixed_auv_ga_pso_tlbo_proxy,acoustic_degradation,21321124,3
1.0,1.0,251.0,0.896414342629482,0.42501301729402674,0.13118934828917314,1.0,0.3333333321827562,0.0,0.0,0.0,6170.835000000008,2226.200000000008,0.0,independent_greedy,acoustic_degradation,21321124,3
0.0,0.3333333333333333,300.0,0.8877777777777777,0.7155900647115252,0.6612278016154203,1.0,0.6588516399085029,0.0,0.0,0.0,7993.773892712881,2992.995129263803,0.0,communication_aware,acoustic_degradation,21321124,3
1.0,1.0,259.0,0.4980694980694981,0.6697631308074845,0.4587549661021934,1.0,0.653721181925094,0.0,0.0,0.02702702702702703,8474.640845272776,2191.823277539423,779.0,haco_safemarl_pilot_no_acoustic,acoustic_degradation,21321124,3
1.0,1.0,246.0,0.6761517615176151,0.6374240959738334,0.40195510659073197,1.0,0.43053325776480755,0.0,0.0,0.04065040650406504,7846.770798172461,1997.756341867669,0.0,haco_safemarl_pilot_no_shield,acoustic_degradation,21321124,3
0.0,0.0,300.0,0.6644444444444444,0.7082381308200504,0.5972287555410176,1.0,0.6451074420485533,0.0,0.0,0.0,9038.17177128277,2899.6451798740886,900.0,haco_safemarl_pilot,acoustic_degradation,21321124,3
0.0,0.0,300.0,0.46666666666666656,0.7772965429769622,0.7557604045015883,0.7333333333333333,0.7315400439881677,0.0,0.0,0.0,1002.6951229420451,25.502053110300665,900.0,haco_safemarl_mappo,acoustic_degradation,21321124,3
1.0,1.0,185.0,1.0,0.5648909561924638,0.5137217272062474,1.0,0.0,0.0,0.0,0.010810810810810811,3428.974999999993,1956.6087736184622,0.0,fixed_auv_ga_pso_tlbo_proxy,acoustic_degradation,21331131,3
1.0,1.0,141.0,0.9267139479905436,0.4874377464179228,0.27109030895961955,1.0,0.3333333310346861,0.0,0.0,0.0,3466.485000000004,1518.7999999999977,0.0,independent_greedy,acoustic_degradation,21331131,3
0.0,0.6666666666666666,300.0,1.0,0.6620243340292146,0.598762326554385,1.0,0.0,0.0,0.0,0.006666666666666667,7713.537161354191,3089.2175109864816,0.0,communication_aware,acoustic_degradation,21331131,3
1.0,1.0,142.0,0.7230046948356806,0.6500289070538184,0.5764347324229661,1.0,0.3333333331724281,0.0,0.0,0.0,4569.359564218274,1133.370988051764,426.0,haco_safemarl_pilot_no_acoustic,acoustic_degradation,21331131,3
1.0,1.0,146.0,0.9794520547945206,0.5800295647584275,0.41449621776804624,1.0,0.33333330409328105,0.0,0.0,0.0,4516.70950286097,1115.993433927717,0.0,haco_safemarl_pilot_no_shield,acoustic_degradation,21331131,3
1.0,1.0,145.0,0.7310344827586207,0.6736281869730399,0.5936389900486047,1.0,0.33333333316267727,0.0,0.0,0.0,4693.688519032577,1169.4443320281616,435.0,haco_safemarl_pilot,acoustic_degradation,21331131,3
0.0,0.6666666666666666,300.0,0.7022222222222223,0.6269650703314283,0.46047719318916713,1.0,0.3333333331941041,0.0,0.0,0.0,1042.8648859268512,274.5694994460985,906.0,haco_safemarl_mappo,acoustic_degradation,21331131,3
0.0,1.0,256.0,1.0,0.4265911625635241,0.2488818353856303,1.0,0.0,0.01953125,0.0,0.1015625,4744.959999999983,2406.2146718749636,0.0,fixed_auv_ga_pso_tlbo_proxy,acoustic_degradation,21341138,3
1.0,1.0,196.0,1.0,0.32899868089187656,0.29083266174594624,1.0,0.0,0.0,0.0,0.12755102040816327,4818.660000000006,2017.999999999997,0.0,independent_greedy,acoustic_degradation,21341138,3
0.0,0.3333333333333333,300.0,1.0,0.6325817401613959,0.5622406751187672,1.0,0.0,0.0,0.0,0.07666666666666666,7728.977540306516,2962.9149720671808,0.0,communication_aware,acoustic_degradation,21341138,3
0.0,1.0,283.0,1.0,0.5584736442092297,0.4346692262505624,1.0,0.0,0.0035335689045936395,0.0,0.0812720848056537,8723.51704295851,2434.0618589486035,886.0,haco_safemarl_pilot_no_acoustic,acoustic_degradation,21341138,3
1.0,1.0,249.0,1.0,0.48793561492890236,0.4080654350980003,1.0,0.0,0.0,0.0,0.11244979919678715,7573.5957035508945,2183.7479697261824,0.0,haco_safemarl_pilot_no_shield,acoustic_degradation,21341138,3
0.0,0.0,300.0,1.0,0.6301739606516283,0.6011863160884484,1.0,0.0,0.02,0.0,0.09333333333333334,8460.771747021754,3051.0945293213526,945.0,haco_safemarl_pilot,acoustic_degradation,21341138,3
0.0,0.0,300.0,1.0,0.6609136313857381,0.6337037798684273,1.0,0.0,0.0,0.0,0.17666666666666667,597.2881609629574,33.35932213703295,941.0,haco_safemarl_mappo,acoustic_degradation,21341138,3
1.0,1.0,228.0,1.0,0.4320430428897302,0.38168967798629155,1.0,0.0,0.0,0.0,0.2236842105263158,4225.979999999987,2314.693642543526,0.0,fixed_auv_ga_pso_tlbo_proxy,acoustic_degradation,21351145,3
1.0,1.0,174.0,0.9118773946360152,0.3410315722722029,0.11587018147436443,1.0,0.33333333174354124,0.0,0.0,0.27011494252873564,4277.790000000005,1764.2000000000014,0.0,independent_greedy,acoustic_degradation,21351145,3
0.0,0.3333333333333333,300.0,1.0,0.6216070670541344,0.5806958799772272,1.0,0.0,0.0,0.0,0.15666666666666668,7705.081466963476,3081.1118759176943,0.0,communication_aware,acoustic_degradation,21351145,3
1.0,1.0,200.0,0.7066666666666666,0.6343540077968358,0.4479322065841997,1.0,0.3333333331898531,0.0,0.0,0.445,6135.682678370065,1880.1165351315174,759.0,haco_safemarl_pilot_no_acoustic,acoustic_degradation,21351145,3
0.0,1.0,173.0,0.9865125240847784,0.5391231594248069,0.40058607075525265,1.0,0.333333265467134,0.10404624277456648,0.0,0.41040462427745666,5399.088219189304,1317.2839282080024,0.0,haco_safemarl_pilot_no_shield,acoustic_degradation,21351145,3
1.0,1.0,201.0,0.736318407960199,0.6517373146799482,0.5127117058090828,1.0,0.3333333331557692,0.0,0.0,0.4129353233830846,5894.90907203582,1836.4188563117905,804.0,haco_safemarl_pilot,acoustic_degradation,21351145,3
0.0,0.0,300.0,1.0,0.6800279035054662,0.6282672450979154,1.0,0.0,0.0,0.0,0.18,562.6930543669487,54.15836151260069,994.0,haco_safemarl_mappo,acoustic_degradation,21351145,3
1.0,1.0,210.0,0.9301587301587301,0.47271146215996623,0.2312946373415163,1.0,0.45510107661731136,0.0,0.0,0.0,3892.3499999999894,2118.537965558035,0.0,fixed_auv_ga_pso_tlbo_proxy,emergency,21161152,3
1.0,1.0,161.0,0.7971014492753624,0.49115710630863413,0.08936207722211995,1.0,0.4714776626302812,0.0,0.0,0.0,3958.185000000005,1652.3999999999971,0.0,independent_greedy,emergency,21161152,3
0.0,0.6666666666666666,300.0,0.9655555555555554,0.5437342183077073,0.44845396651306774,1.0,0.5401910912775727,0.0,0.0,0.0,7682.192118356851,3038.896901904411,0.0,communication_aware,emergency,21161152,3
1.0,1.0,285.0,0.4538011695906432,0.6256647753868092,0.2685708755049365,0.6666666666666669,0.6637661573156004,0.0,0.0,0.0,8668.204945308029,2699.775262074186,668.0,haco_safemarl_pilot_no_acoustic,emergency,21161152,3
1.0,1.0,180.0,0.7407407407407406,0.5773907594112921,0.2612667239430854,1.0,0.6171673272877315,0.0,0.0,0.0,5532.931451401191,1380.285868531046,0.0,haco_safemarl_pilot_no_shield,emergency,21161152,3
0.0,0.3333333333333333,300.0,0.741111111111111,0.6593566666788302,0.5742549511075761,1.0,0.6512049125120439,0.0,0.0,0.0,8743.955495475517,3104.482557000681,834.0,haco_safemarl_pilot,emergency,21161152,3
0.0,0.0,300.0,0.6577777777777778,0.5797786800207089,0.4544530150698225,0.6666666666666669,0.35109847800231364,0.0,0.0,0.0,239.26146133395005,100.37353353063713,862.0,haco_safemarl_mappo,emergency,21161152,3
0.0,0.6666666666666666,300.0,0.7755555555555554,0.3639410381573301,0.09890719235902734,1.0,0.417603110862918,0.0,179.0,0.0,5560.499999999976,2909.669029272721,0.0,fixed_auv_ga_pso_tlbo_proxy,emergency,21171159,3
0.0,1.0,260.0,0.7512820512820512,0.37335177745596465,0.03852394013077065,1.0,0.59372140652886,0.0,168.0,0.0,6392.100000000009,2882.8000000000116,0.0,independent_greedy,emergency,21171159,3
0.0,0.0,300.0,0.831111111111111,0.5319173123495019,0.288205339677726,1.0,0.4212983217010056,0.0,0.0,0.0,7759.271331425924,2928.4108403481323,0.0,communication_aware,emergency,21171159,3
0.0,0.0,300.0,0.7144444444444443,0.4940284881192618,0.10197304797010463,1.0,0.5952773642145468,0.0,0.0,0.0,8927.339402990687,3253.975848607698,758.0,haco_safemarl_pilot_no_acoustic,emergency,21171159,3
0.0,0.3333333333333333,300.0,0.8177777777777777,0.39565092907469496,0.16872310864833653,1.0,0.4546315070838939,0.0,89.0,0.0,8906.670616137108,2910.8862627375947,0.0,haco_safemarl_pilot_no_shield,emergency,21171159,3
0.0,0.0,300.0,0.7033333333333334,0.6387080885938642,0.39279460055685467,1.0,0.5653953218738998,0.0,0.0,0.0,8754.173326544125,3052.981152474925,785.0,haco_safemarl_pilot,emergency,21171159,3
0.0,0.0,300.0,0.7755555555555556,0.44565744624962284,0.13856502836592385,1.0,0.658851642780846,0.0,0.0,0.0,419.63787665665023,39.50181646390189,883.0,haco_safemarl_mappo,emergency,21171159,3
0.0,0.6666666666666666,300.0,0.8855555555555554,0.36480785142937106,0.1744735732610744,1.0,0.6661015847335253,0.0,0.0,0.0,5560.499999999976,2266.687715092381,0.0,fixed_auv_ga_pso_tlbo_proxy,emergency,21181166,3
1.0,1.0,236.0,0.9265536723163842,0.260015857221364,0.11591199665668808,1.0,0.45066666248327825,0.0,0.0,0.0,5802.060000000008,1880.400000000004,0.0,independent_greedy,emergency,21181166,3
0.0,0.0,300.0,0.9,0.6138881733434732,0.4991265346777134,1.0,0.7094061951439344,0.0,0.0,0.0,7779.972225655957,2972.757009207318,0.0,communication_aware,emergency,21181166,3
0.0,0.3333333333333333,300.0,0.7799999999999999,0.4651150023787554,0.3070335624225156,1.0,0.3929989170037902,0.0,0.0,0.09,7168.923556218703,1964.0404908842286,973.0,haco_safemarl_pilot_no_acoustic,emergency,21181166,3
0.0,0.3333333333333333,300.0,0.9333333333333333,0.3859707670113334,0.3029020924848673,1.0,0.4065040609095116,0.0,0.0,0.0,8987.818262576275,2798.8130718747225,0.0,haco_safemarl_pilot_no_shield,emergency,21181166,3
0.0,0.0,300.0,0.7977777777777777,0.6506484580739446,0.5642931870278134,1.0,0.41269841223564263,0.0,0.0,0.0,8993.017498947838,3049.7330540593935,866.0,haco_safemarl_pilot,emergency,21181166,3
0.0,0.0,300.0,0.8833333333333333,0.46926989093937943,0.348250234285885,1.0,0.5570713935558372,0.0,0.0,0.0,1183.723081263352,134.21855177724248,905.0,haco_safemarl_mappo,emergency,21181166,3
0.0,1.0,283.0,0.8315665488810364,0.4212434346531043,0.13531029056844712,1.0,0.6437183224240639,0.0,25.0,0.0,5245.404999999979,2748.979710075247,0.0,fixed_auv_ga_pso_tlbo_proxy,emergency,21191173,3
0.0,1.0,216.0,0.5555555555555556,0.48666875919031555,0.034048977195667136,1.0,0.6666666664166666,0.0,19.0,0.0,5310.360000000007,2165.800000000008,0.0,independent_greedy,emergency,21191173,3
0.0,0.3333333333333333,300.0,0.8844444444444444,0.5248369324337038,0.3553950319301893,1.0,0.6512524049486562,0.0,0.0,0.0,7739.193942162069,2920.7836453876685,0.0,communication_aware,emergency,21191173,3
1.0,1.0,284.0,0.4600938967136151,0.5653668405467612,0.08166357993893696,0.9425287356321839,0.6666666664972569,0.0,0.0,0.0,8962.961560304015,2458.984225949482,594.0,haco_safemarl_pilot_no_acoustic,emergency,21191173,3
0.0,0.0,300.0,0.8722222222222221,0.39246912877814205,0.1459020935149316,1.0,0.6582549370741653,0.0,0.0,0.0,8864.462620715518,2941.3666258370185,0.0,haco_safemarl_pilot_no_shield,emergency,21191173,3
0.0,0.0,300.0,0.688888888888889,0.6398082281582381,0.42459563855427995,1.0,0.6650041557683141,0.0,0.0,0.0,8724.864413014891,2998.008358674157,803.0,haco_safemarl_pilot,emergency,21191173,3
0.0,0.0,300.0,0.7433333333333333,0.5589489059117139,0.322436221560678,1.0,0.633327398290909,0.0,0.0,0.0,315.4740388023012,15.923217094756607,899.0,haco_safemarl_mappo,emergency,21191173,3
0.0,0.6666666666666666,300.0,0.4944444444444444,0.6447166352889523,0.40532215941053323,0.8444444444444444,0.6279364615457677,0.0,69.0,0.09666666666666666,5560.499999999976,3213.3713165449785,0.0,fixed_auv_ga_pso_tlbo_proxy,emergency,21201180,3
0.0,0.6666666666666666,300.0,0.7866666666666666,0.48249893269538185,0.08180846420201672,1.0,0.5199289153085441,0.0,54.0,0.07666666666666666,7375.50000000001,3702.600000000016,0.0,independent_greedy,emergency,21201180,3
0.0,0.6666666666666666,300.0,0.5355555555555556,0.7229425389070053,0.5930071465035253,1.0,0.6387511879158895,0.0,64.0,0.08666666666666667,8111.498958143353,3578.652426738442,0.0,communication_aware,emergency,21201180,3
0.0,0.6666666666666666,300.0,0.43555555555555553,0.6377814572455425,0.3580057985064892,0.6666666666666669,0.6597537528649275,0.0,15.0,0.10333333333333333,6665.213722158755,1879.0988974360168,694.0,haco_safemarl_pilot_no_acoustic,emergency,21201180,3
0.0,0.6666666666666666,300.0,0.4977777777777777,0.5874468766396858,0.3019267489659073,0.6666666666666669,0.629390707329362,0.0,108.0,0.09,9328.816503965154,2408.7204819230083,0.0,haco_safemarl_pilot_no_shield,emergency,21201180,3
0.0,0.3333333333333333,300.0,0.43666666666666665,0.7572622598777646,0.6030585005629651,0.6666666666666669,0.6449653364394992,0.023333333333333334,15.0,0.13,4692.402969757462,1764.8036989682382,799.0,haco_safemarl_pilot,emergency,21201180,3
0.0,0.0,300.0,0.41444444444444445,0.730904392990908,0.6404523473179758,0.6666666666666669,0.7521333493989467,0.0,17.0,0.1,689.2724358138728,131.4103840017443,678.0,haco_safemarl_mappo,emergency,21201180,3
0.0,0.6666666666666666,300.0,0.26,0.7787432664641946,0.7136978051780087,0.6666666666666669,0.8909108436770751,0.0,35.0,0.0,5560.499999999976,2554.2497149876217,0.0,fixed_auv_ga_pso_tlbo_proxy,emergency,21211187,3
0.0,0.6666666666666666,300.0,0.7344444444444443,0.5257080461412907,0.4491883143761163,1.0,0.8399282415693452,0.0,27.0,0.0,7375.50000000001,2919.0000000000146,0.0,independent_greedy,emergency,21211187,3
0.0,0.6666666666666666,300.0,0.2677777777777778,0.7989338437513129,0.7619402973702485,0.6777777777777779,0.8733497029141727,0.0,38.0,0.0,8434.375101120433,3291.2056730805643,0.0,communication_aware,emergency,21211187,3
0.0,1.0,289.0,0.21107266435986158,0.7932924676202925,0.7692111724257192,0.7701149425287356,0.9712641528901489,0.0,13.0,0.020761245674740483,7913.74746398066,2028.1997227908164,706.0,haco_safemarl_pilot_no_acoustic,emergency,21211187,3
0.0,0.6666666666666666,300.0,0.3888888888888889,0.7694771996109145,0.7521795549818169,0.8,0.9917317436471603,0.0,79.0,0.0,9394.949723725094,2635.8156839792955,0.0,haco_safemarl_pilot_no_shield,emergency,21211187,3
1.0,1.0,290.0,0.18045977011494252,0.8013801668840582,0.789258812209355,0.7586206896551724,0.980077230934804,0.0,0.0,0.020689655172413793,8088.397710459746,2385.7172366423583,709.0,haco_safemarl_pilot,emergency,21211187,3
0.0,1.0,280.0,0.14404761904761906,0.8130293273859726,0.8009574251813156,0.9047619047619048,0.9983738988026867,0.0,43.0,0.0,2269.7998971684838,376.89593020674033,706.0,haco_safemarl_mappo,emergency,21211187,3
1.0,1.0,260.0,0.6474358974358974,0.48575898471973067,0.2818132214925416,0.6666666666666667,0.37166728086927286,0.0,0.0,0.0,4819.099999999982,2684.5032531662587,0.0,fixed_auv_ga_pso_tlbo_proxy,emergency,21221194,3
1.0,1.0,199.0,0.6415410385259633,0.4716635113878553,0.2487892557784837,0.6666666666666665,0.38330069121362015,0.0,0.0,0.0,4892.415000000006,2486.400000000005,0.0,independent_greedy,emergency,21221194,3
0.0,0.3333333333333333,300.0,0.6555555555555557,0.6501336828009434,0.5187528382829449,0.6666666666666669,0.3555308914835451,0.0,0.0,0.0,7969.126360378215,3616.619588194855,0.0,communication_aware,emergency,21221194,3
0.0,0.6666666666666666,300.0,0.6444444444444444,0.564421522785374,0.4027934961420992,1.0,0.46192293446660954,0.0,0.0,0.0,8949.749914824071,2999.5185012671886,655.0,haco_safemarl_pilot_no_acoustic,emergency,21221194,3
0.0,0.3333333333333333,300.0,0.6555555555555557,0.5018179562274225,0.3291031486951379,0.6666666666666669,0.3555308914835451,0.0,0.0,0.0,8788.954992394269,3446.1466647213147,0.0,haco_safemarl_pilot_no_shield,emergency,21221194,3
0.0,0.3333333333333333,300.0,0.5777777777777777,0.697905618788491,0.6038592848944246,0.6666666666666669,0.5136304135855007,0.0,0.0,0.0,8723.150375600866,3463.9430944211163,616.0,haco_safemarl_pilot,emergency,21221194,3
0.0,0.0,300.0,0.6211111111111111,0.575833132062121,0.3929032230552902,0.6666666666666669,0.42277389339830623,0.0,0.0,0.0,302.6560484306748,138.50598370574735,679.0,haco_safemarl_mappo,emergency,21221194,3
0.0,0.6666666666666666,300.0,0.6222222222222222,0.5274522906076153,0.33533159417557723,1.0,0.5700197236129102,0.0,0.0,0.0,5560.499999999976,2752.207967137306,0.0,fixed_auv_ga_pso_tlbo_proxy,emergency,21231201,3
1.0,1.0,251.0,0.7715803452855244,0.4419596476169981,0.18690706752075575,1.0,0.530350291609971,0.0,0.0,0.0,6170.835000000008,2577.200000000006,0.0,independent_greedy,emergency,21231201,3
0.0,0.0,300.0,0.6888888888888888,0.6515196333497794,0.5607018234540311,1.0,0.6116207946776051,0.0,0.0,0.0,7936.993180376792,2913.055911283384,0.0,communication_aware,emergency,21231201,3
1.0,1.0,292.0,0.5525114155251141,0.6066047839556018,0.44635812517812445,1.0,0.7791738919831478,0.0,0.0,0.0,8944.402517268016,2580.992706950559,704.0,haco_safemarl_pilot_no_acoustic,emergency,21231201,3
1.0,1.0,284.0,0.6948356807511737,0.5265940577778696,0.4069543606757184,1.0,0.7086399557922294,0.0,0.0,0.0,8721.296983335642,2333.800545336136,0.0,haco_safemarl_pilot_no_shield,emergency,21231201,3
0.0,0.0,300.0,0.5866666666666666,0.699436002471197,0.6456038482053478,1.0,0.8591544044370528,0.0,0.0,0.0,8924.799823058773,3036.987554600864,760.0,haco_safemarl_pilot,emergency,21231201,3
0.0,0.0,300.0,0.4277777777777778,0.7430143064279592,0.6948318994095732,1.0,0.8871973959268775,0.0,0.0,0.0,510.58067790757667,84.7734656133516,786.0,haco_safemarl_mappo,emergency,21231201,3
1.0,1.0,217.0,0.0,0.8613462730990985,0.8573781073939635,0.0,0.9999999998888889,0.0,0.0,0.0,4022.0949999999884,2170.664690157507,0.0,fixed_auv_ga_pso_tlbo_proxy,emergency,21241208,3
1.0,1.0,166.0,0.15060240963855423,0.8186283481690144,0.7312930504292958,0.3333333333333333,0.9408452035927947,0.0,0.0,0.0,4081.110000000005,1804.199999999997,0.0,independent_greedy,emergency,21241208,3
1.0,1.0,188.0,0.0,0.8614792335456968,0.8575618157195278,0.0,0.9999999998888889,0.0,0.0,0.0,5334.5,2247.8266351612842,0.0,communication_aware,emergency,21241208,3
1.0,1.0,154.0,0.03463203463203463,0.8595968790272813,0.8422934986589043,0.3333333333333333,0.9974326572815496,0.0,0.0,0.0,4806.853749999993,1251.0461156924125,52.0,haco_safemarl_pilot_no_acoustic,emergency,21241208,3
1.0,1.0,161.0,0.02898550724637681,0.8592574231536569,0.8414973958974806,0.2745098039215686,0.998221036128962,0.0,0.0,0.0,4993.093016117778,1508.155059163651,0.0,haco_safemarl_pilot_no_shield,emergency,21241208,3
1.0,1.0,154.0,0.01948051948051948,0.8604107863859352,0.8449541795296893,0.1875,0.9992111835473494,0.0,0.0,0.0,4805.444943092612,1395.0909591664072,49.0,haco_safemarl_pilot,emergency,21241208,3
0.0,0.3333333333333333,300.0,0.0,0.8476482646216098,0.8315351136479543,0.0,0.9999999998888889,0.0,0.0,0.0,570.9385607784335,202.91111304821277,125.0,haco_safemarl_mappo,emergency,21241208,3
0.0,0.0,300.0,0.8322222222222222,0.4630065896632405,0.23455131364290158,1.0,0.39046151151397324,0.0,0.0,0.0,5560.499999999976,1774.0864908726849,0.0,fixed_auv_ga_pso_tlbo_proxy,emergency,21251215,3
0.0,1.0,252.0,0.9193121693121693,0.2880806389840358,0.06148562300223629,1.0,0.5960275447941481,0.0,8.0,0.0,6195.420000000008,1610.6000000000008,0.0,independent_greedy,emergency,21251215,3
0.0,0.0,300.0,0.8911111111111111,0.6653541835881581,0.596148522213672,1.0,0.40812510467740687,0.0,0.0,0.0,7849.441493912604,2974.872999068213,0.0,communication_aware,emergency,21251215,3
0.0,0.0,300.0,0.5877777777777777,0.5489620747393572,0.2180250796836976,1.0,0.6479815452848512,0.0,0.0,0.0,9287.49716545183,2917.8013719260716,833.0,haco_safemarl_pilot_no_acoustic,emergency,21251215,3
0.0,0.3333333333333333,300.0,0.9255555555555555,0.4663227226787661,0.26357188897482164,1.0,0.4850351114367196,0.0,0.0,0.0,9122.412284024509,2772.7722530983065,0.0,haco_safemarl_pilot_no_shield,emergency,21251215,3
0.0,0.0,300.0,0.5866666666666667,0.6942894441955298,0.5772213771137901,1.0,0.6357747330392088,0.0,0.0,0.0,9152.597836487712,2990.180696810184,860.0,haco_safemarl_pilot,emergency,21251215,3
0.0,0.0,300.0,0.7511111111111112,0.49188568783036357,0.25011059122606966,1.0,0.6666135238475458,0.0,0.0,0.0,1093.3412351980166,27.600436523180612,900.0,haco_safemarl_mappo,emergency,21251215,3
0.0,0.6666666666666666,300.0,0.6466666666666666,0.694690284989989,0.558654189655512,1.0,0.6407146926587828,0.0,36.0,0.0,5560.499999999976,2724.4288846664567,0.0,fixed_auv_ga_pso_tlbo_proxy,emergency,21261222,3
0.0,0.6666666666666666,300.0,0.788888888888889,0.4679652227547393,0.3868125690185353,1.0,0.6356081404112133,0.0,27.0,0.0,7375.50000000001,2904.4000000000083,0.0,independent_greedy,emergency,21261222,3
0.0,0.6666666666666666,300.0,0.5077777777777778,0.7587552191050421,0.6792902509291788,1.0,0.6361661915826113,0.0,50.0,0.0,8238.045144436028,3129.0880561090617,0.0,communication_aware,emergency,21261222,3
0.0,0.6666666666666666,300.0,0.43888888888888894,0.7407690028595962,0.6993698206969043,1.0,0.9535748068328278,0.0,0.0,0.0,9852.121930090629,2942.5037947041556,788.0,haco_safemarl_pilot_no_acoustic,emergency,21261222,3
0.0,0.6666666666666666,300.0,0.6511111111111112,0.7071978706157918,0.6658820075731935,1.0,0.6538282997198599,0.0,33.0,0.0,9393.906646736383,2554.009116409435,0.0,haco_safemarl_pilot_no_shield,emergency,21261222,3
0.0,0.6666666666666666,300.0,0.3944444444444445,0.7569044669164844,0.7371698878206864,1.0,0.9584821757125458,0.0,0.0,0.0,9836.611702171813,2695.0379176523943,773.0,haco_safemarl_pilot,emergency,21261222,3
0.0,0.0,300.0,0.3677777777777778,0.7794010897724878,0.7286087873245883,1.0,0.8989540554128219,0.0,0.0,0.0,1516.7979726124229,179.10744218532204,771.0,haco_safemarl_mappo,emergency,21261222,3
0.0,0.6666666666666666,300.0,0.9022222222222221,0.3594018386856631,0.21047582309490978,1.0,0.8236545337025198,0.0,19.0,0.0,5560.499999999976,2548.488548706723,0.0,fixed_auv_ga_pso_tlbo_proxy,emergency,21271229,3
0.0,1.0,231.0,0.8095238095238095,0.32228620179293094,0.09208529663904277,1.0,0.43440538461280725,0.0,15.0,0.0,5679.1350000000075,2217.599999999999,0.0,independent_greedy,emergency,21271229,3
0.0,0.0,300.0,0.9255555555555555,0.5787980756022052,0.46150187683570576,1.0,0.9019489489299969,0.0,17.0,0.0,7719.911389003809,2971.3730878497677,0.0,communication_aware,emergency,21271229,3
0.0,0.6666666666666666,300.0,0.801111111111111,0.46711713543677685,0.26511570146608,1.0,0.4142714914435122,0.0,4.0,0.0,7261.627511365999,1680.5064489668496,940.0,haco_safemarl_pilot_no_acoustic,emergency,21271229,3
0.0,0.3333333333333333,300.0,0.8755555555555554,0.4159629064373554,0.2930981413523911,1.0,0.4474885830381717,0.0,14.0,0.0,8869.959912236862,2948.513910189378,0.0,haco_safemarl_pilot_no_shield,emergency,21271229,3
0.0,0.3333333333333333,300.0,0.7844444444444445,0.6450056050235264,0.5768499230340306,1.0,0.4072366850975859,0.0,4.0,0.0,6350.2471360486725,2225.90035555732,991.0,haco_safemarl_pilot,emergency,21271229,3
0.0,0.0,300.0,0.5866666666666667,0.4881511698348505,0.25202948681771303,0.6666666666666669,0.4898895495465518,0.0,4.0,0.0,1180.2014998456675,401.6425147302393,790.0,haco_safemarl_mappo,emergency,21271229,3
0.0,0.6666666666666666,300.0,0.6588888888888887,0.5560809322968865,0.4483378956943188,1.0,0.7343868092125047,0.0,25.0,0.016666666666666666,5560.499999999976,2793.1956638615943,0.0,fixed_auv_ga_pso_tlbo_proxy,emergency,21281236,3
0.0,1.0,240.0,0.701388888888889,0.5370720462958742,0.4008939084170826,1.0,0.6011131479651994,0.0,30.0,0.0,5900.400000000008,2493.8000000000106,0.0,independent_greedy,emergency,21281236,3
0.0,0.3333333333333333,300.0,0.681111111111111,0.6506610355521687,0.6023508570442087,1.0,0.8353769223924309,0.0,0.0,0.02,7957.839516284151,3072.592552766229,0.0,communication_aware,emergency,21281236,3
0.0,0.3333333333333333,300.0,0.6222222222222222,0.6405578045643276,0.5622344041712217,1.0,0.9760710599334107,0.0,0.0,0.0,9234.952058872315,3341.661905413,711.0,haco_safemarl_pilot_no_acoustic,emergency,21281236,3
0.0,0.3333333333333333,300.0,0.7844444444444444,0.5711443049975871,0.4981602335223453,1.0,0.6490084487254568,0.0,0.0,0.0,9057.251593377114,3087.620676865313,0.0,haco_safemarl_pilot_no_shield,emergency,21281236,3
0.0,0.3333333333333333,300.0,0.6199999999999999,0.7309506907747306,0.7086337373968433,1.0,0.964047276867578,0.0,0.0,0.0,9136.265675736433,3366.16857687044,717.0,haco_safemarl_pilot,emergency,21281236,3
0.0,0.0,300.0,0.4955555555555555,0.6792682145638891,0.5883510451650652,1.0,0.9499921642768948,0.0,0.0,0.006666666666666667,575.070360967388,49.0564330256767,763.0,haco_safemarl_mappo,emergency,21281236,3
0.0,0.3333333333333333,300.0,0.611111111111111,0.5535229034422039,0.41059568616364983,1.0,0.8769292437725595,0.0,93.0,0.13,5560.499999999976,2527.5665484556375,0.0,fixed_auv_ga_pso_tlbo_proxy,emergency,21291243,3
0.0,1.0,247.0,0.6639676113360324,0.47271139677436375,0.12750227603052033,1.0,0.6634883940578213,0.0,70.0,0.12550607287449392,6072.495000000008,2055.6000000000067,0.0,independent_greedy,emergency,21291243,3
0.0,0.0,300.0,0.68,0.6675932273918068,0.592903943191962,1.0,0.9127764929883361,0.0,88.0,0.09,7932.070860396563,2913.4482183613786,0.0,communication_aware,emergency,21291243,3
0.0,0.3333333333333333,300.0,0.5055555555555556,0.6184899401485526,0.346126602238791,1.0,0.8216429952410974,0.0,0.0,0.1,9182.897548369048,3066.1524315588113,721.0,haco_safemarl_pilot_no_acoustic,emergency,21291243,3
0.0,0.0,300.0,0.7433333333333333,0.5185914804744112,0.349194630539416,1.0,0.9536754046104625,0.0,57.0,0.10333333333333333,9109.663991539157,2884.5030332619967,0.0,haco_safemarl_pilot_no_shield,emergency,21291243,3
0.0,0.0,300.0,0.5333333333333333,0.7194874587692447,0.6079826996990348,1.0,0.8391129373922797,0.0,0.0,0.08666666666666667,9020.258559133003,3116.751089715347,742.0,haco_safemarl_pilot,emergency,21291243,3
0.0,0.0,300.0,0.5411111111111111,0.6545637485122944,0.5420652634558174,1.0,0.9307131121054842,0.0,0.0,0.056666666666666664,708.7763703413184,68.88040429508077,838.0,haco_safemarl_mappo,emergency,21291243,3
0.0,1.0,249.0,0.6572958500669345,0.4681044750608453,0.2103215336529233,1.0,0.476036899618546,0.0,221.0,0.0,4615.214999999984,2399.780975912866,0.0,fixed_auv_ga_pso_tlbo_proxy,emergency,21301250,3
0.0,1.0,190.0,0.6578947368421053,0.4448048981594116,0.10541545993841642,1.0,0.5559942094709626,0.0,169.0,0.0,4671.150000000006,1941.4000000000035,0.0,independent_greedy,emergency,21301250,3
0.0,0.6666666666666666,300.0,0.7577777777777777,0.5613283708390168,0.39698750867131233,1.0,0.4602362963255735,0.0,278.0,0.0,7838.35006169492,2968.9992742369623,0.0,communication_aware,emergency,21301250,3
0.0,0.3333333333333333,300.0,0.6888888888888889,0.5251626450140038,0.323000406572186,1.0,0.5333333330068027,0.0,0.0,0.0,9113.243767586493,3332.100848286394,726.0,haco_safemarl_pilot_no_acoustic,emergency,21301250,3
0.0,1.0,227.0,0.7459618208516886,0.5168294201878295,0.2697605664604358,1.0,0.6133620241498937,0.0,73.0,0.0,6986.232064852186,1925.3143364752154,0.0,haco_safemarl_pilot_no_shield,emergency,21301250,3
0.0,0.3333333333333333,300.0,0.7166666666666667,0.6531797253993392,0.5053417671682697,1.0,0.5173401433152682,0.0,0.0,0.0,8873.92832479291,3061.697373782762,751.0,haco_safemarl_pilot,emergency,21301250,3
0.0,0.0,300.0,0.5633333333333334,0.6414610998504218,0.4754371590048744,0.6666666666666669,0.5218806068418694,0.0,0.0,0.0,505.19288141021303,58.462907470522595,678.0,haco_safemarl_mappo,emergency,21301250,3
0.0,1.0,290.0,0.9609195402298849,0.4665955681929278,0.15427398144341262,1.0,0.33333332524990406,0.013793103448275862,40.0,0.07931034482758621,5375.149999999978,2740.9005761017565,0.0,fixed_auv_ga_pso_tlbo_proxy,emergency,21311257,3
0.0,1.0,222.0,0.9474474474474474,0.2993193184675045,0.1471463394341092,1.0,0.33333332886312933,0.0,31.0,0.013513513513513514,5457.870000000007,2213.0,0.0,independent_greedy,emergency,21311257,3
0.0,0.6666666666666666,300.0,0.9977777777777778,0.6260361355416609,0.47038301134537536,1.0,0.3333308333520832,0.0,0.0,0.06333333333333334,7796.054395060101,3083.4912466489736,0.0,communication_aware,emergency,21311257,3
0.0,0.6666666666666666,300.0,0.8555555555555556,0.5411599583864547,0.415338095681102,1.0,0.4506666655850666,0.0,0.0,0.06666666666666667,8084.905660079614,2199.683741209088,982.0,haco_safemarl_pilot_no_acoustic,emergency,21311257,3
0.0,1.0,275.0,0.9575757575757575,0.4369104975772318,0.27754305444363064,1.0,0.33333332647392305,0.0,78.0,0.04363636363636364,8484.224418803871,2395.351108298291,0.0,haco_safemarl_pilot_no_shield,emergency,21311257,3
1.0,1.0,294.0,0.8696145124716552,0.5960619498563868,0.556487087009712,1.0,0.36357388229757054,0.0,0.0,0.047619047619047616,8233.424624352387,2286.8597610663473,967.0,haco_safemarl_pilot,emergency,21311257,3
0.0,0.3333333333333333,300.0,0.7577777777777777,0.5851064258607956,0.3589428547092478,1.0,0.38931760436603097,0.0,0.0,0.0,1626.6603407405303,296.2196929333738,980.0,haco_safemarl_mappo,emergency,21311257,3
0.0,0.6666666666666666,300.0,0.4122222222222222,0.6110786957627767,0.44324032173605626,0.9777777777777777,0.864242940596537,0.0,84.0,0.11666666666666667,5560.499999999976,2912.370238068126,0.0,fixed_auv_ga_pso_tlbo_proxy,emergency,21321264,3
0.0,0.6666666666666666,300.0,0.84,0.42200335939613604,0.327909532508181,1.0,0.7074718504376505,0.0,74.0,0.0,7375.50000000001,3547.8000000000197,0.0,independent_greedy,emergency,21321264,3
0.0,0.3333333333333333,300.0,0.42333333333333334,0.6997279914637844,0.6189563505875066,0.6666666666666669,0.7839947607638521,0.0,46.0,0.09,8138.986420269305,3439.379457846361,0.0,communication_aware,emergency,21321264,3
0.0,0.3333333333333333,300.0,0.3822222222222222,0.694888588058898,0.5608396131755659,0.6666666666666669,0.8957815368192003,0.0,0.0,0.023333333333333334,9023.638129505292,3115.651953644422,632.0,haco_safemarl_pilot_no_acoustic,emergency,21321264,3
0.0,0.3333333333333333,300.0,0.51,0.5951453750410761,0.4432912404868632,0.9888888888888888,0.784365206795836,0.0,110.0,0.03,9027.692230133549,3024.7348320814567,0.0,haco_safemarl_pilot_no_shield,emergency,21321264,3
0.0,0.3333333333333333,300.0,0.36999999999999994,0.7592179463782952,0.7003389816031926,0.6666666666666669,0.8925415397761526,0.0,0.0,0.023333333333333334,8979.389817943302,3222.8283856210846,624.0,haco_safemarl_pilot,emergency,21321264,3
0.0,0.0,300.0,0.3366666666666666,0.7211183736399509,0.6292576862301448,0.6666666666666669,0.8626603830617874,0.0,0.0,0.05333333333333334,605.9154831146537,348.5685556445718,806.0,haco_safemarl_mappo,emergency,21321264,3
0.0,1.0,151.0,0.9845474613686533,0.41386118218507095,0.3131581189718436,1.0,0.3333332816303935,0.06622516556291391,0.0,0.1456953642384106,2798.784999999998,1608.1005739923912,0.0,fixed_auv_ga_pso_tlbo_proxy,emergency,21331271,3
1.0,1.0,115.0,0.9942028985507246,0.4193471663238914,0.2506076435367694,1.0,0.33333296597262707,0.0,0.0,0.22608695652173913,2827.2750000000033,1407.799999999998,0.0,independent_greedy,emergency,21331271,3
0.0,0.3333333333333333,300.0,0.9977777777777778,0.515002075085343,0.4755108322147108,1.0,0.3333308333520832,0.03,0.0,0.16333333333333333,7643.09118961732,3298.084083777034,0.0,communication_aware,emergency,21331271,3
0.0,1.0,215.0,0.7581395348837209,0.5732271247933153,0.4159445349700892,1.0,0.6051021923524081,0.013953488372093023,0.0,0.16279069767441862,6371.5510308174735,1953.233200307573,678.0,haco_safemarl_pilot_no_acoustic,emergency,21331271,3
0.0,1.0,182.0,0.9249084249084251,0.49920603095252036,0.35344810951902006,1.0,0.5758821448867694,0.02197802197802198,0.0,0.13186813186813187,5423.578933189571,1457.5764635657836,0.0,haco_safemarl_pilot_no_shield,emergency,21331271,3
0.0,0.3333333333333333,300.0,0.7133333333333334,0.6640803663891844,0.6031940306993853,1.0,0.36296417453150776,0.04,0.0,0.21333333333333335,8191.6568195666405,3593.672788758552,988.0,haco_safemarl_pilot,emergency,21331271,3
0.0,0.3333333333333333,300.0,0.8122222222222223,0.6143746242952969,0.5270422301954566,1.0,0.6383059546888469,0.0,0.0,0.20333333333333334,400.15047287058434,87.22942194586496,973.0,haco_safemarl_mappo,emergency,21331271,3
0.0,1.0,262.0,0.7633587786259542,0.38422338630310754,0.10145700635434271,1.0,0.6371974795789629,0.0,64.0,0.183206106870229,4856.169999999982,2205.7081693502378,0.0,fixed_auv_ga_pso_tlbo_proxy,emergency,21341278,3
0.0,1.0,200.0,0.705,0.38986007309518245,0.04323448378689705,1.0,0.6442717003769332,0.0,49.0,0.18,4917.000000000006,1797.2000000000016,0.0,independent_greedy,emergency,21341278,3
0.0,0.0,300.0,0.8944444444444444,0.5319679024456317,0.3154526524785383,1.0,0.43643309447850576,0.0,212.0,0.21,7753.014099518774,2931.0940570938233,0.0,communication_aware,emergency,21341278,3
0.0,0.0,300.0,0.55,0.506962045141119,0.1025224452545036,0.9555555555555555,0.5927664601213939,0.0,0.0,0.13333333333333333,8520.17064562757,3369.276113111728,822.0,haco_safemarl_pilot_no_acoustic,emergency,21341278,3
0.0,0.3333333333333333,300.0,0.8844444444444444,0.38043302479674335,0.1727026462505205,1.0,0.6274509771162207,0.0,77.0,0.15333333333333332,8842.025219729576,3002.2498997175812,0.0,haco_safemarl_pilot_no_shield,emergency,21341278,3
0.0,0.0,300.0,0.5155555555555555,0.6853760845129153,0.5074160993423728,0.6666666666666669,0.5840338198257292,0.0,0.0,0.20666666666666667,8566.245985731959,3459.064095369171,888.0,haco_safemarl_pilot,emergency,21341278,3
0.0,0.0,300.0,0.7955555555555556,0.42952704510058515,0.1513696791161932,1.0,0.6173595905258504,0.0,0.0,0.23666666666666666,575.3871490712851,103.60686048773081,990.0,haco_safemarl_mappo,emergency,21341278,3
1.0,1.0,246.0,0.7018970189701897,0.5706581523021619,0.4254685342516368,1.0,0.3333333331944077,0.0,0.0,0.0,4559.609999999984,2145.7874423557014,0.0,fixed_auv_ga_pso_tlbo_proxy,emergency,21351285,3
1.0,1.0,188.0,0.6914893617021278,0.47652735460524526,0.13822574491761502,0.9122807017543859,0.6448562295465005,0.0,0.0,0.0,4621.980000000006,1550.4000000000017,0.0,independent_greedy,emergency,21351285,3
0.0,0.3333333333333333,300.0,0.8166666666666667,0.6606141544912383,0.5963270130805278,1.0,0.45895918607349545,0.0,0.0,0.0,7908.019726368943,2919.6829445672943,0.0,communication_aware,emergency,21351285,3
1.0,1.0,281.0,0.4673784104389086,0.6723915306507399,0.41222608623639007,0.7241379310344828,0.6652115235032788,0.0,0.0,0.0,8758.917970534108,2581.4061069544096,645.0,haco_safemarl_pilot_no_acoustic,emergency,21351285,3
1.0,1.0,189.0,0.652557319223986,0.6443716657481282,0.43612880921716685,1.0,0.5861766879493282,0.0,0.0,0.0,5978.263269121458,1446.20992092511,0.0,haco_safemarl_pilot_no_shield,emergency,21351285,3
0.0,0.3333333333333333,300.0,0.6633333333333333,0.693551644556173,0.6014222043285877,1.0,0.6654417356332331,0.0,0.0,0.0,8962.547766678526,2955.7937426965564,846.0,haco_safemarl_pilot,emergency,21351285,3
0.0,0.0,300.0,0.5377777777777777,0.7447293883311777,0.6570659319978095,0.8444444444444444,0.58814573119585,0.0,0.0,0.0,493.5330487839419,118.82070821489631,760.0,haco_safemarl_mappo,emergency,21351285,3
1.0,1.0,287.0,0.36585365853658536,0.7754170572233214,0.7647523629123901,1.0,0.9992458288160511,0.0,0.0,0.08013937282229965,5077.029999999989,2358.4893268707688,0.0,fixed_auv_ga_pso_tlbo_proxy,generalization,21161192,2
1.0,1.0,219.0,0.7214611872146118,0.6174338038326472,0.5301572001099166,1.0,0.5606448686571838,0.0,0.0,0.0,5067.660000000006,1678.700000000005,0.0,independent_greedy,generalization,21161192,2
0.0,0.5,300.0,0.475,0.7803792127727623,0.7719275930088402,1.0,0.9995064156782681,0.0,0.0,0.07333333333333333,7932.954825809178,2715.3651858314292,0.0,communication_aware,generalization,21161192,2
1.0,1.0,225.0,0.20666666666666667,0.7937484503078324,0.7608649903556284,0.5,0.9843597938595144,0.0,0.0,0.02666666666666667,4863.19145677527,1173.5652584516818,369.0,haco_safemarl_pilot_no_acoustic,generalization,21161192,2
1.0,1.0,215.0,0.28604651162790695,0.7506027908748457,0.6764041303207334,0.8636363636363636,0.9824768055309601,0.0,0.0,0.027906976744186046,6624.326463724063,1652.518449792827,0.0,haco_safemarl_pilot_no_shield,generalization,21161192,2
0.0,1.0,234.0,0.18162393162393162,0.8014022951269711,0.7756593557102204,0.625,0.9897375342136558,0.029914529914529916,0.0,0.004273504273504274,5102.923557110737,1231.057783024534,391.0,haco_safemarl_pilot,generalization,21161192,2
0.0,0.0,300.0,0.0,0.831195792577029,0.8261685258984589,0.0,0.99999999975,0.0,0.0,0.08,705.114843669007,187.785175713684,364.0,haco_safemarl_mappo,generalization,21161192,2
0.0,0.5,300.0,0.5066666666666667,0.5957852511565082,0.5531254578183947,1.0,0.9898323456879559,0.0,56.0,0.0,5306.999999999984,2483.0140333854943,0.0,fixed_auv_ga_pso_tlbo_proxy,generalization,21171199,2
0.0,1.0,240.0,0.58125,0.5463974770893353,0.4621473890436881,1.0,0.9847657569170157,0.0,43.0,0.0,5553.600000000013,2202.100000000006,0.0,independent_greedy,generalization,21171199,2
0.0,0.5,300.0,0.5783333333333334,0.7059023344450123,0.6851412784340257,1.0,0.9955053020374586,0.0,48.0,0.0,7835.505362837828,2959.2905781967265,0.0,communication_aware,generalization,21171199,2
0.0,0.5,300.0,0.5283333333333333,0.6583953907565284,0.6496324401075083,1.0,0.9993885536206922,0.0,0.0,0.0,8909.972870160265,2930.858859018502,418.0,haco_safemarl_pilot_no_acoustic,generalization,21171199,2
0.0,1.0,273.0,0.4926739926739927,0.6291789861357888,0.5213376354075783,1.0,0.9593763275963216,0.0,49.0,0.0,8266.779654389875,2304.9071263919645,0.0,haco_safemarl_pilot_no_shield,generalization,21171199,2
0.0,0.0,300.0,0.525,0.7453993290980081,0.7384979622290256,1.0,0.999889207844129,0.0,0.0,0.0,8810.09930522324,3213.478771523338,413.0,haco_safemarl_pilot,generalization,21171199,2
0.0,0.0,300.0,0.43166666666666664,0.7141205699283303,0.6399145812476749,1.0,0.9415008170879546,0.0,0.0,0.0,1355.0274880537454,855.3935588627747,552.0,haco_safemarl_mappo,generalization,21171199,2
1.0,1.0,229.0,0.0,0.9044143180804937,0.9035464975092462,0.0,0.99999999975,0.0,0.0,0.0,4051.0100000000107,2059.925103373772,0.0,fixed_auv_ga_pso_tlbo_proxy,generalization,21181206,2
1.0,1.0,175.0,0.03142857142857143,0.8737467188607528,0.867513449824876,0.3055555555555556,0.9989482099529496,0.0,0.0,0.24571428571428572,4049.499999999993,1736.5000000000043,0.0,independent_greedy,generalization,21181206,2
1.0,1.0,199.0,0.0,0.9043886288657026,0.9034323605109242,0.0,0.99999999975,0.0,0.0,0.0,5422.75,2245.94939586813,0.0,communication_aware,generalization,21181206,2
1.0,1.0,170.0,0.0,0.9042587038225223,0.9005635699627002,0.0,0.99999999975,0.0,0.0,0.29411764705882354,5137.716250000003,1446.9076965484437,0.0,haco_safemarl_pilot_no_acoustic,generalization,21181206,2
1.0,1.0,170.0,0.0,0.9042587038225223,0.9005635699627002,0.0,0.99999999975,0.0,0.0,0.29411764705882354,5137.716250000003,1446.9076965484437,0.0,haco_safemarl_pilot_no_shield,generalization,21181206,2
1.0,1.0,170.0,0.0,0.9042587038225223,0.9005635699627002,0.0,0.99999999975,0.0,0.0,0.29411764705882354,5137.716250000003,1446.9076965484437,0.0,haco_safemarl_pilot,generalization,21181206,2
0.0,0.5,300.0,0.0,0.8968760081163754,0.8896461728788718,0.0,0.99999999975,0.0,0.0,0.0,410.1162675875438,57.02824016834376,11.0,haco_safemarl_mappo,generalization,21181206,2
0.0,0.5,300.0,0.295,0.7827297750437542,0.7627748816498588,1.0,0.9983874382603596,0.03666666666666667,53.0,0.20333333333333334,5306.999999999984,2362.2499050518636,0.0,fixed_auv_ga_pso_tlbo_proxy,generalization,21191213,2
0.0,1.0,245.0,0.6877551020408164,0.6218050617220421,0.51790763733595,1.0,0.7810810795167037,0.0,40.0,0.05714285714285714,5669.300000000015,1842.5000000000045,0.0,independent_greedy,generalization,21191213,2
0.0,0.0,300.0,0.39166666666666666,0.8039595330098992,0.7926279976208145,1.0,0.9990925855299873,0.01,46.0,0.18666666666666668,7957.614773151977,2949.2058495182423,0.0,communication_aware,generalization,21191213,2
0.0,0.5,300.0,0.37166666666666665,0.7645832540660537,0.7334981380225173,1.0,0.9941176464330238,0.0,0.0,0.06333333333333334,9029.78112638087,2836.9805901943864,297.0,haco_safemarl_pilot_no_acoustic,generalization,21191213,2
0.0,1.0,249.0,0.30120481927710846,0.7619797601290967,0.6853151463211147,1.0,0.982827462579644,0.0,40.0,0.0963855421686747,7655.604342231946,1912.5143404970524,0.0,haco_safemarl_pilot_no_shield,generalization,21191213,2
0.0,0.0,300.0,0.3466666666666667,0.8048414685935145,0.7919667488117993,1.0,0.9968601597833419,0.0,0.0,0.06333333333333334,8972.501454443309,2940.125721552512,301.0,haco_safemarl_pilot,generalization,21191213,2
0.0,0.0,300.0,0.115,0.8501543350024241,0.8381091229834678,0.5,0.9833950652949354,0.0,0.0,0.11666666666666667,862.1969584524999,29.03172474857562,289.0,haco_safemarl_mappo,generalization,21191213,2
1.0,1.0,282.0,0.7907801418439716,0.5186112044339913,0.38964360694652106,1.0,0.4999999985721775,0.0,0.0,0.0851063829787234,4988.579999999991,2586.386232206076,0.0,fixed_auv_ga_pso_tlbo_proxy,generalization,21201220,2
1.0,1.0,216.0,0.9074074074074074,0.4215267071998145,0.37114288037785076,1.0,0.4999999927100001,0.0,0.0,0.10185185185185185,4998.240000000005,2059.300000000007,0.0,independent_greedy,generalization,21201220,2
0.0,0.5,300.0,0.81,0.6911930686933074,0.6219051120248262,1.0,0.5651417615731971,0.0,0.0,0.08,7794.891095004254,3049.7441301463505,0.0,communication_aware,generalization,21201220,2
1.0,1.0,238.0,0.5189075630252101,0.660814040526541,0.5226227587384517,0.9166666666666666,0.965942161453033,0.0,0.0,0.0546218487394958,7332.842182630866,1847.7267743145567,308.0,haco_safemarl_pilot_no_acoustic,generalization,21201220,2
1.0,1.0,218.0,0.573394495412844,0.591765973125254,0.3957605447646071,1.0,0.9423621691876003,0.0,0.0,0.06422018348623854,6655.288926640801,1730.5751303702768,0.0,haco_safemarl_pilot_no_shield,generalization,21201220,2
1.0,1.0,255.0,0.47058823529411764,0.6953306505546927,0.5862741371736776,1.0,0.9265849806770655,0.0,0.0,0.050980392156862744,7864.7050320968665,2034.5819004805658,342.0,haco_safemarl_pilot,generalization,21201220,2
0.0,0.0,300.0,0.565,0.7287548415305114,0.6506729124395456,1.0,0.7641509426247551,0.0,0.0,0.15,520.494985543048,75.43252515648722,499.0,haco_safemarl_mappo,generalization,21201220,2
0.0,1.0,192.0,0.078125,0.8660754699740787,0.8613710033110137,0.75,0.9997128084366151,0.0,21.0,0.0,3396.4800000000087,1422.716633692723,0.0,fixed_auv_ga_pso_tlbo_proxy,generalization,21211227,2
0.0,1.0,147.0,0.47619047619047616,0.7842741655491234,0.6929190795603978,0.9,0.6380071017489859,0.0,16.0,0.0,3401.5799999999963,983.3000000000003,0.0,independent_greedy,generalization,21211227,2
0.0,1.0,167.0,0.08083832335329341,0.8658444649443564,0.8612055613124048,0.7941176470588235,0.9999045170925933,0.0,18.0,0.0,4543.692380040557,1604.512603279735,0.0,communication_aware,generalization,21211227,2
1.0,1.0,152.0,0.039473684210526314,0.8633633424796806,0.8608068061467588,0.375,0.99831397500158,0.0,0.0,0.0,4711.411960900705,1336.3219428601599,56.0,haco_safemarl_pilot_no_acoustic,generalization,21211227,2
0.0,1.0,143.0,0.04895104895104895,0.858917937077626,0.8562404211271047,0.4666666666666667,0.997357778101982,0.0,16.0,0.0,4436.1314368092835,1116.2995444590513,0.0,haco_safemarl_pilot_no_shield,generalization,21211227,2
1.0,1.0,152.0,0.03618421052631579,0.8640875300212404,0.8604056203168277,0.34375,0.9985925320103353,0.0,0.0,0.0,4710.849399390174,1341.1189503633511,56.0,haco_safemarl_pilot,generalization,21211227,2
0.0,0.0,300.0,0.0,0.8469370397239268,0.8280948452841612,0.0,0.99999999975,0.0,0.0,0.0,628.9886746606048,189.35107147690138,218.0,haco_safemarl_mappo,generalization,21211227,2
0.0,1.0,223.0,0.1412556053811659,0.8379389939121356,0.7919917952541594,0.5434782608695652,0.9768196041248166,0.0,63.0,0.0,3944.8700000000104,1368.0314518073055,0.0,fixed_auv_ga_pso_tlbo_proxy,generalization,21221234,2
0.0,1.0,170.0,0.43823529411764706,0.7639849618388673,0.7295611182191065,1.0,0.9234293518278968,0.0,47.0,0.06470588235294118,3933.7999999999934,1105.9000000000003,0.0,independent_greedy,generalization,21221234,2
0.0,1.0,288.0,0.3958333333333333,0.801661831235867,0.7625466368480656,1.0,0.9672843444071053,0.0,223.0,0.041666666666666664,7691.800389735223,2759.250327333773,0.0,communication_aware,generalization,21221234,2
0.0,0.0,300.0,0.2633333333333333,0.8327775260150514,0.7989336370277124,0.5,0.8866961980329207,0.0,10.0,0.08333333333333333,8836.29152650526,3131.2771109310183,373.0,haco_safemarl_pilot_no_acoustic,generalization,21221234,2
0.0,1.0,170.0,0.1323529411764706,0.8383903268764624,0.831630619718856,0.7647058823529411,0.998611525154799,0.0,40.0,0.12941176470588237,5264.2582466710965,1323.3312045498562,0.0,haco_safemarl_pilot_no_shield,generalization,21221234,2
0.0,0.0,300.0,0.11666666666666667,0.8360806448013963,0.8135896776998988,0.5,0.9828551431474564,0.0,10.0,0.08333333333333333,8838.390251406168,3067.3536301102895,370.0,haco_safemarl_pilot,generalization,21221234,2
0.0,0.0,300.0,0.0033333333333333335,0.8378379436107521,0.8331168902483179,0.03333333333333333,0.9999888143162371,0.0,10.0,0.08666666666666667,917.8450735869919,195.09858826491555,292.0,haco_safemarl_mappo,generalization,21221234,2
1.0,1.0,126.0,0.626984126984127,0.6805238210611058,0.6409192453304395,1.0,0.9185031169873019,0.0,0.0,0.1984126984126984,2228.940000000005,940.0204258770639,0.0,fixed_auv_ga_pso_tlbo_proxy,generalization,21231241,2
1.0,1.0,97.0,0.6804123711340206,0.6286207904384997,0.4778134673071631,1.0,0.4999999993880723,0.0,0.0,0.21649484536082475,2244.5800000000027,772.9000000000003,0.0,independent_greedy,generalization,21231241,2
1.0,1.0,259.0,0.8513513513513513,0.6316200640562527,0.618815745435514,1.0,0.9865224515512622,0.0,0.0,0.10038610038610038,6639.000685672334,2520.5770835536373,0.0,communication_aware,generalization,21231241,2
1.0,1.0,156.0,0.6762820512820513,0.6842280478128783,0.6356760285011525,1.0,0.8585254989990678,0.0,0.0,0.16025641025641027,4595.872035736819,1610.6814704478197,307.0,haco_safemarl_pilot_no_acoustic,generalization,21231241,2
1.0,1.0,118.0,0.711864406779661,0.6548851006381783,0.6291447314689496,1.0,0.9345189949449795,0.0,0.0,0.22033898305084745,3553.931317405191,1189.0727616846461,0.0,haco_safemarl_pilot_no_shield,generalization,21231241,2
0.0,0.0,300.0,0.7866666666666666,0.6537983812570017,0.6414692581655185,1.0,0.9806080866498247,0.0,0.0,0.09,8606.99921240895,3140.9157232660095,596.0,haco_safemarl_pilot,generalization,21231241,2
0.0,0.0,300.0,0.725,0.68432797476077,0.6075626446740262,1.0,0.49999999917355376,0.0,0.0,0.0,169.42106603746538,28.369177628478262,579.0,haco_safemarl_mappo,generalization,21231241,2
0.0,0.5,300.0,0.0,0.8715543980130511,0.853575174416188,0.0,0.99999999975,0.0,0.0,0.0,5306.999999999984,2800.4016262880436,0.0,fixed_auv_ga_pso_tlbo_proxy,generalization,21241248,2
1.0,1.0,277.0,0.2815884476534296,0.7030925259872342,0.591365393797335,0.5,0.8668271858021735,0.0,0.0,0.0,6409.780000000025,2683.100000000011,0.0,independent_greedy,generalization,21241248,2
0.0,0.5,300.0,0.005,0.8661117222300173,0.8467774674480945,0.05,0.9999747484975571,0.0,0.0,0.0,8175.0,3530.9810332448324,0.0,communication_aware,generalization,21241248,2
1.0,1.0,258.0,0.1065891472868217,0.8583933639728595,0.8319241166156227,0.5,0.9859658724094633,0.0,0.0,0.0,7796.231250000007,2343.6878944365626,85.0,haco_safemarl_pilot_no_acoustic,generalization,21241248,2
1.0,1.0,270.0,0.10555555555555556,0.8609876000780008,0.837473086654702,0.5,0.9862643631386978,0.0,0.0,0.0,8113.124386037595,2151.1337803869524,0.0,haco_safemarl_pilot_no_shield,generalization,21241248,2
1.0,1.0,258.0,0.09496124031007752,0.8632373602150482,0.8429245280244401,0.5,0.98911061696295,0.0,0.0,0.0,7797.006675925628,2106.2635213466037,85.0,haco_safemarl_pilot,generalization,21241248,2
0.0,0.5,300.0,0.0,0.864576764137815,0.8418445394076615,0.0,0.99999999975,0.0,0.0,0.0,1060.4287219068208,151.76706952451372,126.0,haco_safemarl_mappo,generalization,21241248,2
0.0,1.0,270.0,0.12407407407407407,0.8502832517943952,0.831030135292848,0.7777777777777778,0.9939182041934775,0.0,81.0,0.0,4776.299999999996,2064.0869141158964,0.0,fixed_auv_ga_pso_tlbo_proxy,generalization,21251255,2
0.0,1.0,207.0,0.4975845410628019,0.6491941290449273,0.4444158874664248,0.9523809523809523,0.6051924794940144,0.0,63.0,0.0,4789.980000000002,1296.3000000000013,0.0,independent_greedy,generalization,21251255,2
0.0,1.0,289.0,0.27854671280276816,0.829275390058447,0.8123519844153172,1.0,0.9951868592507356,0.0,112.0,0.0,7787.357636406792,2618.2561512290818,0.0,communication_aware,generalization,21251255,2
0.0,0.0,300.0,0.0,0.8939410412114778,0.8896544610434503,0.0,0.99999999975,0.0,0.0,0.0,3988.787795025749,2166.133654213606,884.0,haco_safemarl_pilot_no_acoustic,generalization,21251255,2
0.0,1.0,203.0,0.09359605911330049,0.8263090840242664,0.7783224497025432,0.5238095238095238,0.9950330636223048,0.0,63.0,0.0,6289.906887937007,1480.4526067682677,0.0,haco_safemarl_pilot_no_shield,generalization,21251255,2
0.0,0.0,300.0,0.0,0.8939930134720777,0.8899253295772138,0.0,0.99999999975,0.0,0.0,0.0,3895.6477928053737,2032.2931392003045,884.0,haco_safemarl_pilot,generalization,21251255,2
0.0,0.0,300.0,0.0,0.8906882639298563,0.8822016486566785,0.0,0.99999999975,0.0,0.0,0.0,2130.0924336543394,1390.3991754110639,494.0,haco_safemarl_mappo,generalization,21251255,2
0.0,0.5,300.0,0.15666666666666668,0.838256581605652,0.7864414038825394,0.5,0.9666404901726205,0.0,33.0,0.0,5306.999999999984,2334.748164018142,0.0,fixed_auv_ga_pso_tlbo_proxy,generalization,21261262,2
0.0,1.0,300.0,0.5333333333333333,0.5802200127390204,0.34213997136768,1.0,0.7075812268620729,0.0,25.0,0.0,6942.000000000033,2227.9000000000087,0.0,independent_greedy,generalization,21261262,2
0.0,0.5,300.0,0.11833333333333333,0.8435183515835099,0.7967869039832509,0.5,0.9823049540216389,0.0,29.0,0.0,8173.533332474259,2699.4728108813674,0.0,communication_aware,generalization,21261262,2
0.0,1.0,274.0,0.32299270072992703,0.7842819013246818,0.6661516419691338,0.5,0.8145883881093919,0.0,27.0,0.0,7911.1264641307,1947.943760293367,246.0,haco_safemarl_pilot_no_acoustic,generalization,21261262,2
0.0,1.0,292.0,0.3082191780821918,0.7934475728280685,0.6833507407384786,0.5,0.8343693763744189,0.0,25.0,0.0,8944.114144575868,2381.7900615951066,0.0,haco_safemarl_pilot_no_shield,generalization,21261262,2
0.0,1.0,276.0,0.32065217391304346,0.8002434410485828,0.6996944068086173,0.5,0.8178059244780744,0.0,28.0,0.0,8143.56591494244,1992.3560124275496,236.0,haco_safemarl_pilot,generalization,21261262,2
0.0,0.0,300.0,0.20833333333333334,0.837302489924178,0.7943071985971493,0.5,0.9352331602728665,0.0,20.0,0.023333333333333334,2028.2085119557626,53.137851916431316,341.0,haco_safemarl_mappo,generalization,21261262,2
0.0,1.0,288.0,0.40625,0.7224718443199956,0.6988573000169499,1.0,0.9987703651087713,0.0,25.0,0.17708333333333334,5094.719999999988,2385.0708579255192,0.0,fixed_auv_ga_pso_tlbo_proxy,generalization,21271269,2
0.0,1.0,220.0,0.46136363636363636,0.6765259526518594,0.5828069631049287,1.0,0.9621604020937928,0.0,19.0,0.20454545454545456,5090.800000000007,2005.3000000000065,0.0,independent_greedy,generalization,21271269,2
0.0,0.5,300.0,0.505,0.7558531684232639,0.7446568330675271,1.0,0.999444808516508,0.0,22.0,0.25,7886.28784956169,2959.3487563648896,0.0,communication_aware,generalization,21271269,2
0.0,1.0,244.0,0.28688524590163933,0.7489312909790892,0.6416588880894661,1.0,0.9373084420311784,0.0860655737704918,14.0,0.24180327868852458,6534.093115782988,1741.3018730449337,307.0,haco_safemarl_pilot_no_acoustic,generalization,21271269,2
0.0,1.0,216.0,0.2361111111111111,0.7356440120317039,0.6004281070252829,0.7045454545454546,0.9391493321275572,0.10185185185185185,19.0,0.25925925925925924,6652.231040632845,1736.4122023247924,0.0,haco_safemarl_pilot_no_shield,generalization,21271269,2
0.0,1.0,264.0,0.32386363636363635,0.7541658578923626,0.6616165002704478,1.0,0.9487189025731966,0.08333333333333333,14.0,0.22727272727272727,7140.370860427416,2007.512468291794,348.0,haco_safemarl_pilot,generalization,21271269,2
0.0,0.0,300.0,0.12166666666666667,0.8457833310517483,0.8158370599685997,0.5,0.9811734694362795,0.0,13.0,0.3233333333333333,399.2341536205674,141.57552772591143,342.0,haco_safemarl_mappo,generalization,21271269,2
1.0,1.0,185.0,0.3837837837837838,0.7820675262483364,0.7788589129202208,1.0,0.9996923070343371,0.0,0.0,0.0,3272.6500000000083,1465.121404537679,0.0,fixed_auv_ga_pso_tlbo_proxy,generalization,21281276,2
0.0,1.0,142.0,0.528169014084507,0.6460754083289275,0.42904259262483707,1.0,0.5887213110861975,0.028169014084507043,0.0,0.19014084507042253,3285.879999999997,951.0999999999998,0.0,independent_greedy,generalization,21281276,2
1.0,1.0,295.0,0.6677966101694915,0.7325204509395115,0.7281627309289186,1.0,0.9998958852937027,0.0,0.0,0.03728813559322034,7706.609398946435,2828.3306353728913,0.0,communication_aware,generalization,21281276,2
1.0,1.0,150.0,0.24666666666666667,0.785586251721611,0.6973839290628765,0.5,0.9031687646710763,0.0,0.0,0.16,4308.531637225412,882.8263509801153,207.0,haco_safemarl_pilot_no_acoustic,generalization,21281276,2
1.0,1.0,141.0,0.38652482269503546,0.7578346683948464,0.6655244123809178,1.0,0.8488569965149434,0.0,0.0,0.14893617021276595,4344.586639964354,940.1449568027696,0.0,haco_safemarl_pilot_no_shield,generalization,21281276,2
1.0,1.0,157.0,0.1464968152866242,0.7906882715125733,0.7124833589833885,0.5,0.9760287000046458,0.0,0.0,0.1464968152866242,4609.9799490788555,1034.4478893645517,220.0,haco_safemarl_pilot,generalization,21281276,2
0.0,0.0,300.0,0.22833333333333333,0.8158997551982655,0.7903032316188898,0.5,0.9194940332217209,0.0,0.0,0.07333333333333333,575.5314129534183,136.49239362887567,446.0,haco_safemarl_mappo,generalization,21281276,2
0.0,0.5,300.0,0.016666666666666666,0.8321220705522736,0.8278318421379935,0.16666666666666666,0.9998161783240559,0.0,53.0,0.0,5306.999999999984,2442.185228205009,0.0,fixed_auv_ga_pso_tlbo_proxy,generalization,21291283,2
0.0,1.0,261.0,0.7030651340996169,0.6564624077166403,0.5795778895882391,1.0,0.9514851459478764,0.0,77.0,0.0,6039.54000000002,2249.3000000000084,0.0,independent_greedy,generalization,21291283,2
0.0,0.5,300.0,0.13666666666666666,0.8220150345014774,0.8194068509665856,1.0,0.999627454735916,0.0,92.0,0.0,8156.612441781913,3204.7214191493194,0.0,communication_aware,generalization,21291283,2
0.0,0.5,300.0,0.14666666666666667,0.8515836275933808,0.8507752331862894,0.5,0.9836547839079588,0.0,33.0,0.0,8336.08666456555,2457.286560401682,223.0,haco_safemarl_pilot_no_acoustic,generalization,21291283,2
0.0,1.0,254.0,0.4074803149606299,0.7944940638345906,0.7326291465366217,0.5,0.8878098965479869,0.0,76.0,0.0,7719.535660231415,1941.6917666010793,0.0,haco_safemarl_pilot_no_shield,generalization,21291283,2
0.0,0.5,300.0,0.09333333333333334,0.8565918849452874,0.8500297149767391,0.5,0.9951442595683538,0.0,29.0,0.0,8337.697117488475,2241.195822968102,223.0,haco_safemarl_pilot,generalization,21291283,2
0.0,0.5,300.0,0.21666666666666667,0.8005866662175982,0.7524804962251346,0.5,0.9566912079423897,0.0,0.0,0.0,2053.6444618719966,497.73456286864007,471.0,haco_safemarl_mappo,generalization,21291283,2
1.0,1.0,195.0,0.3230769230769231,0.7970041551246724,0.7938145995481878,1.0,0.9997704837328399,0.0,0.0,0.0,3449.550000000009,1535.0251299041304,0.0,fixed_auv_ga_pso_tlbo_proxy,generalization,21301290,2
1.0,1.0,149.0,0.5067114093959731,0.7079487071133141,0.5579301607323536,1.0,0.6121876589724295,0.0,0.0,0.16778523489932887,3447.859999999996,1217.5000000000027,0.0,independent_greedy,generalization,21301290,2
1.0,1.0,291.0,0.6082474226804123,0.7460196558362271,0.7444310110256863,1.0,0.9999230575387691,0.0,0.0,0.0,7624.571284612509,2871.1897851451445,0.0,communication_aware,generalization,21301290,2
1.0,1.0,145.0,0.2103448275862069,0.7866269675915409,0.6872672681732928,0.5,0.9337452366434246,0.0,0.0,0.2482758620689655,3199.3199693014026,757.9520049868244,228.0,haco_safemarl_pilot_no_acoustic,generalization,21301290,2
0.0,1.0,145.0,0.2206896551724138,0.7425293824001918,0.6022613011799905,0.5,0.9257594428430346,0.006896551724137931,0.0,0.2206896551724138,4449.644128804263,1009.7768649642595,0.0,haco_safemarl_pilot_no_shield,generalization,21301290,2
1.0,1.0,145.0,0.20689655172413793,0.7954408054868349,0.705542940052018,0.5,0.9362831854922947,0.0,0.0,0.2482758620689655,3317.5122506309162,784.9455900487802,226.0,haco_safemarl_pilot,generalization,21301290,2
0.0,0.0,300.0,0.0,0.8298921801860653,0.8297835307296059,0.0,0.99999999975,0.0,0.0,0.08333333333333333,763.3746697736848,371.6729120148623,459.0,haco_safemarl_mappo,generalization,21301290,2
0.0,0.5,300.0,0.16166666666666665,0.8269665271280623,0.7900057896460311,0.5,0.9641449897233689,0.0,0.0,0.0,5306.999999999984,2380.356479701088,0.0,fixed_auv_ga_pso_tlbo_proxy,generalization,21311297,2
0.0,1.0,268.0,0.48134328358208955,0.6281569292964377,0.41217253588301966,1.0,0.6907758308043057,0.05970149253731343,0.0,0.1455223880597015,6201.520000000022,2074.100000000007,0.0,independent_greedy,generalization,21311297,2
0.0,0.5,300.0,0.05,0.8300842445019948,0.7979628031931353,0.5,0.9972375687852933,0.0,0.0,0.0,8175.0,3164.4295484711997,0.0,communication_aware,generalization,21311297,2
1.0,1.0,247.0,0.25708502024291496,0.8195714610951352,0.7625897287398676,0.5,0.8930565313524611,0.0,0.0,0.0,7676.754072433437,1887.7769561514056,158.0,haco_safemarl_pilot_no_acoustic,generalization,21311297,2
1.0,1.0,263.0,0.3193916349809886,0.8106240317920909,0.7810195084697525,0.5,0.9302886006594626,0.0,0.0,0.0,8021.439893993247,2081.671062995485,0.0,haco_safemarl_pilot_no_shield,generalization,21311297,2
1.0,1.0,247.0,0.22064777327935223,0.8356646336175398,0.7990322106157334,0.5,0.9257929118428936,0.0,0.0,0.0,7674.014409124755,2005.1225200899894,156.0,haco_safemarl_pilot,generalization,21311297,2
1.0,1.0,256.0,0.173828125,0.8476246317569807,0.8106729699991116,0.5,0.9576077063807451,0.0,0.0,0.0,1592.8526437255282,34.79165263356814,144.0,haco_safemarl_mappo,generalization,21311297,2
1.0,1.0,229.0,0.0,0.9126725531258669,0.9123398859245534,0.0,0.99999999975,0.0,0.0,0.0,4051.0100000000107,1872.2030948385395,0.0,fixed_auv_ga_pso_tlbo_proxy,generalization,21321304,2
1.0,1.0,175.0,0.06285714285714286,0.8832914521058317,0.866127337192525,0.5,0.9955213381344354,0.0,0.0,0.0,4049.4999999999927,1472.7000000000023,0.0,independent_greedy,generalization,21321304,2
1.0,1.0,198.0,0.0,0.9126836656203113,0.9123735945764676,0.0,0.99999999975,0.0,0.0,0.0,5395.5,2071.7687735543486,0.0,communication_aware,generalization,21321304,2
1.0,1.0,175.0,0.0,0.9104351085084136,0.9077643028695699,0.0,0.99999999975,0.0,0.0,0.0,4647.612573344276,1266.968046154615,53.0,haco_safemarl_pilot_no_acoustic,generalization,21321304,2
1.0,1.0,170.0,0.0,0.9103456610256521,0.9075291208306896,0.0,0.99999999975,0.0,0.0,0.0,5164.727500000002,1340.3226229148336,0.0,haco_safemarl_pilot_no_shield,generalization,21321304,2
1.0,1.0,175.0,0.0,0.9104351085084136,0.9077643028695699,0.0,0.99999999975,0.0,0.0,0.0,4647.612573344276,1266.968046154615,53.0,haco_safemarl_pilot,generalization,21321304,2
0.0,0.5,300.0,0.0,0.9008572806542168,0.8962285200687713,0.0,0.99999999975,0.0,0.0,0.0,686.00602879968,276.0902013776324,60.0,haco_safemarl_mappo,generalization,21321304,2
0.0,1.0,293.0,0.11262798634812286,0.8611594500165926,0.8516457400706721,0.8833333333333333,0.9985228948090024,0.0,44.0,0.0,5183.169999999986,2643.8040850203515,0.0,fixed_auv_ga_pso_tlbo_proxy,generalization,21331311,2
0.0,1.0,224.0,0.5200892857142857,0.7668922811741391,0.7014363464276423,1.0,0.7112194966352872,0.0,34.0,0.0,5183.360000000008,2025.1000000000063,0.0,independent_greedy,generalization,21331311,2
0.0,0.5,300.0,0.24666666666666667,0.840987527900331,0.8326481549551763,1.0,0.9996868389866721,0.0,38.0,0.0,8078.270734476018,3412.4105889335237,0.0,communication_aware,generalization,21331311,2
0.0,1.0,231.0,0.0,0.8652808886611895,0.8496089787634784,0.0,0.99999999975,0.0,18.0,0.0,6818.322234618306,1931.5628897198162,128.0,haco_safemarl_pilot_no_acoustic,generalization,21331311,2
0.0,1.0,218.0,0.23623853211009174,0.8364468836172624,0.7830449736099999,0.5,0.9126816898765883,0.0,33.0,0.0,6608.5900628344825,1626.9627332066889,0.0,haco_safemarl_pilot_no_shield,generalization,21331311,2
0.0,1.0,231.0,0.0,0.8648456306298025,0.8487057081475153,0.0,0.99999999975,0.0,17.0,0.0,6778.980985757931,2001.3310299484529,129.0,haco_safemarl_pilot,generalization,21331311,2
0.0,0.0,300.0,0.0,0.8517474863795043,0.8513620815255917,0.0,0.99999999975,0.0,11.0,0.0,765.049420592805,206.15535077144563,185.0,haco_safemarl_mappo,generalization,21331311,2
0.0,0.5,300.0,0.16333333333333333,0.8567255209853052,0.8559243301973959,1.0,0.9999841271308905,0.0,114.0,0.08,5306.999999999984,2271.7755824346486,0.0,fixed_auv_ga_pso_tlbo_proxy,generalization,21341318,2
0.0,0.5,300.0,0.8633333333333333,0.4324972032890617,0.30801728284210755,1.0,0.9905715838020855,0.0,92.0,0.10666666666666667,6942.000000000033,2167.1000000000076,0.0,independent_greedy,generalization,21341318,2
0.0,0.0,300.0,0.275,0.8446791380302875,0.8431443898578876,1.0,0.9999947148383441,0.0,138.0,0.04666666666666667,8035.283525092801,2881.35843463272,0.0,communication_aware,generalization,21341318,2
0.0,0.5,300.0,0.20333333333333334,0.8301131184769701,0.8064249460792771,0.7833333333333333,0.9672181109476874,0.0,30.0,0.06,9252.636051923957,3063.5233896139175,319.0,haco_safemarl_pilot_no_acoustic,generalization,21341318,2
0.0,0.5,300.0,0.29333333333333333,0.7524901829957623,0.6585369863255083,1.0,0.9704402646808691,0.013333333333333334,100.0,0.12,9237.004549965679,2291.6357350089593,0.0,haco_safemarl_pilot_no_shield,generalization,21341318,2
0.0,0.0,300.0,0.09166666666666666,0.8480311467146644,0.8348241657232598,0.5,0.9899183466452502,0.0,30.0,0.06,9293.573430836628,3114.7437478441866,303.0,haco_safemarl_pilot,generalization,21341318,2
0.0,0.0,300.0,0.07833333333333334,0.8735495820821296,0.8622879136510909,0.5,0.9928283409107436,0.0,30.0,0.07,1606.6967263655408,229.14115895621023,369.0,haco_safemarl_mappo,generalization,21341318,2
0.0,1.0,223.0,0.8856502242152466,0.5281930665556746,0.4852821072063613,1.0,0.49999999522020383,0.0,26.0,0.17488789237668162,3944.8700000000104,1896.1029939308244,0.0,fixed_auv_ga_pso_tlbo_proxy,generalization,21351325,2
0.0,1.0,171.0,0.8918128654970761,0.4340829024404339,0.3950989305889386,1.0,0.5277563548835299,0.0,20.0,0.0,3956.9399999999932,1391.7000000000023,0.0,independent_greedy,generalization,21351325,2
0.0,0.0,300.0,0.8766666666666667,0.6744761515805694,0.6497161961610296,1.0,0.49999999589116145,0.0,22.0,0.21,7720.3166828571475,2941.847468323984,0.0,communication_aware,generalization,21351325,2
1.0,1.0,243.0,0.6810699588477366,0.6566353437633123,0.6098490676106073,1.0,0.9996255280424863,0.0,0.0,0.09876543209876543,6072.040701149797,1797.7852350034213,585.0,haco_safemarl_pilot_no_acoustic,generalization,21351325,2
1.0,1.0,188.0,0.8324468085106383,0.5934646003469549,0.5061343417166385,1.0,0.9977375476963207,0.0,0.0,0.19680851063829788,5673.093638104425,1446.8019346753617,0.0,haco_safemarl_pilot_no_shield,generalization,21351325,2
0.0,0.0,300.0,0.6833333333333333,0.7024448801786914,0.6923439969031112,1.0,0.999889206459394,0.0,0.0,0.09,6434.7465649671385,2563.7031098867433,779.0,haco_safemarl_pilot,generalization,21351325,2
0.0,0.0,300.0,0.5283333333333333,0.7535205534352557,0.7197155336478774,1.0,0.8708165697686909,0.0,0.0,0.0,1054.2569565979554,414.4694945092087,689.0,haco_safemarl_mappo,generalization,21351325,2
0.0,0.3333333333333333,300.0,0.4288888888888889,0.6960062775185342,0.34218050717565884,0.8333333333333331,0.7774334889474702,0.0,66.0,0.0,6320.999999999983,3319.8531886995875,0.0,fixed_auv_ga_pso_tlbo_proxy,generalization,21161732,6
0.0,0.8333333333333334,300.0,0.4955555555555555,0.5830975727305739,0.17345526524062713,0.6833333333333333,0.642207951997203,0.0,89.0,0.0,8676.000000000018,4200.700000000006,0.0,independent_greedy,generalization,21161732,6
0.0,0.3333333333333333,300.0,0.48888888888888876,0.7490356190444095,0.5294078781129489,0.8333333333333331,0.7485072303221785,0.0,7.0,0.0,8685.770274400487,3708.85555409341,0.0,communication_aware,generalization,21161732,6
0.0,0.3333333333333333,300.0,0.34166666666666656,0.7395797962367298,0.47177855580447337,0.6666666666666669,0.8349387274129106,0.0,0.0,0.0,9766.802055864944,3359.0234844214733,818.0,haco_safemarl_pilot_no_acoustic,generalization,21161732,6
0.0,0.3333333333333333,300.0,0.4438888888888888,0.67964574521126,0.39427013338761846,0.6666666666666669,0.7752701449569779,0.0,170.0,0.0,9761.723544141381,3162.830148061726,0.0,haco_safemarl_pilot_no_shield,generalization,21161732,6
0.0,0.3333333333333333,300.0,0.3444444444444444,0.7952567383291839,0.6427498213722881,0.6666666666666669,0.8383426776417964,0.0,0.0,0.0,9582.465573115616,3309.581687271347,837.0,haco_safemarl_pilot,generalization,21161732,6
0.0,0.16666666666666666,300.0,0.3727777777777777,0.6996888008934484,0.4075381246604945,0.6666666666666669,0.8017850560073064,0.0,0.0,0.0,1658.134594175625,582.9871928148771,1089.0,haco_safemarl_mappo,generalization,21161732,6
0.0,0.8333333333333334,300.0,0.31444444444444436,0.72438938487418,0.4291756917730686,0.6666666666666669,0.8638809275371139,0.0,103.0,0.0,6320.999999999983,2636.1458375525835,0.0,fixed_auv_ga_pso_tlbo_proxy,generalization,21171739,6
0.0,1.0,266.0,0.4705513784461153,0.6502397256939124,0.23591475677555726,0.8333333333333331,0.7960837173619024,0.0,97.0,0.0,7692.720000000016,3258.900000000002,0.0,independent_greedy,generalization,21171739,6
0.0,0.5,300.0,0.4294444444444444,0.7557995254340176,0.5276051736019511,0.8333333333333331,0.8482224569898303,0.0,93.0,0.0,8780.566516777191,3194.7217832751103,0.0,communication_aware,generalization,21171739,6
0.0,0.8333333333333334,300.0,0.28111111111111103,0.7405490491298871,0.37388512852706524,0.6611111111111113,0.8601301468120743,0.0,0.0,0.0,10102.894411020654,2901.7216856457917,824.0,haco_safemarl_pilot_no_acoustic,generalization,21171739,6
0.0,0.6666666666666666,300.0,0.4877777777777777,0.6664839675018435,0.4454949100555303,0.8333333333333331,0.8086242189720871,0.0,122.0,0.0,10026.34227828471,2773.898359032723,0.0,haco_safemarl_pilot_no_shield,generalization,21171739,6
0.0,0.5,300.0,0.3088888888888889,0.8005351281882972,0.6259586176617798,0.6666666666666669,0.8565217005851956,0.0,0.0,0.0,9911.820197863768,3287.2922214173304,850.0,haco_safemarl_pilot,generalization,21171739,6
0.0,0.16666666666666666,300.0,0.38777777777777783,0.7009066953949754,0.46155229687816063,0.6666666666666669,0.8144830490476914,0.0,0.0,0.0,1328.4226799414828,271.7499611150568,928.0,haco_safemarl_mappo,generalization,21171739,6
0.0,0.8333333333333334,300.0,0.5533333333333333,0.5948558579217419,0.34912611891487766,1.0,0.8682225516325245,0.006666666666666667,0.0,0.05333333333333334,6320.999999999983,3085.811734923104,0.0,fixed_auv_ga_pso_tlbo_proxy,generalization,21181746,6
1.0,1.0,287.0,0.6684088269454123,0.4852001806956801,0.27876812081452973,1.0,0.8690672294326607,0.0,0.0,0.04878048780487805,8300.040000000017,4257.500000000003,0.0,independent_greedy,generalization,21181746,6
0.0,0.16666666666666666,300.0,0.6149999999999999,0.6880277157367806,0.5506466043263238,1.0,0.8733102024690997,0.01,0.0,0.03666666666666667,8441.960894548569,3058.1084726839135,0.0,communication_aware,generalization,21181746,6
0.0,0.5,300.0,0.561111111111111,0.6511372639241212,0.5368436811482857,0.9055555555555556,0.8883328208019479,0.02666666666666667,0.0,0.10666666666666667,9638.023030190861,2832.0041215151873,1202.0,haco_safemarl_pilot_no_acoustic,generalization,21181746,6
0.0,0.3333333333333333,300.0,0.6233333333333332,0.5759952515184122,0.46061227801578136,1.0,0.8864488358715145,0.0,0.0,0.10333333333333333,9742.819891099098,3016.618217353841,0.0,haco_safemarl_pilot_no_shield,generalization,21181746,6
0.0,0.16666666666666666,300.0,0.5505555555555555,0.7382561568859263,0.6722997504082232,1.0,0.9263315073905283,0.016666666666666666,0.0,0.07666666666666666,9177.135141654033,3067.5218558710862,1232.0,haco_safemarl_pilot,generalization,21181746,6
0.0,0.0,300.0,0.5272222222222221,0.6494087750526839,0.4380870744473426,1.0,0.9066951619433917,0.0,0.0,0.11333333333333333,1154.8865803475069,32.79301100568801,1288.0,haco_safemarl_mappo,generalization,21181746,6
0.0,1.0,294.0,0.5391156462585034,0.5999787133521615,0.31825709633168553,0.6666666666666669,0.5712259723401535,0.0,282.0,0.0,6194.5799999999845,3520.234211560545,0.0,fixed_auv_ga_pso_tlbo_proxy,generalization,21191753,6
0.0,1.0,225.0,0.6022222222222222,0.583548616580672,0.31458860117151893,0.6666666666666664,0.4962621454026742,0.0,215.0,0.04,6507.000000000013,3191.899999999998,0.0,independent_greedy,generalization,21191753,6
0.0,0.6666666666666666,300.0,0.5533333333333333,0.7190078689358015,0.5523026591158768,0.6666666666666669,0.5480070804684728,0.0,368.0,0.0,8578.947153505751,3730.9952242195127,0.0,communication_aware,generalization,21191753,6
0.0,0.8333333333333334,300.0,0.37166666666666665,0.7713328681561656,0.5536853411137458,0.6666666666666669,0.7644495042348396,0.0,10.0,0.0,8409.398280404605,3156.3577114618633,1223.0,haco_safemarl_pilot_no_acoustic,generalization,21191753,6
0.0,0.6666666666666666,300.0,0.43333333333333335,0.6816549599408627,0.37139432468913164,0.6666666666666669,0.6714112025382317,0.0,305.0,0.0,9614.311065972684,3002.2493519438935,0.0,haco_safemarl_pilot_no_shield,generalization,21191753,6
0.0,0.6666666666666666,300.0,0.38055555555555554,0.7921597171022224,0.67375791338119,0.6666666666666669,0.761189542873906,0.0,16.0,0.0,6081.413717353078,2695.0427188008916,1368.0,haco_safemarl_pilot,generalization,21191753,6
0.0,0.0,300.0,0.3805555555555555,0.7869363853746167,0.6761575828280572,0.6666666666666669,0.7441689382355943,0.0,17.0,0.0,2360.056090103392,1732.5618198132213,1341.0,haco_safemarl_mappo,generalization,21191753,6
0.0,0.8333333333333334,300.0,0.745,0.4694737757199287,0.21039528994483636,1.0,0.48637024714598576,0.0,190.0,0.06,6320.999999999983,3511.085169127421,0.0,fixed_auv_ga_pso_tlbo_proxy,generalization,21201760,6
0.0,1.0,236.0,0.7648305084745762,0.4398916410945941,0.2922648813321721,1.0,0.49741622918537626,0.0,146.0,0.0,6825.1200000000135,3244.8999999999955,0.0,independent_greedy,generalization,21201760,6
0.0,0.16666666666666666,300.0,0.7811111111111111,0.6606704972632187,0.5006335193591739,1.0,0.5131225786158784,0.0,192.0,0.0,8213.669365333997,3192.4770401890787,0.0,communication_aware,generalization,21201760,6
0.0,0.16666666666666666,300.0,0.5033333333333333,0.6518000387111944,0.4587200197877604,0.6666666666666669,0.7099095065463894,0.0,9.0,0.11666666666666667,9633.92391722042,3550.400309759093,1374.0,haco_safemarl_pilot_no_acoustic,generalization,21201760,6
0.0,0.3333333333333333,300.0,0.7294444444444443,0.5322375141746419,0.32353262440433805,0.8333333333333331,0.5701369756402562,0.0,210.0,0.08333333333333333,9483.679987878299,3041.3557342606723,0.0,haco_safemarl_pilot_no_shield,generalization,21201760,6
0.0,0.16666666666666666,300.0,0.4877777777777777,0.7504692079610293,0.6793922379655316,0.6666666666666669,0.7426934917937488,0.0,9.0,0.10333333333333333,9446.07647096001,3649.771087008273,1348.0,haco_safemarl_pilot,generalization,21201760,6
0.0,0.0,300.0,0.4483333333333333,0.6907761286105683,0.49258631324489877,0.5,0.5897796151830917,0.0,8.0,0.0,1281.586129083643,915.0779582441553,1491.0,haco_safemarl_mappo,generalization,21201760,6
0.0,1.0,247.0,0.38866396761133604,0.7052661076825888,0.32249742413560345,0.6666666666666667,0.7704775849975538,0.0,30.0,0.07692307692307693,5204.289999999998,3542.8326620335874,0.0,fixed_auv_ga_pso_tlbo_proxy,generalization,21211767,6
0.0,1.0,189.0,0.3738977072310405,0.6922827518268337,0.38810398131470597,0.5,0.7359553842176344,0.031746031746031744,23.0,0.13227513227513227,5465.88000000001,3226.8999999999987,0.0,independent_greedy,generalization,21211767,6
0.0,0.8333333333333334,300.0,0.43555555555555553,0.747484804318559,0.5193867410063595,0.6666666666666669,0.702358304372857,0.0,0.0,0.06333333333333334,8842.126161153286,4939.032275804923,0.0,communication_aware,generalization,21211767,6
0.0,0.8333333333333334,300.0,0.29111111111111115,0.7562700689651173,0.37383300490260357,0.5777777777777777,0.8790213036619527,0.0,0.0,0.06,9107.055251497759,2585.826661176117,894.0,haco_safemarl_pilot_no_acoustic,generalization,21211767,6
0.0,0.6666666666666666,300.0,0.3466666666666667,0.7143908135502903,0.36947965394204835,0.6111111111111112,0.7606676830702795,0.0,137.0,0.06666666666666667,9376.42620711609,3379.1433710478627,0.0,haco_safemarl_pilot_no_shield,generalization,21211767,6
0.0,0.6666666666666666,300.0,0.2627777777777778,0.8166083093955375,0.629421232664091,0.3444444444444445,0.8279750233570226,0.0,0.0,0.07,9196.14970615525,3395.5599546164476,638.0,haco_safemarl_pilot,generalization,21211767,6
0.0,0.3333333333333333,300.0,0.34555555555555556,0.7745060148090736,0.6281002152056255,0.5,0.7781882701948623,0.0,0.0,0.03666666666666667,550.6279031664402,491.2273822675252,1068.0,haco_safemarl_mappo,generalization,21211767,6
0.0,0.5,300.0,0.40666666666666657,0.6878347063309775,0.47399076267059587,0.8333333333333331,0.8142335828427184,0.0,21.0,0.0,6320.999999999983,3198.376035528456,0.0,fixed_auv_ga_pso_tlbo_proxy,generalization,21221774,6
0.0,1.0,292.0,0.6638127853881279,0.5194369928224984,0.09450199964967917,1.0,0.7135032967228219,0.0,16.0,0.0,8444.640000000018,3992.2999999999893,0.0,independent_greedy,generalization,21221774,6
0.0,0.3333333333333333,300.0,0.5705555555555556,0.7248706566046058,0.5699915778787124,1.0,0.8708989571897332,0.0,18.0,0.0,8670.08363510424,3352.870870577466,0.0,communication_aware,generalization,21221774,6
0.0,0.6666666666666666,300.0,0.33555555555555555,0.7296469937787462,0.37609203801093954,0.6111111111111112,0.8506299966956645,0.0,5.0,0.0,10347.60138181165,2694.468255851353,866.0,haco_safemarl_pilot_no_acoustic,generalization,21221774,6
0.0,0.5,300.0,0.5494444444444444,0.6766480027505997,0.43233982438240093,0.8333333333333331,0.7171888663559564,0.0,15.0,0.0,10078.504980395694,2778.8421224370477,0.0,haco_safemarl_pilot_no_shield,generalization,21221774,6
0.0,0.16666666666666666,300.0,0.4977777777777777,0.7482499217034562,0.5320008068740455,0.8333333333333331,0.7351418259207418,0.0,5.0,0.0,9700.808497969158,2962.2686040760827,1089.0,haco_safemarl_pilot,generalization,21221774,6
0.0,0.0,300.0,0.375,0.7622326959406648,0.6013822060753673,0.8222222222222221,0.8493523279038929,0.0,5.0,0.0,1272.5911889642275,66.14477120954828,1325.0,haco_safemarl_mappo,generalization,21221774,6
0.0,0.5,300.0,0.3977777777777778,0.7264545552903169,0.5751685638795925,1.0,0.967363134858761,0.0,337.0,0.0,6320.999999999983,3305.706469371813,0.0,fixed_auv_ga_pso_tlbo_proxy,generalization,21231781,6
0.0,1.0,263.0,0.6755386565272498,0.5936789336290235,0.5075392333432515,1.0,0.8548025249806769,0.0,258.0,0.0,7605.9600000000155,3486.4999999999864,0.0,independent_greedy,generalization,21231781,6
0.0,0.5,300.0,0.4733333333333332,0.7757121355571874,0.706695337661554,1.0,0.9646804234325799,0.0,292.0,0.0,8812.621428270953,3701.767123430016,0.0,communication_aware,generalization,21231781,6
0.0,0.5,300.0,0.23388888888888887,0.8026121803922878,0.6312830782172495,0.5944444444444444,0.9521926095074515,0.0,50.0,0.0,7604.506791029784,2490.0772771826937,1041.0,haco_safemarl_pilot_no_acoustic,generalization,21231781,6
0.0,0.6666666666666666,300.0,0.47,0.7051777298129862,0.5315337156224141,0.8333333333333331,0.8508015210798267,0.0,441.0,0.0,10037.902284793572,2721.7765675522587,0.0,haco_safemarl_pilot_no_shield,generalization,21231781,6
0.0,0.5,300.0,0.21111111111111108,0.8262451657686066,0.7496541566207359,0.5888888888888888,0.9525591168251444,0.0,50.0,0.0,7533.671313156304,2775.2472387760267,1088.0,haco_safemarl_pilot,generalization,21231781,6
0.0,0.0,300.0,0.1688888888888889,0.8075271849905749,0.5628075827735023,0.5,0.9400031920883207,0.0,77.0,0.0,2893.824435287477,1395.3452019762144,1394.0,haco_safemarl_mappo,generalization,21231781,6
0.0,0.6666666666666666,300.0,0.5483333333333333,0.5881233397325049,0.2786552070487044,1.0,0.7825137271060477,0.0,87.0,0.0,6320.999999999983,3125.350462182505,0.0,fixed_auv_ga_pso_tlbo_proxy,generalization,21241788,6
0.0,1.0,279.0,0.7240143369175627,0.4467334121794204,0.13276930359040667,1.0,0.65965732071358,0.0,65.0,0.007168458781362007,8068.680000000017,3771.1000000000035,0.0,independent_greedy,generalization,21241788,6
0.0,0.16666666666666666,300.0,0.561111111111111,0.7290652143147689,0.592308077063509,0.9333333333333333,0.7065581638956927,0.0,0.0,0.0,8562.452554499125,3701.1371154854405,0.0,communication_aware,generalization,21241788,6
0.0,0.16666666666666666,300.0,0.4216666666666666,0.6785522539192048,0.3322861851870924,0.6666666666666669,0.7571845404562149,0.0,0.0,0.0,9758.936768208105,3394.593791691635,1076.0,haco_safemarl_pilot_no_acoustic,generalization,21241788,6
0.0,0.3333333333333333,300.0,0.5649999999999998,0.5876665524155501,0.331425286577262,0.8333333333333331,0.6874474397008072,0.0,55.0,0.0,9671.532096178273,2977.3248123352078,0.0,haco_safemarl_pilot_no_shield,generalization,21241788,6
0.0,0.16666666666666666,300.0,0.4899999999999999,0.7455347879371319,0.5398104061636062,0.8333333333333331,0.7911920775347961,0.0,0.0,0.0,9550.392775250539,3505.302839418814,1106.0,haco_safemarl_pilot,generalization,21241788,6
0.0,0.16666666666666666,300.0,0.40333333333333327,0.7408356351593355,0.5935472733543702,0.8333333333333331,0.8421647478813694,0.0,0.0,0.0,1459.199348721215,757.6976507379752,1363.0,haco_safemarl_mappo,generalization,21241788,6
0.0,0.8333333333333334,300.0,0.542222222222222,0.5797990557876058,0.29823119100486084,1.0,0.8120634555261903,0.0,97.0,0.0,6320.999999999983,3447.3550872459755,0.0,fixed_auv_ga_pso_tlbo_proxy,generalization,21251795,6
0.0,1.0,234.0,0.7029914529914529,0.5179922327108989,0.2425720487232905,1.0,0.7085421605636223,0.0,78.0,0.0,6767.280000000013,3115.099999999999,0.0,independent_greedy,generalization,21251795,6
0.0,0.3333333333333333,300.0,0.5877777777777777,0.7055981783095903,0.559283239072583,1.0,0.7799726863213968,0.0,127.0,0.0,8564.075233746164,3553.2138645992036,0.0,communication_aware,generalization,21251795,6
0.0,0.5,300.0,0.47611111111111104,0.6790115951487242,0.46081701192960917,0.7444444444444441,0.7433787594761325,0.0,0.0,0.0,9922.202571048989,2991.604075648822,1105.0,haco_safemarl_pilot_no_acoustic,generalization,21251795,6
0.0,0.8333333333333334,300.0,0.5988888888888888,0.6059336871721293,0.3490493664618288,0.8333333333333331,0.5885506283640098,0.0,125.0,0.0,9791.434357668097,2839.0665238020433,0.0,haco_safemarl_pilot_no_shield,generalization,21251795,6
0.0,0.16666666666666666,300.0,0.5405555555555555,0.7390018810836636,0.6796168239053011,0.8333333333333331,0.7410827866015905,0.0,0.0,0.0,9452.093100276643,3227.7481521228897,1164.0,haco_safemarl_pilot,generalization,21251795,6
0.0,0.0,300.0,0.4416666666666666,0.7571938533271041,0.6175397839621178,0.6666666666666669,0.7030320114826141,0.0,0.0,0.0,978.0159432958394,106.07603243758443,1280.0,haco_safemarl_mappo,generalization,21251795,6
0.0,0.8333333333333334,300.0,0.7022222222222222,0.5257698894763202,0.20077791695592317,1.0,0.5499835365419689,0.0,69.0,0.0,6320.999999999983,3814.070902632932,0.0,fixed_auv_ga_pso_tlbo_proxy,generalization,21261802,6
0.0,1.0,270.0,0.6524691358024691,0.48051528760173196,0.050765560562360715,1.0,0.6363076094447987,0.0,59.0,0.0,7808.400000000016,4328.100000000002,0.0,independent_greedy,generalization,21261802,6
0.0,0.3333333333333333,300.0,0.7705555555555557,0.6255152145888456,0.4156612249087219,1.0,0.5677797970430799,0.0,79.0,0.043333333333333335,8200.193389732838,2960.755109372259,0.0,communication_aware,generalization,21261802,6
0.0,0.8333333333333334,300.0,0.43333333333333335,0.6370333982056321,0.17504336237051837,0.5722222222222222,0.6559485530174418,0.0,0.0,0.0,10005.160127750256,2700.745230395989,1188.0,haco_safemarl_pilot_no_acoustic,generalization,21261802,6
0.0,0.6666666666666666,300.0,0.6883333333333332,0.556455425450211,0.24794251222015015,1.0,0.7475948860337512,0.006666666666666667,129.0,0.05333333333333334,9735.9619709223,2671.2172445207293,0.0,haco_safemarl_pilot_no_shield,generalization,21261802,6
0.0,0.16666666666666666,300.0,0.6227777777777777,0.7031124885463726,0.5267635551265828,0.9388888888888889,0.6537196315974653,0.0,0.0,0.013333333333333334,9381.598478311038,3307.040480206289,1332.0,haco_safemarl_pilot,generalization,21261802,6
0.0,0.0,300.0,0.4899999999999999,0.7165203872098304,0.37974418953593747,0.8333333333333331,0.6574269103928,0.0,0.0,0.0,1045.7945683597695,480.03324292920945,1501.0,haco_safemarl_mappo,generalization,21261802,6
0.0,0.8333333333333334,300.0,0.611111111111111,0.598846732360198,0.24097772809391255,1.0,0.6947989336076629,0.0,294.0,0.03333333333333333,6320.999999999983,3745.5222418220574,0.0,fixed_auv_ga_pso_tlbo_proxy,generalization,21271809,6
0.0,1.0,269.0,0.543990086741016,0.5384416765845161,0.11483433803985645,0.8333333333333331,0.6660862806999568,0.0,225.0,0.0,7779.480000000016,4311.699999999994,0.0,independent_greedy,generalization,21271809,6
0.0,0.5,300.0,0.6672222222222223,0.6749471498207921,0.4662567704081141,1.0,0.7155783443134773,0.0,272.0,0.006666666666666667,8387.84333323743,3103.7278755944917,0.0,communication_aware,generalization,21271809,6
0.0,0.5,300.0,0.4105555555555556,0.7287309549596188,0.5740600962745669,0.7722222222222219,0.8199429539000682,0.0,12.0,0.0,6651.332583976788,2628.067260125514,1560.0,haco_safemarl_pilot_no_acoustic,generalization,21271809,6
0.0,1.0,299.0,0.5228539576365664,0.6418862667454863,0.4101050755479798,0.7777777777777776,0.7096936659892149,0.0,520.0,0.03678929765886288,9991.656339810508,2363.255925861311,0.0,haco_safemarl_pilot_no_shield,generalization,21271809,6
0.0,0.16666666666666666,300.0,0.4594444444444444,0.7567792657522452,0.5807900680389949,0.7555555555555552,0.7084438956382983,0.0,12.0,0.0033333333333333335,9499.167558385972,3682.6320261783985,1278.0,haco_safemarl_pilot,generalization,21271809,6
0.0,0.0,300.0,0.4294444444444444,0.7519260308159853,0.5286918480070576,0.6666666666666669,0.7122264313594526,0.0,12.0,0.05333333333333334,1335.9005953097935,1132.6318326570354,1358.0,haco_safemarl_mappo,generalization,21271809,6
0.0,1.0,292.0,0.7146118721461187,0.4605538416314337,0.21408156418710464,1.0,0.6250625061173735,0.0,265.0,0.0,6152.439999999985,3607.2949711088586,0.0,fixed_auv_ga_pso_tlbo_proxy,generalization,21281816,6
0.0,1.0,224.0,0.6584821428571429,0.4559200228769094,0.11505416503025596,1.0,0.5781998714809186,0.0,204.0,0.0,6478.080000000013,3209.300000000002,0.0,independent_greedy,generalization,21281816,6
0.0,0.5,300.0,0.7822222222222222,0.5846173456278746,0.4273795185850845,1.0,0.6489627675079118,0.0,311.0,0.0,8125.697960180436,3146.349255605306,0.0,communication_aware,generalization,21281816,6
0.0,0.3333333333333333,300.0,0.46888888888888886,0.6356438228116701,0.2845951367614226,0.6666666666666669,0.6880970449945124,0.0,0.0,0.0,9529.34842269489,3502.2984687030867,1213.0,haco_safemarl_pilot_no_acoustic,generalization,21281816,6
0.0,0.5,300.0,0.5705555555555555,0.5669783437272778,0.2891761651223598,0.6944444444444443,0.5359648603076633,0.0,157.0,0.0,9391.899027935397,3132.442537876656,0.0,haco_safemarl_pilot_no_shield,generalization,21281816,6
0.0,0.16666666666666666,300.0,0.5227777777777777,0.726722231234725,0.5892043307985183,0.6666666666666669,0.6055541056669475,0.0,0.0,0.0,9192.926848023044,3852.1035612057185,1400.0,haco_safemarl_pilot,generalization,21281816,6
0.0,0.16666666666666666,300.0,0.565,0.5662638298059997,0.3700419092031296,0.6666666666666669,0.5387472648718468,0.0,0.0,0.013333333333333334,777.631655239456,376.38374889255766,1378.0,haco_safemarl_mappo,generalization,21281816,6
0.0,0.6666666666666666,300.0,0.5644444444444444,0.5488434887687791,0.16887305572905983,0.8333333333333331,0.6710423462066593,0.0,84.0,0.0,6320.999999999983,3357.897094052075,0.0,fixed_auv_ga_pso_tlbo_proxy,generalization,21291823,6
0.0,1.0,257.0,0.6543450064850842,0.49370745866245963,0.046132964919487894,0.8333333333333333,0.4673731001956601,0.0,65.0,0.0,7432.440000000015,3412.299999999997,0.0,independent_greedy,generalization,21291823,6
0.0,0.16666666666666666,300.0,0.6133333333333333,0.6702899783309126,0.3862626062654215,0.8333333333333331,0.6166348429752578,0.0,167.0,0.0,8451.52245123054,3408.3918613310293,0.0,communication_aware,generalization,21291823,6
0.0,0.5,300.0,0.49,0.6388294907507,0.13163663506107437,0.8333333333333331,0.709815336978849,0.0,0.0,0.0,9851.351947978574,3162.6345120476412,1194.0,haco_safemarl_pilot_no_acoustic,generalization,21291823,6
0.0,0.3333333333333333,300.0,0.6311111111111111,0.5590607673917694,0.2282510960226099,0.8333333333333331,0.580349292027685,0.0,148.0,0.0,9569.696129328844,3036.7055957236757,0.0,haco_safemarl_pilot_no_shield,generalization,21291823,6
0.0,0.3333333333333333,300.0,0.48388888888888876,0.7412004532505257,0.48591843353938763,0.8166666666666664,0.6933626732622147,0.0,0.0,0.0,9556.571547672645,3514.937273406857,1236.0,haco_safemarl_pilot,generalization,21291823,6
0.0,0.0,300.0,0.5922222222222221,0.630612343798124,0.4095719470113498,0.8333333333333331,0.6413120592015584,0.0,0.0,0.0,1003.6698737029773,421.5207468948915,1380.0,haco_safemarl_mappo,generalization,21291823,6
0.0,1.0,236.0,0.7005649717514123,0.5105458370880546,0.19199582463145456,0.8333333333333334,0.4541587089224673,0.0,210.0,0.0,4972.520000000001,2929.8978935969003,0.0,fixed_auv_ga_pso_tlbo_proxy,generalization,21301830,6
0.0,1.0,180.0,0.6509259259259258,0.5215932368864455,0.1167340085792922,0.8333333333333335,0.5458983399100965,0.0,160.0,0.0,5205.6000000000095,2600.1000000000013,0.0,independent_greedy,generalization,21301830,6
0.0,0.5,300.0,0.7461111111111111,0.5988674869010217,0.4154632026444312,0.8333333333333331,0.35852551486078227,0.0,120.0,0.0,8209.822721752622,3706.56975592691,0.0,communication_aware,generalization,21301830,6
0.0,0.5,300.0,0.6033333333333334,0.5863850400824347,0.32431833194511844,0.8333333333333331,0.5671735443940322,0.0,0.0,0.0,6307.330255295352,2508.9636246094105,1546.0,haco_safemarl_pilot_no_acoustic,generalization,21301830,6
0.0,0.6666666666666666,300.0,0.5888888888888889,0.5923469067730355,0.24718208218119955,0.8333333333333331,0.5875359967158945,0.0,418.0,0.0,9312.449471571052,3158.9348831400257,0.0,haco_safemarl_pilot_no_shield,generalization,21301830,6
0.0,0.3333333333333333,300.0,0.635,0.7047651687707405,0.6037992806715622,0.8333333333333331,0.5711319990110829,0.0,0.0,0.0,4472.281594119658,1916.2228232212187,1651.0,haco_safemarl_pilot,generalization,21301830,6
0.0,0.0,300.0,0.556111111111111,0.6201092685306273,0.18265534837329744,0.6666666666666669,0.5517850876081393,0.0,0.0,0.0,677.3403191089475,340.25603565176857,1486.0,haco_safemarl_mappo,generalization,21301830,6
0.0,0.8333333333333334,300.0,0.5066666666666667,0.6914088380395441,0.4305762976258304,0.9555555555555556,0.7378313739399541,0.0,215.0,0.0,6320.999999999983,3513.9894666846826,0.0,fixed_auv_ga_pso_tlbo_proxy,generalization,21311837,6
0.0,1.0,258.0,0.8372093023255814,0.591930258118453,0.38889091442139007,1.0,0.7024157149062517,0.0,163.0,0.0,7461.360000000015,3678.0999999999954,0.0,independent_greedy,generalization,21311837,6
0.0,0.5,300.0,0.5716666666666667,0.7708859564446549,0.7263012981855336,1.0,0.7982909907420663,0.0,185.0,0.0,8770.555031035445,3814.156788119732,0.0,communication_aware,generalization,21311837,6
0.0,0.6666666666666666,300.0,0.3044444444444444,0.7590945961380721,0.5619279785999891,0.5388888888888889,0.8349013992884364,0.0,7.0,0.0,6288.525768422287,2027.0684073170007,1295.0,haco_safemarl_pilot_no_acoustic,generalization,21311837,6
0.0,1.0,295.0,0.42372881355932207,0.6978833690622784,0.4965564896292214,0.8333333333333331,0.8767937865319763,0.0,196.0,0.0,9918.360527177201,2444.5017586813838,0.0,haco_safemarl_pilot_no_shield,generalization,21311837,6
0.0,0.3333333333333333,300.0,0.21444444444444444,0.8135260111607906,0.7226937926475427,0.4722222222222222,0.8887484241819765,0.0,7.0,0.0,6338.553078034227,2505.05730241576,1292.0,haco_safemarl_pilot,generalization,21311837,6
0.0,0.16666666666666666,300.0,0.33,0.7447246977656915,0.42714311962042484,0.6666666666666669,0.8039146756826516,0.0,6.0,0.0,2640.2898899332286,1575.2987903515268,1342.0,haco_safemarl_mappo,generalization,21311837,6
0.0,0.6666666666666666,300.0,0.6144444444444443,0.507534213650584,0.3029541317549548,1.0,0.80435145648812,0.0,205.0,0.043333333333333335,6320.999999999983,2805.6697628625443,0.0,fixed_auv_ga_pso_tlbo_proxy,generalization,21321844,6
0.0,1.0,284.0,0.6948356807511736,0.4127363367773559,0.15891306987756892,1.0,0.663584336922377,0.0,247.0,0.05985915492957746,8213.280000000017,3627.1000000000026,0.0,independent_greedy,generalization,21321844,6
0.0,0.0,300.0,0.67,0.6676645151183955,0.5292664870766475,1.0,0.8108711837488893,0.0,205.0,0.0,8332.844345778803,3031.618441982266,0.0,communication_aware,generalization,21321844,6
0.0,0.16666666666666666,300.0,0.57,0.60116944663948,0.34153988415364317,0.8833333333333333,0.728377589648923,0.0,9.0,0.056666666666666664,9718.573402969845,3401.6980606822035,1397.0,haco_safemarl_pilot_no_acoustic,generalization,21321844,6
0.0,0.16666666666666666,300.0,0.7094444444444444,0.4896724692466762,0.32670951315511176,1.0,0.8145253024790293,0.0,190.0,0.05333333333333334,9607.19536609831,3133.9077639005072,0.0,haco_safemarl_pilot_no_shield,generalization,21321844,6
0.0,0.0,300.0,0.5694444444444444,0.7202316033419829,0.6184439012835292,0.9722222222222222,0.7637400085084461,0.0,9.0,0.0,9417.312145723861,3549.9012477681113,1381.0,haco_safemarl_pilot,generalization,21321844,6
0.0,0.0,300.0,0.606111111111111,0.6166689428114243,0.34812919679590504,1.0,0.8315896915460789,0.0,11.0,0.06333333333333334,1244.9180837631764,287.09420149531957,1556.0,haco_safemarl_mappo,generalization,21321844,6
0.0,0.8333333333333334,300.0,0.5244444444444445,0.633015571825736,0.39764781567925156,1.0,0.9004104302378567,0.0,0.0,0.17,6320.999999999983,2969.7490825431805,0.0,fixed_auv_ga_pso_tlbo_proxy,generalization,21331851,6
1.0,1.0,254.0,0.6686351706036745,0.564422918517106,0.29298931638257,1.0,0.9028264546179585,0.0,0.0,0.1220472440944882,7345.680000000015,3204.4999999999986,0.0,independent_greedy,generalization,21331851,6
0.0,0.3333333333333333,300.0,0.6105555555555556,0.6959808088485676,0.5274661564829068,1.0,0.9234951418257228,0.0,0.0,0.17,8506.854829335198,2972.01679809964,0.0,communication_aware,generalization,21331851,6
0.0,0.8333333333333334,300.0,0.5622222222222221,0.6535959268234253,0.4538492369916695,1.0,0.9238918248536665,0.0,0.0,0.12,9448.985655206638,2383.5527907934575,1391.0,haco_safemarl_pilot_no_acoustic,generalization,21331851,6
0.0,0.6666666666666666,300.0,0.6311111111111111,0.6173696813575194,0.4450675939025306,1.0,0.9486530680665747,0.0,0.0,0.16666666666666666,9922.096969600138,2807.5938246686624,0.0,haco_safemarl_pilot_no_shield,generalization,21331851,6
0.0,0.3333333333333333,300.0,0.5444444444444445,0.733358809201572,0.624441951667818,1.0,0.9196496467435203,0.0,0.0,0.14,9596.977529292399,3095.7779993531735,1392.0,haco_safemarl_pilot,generalization,21331851,6
0.0,0.0,300.0,0.3205555555555556,0.7388115016805806,0.38768967463065845,0.7166666666666665,0.8639909287172153,0.0,0.0,0.19333333333333333,1163.5159344797355,188.32971340512856,1186.0,haco_safemarl_mappo,generalization,21331851,6
0.0,0.8333333333333334,300.0,0.6233333333333332,0.6081423121063628,0.37009327326770136,1.0,0.776152365397201,0.006666666666666667,0.0,0.08,6320.999999999983,3797.8836160965443,0.0,fixed_auv_ga_pso_tlbo_proxy,generalization,21341858,6
0.0,1.0,239.0,0.8605299860529986,0.49206193539983023,0.2895068048923742,1.0,0.3741534775566652,0.008368200836820083,0.0,0.20502092050209206,6911.880000000014,3500.699999999994,0.0,independent_greedy,generalization,21341858,6
0.0,0.5,300.0,0.6016666666666666,0.7457557591560847,0.7105520499769593,0.8333333333333331,0.6366064594991557,0.0,0.0,0.056666666666666664,8557.99489126117,3977.661430599972,0.0,communication_aware,generalization,21341858,6
0.0,0.6666666666666666,300.0,0.37333333333333335,0.7571892856882237,0.6486939719610236,0.7666666666666664,0.8320215945963153,0.0,0.0,0.24666666666666667,8043.319599416942,2297.976044284681,1377.0,haco_safemarl_pilot_no_acoustic,generalization,21341858,6
0.0,1.0,285.0,0.7233918128654969,0.6409148335229442,0.5045815782879803,1.0,0.7743041853974402,0.0,22.0,0.24561403508771928,9470.11501281488,2643.259517338366,0.0,haco_safemarl_pilot_no_shield,generalization,21341858,6
0.0,0.5,300.0,0.44388888888888894,0.7596419469474843,0.6103561811371706,0.8333333333333331,0.8192426999385718,0.0,0.0,0.25,8967.051377969457,2856.9114162044966,1276.0,haco_safemarl_pilot,generalization,21341858,6
0.0,0.0,300.0,0.33,0.7688323994305706,0.5633809422723948,0.5,0.7670250668867734,0.0,0.0,0.2866666666666667,1435.8645268834687,398.64293947605466,1421.0,haco_safemarl_mappo,generalization,21341858,6
0.0,0.8333333333333334,300.0,0.5394444444444444,0.5429324751027287,0.27507228358586094,0.8333333333333331,0.7246671600845043,0.0,340.0,0.056666666666666664,6320.999999999983,3559.1998952444937,0.0,fixed_auv_ga_pso_tlbo_proxy,generalization,21351865,6
0.0,1.0,246.0,0.5548780487804879,0.5164220476868366,0.2263149862976067,0.8333333333333333,0.7103579362412772,0.0,276.0,0.032520325203252036,7114.320000000014,3658.3000000000025,0.0,independent_greedy,generalization,21351865,6
0.0,0.16666666666666666,300.0,0.5822222222222221,0.680852599968575,0.5132913449284664,0.8333333333333331,0.6722299092519809,0.0,270.0,0.06,8473.191691102926,3734.4159437829258,0.0,communication_aware,generalization,21351865,6
0.0,0.3333333333333333,300.0,0.48111111111111104,0.6580080293934961,0.433859466909308,0.8333333333333331,0.7939834787118518,0.0,10.0,0.04,9516.975810912987,3758.423742508403,1189.0,haco_safemarl_pilot_no_acoustic,generalization,21351865,6
0.0,0.5,300.0,0.6105555555555554,0.5697490685483325,0.34217720118653283,0.8333333333333331,0.6341034434855884,0.0,393.0,0.04666666666666667,9563.844039919586,3044.3565717492424,0.0,haco_safemarl_pilot_no_shield,generalization,21351865,6
0.0,0.16666666666666666,300.0,0.48111111111111093,0.7566880611376614,0.6597712140372791,0.8333333333333331,0.8015561484477658,0.0,10.0,0.03666666666666667,9282.224388138138,3801.042229630118,1195.0,haco_safemarl_pilot,generalization,21351865,6
0.0,0.16666666666666666,300.0,0.4527777777777777,0.6579373871100458,0.44691628576503123,0.6666666666666669,0.730361226612608,0.0,11.0,0.0,1085.2349317707728,881.8250037071299,1264.0,haco_safemarl_mappo,generalization,21351865,6
0.0,0.625,300.0,0.73625,0.42556212348364114,0.1889468283694998,1.0,0.6714047774426828,0.0,400.0,0.0,6828.0000000000455,3793.249046155189,0.0,fixed_auv_ga_pso_tlbo_proxy,generalization,21162072,8
0.0,1.0,286.0,0.8090034965034965,0.3489602843545851,0.1699301383865796,1.0,0.6130704726540736,0.0,475.0,0.0,9097.66000000003,5134.900000000009,0.0,independent_greedy,generalization,21162072,8
0.0,0.25,300.0,0.7733333333333333,0.6226815248448584,0.5280223749616262,1.0,0.660288447675492,0.0,301.0,0.0,8376.73472246484,3083.437212338605,0.0,communication_aware,generalization,21162072,8
0.0,0.25,300.0,0.6816666666666666,0.6043032180529037,0.39882888364647506,1.0,0.7107980671031441,0.0,0.0,0.0,9995.555924666756,3823.4984322978726,1922.0,haco_safemarl_pilot_no_acoustic,generalization,21162072,8
0.0,0.25,300.0,0.7433333333333333,0.49732116529882225,0.29635286191197086,1.0,0.6566255051859594,0.0,161.0,0.0,9786.761313152027,3129.634661451059,0.0,haco_safemarl_pilot_no_shield,generalization,21162072,8
0.0,0.0,300.0,0.72,0.6984518658875077,0.6323794923502942,1.0,0.739448243229862,0.0,0.0,0.0,9462.537076854886,3692.1011364574865,2024.0,haco_safemarl_pilot,generalization,21162072,8
0.0,0.125,300.0,0.57625,0.6331368605713282,0.45754196966691674,0.8083333333333333,0.5918529089663739,0.0,0.0,0.0,1189.1924174951127,527.0890300834651,2105.0,haco_safemarl_mappo,generalization,21162072,8
0.0,0.625,300.0,0.6875,0.4446710971259563,0.11834935921233088,1.0,0.7253497151918773,0.0,215.0,0.0,6828.0000000000455,3297.189716163737,0.0,fixed_auv_ga_pso_tlbo_proxy,generalization,21172079,8
0.0,0.875,300.0,0.7516666666666667,0.35021327093547266,0.08848093451546525,1.0,0.6813048547280324,0.0,173.0,0.0,9543.000000000025,4842.499999999987,0.0,independent_greedy,generalization,21172079,8
0.0,0.125,300.0,0.7304166666666667,0.6176553681489313,0.35747919041443355,1.0,0.7302508546756634,0.0,213.0,0.0,8449.23292154142,3016.6361419200834,0.0,communication_aware,generalization,21172079,8
0.0,0.25,300.0,0.6325,0.590311040689255,0.18319177517239657,1.0,0.7785842393649088,0.0,1.0,0.0,4630.966128605534,1791.684716372002,2148.0,haco_safemarl_pilot_no_acoustic,generalization,21172079,8
0.0,0.125,300.0,0.7554166666666666,0.4651160066429009,0.2405358802624416,1.0,0.7303780670462302,0.0,137.0,0.0,9794.757185297809,3177.7548148702003,0.0,haco_safemarl_pilot_no_shield,generalization,21172079,8
0.0,0.0,300.0,0.6458333333333334,0.7098021315363551,0.526367469776269,1.0,0.7893345335540484,0.0,1.0,0.0,6052.518041485443,2933.8725749146656,2161.0,haco_safemarl_pilot,generalization,21172079,8
0.0,0.0,300.0,0.7354166666666667,0.5632006825773974,0.24897317392080823,1.0,0.6315785350904674,0.0,0.0,0.0,2446.166296331265,1392.9174253753938,2302.0,haco_safemarl_mappo,generalization,21172079,8
1.0,1.0,264.0,0.6231060606060606,0.5633307546305044,0.19211418002879652,0.875,0.6634111201834417,0.0,0.0,0.0,6008.640000000038,4173.296482766883,0.0,fixed_auv_ga_pso_tlbo_proxy,generalization,21182086,8
1.0,1.0,202.0,0.5891089108910891,0.546338769373074,0.07251173644943817,0.875,0.6107134150050426,0.0,0.0,0.0,6425.6200000000235,3750.900000000008,0.0,independent_greedy,generalization,21182086,8
0.0,0.5,300.0,0.64625,0.6400849982718426,0.3358564633175213,0.875,0.5795450159421621,0.0,0.0,0.0,8741.575522966254,4448.72804263345,0.0,communication_aware,generalization,21182086,8
0.0,0.875,300.0,0.39375,0.6556786482989961,0.20175678158872484,0.6208333333333333,0.7385472455106942,0.016666666666666666,0.0,0.043333333333333335,9683.502660514016,2533.525559815767,1360.0,haco_safemarl_pilot_no_acoustic,generalization,21182086,8
0.0,0.75,300.0,0.5633333333333334,0.5921473413148931,0.23346594213267655,0.75,0.5822024697781679,0.0,112.0,0.0,9711.153564442053,2898.23587825421,0.0,haco_safemarl_pilot_no_shield,generalization,21182086,8
0.0,0.375,300.0,0.4970833333333333,0.7280350944987314,0.4525497566169566,0.75,0.7045296716254474,0.0,0.0,0.0,8570.088817887912,3168.4031409851996,1612.0,haco_safemarl_pilot,generalization,21182086,8
0.0,0.125,300.0,0.5654166666666667,0.6578038543318518,0.3827104891804352,0.75,0.6258192005566863,0.0,0.0,0.0,1296.459184382885,798.1004463133945,1955.0,haco_safemarl_mappo,generalization,21182086,8
0.0,0.625,300.0,0.4995833333333333,0.5806210042683106,0.27283012413860713,0.75,0.6883812361541384,0.0,352.0,0.12,6828.0000000000455,3955.864771114859,0.0,fixed_auv_ga_pso_tlbo_proxy,generalization,21192093,8
0.0,1.0,272.0,0.5427389705882353,0.5286229344201532,0.2941297194635839,0.75,0.6657510019304578,0.0,311.0,0.14338235294117646,8652.320000000038,4745.099999999984,0.0,independent_greedy,generalization,21192093,8
0.0,0.375,300.0,0.5283333333333333,0.7163227084046433,0.5674510450385156,0.75,0.6577665716398794,0.0,345.0,0.10666666666666667,8981.639491621103,4575.191155719671,0.0,communication_aware,generalization,21192093,8
0.0,0.125,300.0,0.4266666666666667,0.6637175625300048,0.49083048432442733,0.625,0.7475331960164441,0.0,0.0,0.13666666666666666,9549.22975351959,3516.8792222400484,1749.0,haco_safemarl_pilot_no_acoustic,generalization,21192093,8
0.0,0.375,300.0,0.5316666666666666,0.6052696973229814,0.40140921663846524,0.75,0.6420741921025578,0.06333333333333334,186.0,0.15,9774.32881917137,3358.4985951925523,0.0,haco_safemarl_pilot_no_shield,generalization,21192093,8
0.0,0.125,300.0,0.4141666666666667,0.7670810637269402,0.6772771087074337,0.625,0.7663866041143391,0.0,0.0,0.14333333333333334,9245.300237176487,3511.547635503295,1752.0,haco_safemarl_pilot,generalization,21192093,8
0.0,0.0,300.0,0.47,0.6162159987929635,0.4240839715662068,0.6791666666666667,0.6793274171946525,0.0,0.0,0.06666666666666667,1642.62861900938,970.2767027803475,1945.0,haco_safemarl_mappo,generalization,21192093,8
0.0,1.0,242.0,0.5263429752066116,0.5835011913867506,0.16240513631252493,0.625,0.5642187122352701,0.0,237.0,0.0,5507.920000000033,3711.8823410939594,0.0,fixed_auv_ga_pso_tlbo_proxy,generalization,21202100,8
0.0,1.0,185.0,0.5331081081081082,0.571120832860001,0.1359032054109699,0.625,0.5551020265587672,0.0,181.0,0.0,5884.850000000018,3359.100000000008,0.0,independent_greedy,generalization,21202100,8
0.0,0.625,300.0,0.5679166666666666,0.662388508656142,0.3348894892352781,0.725,0.5099068162547599,0.0,541.0,0.0,8872.373414269721,4849.487966655646,0.0,communication_aware,generalization,21202100,8
0.0,0.75,300.0,0.41875,0.67792987559871,0.2554425928794894,0.5208333333333334,0.6988004199704642,0.0,2.0,0.0,9842.132634727714,3356.034320977411,1281.0,haco_safemarl_pilot_no_acoustic,generalization,21202100,8
0.0,0.75,300.0,0.5475,0.6199042777001661,0.2904569376701817,0.75,0.5752971614292155,0.0,164.0,0.0,9696.529324975068,2953.1689267569877,0.0,haco_safemarl_pilot_no_shield,generalization,21202100,8
0.0,0.5,300.0,0.4245833333333333,0.7779879318891562,0.5668714300240377,0.625,0.6994074424814559,0.0,2.0,0.0,9581.012850342559,4196.298609189647,1314.0,haco_safemarl_pilot,generalization,21202100,8
0.0,0.0,300.0,0.52625,0.6754886474802904,0.27976400362449017,0.75,0.6121876953123062,0.0,2.0,0.0,614.7180902748478,434.53874040434016,1719.0,haco_safemarl_mappo,generalization,21202100,8
0.0,0.5,300.0,0.23125,0.7818917050181851,0.5777760769386303,0.625,0.9207413590294566,0.0,86.0,0.0,6828.0000000000455,3551.5457990410755,0.0,fixed_auv_ga_pso_tlbo_proxy,generalization,21212107,8
0.0,1.0,260.0,0.6341346153846154,0.5896794466280915,0.1876834630624747,0.8894230769230769,0.735410423058727,0.0,105.0,0.09615384615384616,8270.600000000044,3608.2999999999947,0.0,independent_greedy,generalization,21212107,8
0.0,0.5,300.0,0.2891666666666667,0.8085483710769389,0.6814873546735045,0.75,0.9003100809473965,0.0,134.0,0.0,9640.464839782799,4536.2824852756985,0.0,communication_aware,generalization,21212107,8
0.0,0.75,300.0,0.19041666666666668,0.7999462623226192,0.44731403182498647,0.375,0.9341401627340338,0.0,6.0,0.0,10758.267302219037,3103.952041031966,755.0,haco_safemarl_pilot_no_acoustic,generalization,21212107,8
0.0,0.875,300.0,0.28041666666666665,0.7687647361266948,0.4673323982210393,0.3958333333333333,0.8737133907897785,0.0,184.0,0.0,10629.622240491426,2667.0625905344054,0.0,haco_safemarl_pilot_no_shield,generalization,21212107,8
0.0,0.625,300.0,0.19166666666666668,0.8296252914710759,0.6451416179856835,0.375,0.9342704170992426,0.0,6.0,0.0,10590.07222200915,3011.8678634191674,751.0,haco_safemarl_pilot,generalization,21212107,8
0.0,0.125,300.0,0.14666666666666667,0.8223791054567822,0.6403636154124297,0.375,0.9578800822688992,0.0,6.0,0.0,2590.3719375586347,184.22336048062746,1094.0,haco_safemarl_mappo,generalization,21212107,8
0.0,0.875,300.0,0.5979166666666667,0.5340794616494875,0.14596422454238708,0.75,0.5262561541567226,0.0,31.0,0.0,6828.0000000000455,4367.306619353188,0.0,fixed_auv_ga_pso_tlbo_proxy,generalization,21222114,8
0.0,1.0,259.0,0.5728764478764479,0.5236666752835414,0.05036955485957957,0.75,0.592271825306766,0.0,45.0,0.0,8238.790000000045,4785.5000000000055,0.0,independent_greedy,generalization,21222114,8
0.0,0.25,300.0,0.72125,0.6625907653039269,0.32828997645041663,0.875,0.41664587596583674,0.0,216.0,0.0,8524.983478767917,3778.1514206130214,0.0,communication_aware,generalization,21222114,8
0.0,0.25,300.0,0.3804166666666667,0.6675865627943396,0.119534886906906,0.5,0.7343129401668408,0.0,13.0,0.0,9853.483276626921,4011.497576865508,1554.0,haco_safemarl_pilot_no_acoustic,generalization,21222114,8
0.0,0.375,300.0,0.63875,0.5639021942975504,0.1659981680440362,0.75,0.44371726819170937,0.0,117.0,0.0,9739.297146476363,3161.6871360867467,0.0,haco_safemarl_pilot_no_shield,generalization,21222114,8
0.0,0.25,300.0,0.5504166666666667,0.7371355024473873,0.3906229770329723,0.75,0.6002950323731153,0.0,13.0,0.0,9633.260330633051,4127.119446128149,1605.0,haco_safemarl_pilot,generalization,21222114,8
0.0,0.125,300.0,0.5829166666666666,0.6260173091629129,0.16699045555423894,0.75,0.554913694918534,0.0,13.0,0.0,1137.3322564308544,652.7278448864138,1861.0,haco_safemarl_mappo,generalization,21222114,8
0.0,1.0,295.0,0.45254237288135596,0.6230649128592322,0.20275815191727278,0.8,0.7217003320149046,0.061016949152542375,212.0,0.10847457627118644,6714.200000000044,3719.281514186679,0.0,fixed_auv_ga_pso_tlbo_proxy,generalization,21232121,8
0.0,1.0,225.0,0.48277777777777775,0.6016186020246957,0.07176749381543604,0.75,0.7034438485372029,0.05333333333333334,162.0,0.08888888888888889,7157.250000000033,3155.6999999999957,0.0,independent_greedy,generalization,21232121,8
0.0,0.375,300.0,0.5041666666666667,0.7225486665089758,0.44979760894211496,0.75,0.679427095298683,0.07333333333333333,125.0,0.11666666666666667,9026.584331938353,4184.695177307618,0.0,communication_aware,generalization,21232121,8
0.0,0.25,300.0,0.4525,0.6778918923216368,0.19653006360290629,0.75,0.7336577422758701,0.016666666666666666,18.0,0.06333333333333334,10036.59360994283,3689.5060562294725,1408.0,haco_safemarl_pilot_no_acoustic,generalization,21232121,8
0.0,0.75,300.0,0.51,0.6504920045011611,0.23164192520549864,0.75,0.6736445043387608,0.02,88.0,0.1,10214.430231347533,2774.5214660862202,0.0,haco_safemarl_pilot_no_shield,generalization,21232121,8
0.0,0.25,300.0,0.44625,0.760458828544161,0.511531908558724,0.75,0.7402742245086084,0.02,15.0,0.07666666666666666,9577.53732139448,3322.539329669098,1426.0,haco_safemarl_pilot,generalization,21232121,8
0.0,0.0,300.0,0.37166666666666665,0.7202838606285298,0.20841254957540192,0.6791666666666667,0.7652576092635721,0.02666666666666667,0.0,0.006666666666666667,1425.5407414598178,194.76139032654487,1397.0,haco_safemarl_mappo,generalization,21232121,8
0.0,0.75,300.0,0.5533333333333333,0.5747505686279067,0.3177758558381901,1.0,0.8891199662668041,0.0,121.0,0.03666666666666667,6828.0000000000455,3642.289898419588,0.0,fixed_auv_ga_pso_tlbo_proxy,generalization,21242128,8
0.0,1.0,247.0,0.5850202429149798,0.5385702008587462,0.33123179017865145,1.0,0.8982003931900295,0.0,110.0,0.0,7857.070000000042,3770.4999999999986,0.0,independent_greedy,generalization,21242128,8
0.0,0.375,300.0,0.6125,0.6817467408879229,0.5059114880591157,1.0,0.8893756168969603,0.0,0.0,0.01,8725.328839261272,3051.5452768249525,0.0,communication_aware,generalization,21242128,8
0.0,0.375,300.0,0.5225,0.6782267077981479,0.5696164790206111,0.9916666666666667,0.9670501536841899,0.0,0.0,0.07666666666666666,10204.29536504581,3226.2413683630484,1529.0,haco_safemarl_pilot_no_acoustic,generalization,21242128,8
0.0,0.5,300.0,0.57625,0.6386698176168524,0.5398883778491478,1.0,0.9771824571180732,0.0,29.0,0.08,10273.020072834892,3015.5403608075926,0.0,haco_safemarl_pilot_no_shield,generalization,21242128,8
0.0,0.0,300.0,0.6125,0.7181235739521579,0.6329046840815871,1.0,0.9225560636722298,0.0,0.0,0.03333333333333333,9683.642820660263,3301.0677830059913,1675.0,haco_safemarl_pilot,generalization,21242128,8
0.0,0.0,300.0,0.4608333333333333,0.7397359496953305,0.624612411972712,0.875,0.875882978147948,0.0,0.0,0.0,1218.8823870660017,238.37301823331225,1700.0,haco_safemarl_mappo,generalization,21242128,8
0.0,0.875,300.0,0.7775,0.48089353796078116,0.19722630696837445,1.0,0.6510648789485555,0.0,190.0,0.0,6828.0000000000455,4618.562980083692,0.0,fixed_auv_ga_pso_tlbo_proxy,generalization,21252135,8
0.0,1.0,236.0,0.8040254237288136,0.46468979770385405,0.12369509903348151,1.0,0.503427276903246,0.0,144.0,0.0,7507.160000000037,4415.500000000002,0.0,independent_greedy,generalization,21252135,8
0.0,0.375,300.0,0.8154166666666667,0.6119294764504881,0.3839923616724565,1.0,0.6745064475903049,0.0,214.0,0.0,8307.153563492348,3341.745511360645,0.0,communication_aware,generalization,21252135,8
0.0,0.625,300.0,0.5433333333333333,0.6382324828240928,0.22379079122355544,0.75,0.7107248681378184,0.0,20.0,0.0,9640.899140281455,3410.0629444891683,1637.0,haco_safemarl_pilot_no_acoustic,generalization,21252135,8
0.0,0.5,300.0,0.6158333333333333,0.5786213905086339,0.27943870259799075,0.75,0.6524412706928397,0.0,270.0,0.0,9690.530144371052,3184.186352983717,0.0,haco_safemarl_pilot_no_shield,generalization,21252135,8
0.0,0.25,300.0,0.5704166666666667,0.7253537576229884,0.5446863509298685,0.75,0.6546261534536236,0.0,20.0,0.0,9399.52343241148,3702.6812845459485,1726.0,haco_safemarl_pilot,generalization,21252135,8
0.0,0.0,300.0,0.5829166666666666,0.6347732746795042,0.44640038341008886,0.875,0.7343679457754883,0.0,20.0,0.0,740.4486152933023,315.3978622080055,2104.0,haco_safemarl_mappo,generalization,21252135,8
0.0,0.875,300.0,0.4270833333333333,0.631097600261649,0.23689445951121726,0.625,0.6881065346101695,0.04666666666666667,208.0,0.10666666666666667,6828.0000000000455,4388.9223312867225,0.0,fixed_auv_ga_pso_tlbo_proxy,generalization,21262142,8
0.0,1.0,245.0,0.4479591836734694,0.6091130907953883,0.18114868721977612,0.625,0.6726443279782731,0.0163265306122449,166.0,0.12653061224489795,7793.450000000041,4446.499999999996,0.0,independent_greedy,generalization,21262142,8
0.0,0.5,300.0,0.45708333333333334,0.7399584552746342,0.5393225973451483,0.625,0.6589747868922594,0.04666666666666667,289.0,0.11666666666666667,9154.070736009777,4958.7018801772165,0.0,communication_aware,generalization,21262142,8
0.0,0.625,300.0,0.3616666666666667,0.7176579551174628,0.3392798027597988,0.625,0.795243361608208,0.0,43.0,0.12666666666666668,9566.720564230776,3093.3339599376795,1252.0,haco_safemarl_pilot_no_acoustic,generalization,21262142,8
0.0,0.625,300.0,0.44416666666666665,0.6668863900371759,0.2760477779929595,0.625,0.6678771519791701,0.04,175.0,0.12,9921.947095019144,3098.51250559159,0.0,haco_safemarl_pilot_no_shield,generalization,21262142,8
0.0,0.5,300.0,0.37166666666666665,0.782051820724639,0.5950736935957862,0.625,0.7969775983150645,0.016666666666666666,43.0,0.12,9272.60336075249,3391.843914765186,1290.0,haco_safemarl_pilot,generalization,21262142,8
0.0,0.0,300.0,0.3575,0.6948616581289389,0.2685721776948095,0.5,0.7576357379339194,0.0,55.0,0.19666666666666666,1170.0061064390961,370.1565906199336,1486.0,haco_safemarl_mappo,generalization,21262142,8
0.0,0.875,300.0,0.5870833333333333,0.5882079958749983,0.23470942679536777,0.75,0.6130557622144251,0.0,0.0,0.08333333333333333,6828.0000000000455,4091.937190732429,0.0,fixed_auv_ga_pso_tlbo_proxy,generalization,21272149,8
0.0,1.0,251.0,0.7241035856573705,0.5114700487150491,0.1079607250844235,0.8125,0.5252245221491674,0.04780876494023904,0.0,0.1752988047808765,7984.310000000043,4170.100000000008,0.0,independent_greedy,generalization,21272149,8
0.0,0.375,300.0,0.6816666666666666,0.6990863197911333,0.4094384620406109,0.875,0.5292931344237527,0.0,0.0,0.09333333333333334,8750.629035239914,3491.0079188586383,0.0,communication_aware,generalization,21272149,8
0.0,0.875,300.0,0.39791666666666664,0.71357919050004,0.49616728754871997,0.7458333333333333,0.8849213412332625,0.0,0.0,0.09333333333333334,9499.148342519798,2329.958994777401,1542.0,haco_safemarl_pilot_no_acoustic,generalization,21272149,8
0.0,0.875,300.0,0.6320833333333333,0.6144693019511497,0.4455896852224118,0.8875,0.7981485802931875,0.10333333333333333,0.0,0.15,10598.671775503692,2419.2286721233863,0.0,haco_safemarl_pilot_no_shield,generalization,21272149,8
0.0,0.5,300.0,0.49416666666666664,0.7402517713316935,0.5280452421436698,0.75,0.7624744426706324,0.0,0.0,0.1,8802.63317384545,2827.283394577399,1771.0,haco_safemarl_pilot,generalization,21272149,8
0.0,0.125,300.0,0.3645833333333333,0.748716982124963,0.5015372172812601,0.5,0.7863791107036577,0.0,0.0,0.0,1267.955612562607,212.8523947999658,1514.0,haco_safemarl_mappo,generalization,21272149,8
0.0,1.0,272.0,0.4733455882352941,0.631058843511536,0.31430203022700676,0.875,0.796242494168209,0.0,132.0,0.058823529411764705,6190.720000000039,3344.43871539015,0.0,fixed_auv_ga_pso_tlbo_proxy,generalization,21282156,8
0.0,1.0,208.0,0.5576923076923077,0.5974183992116013,0.17915661293644522,0.875,0.6777570916294786,0.0,102.0,0.0673076923076923,6616.480000000026,2861.099999999994,0.0,independent_greedy,generalization,21282156,8
0.0,0.25,300.0,0.5091666666666667,0.7193614830475558,0.5299580724357835,0.8166666666666667,0.7109386526878451,0.0,228.0,0.04666666666666667,9022.097306425869,4392.244251239152,0.0,communication_aware,generalization,21282156,8
0.0,0.625,300.0,0.4325,0.6623387540567667,0.34299998171754903,0.75,0.7338965938249503,0.0,0.0,0.05333333333333334,9995.76625308028,3218.011889169094,1356.0,haco_safemarl_pilot_no_acoustic,generalization,21282156,8
0.0,0.5,300.0,0.5291666666666667,0.6074679344039923,0.32463969476682775,0.75,0.6607079286713484,0.0,137.0,0.06333333333333334,9989.998148644676,3117.3748238799767,0.0,haco_safemarl_pilot_no_shield,generalization,21282156,8
0.0,0.25,300.0,0.4083333333333333,0.7659760376265882,0.6104465019303169,0.625,0.746801538318129,0.0,0.0,0.06,9747.549736792886,3784.998429414986,1349.0,haco_safemarl_pilot,generalization,21282156,8
0.0,0.125,300.0,0.3416666666666667,0.7138974678511719,0.4761050706694181,0.7416666666666667,0.7896081943924455,0.0,0.0,0.0,1470.7792250502741,725.6557660043454,1483.0,haco_safemarl_mappo,generalization,21282156,8
0.0,0.875,300.0,0.5283333333333333,0.5467282054379417,0.25650626095147916,0.75,0.6669414742700813,0.056666666666666664,316.0,0.15,6828.0000000000455,4570.029127766914,0.0,fixed_auv_ga_pso_tlbo_proxy,generalization,21292163,8
0.0,1.0,244.0,0.5502049180327869,0.5229673020265172,0.24281919237356517,0.75,0.6289193034364529,0.0,242.0,0.06557377049180328,7761.64000000004,4739.500000000002,0.0,independent_greedy,generalization,21292163,8
0.0,0.5,300.0,0.5616666666666666,0.6810152186989608,0.49454028085547674,0.75,0.6197994605374029,0.03,539.0,0.13,8855.407252250943,4430.681540890979,0.0,communication_aware,generalization,21292163,8
0.0,0.625,300.0,0.3879166666666667,0.715857199926041,0.45790056675644025,0.6458333333333334,0.7568372608911779,0.0,4.0,0.02,8916.622068677589,3210.878945479318,1579.0,haco_safemarl_pilot_no_acoustic,generalization,21292163,8
0.0,0.5,300.0,0.5275,0.6020925707282118,0.35559344615939975,0.75,0.6002094737140241,0.056666666666666664,420.0,0.13,9749.12478243745,3228.7003154251224,0.0,haco_safemarl_pilot_no_shield,generalization,21292163,8
0.0,0.375,300.0,0.38375,0.7848231289669002,0.6585017366265263,0.625,0.7683535188663008,0.0,4.0,0.12,9458.904397359254,4205.229087715922,1469.0,haco_safemarl_pilot,generalization,21292163,8
0.0,0.125,300.0,0.4633333333333333,0.636539692100435,0.31588621852227705,0.625,0.6793293453725668,0.0,4.0,0.20666666666666667,1219.7097801986438,461.8399130120007,1645.0,haco_safemarl_mappo,generalization,21292163,8
0.0,0.625,300.0,0.5441666666666667,0.6412665382978259,0.30383172206675835,1.0,0.8142982331502985,0.0,443.0,0.13,6828.0000000000455,3616.9777782322126,0.0,fixed_auv_ga_pso_tlbo_proxy,generalization,21302170,8
0.0,1.0,271.0,0.7587638376383764,0.5089731860740312,0.13891408287458198,1.0,0.6134807922481862,0.0,452.0,0.2177121771217712,8620.510000000038,4162.499999999996,0.0,independent_greedy,generalization,21302170,8
0.0,0.25,300.0,0.6195833333333334,0.7203585813769535,0.4747396903799993,1.0,0.8474467885327425,0.0,478.0,0.12333333333333334,8886.88527564471,3440.7813101135876,0.0,communication_aware,generalization,21302170,8
0.0,0.375,300.0,0.335,0.7482448597047483,0.3157526163855472,0.625,0.8309853273306107,0.0,5.0,0.27666666666666667,6623.978916276359,2675.7493463439732,1765.0,haco_safemarl_pilot_no_acoustic,generalization,21302170,8
0.0,0.5,300.0,0.5670833333333334,0.6474146743742463,0.3399977310015249,0.875,0.7523129950968487,0.006666666666666667,314.0,0.23666666666666666,10337.293811606885,2932.8481769136883,0.0,haco_safemarl_pilot_no_shield,generalization,21302170,8
0.0,0.25,300.0,0.3525,0.7917964797045909,0.591302333213362,0.625,0.8421618680686465,0.0,5.0,0.24333333333333335,6516.320223126367,2898.6937769315923,1825.0,haco_safemarl_pilot,generalization,21302170,8
0.0,0.0,300.0,0.31416666666666665,0.771661383548823,0.5788234622522178,0.625,0.8940456705119902,0.0,5.0,0.15,2876.338508283441,1291.3436939990863,1836.0,haco_safemarl_mappo,generalization,21302170,8
0.0,0.875,300.0,0.4708333333333333,0.653575497630189,0.3670780009542299,0.875,0.7761013334229062,0.0,257.0,0.0,6828.0000000000455,3951.3286027262875,0.0,fixed_auv_ga_pso_tlbo_proxy,generalization,21312177,8
0.0,1.0,254.0,0.5659448818897638,0.5878416827105312,0.2326658676186735,0.875,0.650194575909736,0.0,220.0,0.0,8079.740000000044,4257.300000000004,0.0,independent_greedy,generalization,21312177,8
0.0,0.375,300.0,0.535,0.7414150466544801,0.6234410617497164,0.875,0.7505495988485248,0.0,128.0,0.0,9016.518403547505,4005.251558177726,0.0,communication_aware,generalization,21312177,8
0.0,0.5,300.0,0.36791666666666667,0.7283971980861913,0.46449817103662544,0.625,0.7579304280012997,0.0,1.0,0.0,10324.66231833779,3819.9788497528143,1119.0,haco_safemarl_pilot_no_acoustic,generalization,21312177,8
0.0,0.5,300.0,0.4483333333333333,0.6628561669318471,0.36228933627117904,0.75,0.7313964898888888,0.0,250.0,0.0,10112.103593429185,3384.240843073635,0.0,haco_safemarl_pilot_no_shield,generalization,21312177,8
0.0,0.5,300.0,0.37041666666666667,0.7926355324513683,0.6473066747117067,0.6791666666666667,0.7971546265087719,0.0,1.0,0.0,10085.657125260259,3637.557182220694,1190.0,haco_safemarl_pilot,generalization,21312177,8
0.0,0.125,300.0,0.29291666666666666,0.7495547762861221,0.4892301573210247,0.5,0.846454940898189,0.0,1.0,0.0,1240.037425015894,253.96183126661435,1331.0,haco_safemarl_mappo,generalization,21312177,8
0.0,0.875,300.0,0.6558333333333334,0.5246634561501605,0.3940804051127769,1.0,0.8383087265866772,0.0,275.0,0.0,6828.0000000000455,3754.224171618406,0.0,fixed_auv_ga_pso_tlbo_proxy,generalization,21322184,8
0.0,1.0,251.0,0.775398406374502,0.46490810899812274,0.26028110735498683,1.0,0.6424866700765756,0.0,230.0,0.0,7984.310000000043,4023.1000000000067,0.0,independent_greedy,generalization,21322184,8
0.0,0.375,300.0,0.7041666666666667,0.6696387969006633,0.5755977874724026,1.0,0.8467373483629523,0.0,179.0,0.0,8568.003636698055,3030.815714866602,0.0,communication_aware,generalization,21322184,8
0.0,0.5,300.0,0.5045833333333334,0.6661969781856532,0.4189799975279954,0.875,0.8593463544869037,0.0,0.0,0.02666666666666667,10435.72819381966,3362.5031020386377,1800.0,haco_safemarl_pilot_no_acoustic,generalization,21322184,8
0.0,0.625,300.0,0.7029166666666666,0.5700584509961675,0.40266700384342985,1.0,0.9204647506358155,0.0,248.0,0.0,10224.40130984489,2839.159379417675,0.0,haco_safemarl_pilot_no_shield,generalization,21322184,8
0.0,0.125,300.0,0.5654166666666667,0.728197608666422,0.6451214490776748,0.9916666666666667,0.8870551876448717,0.0,0.0,0.0,9744.29774558013,3425.0381951829268,1816.0,haco_safemarl_pilot,generalization,21322184,8
0.0,0.0,300.0,0.4579166666666667,0.7155293953535822,0.5328497616353343,0.8541666666666666,0.810437040066507,0.0,0.0,0.0,1507.363025308531,406.16630489324626,1893.0,haco_safemarl_mappo,generalization,21322184,8
0.0,0.75,300.0,0.725,0.42790970298106845,0.1458999748966831,1.0,0.5455911823032275,0.0,122.0,0.0,6828.0000000000455,4001.703794284737,0.0,fixed_auv_ga_pso_tlbo_proxy,generalization,21332191,8
0.0,1.0,278.0,0.8349820143884892,0.36718876974008735,0.05312966929168956,1.0,0.6170016855660003,0.0,93.0,0.007194244604316547,8843.180000000035,5032.5,0.0,independent_greedy,generalization,21332191,8
0.0,0.25,300.0,0.7270833333333333,0.6217255260118605,0.4445437143065453,0.875,0.45786304605128664,0.0,129.0,0.0,8490.442617551089,3626.504854655277,0.0,communication_aware,generalization,21332191,8
0.0,0.375,300.0,0.6154166666666666,0.6158853725892484,0.17924428728115618,0.875,0.6498631511694791,0.0,0.0,0.08333333333333333,9974.769951028382,3651.157069077037,1878.0,haco_safemarl_pilot_no_acoustic,generalization,21332191,8
0.0,0.375,300.0,0.7183333333333334,0.502202831727967,0.19413361617598468,0.875,0.46704168229478343,0.0,179.0,0.03333333333333333,9716.509400332732,3090.7436300610198,0.0,haco_safemarl_pilot_no_shield,generalization,21332191,8
0.0,0.125,300.0,0.6033333333333334,0.7110314321119029,0.5231273544903327,0.875,0.626066581153879,0.0,0.0,0.0,9370.869820631537,3582.5956039200673,1895.0,haco_safemarl_pilot,generalization,21332191,8
0.0,0.0,300.0,0.60375,0.5720915781066512,0.19252806676607556,0.75,0.5523073033157285,0.0,0.0,0.0,1033.9464961992876,261.6488247715114,2019.0,haco_safemarl_mappo,generalization,21332191,8
0.0,0.875,300.0,0.63375,0.5727743613158107,0.2782372897919418,0.875,0.6331171703991388,0.0,99.0,0.0,6828.0000000000455,4416.889583751575,0.0,fixed_auv_ga_pso_tlbo_proxy,generalization,21342198,8
0.0,1.0,240.0,0.6875,0.5503137164715012,0.11150096540511226,0.875,0.5517681102068183,0.0,75.0,0.0,7634.400000000039,4260.500000000008,0.0,independent_greedy,generalization,21342198,8
0.0,0.375,300.0,0.7533333333333333,0.6781672782551785,0.5428551441940804,1.0,0.7999123542161374,0.0,84.0,0.0,8658.312301600718,3705.1824755477646,0.0,communication_aware,generalization,21342198,8
0.0,0.625,300.0,0.3854166666666667,0.7078690613946729,0.3104924314419804,0.625,0.8178967557910716,0.0,2.0,0.0,10107.570927646288,3534.0531072973854,1407.0,haco_safemarl_pilot_no_acoustic,generalization,21342198,8
0.0,0.5,300.0,0.5429166666666667,0.625931511089908,0.33718313877853334,0.6958333333333333,0.6268303684611912,0.0,79.0,0.0,9891.030418632437,3185.9697947797995,0.0,haco_safemarl_pilot_no_shield,generalization,21342198,8
0.0,0.5,300.0,0.3725,0.7889782549543511,0.7027551165938153,0.625,0.8413495209889922,0.0,2.0,0.0,9918.022138252214,3673.598037406928,1447.0,haco_safemarl_pilot,generalization,21342198,8
0.0,0.0,300.0,0.3225,0.7012714966444855,0.3138121861475345,0.5,0.8003169936480098,0.0,2.0,0.0,1260.6137994847759,734.7841420101801,1897.0,haco_safemarl_mappo,generalization,21342198,8
0.0,0.875,300.0,0.52125,0.6131477974574354,0.27437723880469944,1.0,0.7628714964863222,0.0,35.0,0.0,6828.0000000000455,3337.8893596272947,0.0,fixed_auv_ga_pso_tlbo_proxy,generalization,21352205,8
0.0,1.0,235.0,0.6313829787234042,0.5747135179862346,0.17292066857820432,1.0,0.680833418340083,0.0,26.0,0.0,7475.350000000037,2971.5000000000014,0.0,independent_greedy,generalization,21352205,8
0.0,0.25,300.0,0.57,0.7244200799898686,0.4949340397774337,1.0,0.7375349022276666,0.0,30.0,0.0,8938.153146754581,3465.0497835747383,0.0,communication_aware,generalization,21352205,8
0.0,0.625,300.0,0.38,0.6984710972525302,0.3445475098083602,0.7,0.810220260163717,0.0,0.0,0.0,10595.029878201822,2961.41427467929,1396.0,haco_safemarl_pilot_no_acoustic,generalization,21352205,8
0.0,0.625,300.0,0.5229166666666667,0.6328503350395454,0.34631094419990577,0.8083333333333333,0.7028298143925357,0.0,26.0,0.0,10319.36724515939,2914.5262369931484,0.0,haco_safemarl_pilot_no_shield,generalization,21352205,8
0.0,0.375,300.0,0.3575,0.7731415629732475,0.554478094295297,0.725,0.8151290348869538,0.0,0.0,0.0,9682.32227458928,2990.449460569698,1443.0,haco_safemarl_pilot,generalization,21352205,8
0.0,0.0,300.0,0.35,0.7233578420996255,0.3830210485478374,0.625,0.7908652721000378,0.0,0.0,0.0,1519.8518362019922,304.9402383942765,1530.0,haco_safemarl_mappo,generalization,21352205,8
