success,task_completion,mission_time,outage_rate,mean_packet,worst_agent_packet,cvar_outage_90,comm_fairness,usv_collision_rate,auv_collision_count,colregs_violation_rate,energy,smoothness,shield_interventions,policy,scenario,seed,num_auvs
0.0,0.6666666666666666,300.0,0.561111111111111,0.5789783616441222,0.45160704950943426,1.0,0.8923413912558225,0.0,68.0,0.0,5560.499999999976,2437.4658829766254,0.0,fixed_auv_ga_pso_tlbo_proxy,survey,21160731,3
0.0,1.0,249.0,0.7563587684069613,0.4828194790545503,0.38851419663437786,1.0,0.6311497267800024,0.0,53.0,0.0,6121.665000000008,2128.4000000000033,0.0,independent_greedy,survey,21160731,3
0.0,0.0,300.0,0.6055555555555555,0.7392678295898165,0.6987528063163657,1.0,0.8949558641318447,0.0,58.0,0.0,7988.647986594814,2887.3878066203133,0.0,communication_aware,survey,21160731,3
0.0,0.0,300.0,0.4644444444444444,0.7112747147959969,0.6366893090064917,1.0,0.8739175898516692,0.0,2.0,0.0,9103.12916553467,3160.95643788984,610.0,haco_safemarl_pilot_no_acoustic,survey,21160731,3
0.0,0.0,300.0,0.6633333333333333,0.5500269893723803,0.5335273510974297,1.0,0.9913829398509345,0.0,52.0,0.0,9116.755331161483,2935.5516545409546,0.0,haco_safemarl_pilot_no_shield,survey,21160731,3
0.0,0.0,300.0,0.44333333333333325,0.7874074696934741,0.7467396420836986,1.0,0.9070478417708889,0.0,2.0,0.0,9005.021272180187,3114.352950535895,624.0,haco_safemarl_pilot,survey,21160731,3
0.0,0.0,300.0,0.5244444444444444,0.7004045838571613,0.6694792373003888,1.0,0.9489825516732542,0.0,2.0,0.0,926.4767791378524,219.194075841018,733.0,haco_safemarl_mappo,survey,21160731,3
0.0,1.0,231.0,0.001443001443001443,0.9388664506259222,0.9199042177914889,0.013888888888888888,0.9999958233548409,0.0,39.0,0.0,4281.584999999986,2485.314337653135,0.0,fixed_auv_ga_pso_tlbo_proxy,survey,21170738,3
0.0,1.0,177.0,0.030131826741996232,0.9163063457926279,0.8736817558748369,0.2962962962962962,0.9980732828651312,0.0,30.0,0.0,4351.5450000000055,2006.3999999999958,0.0,independent_greedy,survey,21170738,3
0.0,1.0,200.0,0.0016666666666666666,0.9389185930106593,0.9203677207369071,0.016666666666666666,0.999994425799116,0.0,33.0,0.0,5675.0,2615.0366392775572,0.0,communication_aware,survey,21170738,3
1.0,1.0,172.0,0.09689922480620154,0.9168973509129326,0.8550199896223559,0.33333333333333326,0.9774932928711437,0.0,0.0,0.0,5388.389927821293,1369.4671006708304,96.0,haco_safemarl_pilot_no_acoustic,survey,21170738,3
0.0,1.0,172.0,0.16860465116279066,0.8905081062198209,0.7787609146163649,0.33333333333333326,0.9239980117013562,0.0,29.0,0.0,5319.300202175216,1331.0119392293584,0.0,haco_safemarl_pilot_no_shield,survey,21170738,3
1.0,1.0,172.0,0.09108527131782945,0.9183373688412579,0.859476959380791,0.33333333333333326,0.980310100192079,0.0,0.0,0.0,5397.000509551417,1384.8081103236336,96.0,haco_safemarl_pilot,survey,21170738,3
0.0,0.3333333333333333,300.0,0.05444444444444444,0.8989717936278984,0.8596766224199274,0.3333333333333334,0.9934129213605333,0.0,0.0,0.0,718.9788613752901,518.8955629763464,277.0,haco_safemarl_mappo,survey,21170738,3
0.0,1.0,228.0,0.23245614035087717,0.8721943379207323,0.8138814531674949,0.6666666666666664,0.955031652305602,0.0,70.0,0.0,4225.979999999987,1717.5245977594998,0.0,fixed_auv_ga_pso_tlbo_proxy,survey,21180745,3
0.0,1.0,174.0,0.40229885057471254,0.8282603792687824,0.7554857031468316,0.6666666666666665,0.7628361856380821,0.0,54.0,0.0,4277.790000000005,1419.7999999999988,0.0,independent_greedy,survey,21180745,3
0.0,1.0,197.0,0.22842639593908623,0.8859456516748162,0.8296017748733927,0.6666666666666665,0.957691988664589,0.0,60.0,0.0,5473.590933599159,1733.8834121699267,0.0,communication_aware,survey,21180745,3
0.0,0.6666666666666666,300.0,0.03,0.9252183396765988,0.9013226386926264,0.29999999999999993,0.9982945412357549,0.0,0.0,0.0,5535.699382658532,1645.1105017312198,432.0,haco_safemarl_pilot_no_acoustic,survey,21180745,3
0.0,1.0,169.0,0.1380670611439842,0.8894722668769823,0.8444642030667445,0.5490196078431372,0.9713926740639599,0.0,52.0,0.0,5406.983151219449,1334.4347855313445,0.0,haco_safemarl_pilot_no_shield,survey,21180745,3
0.0,0.6666666666666666,300.0,0.03666666666666667,0.9225750271231477,0.8974436173340018,0.36666666666666653,0.9987006204737514,0.0,0.0,0.0,5503.253930094098,1754.7519712424316,443.0,haco_safemarl_pilot,survey,21180745,3
0.0,0.3333333333333333,300.0,0.05333333333333334,0.8791437117955118,0.816302375652533,0.3333333333333334,0.9936920952846329,0.0,0.0,0.0,2125.4274801738366,1073.724706675069,372.0,haco_safemarl_mappo,survey,21180745,3
0.0,0.3333333333333333,300.0,0.33,0.738712880529286,0.5492567104198476,0.8,0.9106092363895214,0.0,150.0,0.0,5560.499999999976,2347.0919938628704,0.0,fixed_auv_ga_pso_tlbo_proxy,survey,21190752,3
0.0,1.0,289.0,0.5201845444059976,0.5785055593651652,0.17806257725962196,1.0,0.7772418188538448,0.0,115.0,0.0,7105.06500000001,2447.4000000000074,0.0,independent_greedy,survey,21190752,3
0.0,0.0,300.0,0.46111111111111114,0.7746840947030799,0.6716751764523802,1.0,0.9393932129482495,0.0,173.0,0.0,8114.271571269663,2859.7242802140777,0.0,communication_aware,survey,21190752,3
0.0,0.0,300.0,0.2822222222222222,0.7456616127794988,0.451827912596142,0.8666666666666667,0.8630005540576426,0.0,12.0,0.0,7059.868009225921,2459.5221641738235,531.0,haco_safemarl_pilot_no_acoustic,survey,21190752,3
0.0,0.0,300.0,0.5411111111111111,0.6504065914827416,0.46626013967958063,1.0,0.9126656709946444,0.0,218.0,0.0,9295.186017696315,2808.9274694386318,0.0,haco_safemarl_pilot_no_shield,survey,21190752,3
0.0,0.0,300.0,0.3655555555555555,0.8021132600929537,0.6735755311903536,1.0,0.9042151648282917,0.0,12.0,0.0,9022.180411897032,2990.9185213594155,521.0,haco_safemarl_pilot,survey,21190752,3
0.0,0.0,300.0,0.4011111111111111,0.7517707106631348,0.6357134570969472,1.0,0.9619677686723255,0.0,11.0,0.0,1121.3122591358826,107.11280727890619,675.0,haco_safemarl_mappo,survey,21190752,3
0.0,0.3333333333333333,300.0,0.5844444444444444,0.5377085189419791,0.4049087399945319,1.0,0.9264661070925435,0.0,26.0,0.0,5560.499999999976,2409.826955969117,0.0,fixed_auv_ga_pso_tlbo_proxy,survey,21200759,3
0.0,0.6666666666666666,300.0,0.7622222222222221,0.3752976690340933,0.1835727412301214,1.0,0.4649245696346957,0.0,90.0,0.0,7375.50000000001,2815.8000000000106,0.0,independent_greedy,survey,21200759,3
0.0,0.0,300.0,0.6433333333333332,0.6812825986666864,0.604785114220041,1.0,0.9309896178697938,0.0,38.0,0.0,7951.954874432867,2990.4417188424004,0.0,communication_aware,survey,21200759,3
0.0,0.0,300.0,0.6133333333333333,0.6277845851639458,0.4062698275648656,1.0,0.8755476504952409,0.0,0.0,0.0,9130.046578642423,3341.3036877106506,639.0,haco_safemarl_pilot_no_acoustic,survey,21200759,3
0.0,0.0,300.0,0.7066666666666667,0.5130785937172905,0.39708379305179353,1.0,0.9018633529869605,0.0,121.0,0.0,9063.272662576406,3022.802825878015,0.0,haco_safemarl_pilot_no_shield,survey,21200759,3
0.0,0.0,300.0,0.6022222222222222,0.7332730824545367,0.6444964990482255,1.0,0.9007998419919312,0.0,0.0,0.0,8984.129300553715,3220.760695174395,653.0,haco_safemarl_pilot,survey,21200759,3
0.0,0.0,300.0,0.5933333333333333,0.6364353173371047,0.5885646751196748,1.0,0.9646977481540654,0.0,0.0,0.0,999.129989789923,465.2757073256475,826.0,haco_safemarl_mappo,survey,21200759,3
0.0,0.6666666666666666,300.0,0.2855555555555555,0.7853221876953128,0.659286273007714,0.6666666666666669,0.9255070768426903,0.0,0.0,0.0,5560.499999999976,3135.776230884711,0.0,fixed_auv_ga_pso_tlbo_proxy,survey,21210766,3
1.0,1.0,253.0,0.33333333333333326,0.7221671586483082,0.4811408706533645,0.6666666666666667,0.8685840676057005,0.0,0.0,0.0,6220.005000000008,3105.800000000017,0.0,independent_greedy,survey,21210766,3
0.0,0.6666666666666666,300.0,0.3377777777777778,0.83081357083194,0.7432384202549073,0.6666666666666669,0.8846782225552376,0.0,0.0,0.0,8210.047705293702,3706.90194319145,0.0,communication_aware,survey,21210766,3
0.0,0.6666666666666666,300.0,0.28666666666666674,0.7898969486930173,0.5700151760190171,0.6666666666666669,0.90875897906323,0.0,0.0,0.0,9276.472987376239,2785.081492594454,326.0,haco_safemarl_pilot_no_acoustic,survey,21210766,3
1.0,1.0,262.0,0.3091603053435114,0.7818193211573665,0.5696857748727739,0.6666666666666669,0.9554933354540308,0.0,0.0,0.0,8129.870233891533,2295.4480680776296,0.0,haco_safemarl_pilot_no_shield,survey,21210766,3
0.0,0.3333333333333333,300.0,0.35333333333333333,0.833528395780554,0.7573860592388377,0.6666666666666669,0.8700624179232344,0.0,0.0,0.0,8952.57167419928,3470.065258708679,359.0,haco_safemarl_pilot,survey,21210766,3
0.0,0.3333333333333333,300.0,0.31,0.8206843007964248,0.7423143415660612,0.6666666666666669,0.9083245594134456,0.0,0.0,0.0,539.3902362741369,255.69403145958444,357.0,haco_safemarl_mappo,survey,21210766,3
0.0,0.6666666666666666,300.0,0.3266666666666666,0.7268397295768535,0.4085347340529053,0.6666666666666669,0.7942848242633566,0.0,0.0,0.0,5560.499999999976,2720.9566079616357,0.0,fixed_auv_ga_pso_tlbo_proxy,survey,21220773,3
1.0,1.0,286.0,0.4032634032634032,0.6168954598157904,0.09162026878208422,0.6666666666666669,0.6840775765225287,0.0,0.0,0.0,7031.3100000000095,2950.0000000000164,0.0,independent_greedy,survey,21220773,3
0.0,0.3333333333333333,300.0,0.38555555555555554,0.7946793015026884,0.6446055085037251,0.6666666666666669,0.7817862956988683,0.0,0.0,0.0,8228.713725476306,3378.249479977525,0.0,communication_aware,survey,21220773,3
0.0,0.3333333333333333,300.0,0.38888888888888884,0.7560258553989141,0.5185747961316803,0.6666666666666669,0.7694264273960363,0.0,0.0,0.0,5683.555395338644,1586.921140345808,638.0,haco_safemarl_pilot_no_acoustic,survey,21220773,3
0.0,0.3333333333333333,300.0,0.49111111111111105,0.7060622778970148,0.49986929867990987,0.6666666666666669,0.6242753233331407,0.0,92.0,0.0,9126.416875437473,2895.0282322239746,0.0,haco_safemarl_pilot_no_shield,survey,21220773,3
0.0,0.3333333333333333,300.0,0.3666666666666666,0.8264199981564291,0.6925371277102066,0.6666666666666669,0.8200321044870749,0.0,0.0,0.0,5518.741207519352,1996.7504886008521,723.0,haco_safemarl_pilot,survey,21220773,3
0.0,0.3333333333333333,300.0,0.34111111111111103,0.7232066047678418,0.6362711071433707,0.6666666666666669,0.8815578032330809,0.0,0.0,0.0,1841.3503980689939,794.5681893560248,768.0,haco_safemarl_mappo,survey,21220773,3
0.0,0.6666666666666666,300.0,0.3177777777777777,0.7399929738542516,0.6097535649345964,0.6666666666666669,0.9018093787229029,0.0,0.0,0.24333333333333335,5560.499999999976,2779.45851752969,0.0,fixed_auv_ga_pso_tlbo_proxy,survey,21230780,3
1.0,1.0,251.0,0.42762284196547135,0.6753894702074135,0.4884670449282807,0.6666666666666667,0.7798432427419852,0.0,0.0,0.43824701195219123,6170.835000000008,2594.8000000000097,0.0,independent_greedy,survey,21230780,3
0.0,0.3333333333333333,300.0,0.3611111111111111,0.8139181106117421,0.7356006255075678,0.6666666666666669,0.8621813675530444,0.0,0.0,0.2833333333333333,8197.3637787285,3279.5785437191644,0.0,communication_aware,survey,21230780,3
0.0,0.6666666666666666,300.0,0.34555555555555556,0.7611449676217797,0.5910286105138229,0.6666666666666669,0.8703596380327592,0.0,0.0,0.3933333333333333,9214.882834682683,2689.5625872995697,459.0,haco_safemarl_pilot_no_acoustic,survey,21230780,3
0.0,0.6666666666666666,300.0,0.3888888888888888,0.717733805572881,0.5350948692777894,0.6666666666666669,0.8611020965985776,0.0,0.0,0.3433333333333333,9220.046698810707,2534.3007507298285,0.0,haco_safemarl_pilot_no_shield,survey,21230780,3
0.0,0.3333333333333333,300.0,0.35999999999999993,0.8246506296660882,0.7452316662170771,0.6666666666666669,0.8625444560282933,0.0,0.0,0.3933333333333333,9124.809935382978,3125.7633897701194,437.0,haco_safemarl_pilot,survey,21230780,3
0.0,0.0,300.0,0.3711111111111111,0.7885422338752517,0.7114118457249902,0.6666666666666669,0.8514897799839617,0.0,0.0,0.07,931.3446642135095,347.24274133663744,420.0,haco_safemarl_mappo,survey,21230780,3
1.0,1.0,295.0,0.6225988700564972,0.5018890350684195,0.31265031614088207,1.0,0.8842282139079125,0.0,0.0,0.030508474576271188,5467.824999999977,2591.206733187862,0.0,fixed_auv_ga_pso_tlbo_proxy,survey,21240787,3
1.0,1.0,225.0,0.5807407407407407,0.5165041662039799,0.16205834014937395,1.0,0.7326710025789581,0.0,0.0,0.4666666666666667,5531.625000000007,2185.4000000000087,0.0,independent_greedy,survey,21240787,3
0.0,0.0,300.0,0.691111111111111,0.6391625589533345,0.5305024922971012,1.0,0.8967950047493379,0.0,0.0,0.0,7890.436796774206,2997.783796664989,0.0,communication_aware,survey,21240787,3
0.0,0.3333333333333333,300.0,0.6722222222222222,0.5601091323056813,0.2896378512585203,1.0,0.83624011381839,0.0,0.0,0.06333333333333334,9100.553074276224,2770.610042933335,649.0,haco_safemarl_pilot_no_acoustic,survey,21240787,3
0.0,0.0,300.0,0.7511111111111111,0.47242313043373035,0.3219905926593453,1.0,0.8777859403274775,0.0,0.0,0.0,8972.47696538545,3016.5210726007695,0.0,haco_safemarl_pilot_no_shield,survey,21240787,3
0.0,0.0,300.0,0.6744444444444444,0.7030246456770785,0.6003526029766159,1.0,0.8862564126094223,0.0,0.0,0.0,8834.89025919081,3124.405494626049,671.0,haco_safemarl_pilot,survey,21240787,3
0.0,0.0,300.0,0.6488888888888888,0.6133606886887039,0.4866081339543629,1.0,0.8269648026962582,0.0,0.0,0.0,695.437996373976,163.2641879433121,723.0,haco_safemarl_mappo,survey,21240787,3
0.0,0.3333333333333333,300.0,0.2544444444444444,0.7778928540975448,0.45401559926601115,0.3333333333333334,0.8110652953075336,0.0,69.0,0.0,5560.499999999976,2477.5071838404288,0.0,fixed_auv_ga_pso_tlbo_proxy,survey,21250794,3
0.0,1.0,265.0,0.5672955974842766,0.5543617771695974,0.2449147291672605,1.0,0.7733166035765229,0.0,52.0,0.0,6515.025000000009,2100.200000000007,0.0,independent_greedy,survey,21250794,3
0.0,0.3333333333333333,300.0,0.29666666666666663,0.8407480335675654,0.6796287506617024,0.6666666666666669,0.800406306599715,0.0,59.0,0.0,8276.368742834899,2952.8824917451498,0.0,communication_aware,survey,21250794,3
0.0,1.0,295.0,0.2757062146892655,0.7813996936525668,0.5269497959358264,0.3444444444444445,0.8546506668114875,0.0,46.0,0.0,9223.78998392852,2177.702638862312,322.0,haco_safemarl_pilot_no_acoustic,survey,21250794,3
0.0,1.0,259.0,0.2612612612612612,0.7770949262878775,0.5238733252378558,0.5384615384615384,0.8363566208830143,0.0,51.0,0.0,8287.212057900648,1926.9013898046883,0.0,haco_safemarl_pilot_no_shield,survey,21250794,3
0.0,0.3333333333333333,300.0,0.2877777777777777,0.8311596664299532,0.7340403953918425,0.6666666666666669,0.8693631074276059,0.0,44.0,0.0,9344.688384948759,2936.0437433366687,375.0,haco_safemarl_pilot,survey,21250794,3
0.0,0.3333333333333333,300.0,0.1611111111111111,0.8477530960996145,0.7877388954020487,0.3333333333333334,0.9312992687435087,0.0,0.0,0.0,1537.6323871723778,94.57878181575656,465.0,haco_safemarl_mappo,survey,21250794,3
0.0,1.0,123.0,0.0,0.9378072481458054,0.9198179400282352,0.0,0.9999999998888889,0.0,85.0,0.0,2279.8050000000017,1094.8815196958924,0.0,fixed_auv_ga_pso_tlbo_proxy,survey,21260801,3
0.0,1.0,94.0,0.0,0.9263140673774817,0.9031673801261378,0.0,0.9999999998888889,0.0,65.0,0.0,2310.9900000000025,794.7999999999996,0.0,independent_greedy,survey,21260801,3
0.0,1.0,106.0,0.0,0.9378073220132673,0.9198018382892429,0.0,0.9999999998888889,0.0,73.0,0.0,3007.75,1176.574513167444,0.0,communication_aware,survey,21260801,3
1.0,1.0,136.0,0.0,0.9403646722939761,0.9121883470559782,0.0,0.9999999998888889,0.0,0.0,0.0,3095.1761013051464,966.5093861938735,193.0,haco_safemarl_pilot_no_acoustic,survey,21260801,3
0.0,1.0,91.0,0.0,0.9335840154984228,0.8924354758578968,0.0,0.9999999998888889,0.0,70.0,0.0,2888.1311213676863,638.970525638688,0.0,haco_safemarl_pilot_no_shield,survey,21260801,3
1.0,1.0,136.0,0.0,0.9403942835665294,0.9122592566716256,0.0,0.9999999998888889,0.0,0.0,0.0,2932.4726312875437,928.5676681672469,197.0,haco_safemarl_pilot,survey,21260801,3
0.0,0.6666666666666666,300.0,0.0,0.8956660540668047,0.8658503521818469,0.0,0.9999999998888889,0.0,0.0,0.0,1003.1031110885945,523.2856190764273,159.0,haco_safemarl_mappo,survey,21260801,3
0.0,0.6666666666666666,300.0,0.09,0.9211274214697623,0.882839492270864,0.6666666666666669,0.9951308743068887,0.0,55.0,0.0,5560.499999999976,2499.2337305605665,0.0,fixed_auv_ga_pso_tlbo_proxy,survey,21270808,3
0.0,1.0,258.0,0.4276485788113694,0.7682917669974805,0.6027154157004067,0.6666666666666667,0.7793132475910692,0.0,42.0,0.0,6342.9300000000085,2424.800000000007,0.0,independent_greedy,survey,21270808,3
0.0,0.6666666666666666,300.0,0.1655555555555555,0.9078122575867441,0.8636664046865234,0.6666666666666669,0.9806956317594194,0.0,48.0,0.0,8424.097055489621,3203.124792703804,0.0,communication_aware,survey,21270808,3
1.0,1.0,253.0,0.09354413702239786,0.8933338384961158,0.8296926866056001,0.33333333333333337,0.9866143076767585,0.0,0.0,0.0,5691.280760207688,1369.21523239121,293.0,haco_safemarl_pilot_no_acoustic,survey,21270808,3
0.0,1.0,251.0,0.09163346613545816,0.8779046185235952,0.7907865951947654,0.33333333333333337,0.9854288565463085,0.0,41.0,0.0,7970.8060373210565,1967.3249532421337,0.0,haco_safemarl_pilot_no_shield,survey,21270808,3
1.0,1.0,252.0,0.08730158730158728,0.8972806799634696,0.8394099111183542,0.33333333333333337,0.9857510216475994,0.0,0.0,0.0,5635.548093180355,1387.8331691673288,289.0,haco_safemarl_pilot,survey,21270808,3
0.0,0.0,300.0,0.0,0.9019714609576018,0.8696983254133278,0.0,0.9999999998888889,0.0,0.0,0.0,1729.1615317576254,470.2873463953242,304.0,haco_safemarl_mappo,survey,21270808,3
0.0,0.6666666666666666,300.0,0.29,0.7740483370331281,0.6081513996253893,0.6666666666666669,0.9187417730766325,0.0,48.0,0.0,5560.499999999976,2761.4815554684506,0.0,fixed_auv_ga_pso_tlbo_proxy,survey,21280815,3
0.0,1.0,231.0,0.3131313131313133,0.7532827872874059,0.6143568811285277,0.6666666666666666,0.9019242556221881,0.0,37.0,0.0,5679.1350000000075,2460.400000000009,0.0,independent_greedy,survey,21280815,3
0.0,0.6666666666666666,300.0,0.34444444444444444,0.8266835323873366,0.7323908268654321,0.6666666666666669,0.8767952765421081,0.0,42.0,0.0,8206.263783362285,3449.9640542822544,0.0,communication_aware,survey,21280815,3
0.0,0.6666666666666666,300.0,0.31888888888888883,0.7886539160531918,0.6430525266256648,0.6666666666666669,0.8985067487276502,0.0,0.0,0.0,9265.612348318686,2918.9007192727486,373.0,haco_safemarl_pilot_no_acoustic,survey,21280815,3
0.0,1.0,254.0,0.31102362204724404,0.782073873264827,0.6013882550931993,0.6666666666666667,0.9402535996211306,0.0,36.0,0.0,7927.765784257002,2097.122474863418,0.0,haco_safemarl_pilot_no_shield,survey,21280815,3
0.0,0.3333333333333333,300.0,0.33444444444444443,0.8409559779119337,0.7719650578642684,0.6666666666666669,0.8878949176820995,0.0,0.0,0.0,9137.502217815208,3349.612572609088,387.0,haco_safemarl_pilot,survey,21280815,3
0.0,0.0,300.0,0.28111111111111103,0.8512257323050519,0.7880767507112172,0.6666666666666669,0.9289726261140719,0.0,0.0,0.0,656.3414325111592,237.2830555430969,372.0,haco_safemarl_mappo,survey,21280815,3
0.0,0.6666666666666666,300.0,0.07,0.9141833739235129,0.8851137025894872,0.5777777777777777,0.9964073132511588,0.0,0.0,0.19,5560.499999999976,2471.2098959919617,0.0,fixed_auv_ga_pso_tlbo_proxy,survey,21290822,3
0.0,1.0,260.0,0.36025641025641014,0.770179066987453,0.49041469542722615,0.6666666666666667,0.7058751823568278,0.03076923076923077,0.0,0.3923076923076923,6392.100000000009,2516.6000000000045,0.0,independent_greedy,survey,21290822,3
0.0,0.6666666666666666,300.0,0.15666666666666665,0.9007100846633231,0.8650820437405476,0.6666666666666669,0.9829140325570731,0.0,0.0,0.25333333333333335,8426.100113049082,3282.5487788674227,0.0,communication_aware,survey,21290822,3
0.0,1.0,253.0,0.13833992094861658,0.8540943488616307,0.6742496425569907,0.33333333333333337,0.9509745066081678,0.09090909090909091,0.0,0.1541501976284585,7169.708496593473,1627.709186371005,290.0,haco_safemarl_pilot_no_acoustic,survey,21290822,3
0.0,1.0,253.0,0.20553359683794462,0.8243427742452283,0.6040314170439164,0.6666666666666667,0.9588010535439375,0.08695652173913043,0.0,0.17786561264822134,8019.368281720169,1903.499006891263,0.0,haco_safemarl_pilot_no_shield,survey,21290822,3
0.0,1.0,253.0,0.12779973649538862,0.8631035726066393,0.7017047498168195,0.33333333333333337,0.9588283426288476,0.08695652173913043,0.0,0.1422924901185771,7232.264008912078,1582.1602293327305,287.0,haco_safemarl_pilot,survey,21290822,3
0.0,0.3333333333333333,300.0,0.09333333333333332,0.8614651029812078,0.7606973240550312,0.3333333333333334,0.9792460820389604,0.0,0.0,0.0,1516.6909243428297,80.05904228606788,431.0,haco_safemarl_mappo,survey,21290822,3
0.0,0.6666666666666666,300.0,0.47888888888888886,0.5800512383927271,0.3788871190537968,0.6666666666666669,0.7031034734250747,0.0,0.0,0.12,5560.499999999976,2561.4973359484893,0.0,fixed_auv_ga_pso_tlbo_proxy,survey,21300829,3
1.0,1.0,235.0,0.5858156028368795,0.5171671000841653,0.2586797818533113,0.7777777777777777,0.5413999794911433,0.0,0.0,0.42127659574468085,5777.475000000008,2037.6000000000038,0.0,independent_greedy,survey,21300829,3
0.0,0.0,300.0,0.5666666666666667,0.6968589266471071,0.5736639958697585,1.0,0.7187615183083892,0.0,0.0,0.03666666666666667,8007.587218284619,2964.2355493430555,0.0,communication_aware,survey,21300829,3
0.0,0.6666666666666666,300.0,0.5277777777777777,0.5990381044155328,0.3784042719389009,0.8666666666666667,0.670016284185941,0.0,0.0,0.10666666666666667,9209.930382781518,2770.2308998577128,549.0,haco_safemarl_pilot_no_acoustic,survey,21300829,3
0.0,0.3333333333333333,300.0,0.61,0.5659799348960346,0.38661292240901807,1.0,0.6856956801427446,0.0,0.0,0.0,9099.552031206204,3001.5775903941353,0.0,haco_safemarl_pilot_no_shield,survey,21300829,3
0.0,0.3333333333333333,300.0,0.5222222222222221,0.7513510910348362,0.6476006757958961,0.9,0.6899820132171359,0.0,0.0,0.05,9056.38943495435,3003.9774918912776,529.0,haco_safemarl_pilot,survey,21300829,3
0.0,0.0,300.0,0.53,0.5998169127312084,0.42266138099329686,0.7333333333333333,0.6279730880230036,0.0,0.0,0.0,989.2611524285423,243.62468944947358,597.0,haco_safemarl_mappo,survey,21300829,3
0.0,1.0,97.0,0.16151202749140892,0.8655800240309739,0.7390090118507764,0.33333333333333337,0.9309190979648025,0.0,58.0,0.0,1797.8950000000027,790.8654219204612,0.0,fixed_auv_ga_pso_tlbo_proxy,survey,21310836,3
0.0,1.0,74.0,0.1801801801801802,0.862187569683654,0.7324478276070371,0.3333333333333333,0.9119039751956397,0.0,45.0,0.0,1819.2900000000018,655.6000000000001,0.0,independent_greedy,survey,21310836,3
0.0,1.0,170.0,0.2882352941176471,0.8166794009437284,0.7266057620545872,0.7450980392156863,0.8316072475147934,0.0,50.0,0.0,4702.446983540507,2194.130791705477,0.0,communication_aware,survey,21310836,3
0.0,1.0,87.0,0.20689655172413793,0.8636556755298074,0.8579265112973494,0.6666666666666666,0.9998599928230557,0.0,28.0,0.0,2767.3928183999037,558.4930952743085,152.0,haco_safemarl_pilot_no_acoustic,survey,21310836,3
0.0,1.0,74.0,0.18018018018018017,0.8679288917911233,0.8458593288207099,0.6666666666666666,0.9997585414259726,0.0,43.0,0.0,2363.6796805546087,555.0124569832176,0.0,haco_safemarl_pilot_no_shield,survey,21310836,3
0.0,1.0,86.0,0.1589147286821705,0.8617613248959303,0.8544189016818549,0.6666666666666666,0.9848988724920142,0.0,28.0,0.0,2757.6916670186465,576.9370487831117,148.0,haco_safemarl_pilot,survey,21310836,3
0.0,1.0,152.0,0.13815789473684212,0.8580804205727152,0.8356968387711342,0.6666666666666666,0.9873046311707052,0.0,26.0,0.0,817.2224477155389,98.20523531381671,163.0,haco_safemarl_mappo,survey,21310836,3
1.0,1.0,230.0,0.2695652173913044,0.7963934551796119,0.5211480296375519,0.3333333333333332,0.7859211404371944,0.0,0.0,0.0,4263.0499999999865,2467.9877268181012,0.0,fixed_auv_ga_pso_tlbo_proxy,survey,21320843,3
1.0,1.0,176.0,0.3181818181818182,0.7320669110206404,0.31271120734204155,0.33333333333333326,0.6965944271286029,0.0,0.0,0.0,4326.9600000000055,2124.1999999999966,0.0,independent_greedy,survey,21320843,3
1.0,1.0,226.0,0.33775811209439527,0.8031946205574657,0.6512993535597064,0.6666666666666664,0.7875808182821508,0.0,0.0,0.0,6219.115840070866,2679.5700299194577,0.0,communication_aware,survey,21320843,3
1.0,1.0,171.0,0.27485380116959063,0.8518860325204763,0.6313834548659399,0.33333333333333326,0.7768010506959774,0.0,0.0,0.0,5402.545961155652,1467.0694823640779,163.0,haco_safemarl_pilot_no_acoustic,survey,21320843,3
1.0,1.0,171.0,0.2807017543859649,0.8146700547996891,0.5187715241533564,0.33333333333333326,0.766529867634876,0.0,0.0,0.0,5320.889974979378,1448.6936369858681,0.0,haco_safemarl_pilot_no_shield,survey,21320843,3
1.0,1.0,171.0,0.2417153996101364,0.8606821326558414,0.6709276036189876,0.33333333333333326,0.831100712218164,0.0,0.0,0.0,5411.720873774694,1343.3562143170248,163.0,haco_safemarl_pilot,survey,21320843,3
0.0,0.0,300.0,0.0,0.865869725959496,0.8301357899942974,0.0,0.9999999998888889,0.0,0.0,0.0,394.8989819064923,251.12338204916463,369.0,haco_safemarl_mappo,survey,21320843,3
0.0,0.6666666666666666,300.0,0.19666666666666663,0.8388321849834275,0.7155987722176504,0.6666666666666669,0.952621248661473,0.0,0.0,0.0,5560.499999999976,2710.6827912199965,0.0,fixed_auv_ga_pso_tlbo_proxy,survey,21330850,3
0.0,0.6666666666666666,300.0,0.6322222222222222,0.6356619271826968,0.40362505663990356,1.0,0.6848632594990609,0.0,0.0,0.0,7375.50000000001,3253.600000000016,0.0,independent_greedy,survey,21330850,3
0.0,0.6666666666666666,300.0,0.31999999999999995,0.846377602854904,0.7930899295202467,1.0,0.9607831063471687,0.0,0.0,0.0,8273.71014445846,3256.260984463882,0.0,communication_aware,survey,21330850,3
0.0,0.6666666666666666,300.0,0.22222222222222218,0.7966261831746285,0.6294812516847066,0.6666666666666669,0.9300489318032992,0.0,0.0,0.0,8963.881758284366,2079.9969225553236,280.0,haco_safemarl_pilot_no_acoustic,survey,21330850,3
0.0,0.6666666666666666,300.0,0.2933333333333333,0.7402867093054931,0.5415709400792604,0.6666666666666669,0.9255227136656163,0.0,0.0,0.0,9456.787202376956,2245.3851729876087,0.0,haco_safemarl_pilot_no_shield,survey,21330850,3
0.0,0.6666666666666666,300.0,0.19333333333333333,0.8507966816352137,0.7793354486709518,0.6666666666666669,0.9431102043679568,0.0,0.0,0.0,8426.695480214532,2339.9483942237025,316.0,haco_safemarl_pilot,survey,21330850,3
0.0,0.0,300.0,0.24111111111111108,0.8624118115667875,0.825914408399506,0.6666666666666669,0.9519270598826775,0.0,0.0,0.0,1217.250396543702,232.30119322231005,459.0,haco_safemarl_mappo,survey,21330850,3
1.0,1.0,258.0,0.42377260981912135,0.6855651103631579,0.35601675658522447,1.0,0.8569459161258228,0.0,0.0,0.0,4782.0299999999825,2170.198134740563,0.0,fixed_auv_ga_pso_tlbo_proxy,survey,21340857,3
1.0,1.0,197.0,0.5617597292724197,0.6127072879716269,0.27101409246847974,1.0,0.7823495792034078,0.0,0.0,0.0,4843.245000000006,1808.6000000000006,0.0,independent_greedy,survey,21340857,3
0.0,0.6666666666666666,300.0,0.6455555555555555,0.6926926014087638,0.5420375501530114,1.0,0.8982901222527115,0.0,0.0,0.0,7970.623424129632,3049.67899402483,0.0,communication_aware,survey,21340857,3
1.0,1.0,261.0,0.47637292464878667,0.6557535630159813,0.5421966617683571,0.9135802469135802,0.9876499684652371,0.0,0.0,0.0,7113.515594694547,1542.3223178313158,474.0,haco_safemarl_pilot_no_acoustic,survey,21340857,3
1.0,1.0,250.0,0.6146666666666666,0.6057669939547969,0.5170739190062617,1.0,0.9976826128847261,0.0,0.0,0.0,7762.113312803707,1973.5358182620516,0.0,haco_safemarl_pilot_no_shield,survey,21340857,3
0.0,0.3333333333333333,300.0,0.4777777777777777,0.7727723243620421,0.6928323801760967,0.8333333333333334,0.7500899834039346,0.0,0.0,0.0,7594.335898945006,2605.558714927045,594.0,haco_safemarl_pilot,survey,21340857,3
0.0,0.0,300.0,0.64,0.5925357545655274,0.45143225286355687,1.0,0.9680739216222481,0.0,0.0,0.0,944.8330608841723,340.27252586706516,780.0,haco_safemarl_mappo,survey,21340857,3
0.0,1.0,265.0,0.21383647798742134,0.8472177535495117,0.7116491845632653,0.6666666666666669,0.9532577314431865,0.0,87.0,0.0,4911.774999999981,2476.578732637434,0.0,fixed_auv_ga_pso_tlbo_proxy,survey,21350864,3
0.0,1.0,202.0,0.18646864686468642,0.832458148099408,0.7280146585491877,0.6666666666666665,0.965572174723798,0.0,66.0,0.0,4966.170000000006,1953.2000000000046,0.0,independent_greedy,survey,21350864,3
0.0,0.3333333333333333,300.0,0.32222222222222213,0.8477613207812906,0.7636224184863596,0.6666666666666669,0.8927628862072843,0.0,145.0,0.0,8235.460169862286,3413.9678912245013,0.0,communication_aware,survey,21350864,3
1.0,1.0,261.0,0.20689655172413796,0.8610767497930196,0.7522272784938681,0.6666666666666669,0.9558179477748832,0.0,0.0,0.0,8102.600535444528,2241.133834755147,239.0,haco_safemarl_pilot_no_acoustic,survey,21350864,3
0.0,1.0,211.0,0.21642969984202215,0.8575701271896415,0.7760682357772253,0.6666666666666665,0.9619845308760194,0.0,76.0,0.0,6629.460701429674,1729.8530903843582,0.0,haco_safemarl_pilot_no_shield,survey,21350864,3
0.0,0.3333333333333333,300.0,0.30111111111111105,0.8556948173291552,0.7975571865802835,0.6666666666666669,0.9143561688788462,0.0,0.0,0.0,9092.86536534611,3022.7836152221216,341.0,haco_safemarl_pilot,survey,21350864,3
0.0,0.3333333333333333,300.0,0.016666666666666666,0.8941671401402328,0.8691811613070295,0.16666666666666663,0.9994257822567413,0.0,0.0,0.0,760.5980253992631,392.0025012458448,361.0,haco_safemarl_mappo,survey,21350864,3
0.0,1.0,295.0,0.8214689265536722,0.41086820009350467,0.31529839390166825,1.0,0.7950824871268216,0.0,39.0,0.0,5467.824999999977,2662.8451404744856,0.0,fixed_auv_ga_pso_tlbo_proxy,traffic,21160871,3
0.0,1.0,225.0,0.8237037037037037,0.41183709280969266,0.15722564694971466,1.0,0.4699186983975565,0.0,29.0,0.0,5531.625000000007,2199.0000000000014,0.0,independent_greedy,traffic,21160871,3
0.0,0.0,300.0,0.8433333333333334,0.6205483041812192,0.5694204545698877,1.0,0.7941282176364473,0.0,95.0,0.0,7793.9342220549,2970.349061099548,0.0,communication_aware,traffic,21160871,3
0.0,0.3333333333333333,300.0,0.7144444444444443,0.5621732145777519,0.32570062103814973,1.0,0.8950820549856029,0.0,0.0,0.0,9009.57309522612,3381.6889874211233,807.0,haco_safemarl_pilot_no_acoustic,traffic,21160871,3
0.0,0.0,300.0,0.9144444444444444,0.4272275594551232,0.3027051155977318,1.0,0.6638674213696039,0.0,166.0,0.0,8925.408312344318,3000.0784498503494,0.0,haco_safemarl_pilot_no_shield,traffic,21160871,3
0.0,0.0,300.0,0.7288888888888888,0.683936287075643,0.6001255869551162,1.0,0.9190207143541126,0.0,0.0,0.0,8800.02271317967,3090.9977482981594,825.0,haco_safemarl_pilot,traffic,21160871,3
0.0,0.0,300.0,0.6788888888888889,0.5848404899892817,0.4242539166039742,1.0,0.8231670650967837,0.0,0.0,0.0,597.6423132486292,92.47137305458779,820.0,haco_safemarl_mappo,traffic,21160871,3
0.0,0.6666666666666666,300.0,0.0,0.9187745768968698,0.8705310838645833,0.0,0.9999999998888889,0.02,0.0,0.13333333333333333,5560.499999999976,2965.380095012137,0.0,fixed_auv_ga_pso_tlbo_proxy,traffic,21170878,3
0.0,1.0,258.0,0.169250645994832,0.8411492445605239,0.6662448321794664,0.33333333333333337,0.9233492118483292,0.05813953488372093,0.0,0.2713178294573643,6342.9300000000085,2946.200000000006,0.0,independent_greedy,traffic,21170878,3
0.0,0.6666666666666666,300.0,0.03333333333333334,0.9131468278475796,0.8554549767605732,0.3333333333333334,0.9976275206408509,0.016666666666666666,0.0,0.12333333333333334,8496.712010157627,3934.7462064772835,0.0,communication_aware,traffic,21170878,3
0.0,1.0,238.0,0.060224089635854336,0.9069806872429236,0.8387567133046852,0.3333333333333333,0.991853530857268,0.012605042016806723,0.0,0.29411764705882354,7058.280478630942,1951.1730002828567,164.0,haco_safemarl_pilot_no_acoustic,traffic,21170878,3
0.0,1.0,250.0,0.08666666666666666,0.9052827338075723,0.831322831671322,0.33333333333333337,0.9823101479847295,0.016,0.0,0.248,7727.950293578662,2015.5333094525163,0.0,haco_safemarl_pilot_no_shield,traffic,21170878,3
0.0,1.0,238.0,0.05042016806722689,0.908606351455046,0.8434440381411706,0.3333333333333333,0.9943929599279947,0.012605042016806723,0.0,0.2857142857142857,7062.936298451708,1948.3633160153736,162.0,haco_safemarl_pilot,traffic,21170878,3
0.0,0.0,300.0,0.0,0.9135278073900727,0.863181107660803,0.0,0.9999999998888889,0.0,0.0,0.13333333333333333,911.6210519700977,59.4184789389857,201.0,haco_safemarl_mappo,traffic,21170878,3
0.0,0.6666666666666666,300.0,0.2866666666666666,0.7725076890122838,0.6499847080368886,0.6666666666666669,0.9639504369103284,0.0,70.0,0.0,5560.499999999976,2744.810263060997,0.0,fixed_auv_ga_pso_tlbo_proxy,traffic,21180885,3
0.0,1.0,295.0,0.43389830508474564,0.6329520687970784,0.2567129025020361,0.6666666666666669,0.6930378958782035,0.0,54.0,0.0,7252.57500000001,3254.2000000000194,0.0,independent_greedy,traffic,21180885,3
0.0,0.3333333333333333,300.0,0.3466666666666667,0.8025901822631212,0.7548408278272142,0.6666666666666669,0.9438356835182949,0.0,61.0,0.0,8266.672823987996,3369.131005175143,0.0,communication_aware,traffic,21180885,3
0.0,0.6666666666666666,300.0,0.20555555555555552,0.8091781172147772,0.6405405252758783,0.6666666666666669,0.9521561219681883,0.0,6.0,0.0,9374.321783017895,2524.393377033373,317.0,haco_safemarl_pilot_no_acoustic,traffic,21180885,3
0.0,0.6666666666666666,300.0,0.3233333333333333,0.7437464429805357,0.5605077070112038,0.6666666666666669,0.9561770549938097,0.0,53.0,0.0,9355.261477948547,2326.785771653721,0.0,haco_safemarl_pilot_no_shield,traffic,21180885,3
0.0,0.3333333333333333,300.0,0.2366666666666666,0.8458664904797767,0.7766181746238698,0.6666666666666669,0.9594562451361297,0.0,6.0,0.0,9168.536870218722,3055.873323433459,350.0,haco_safemarl_pilot,traffic,21180885,3
0.0,0.3333333333333333,300.0,0.23666666666666666,0.8311283282340328,0.7779037297320637,0.6666666666666669,0.9506093764326952,0.0,7.0,0.0,882.5579005992456,166.47222265969086,394.0,haco_safemarl_mappo,traffic,21180885,3
0.0,1.0,247.0,0.6383265856950067,0.5702369275165442,0.4962999355122347,1.0,0.9346971700759356,0.0,173.0,0.0931174089068826,4578.144999999984,2413.9909697293024,0.0,fixed_auv_ga_pso_tlbo_proxy,traffic,21190892,3
0.0,1.0,189.0,0.6772486772486772,0.4997366057150547,0.2774127061611695,1.0,0.6029816881553663,0.0,133.0,0.0,4646.565000000006,1947.1999999999975,0.0,independent_greedy,traffic,21190892,3
0.0,0.6666666666666666,300.0,0.7522222222222222,0.6281125567133105,0.5856130654447251,1.0,0.9617831914406637,0.0,242.0,0.08333333333333333,7864.114361829022,3034.158396662307,0.0,communication_aware,traffic,21190892,3
0.0,0.6666666666666666,300.0,0.4288888888888889,0.7468080211557704,0.6736487276113753,0.6777777777777779,0.892415367610718,0.0,0.0,0.0,7416.432559389287,2355.9701583702436,794.0,haco_safemarl_pilot_no_acoustic,traffic,21190892,3
0.0,1.0,191.0,0.617801047120419,0.6045858717270771,0.44089412069052025,1.0,0.614813675057634,0.0,139.0,0.0,6013.171827011908,1298.763701591282,0.0,haco_safemarl_pilot_no_shield,traffic,21190892,3
0.0,0.3333333333333333,300.0,0.5377777777777777,0.7533782351067883,0.6541582629055814,1.0,0.907030618983654,0.0,0.0,0.0,7453.014050878111,2621.62450207237,839.0,haco_safemarl_pilot,traffic,21190892,3
0.0,0.0,300.0,0.33555555555555555,0.763614108756259,0.7328452694173417,0.6666666666666669,0.8868882868569884,0.0,0.0,0.0,1004.8530907130538,532.1122825075353,799.0,haco_safemarl_mappo,traffic,21190892,3
0.0,0.6666666666666666,300.0,0.5488888888888889,0.6729651806071305,0.5150366159581633,1.0,0.7831656163208522,0.0,82.0,0.01,5560.499999999976,2953.2196362467507,0.0,fixed_auv_ga_pso_tlbo_proxy,traffic,21200899,3
0.0,1.0,254.0,0.6745406824146981,0.4932879083345647,0.28558753359006567,1.0,0.458089407058184,0.0,62.0,0.0,6244.590000000008,2735.400000000006,0.0,independent_greedy,traffic,21200899,3
0.0,0.6666666666666666,300.0,0.6677777777777777,0.716274737990782,0.6487161865362127,1.0,0.8677770975597685,0.0,86.0,0.0,7983.975599836233,2969.214380486214,0.0,communication_aware,traffic,21200899,3
0.0,1.0,246.0,0.45392953929539304,0.6698666866527383,0.423681135936745,0.6666666666666667,0.7347393943962781,0.0,15.0,0.008130081300813009,7966.419325072183,1945.6268431649319,468.0,haco_safemarl_pilot_no_acoustic,traffic,21200899,3
0.0,1.0,246.0,0.5880758807588077,0.6332470343361631,0.4118328189134398,0.6666666666666667,0.4869946459388782,0.0,127.0,0.012195121951219513,7757.905886514641,1769.338822174933,0.0,haco_safemarl_pilot_no_shield,traffic,21200899,3
0.0,1.0,246.0,0.4173441734417346,0.6949055716092304,0.4868756237912385,0.6666666666666667,0.7811377825349957,0.0,15.0,0.012195121951219513,7948.0278496983165,1989.4537626363235,472.0,haco_safemarl_pilot,traffic,21200899,3
0.0,0.0,300.0,0.34111111111111103,0.8046777740494077,0.7611463130808291,0.6666666666666669,0.8574148981238314,0.0,15.0,0.07,1186.8868236483165,438.53892447752946,775.0,haco_safemarl_mappo,traffic,21200899,3
0.0,1.0,183.0,0.5391621129326046,0.6029834260004446,0.2578199700677548,0.6666666666666665,0.5557928918994768,0.0,298.0,0.0,3391.904999999993,1752.0322524974908,0.0,fixed_auv_ga_pso_tlbo_proxy,traffic,21210906,3
0.0,1.0,140.0,0.49761904761904757,0.5854461153544599,0.0962054342735938,0.6666666666666666,0.6666516926004167,0.0,228.0,0.0,3441.900000000004,1460.5999999999979,0.0,independent_greedy,traffic,21210906,3
0.0,0.6666666666666666,300.0,0.8444444444444443,0.5792728350932349,0.3885350022066504,1.0,0.6335660700471636,0.0,396.0,0.0,7791.895048006425,3138.8142654177905,0.0,communication_aware,traffic,21210906,3
0.0,0.6666666666666666,300.0,0.5122222222222222,0.6373443267179105,0.5270661575407325,0.6666666666666669,0.7361523326791812,0.0,0.0,0.0,9121.721976663424,3109.1843798033283,579.0,haco_safemarl_pilot_no_acoustic,traffic,21210906,3
0.0,1.0,137.0,0.45742092457420924,0.6490832924121275,0.2519297765305913,0.6666666666666666,0.6468813006550722,0.0,79.0,0.0,4306.496030098928,870.4815780643991,0.0,haco_safemarl_pilot_no_shield,traffic,21210906,3
0.0,0.3333333333333333,300.0,0.57,0.7112397682938637,0.5541426176211245,0.6666666666666669,0.5139018990641098,0.0,0.0,0.0,8789.049959220372,3291.358872950713,579.0,haco_safemarl_pilot,traffic,21210906,3
0.0,0.3333333333333333,300.0,0.5488888888888889,0.6325346726164414,0.4399121723462651,0.6666666666666669,0.5427450049098242,0.0,0.0,0.0,328.7958651662327,184.87056985317633,633.0,haco_safemarl_mappo,traffic,21210906,3
0.0,1.0,259.0,0.61003861003861,0.5142623021409937,0.3176277989970655,0.9743589743589743,0.5252922293251564,0.0,108.0,0.0888030888030888,4800.564999999982,2038.144361574525,0.0,fixed_auv_ga_pso_tlbo_proxy,traffic,21220913,3
0.0,1.0,198.0,0.5505050505050505,0.5130867296700563,0.13110391464525686,0.85,0.5962962031619683,0.010101010101010102,82.0,0.21212121212121213,4867.830000000006,1690.2000000000025,0.0,independent_greedy,traffic,21220913,3
0.0,0.0,300.0,0.7577777777777777,0.6259106818666744,0.5075355143950081,1.0,0.6013716997681339,0.0,173.0,0.07333333333333333,7836.4907032783985,2901.6237387482274,0.0,communication_aware,traffic,21220913,3
0.0,0.3333333333333333,300.0,0.6077777777777779,0.5789309215849676,0.3168416599775761,1.0,0.6103168419857445,0.03,0.0,0.08666666666666667,8672.238935479085,3050.2675795310543,724.0,haco_safemarl_pilot_no_acoustic,traffic,21220913,3
0.0,0.3333333333333333,300.0,0.7644444444444444,0.48032104166732986,0.3314902526312525,1.0,0.6013701555592579,0.0,138.0,0.07333333333333333,8969.412938156205,2955.3437144743757,0.0,haco_safemarl_pilot_no_shield,traffic,21220913,3
0.0,0.0,300.0,0.6644444444444444,0.7034089094696255,0.5824799930730737,1.0,0.6654991750222924,0.0,0.0,0.08333333333333333,8570.816308789445,3086.4338213165524,753.0,haco_safemarl_pilot,traffic,21220913,3
0.0,0.0,300.0,0.5833333333333334,0.6152857685468691,0.4615750594684592,0.9777777777777777,0.5911917161556364,0.02,0.0,0.0,767.356455683853,351.3130820304749,757.0,haco_safemarl_mappo,traffic,21220913,3
0.0,0.6666666666666666,300.0,0.5355555555555556,0.5940160799097036,0.501734264346577,1.0,0.9235860023093206,0.0,54.0,0.0,5560.499999999976,2500.893717400594,0.0,fixed_auv_ga_pso_tlbo_proxy,traffic,21230920,3
0.0,1.0,232.0,0.5732758620689655,0.5684906898335563,0.38468564254556764,1.0,0.795428107283348,0.0,41.0,0.09051724137931035,5703.7200000000075,2033.6,0.0,independent_greedy,traffic,21230920,3
0.0,0.0,300.0,0.6033333333333334,0.7092150764191456,0.6728350869682865,1.0,0.9330565981860336,0.0,48.0,0.0,7986.866120529011,2962.6196606408694,0.0,communication_aware,traffic,21230920,3
0.0,0.3333333333333333,300.0,0.4066666666666667,0.7457646533341603,0.7025208844766473,1.0,0.9924614192810799,0.0,0.0,0.07,9012.351064034983,3143.0430180251196,654.0,haco_safemarl_pilot_no_acoustic,traffic,21230920,3
0.0,0.0,300.0,0.6566666666666666,0.5462817949925856,0.4631479009532138,1.0,0.9578655903712051,0.0,40.0,0.056666666666666664,9113.596848804964,3003.1129317304717,0.0,haco_safemarl_pilot_no_shield,traffic,21230920,3
0.0,0.0,300.0,0.37777777777777777,0.798542058360423,0.7633991826699964,1.0,0.998064975780929,0.0,0.0,0.07,8927.935176891779,3189.159502194377,657.0,haco_safemarl_pilot,traffic,21230920,3
0.0,0.0,300.0,0.39666666666666667,0.729115180759265,0.6706000203135181,0.7888888888888889,0.8488698488917343,0.0,0.0,0.11,898.0874696871603,194.21871210983468,677.0,haco_safemarl_mappo,traffic,21230920,3
0.0,0.6666666666666666,300.0,0.56,0.5955138604834771,0.4455041416159974,0.8333333333333334,0.593016132124084,0.0,0.0,0.29333333333333333,5560.499999999976,2751.0561773126924,0.0,fixed_auv_ga_pso_tlbo_proxy,traffic,21240927,3
0.0,1.0,236.0,0.7189265536723164,0.4784281745124836,0.18327502618527486,1.0,0.8715967855498084,0.03389830508474576,0.0,0.09322033898305085,5802.060000000008,2219.0000000000055,0.0,independent_greedy,traffic,21240927,3
0.0,0.3333333333333333,300.0,0.7344444444444443,0.7187482600438405,0.6702862981793968,1.0,0.740033942676836,0.0,87.0,0.24666666666666667,7921.127372807548,3054.809638351113,0.0,communication_aware,traffic,21240927,3
1.0,1.0,269.0,0.29863692688971494,0.7017469928631762,0.38742742007705544,0.3333333333333334,0.7994230585429559,0.0,0.0,0.1412639405204461,6225.750909375927,1627.3135521242998,573.0,haco_safemarl_pilot_no_acoustic,traffic,21240927,3
0.0,1.0,233.0,0.45064377682403434,0.6661528674740346,0.33840041427961726,0.9722222222222222,0.798570267839948,0.0,13.0,0.17167381974248927,7400.726457198221,1702.3198320899733,0.0,haco_safemarl_pilot_no_shield,traffic,21240927,3
0.0,0.6666666666666666,300.0,0.3544444444444444,0.7377053480338854,0.5512009322244237,0.6666666666666669,0.8041129793198785,0.06333333333333334,0.0,0.29,5556.5466570746385,1400.8669867430892,866.0,haco_safemarl_pilot,traffic,21240927,3
0.0,0.3333333333333333,300.0,0.24333333333333335,0.7959261889041711,0.7243075152967394,0.6666666666666669,0.9480317180169325,0.0,0.0,0.16666666666666666,1290.5493433609108,352.3279915956831,773.0,haco_safemarl_mappo,traffic,21240927,3
0.0,0.6666666666666666,300.0,0.0033333333333333335,0.9000851459282422,0.8675043795164902,0.03333333333333333,0.999977629274188,0.0,0.0,0.0,5560.499999999976,2049.4489978092497,0.0,fixed_auv_ga_pso_tlbo_proxy,traffic,21250934,3
0.0,0.6666666666666666,300.0,0.5411111111111111,0.643133003654161,0.4569653242225027,0.6666666666666669,0.5847912914969358,0.0,0.0,0.0,7375.50000000001,2646.0000000000073,0.0,independent_greedy,traffic,21250934,3
0.0,0.6666666666666666,300.0,0.056666666666666664,0.8900032707111251,0.8524840529477592,0.47777777777777763,0.9969047311559661,0.0,0.0,0.0,8492.122409228727,2903.3761245355677,0.0,communication_aware,traffic,21250934,3
0.0,0.6666666666666666,300.0,0.15333333333333332,0.8529946033254924,0.7766481776965484,0.3333333333333334,0.9771499539095766,0.0,0.0,0.02,9642.876750400976,2240.234150118627,206.0,haco_safemarl_pilot_no_acoustic,traffic,21250934,3
0.0,0.6666666666666666,300.0,0.16444444444444442,0.8310200071591876,0.7185189433006283,0.3333333333333334,0.97693381413007,0.0,0.0,0.016666666666666666,9521.789594097847,2233.8751627296892,0.0,haco_safemarl_pilot_no_shield,traffic,21250934,3
0.0,0.6666666666666666,300.0,0.14666666666666667,0.8582760086930408,0.7897200564617721,0.3333333333333334,0.9782952678044046,0.0,0.0,0.023333333333333334,9664.172298605119,2259.3210967878613,202.0,haco_safemarl_pilot,traffic,21250934,3
0.0,0.0,300.0,0.0,0.8850256500174913,0.8503413761192646,0.0,0.9999999998888889,0.0,0.0,0.0,1830.4855398243933,102.56414742175423,359.0,haco_safemarl_mappo,traffic,21250934,3
0.0,0.6666666666666666,300.0,0.3766666666666666,0.7600276248246731,0.6099595748274396,1.0,0.961699591796755,0.0,0.0,0.08333333333333333,5560.499999999976,2840.9739277482568,0.0,fixed_auv_ga_pso_tlbo_proxy,traffic,21260941,3
1.0,1.0,250.0,0.448,0.6868134610359982,0.4298737758100188,1.0,0.8622656884004367,0.0,0.0,0.0,6146.250000000008,2750.4000000000065,0.0,independent_greedy,traffic,21260941,3
0.0,0.6666666666666666,300.0,0.4744444444444444,0.7649300709204455,0.6870180427044219,1.0,0.9714887423199201,0.0,0.0,0.08,8100.866380600951,3026.527910656692,0.0,communication_aware,traffic,21260941,3
1.0,1.0,249.0,0.30522088353413657,0.7846710961689747,0.6058957555746997,0.6666666666666667,0.8922576988895818,0.0,0.0,0.0642570281124498,7655.5581334553835,1947.798031374277,319.0,haco_safemarl_pilot_no_acoustic,traffic,21260941,3
0.0,1.0,243.0,0.3484224965706448,0.7359305240304631,0.5353137956290482,0.6666666666666667,0.8714855712833275,0.012345679012345678,0.0,0.07818930041152264,7715.410165904518,2026.19462789992,0.0,haco_safemarl_pilot_no_shield,traffic,21260941,3
0.0,0.3333333333333333,300.0,0.38999999999999996,0.8029730306755908,0.7313784362926051,0.8,0.9219778099490743,0.0,0.0,0.05333333333333334,8864.990055681186,2918.1337112993806,463.0,haco_safemarl_pilot,traffic,21260941,3
0.0,0.0,300.0,0.20888888888888885,0.8569716799015568,0.8234848381856047,0.6666666666666669,0.9619138696233659,0.0,0.0,0.0,635.5804347658506,81.54902791049102,444.0,haco_safemarl_mappo,traffic,21260941,3
0.0,0.6666666666666666,300.0,0.3977777777777778,0.7322729742830433,0.6490932527155343,1.0,0.910167989385499,0.0033333333333333335,92.0,0.07,5560.499999999976,2682.7926509997274,0.0,fixed_auv_ga_pso_tlbo_proxy,traffic,21270948,3
0.0,1.0,262.0,0.6603053435114504,0.5807336511469051,0.38960169018640267,1.0,0.5617066537559956,0.019083969465648856,70.0,0.04198473282442748,6441.270000000009,2569.600000000013,0.0,independent_greedy,traffic,21270948,3
0.0,0.3333333333333333,300.0,0.4888888888888889,0.7650432317239059,0.6929795514215433,1.0,0.9221731206451917,0.0033333333333333335,82.0,0.06666666666666667,8106.776230060685,2982.2035355417675,0.0,communication_aware,traffic,21270948,3
0.0,0.3333333333333333,300.0,0.31,0.8234801826570594,0.7158359321134675,0.8444444444444444,0.8528578535373311,0.023333333333333334,0.0,0.023333333333333334,7401.001611002852,2726.8793046858877,667.0,haco_safemarl_pilot_no_acoustic,traffic,21270948,3
0.0,1.0,287.0,0.49593495934959353,0.6795228118758311,0.5722123074528047,1.0,0.9218225415948241,0.017421602787456445,140.0,0.03832752613240418,9001.409813377368,2334.1404936893805,0.0,haco_safemarl_pilot_no_shield,traffic,21270948,3
0.0,0.3333333333333333,300.0,0.29888888888888887,0.8337711689106324,0.7520218641459847,0.8555555555555555,0.8775188158749565,0.023333333333333334,0.0,0.023333333333333334,6762.245519652026,2561.3155531211805,706.0,haco_safemarl_pilot,traffic,21270948,3
0.0,0.0,300.0,0.17555555555555555,0.8598826404247443,0.8017278356705421,0.8555555555555555,0.9838492355485744,0.02666666666666667,0.0,0.0,1297.032346816233,551.5173270616164,667.0,haco_safemarl_mappo,traffic,21270948,3
1.0,1.0,203.0,0.3251231527093596,0.803243707090721,0.7149920999231428,1.0,0.9821730709851654,0.0,0.0,0.0,3762.60499999999,1801.4195295541856,0.0,fixed_auv_ga_pso_tlbo_proxy,traffic,21280955,3
1.0,1.0,156.0,0.358974358974359,0.7992592618396135,0.7657460543075915,1.0,0.9809050481311433,0.0,0.0,0.0,3835.2600000000048,1611.3999999999999,0.0,independent_greedy,traffic,21280955,3
0.0,0.6666666666666666,300.0,0.6088888888888888,0.7599020695420533,0.6976026804468632,1.0,0.9851947260096725,0.0,0.0,0.02,8095.1294937250495,3400.2279223201313,0.0,communication_aware,traffic,21280955,3
1.0,1.0,167.0,0.24151696606786416,0.827551583784075,0.7885191656984261,0.6666666666666666,0.9459052258880609,0.0,0.0,0.0,5396.692073997554,1267.1370082635358,170.0,haco_safemarl_pilot_no_acoustic,traffic,21280955,3
1.0,1.0,153.0,0.23093681917211326,0.7900928988449718,0.7123377590824875,0.6666666666666666,0.9566836337349043,0.0,0.0,0.0,4876.673227284056,1163.3760118891153,0.0,haco_safemarl_pilot_no_shield,traffic,21280955,3
1.0,1.0,167.0,0.23952095808383225,0.8325358861670543,0.7965464765675908,0.6666666666666666,0.948225518649885,0.0,0.0,0.0,5425.177154480076,1330.8006705816974,169.0,haco_safemarl_pilot,traffic,21280955,3
0.0,0.0,300.0,0.07666666666666665,0.8434359551277131,0.8250105079765735,0.3333333333333334,0.9863987554493169,0.0,0.0,0.0,387.1954782671997,336.7005561170423,454.0,haco_safemarl_mappo,traffic,21280955,3
0.0,0.6666666666666666,300.0,0.4855555555555555,0.644217565343842,0.5995465710478242,1.0,0.9940367712806878,0.0,65.0,0.0,5560.499999999976,2676.68271369095,0.0,fixed_auv_ga_pso_tlbo_proxy,traffic,21290962,3
0.0,1.0,241.0,0.5145228215767634,0.6005807092482711,0.5474396363755131,1.0,0.9773901035551659,0.0,49.0,0.07053941908713693,5924.985000000008,2550.6000000000095,0.0,independent_greedy,traffic,21290962,3
0.0,0.3333333333333333,300.0,0.551111111111111,0.7276557446546965,0.7130758344295207,1.0,0.995559458781045,0.0,38.0,0.0,8021.299602020486,2955.0937435879987,0.0,communication_aware,traffic,21290962,3
0.0,0.6666666666666666,300.0,0.49666666666666676,0.6816672519593953,0.659704489563629,1.0,0.9924841480858586,0.0,0.0,0.0,9198.378750297907,2936.1243341233585,572.0,haco_safemarl_pilot_no_acoustic,traffic,21290962,3
0.0,1.0,294.0,0.5657596371882088,0.6037265303777272,0.5296981770352647,1.0,0.9775161093374608,0.0,95.0,0.0,9149.193741701003,2452.564513861064,0.0,haco_safemarl_pilot_no_shield,traffic,21290962,3
0.0,0.0,300.0,0.5066666666666667,0.7621816036471363,0.7446597141046454,1.0,0.9933786843567443,0.0,0.0,0.0,8999.396798971544,3263.620024682004,577.0,haco_safemarl_pilot,traffic,21290962,3
0.0,0.0,300.0,0.38888888888888884,0.7956832291030919,0.7745995775523582,1.0,0.9982905302990375,0.0,0.0,0.0,544.161316484124,129.28221534871312,576.0,haco_safemarl_mappo,traffic,21290962,3
0.0,0.6666666666666666,300.0,0.6544444444444444,0.4850646921294533,0.35702931396110177,1.0,0.7872520525899388,0.0,0.0,0.0,5560.499999999976,2479.052897557324,0.0,fixed_auv_ga_pso_tlbo_proxy,traffic,21300969,3
1.0,1.0,277.0,0.7148014440433212,0.40791398285145264,0.24979155967789823,1.0,0.7255570618656427,0.0,0.0,0.0,6810.045000000009,2771.6000000000126,0.0,independent_greedy,traffic,21300969,3
0.0,0.0,300.0,0.6888888888888889,0.6807567502349512,0.6339047679550625,1.0,0.7866273345895646,0.0,0.0,0.0,7914.684651758859,2925.9787415985415,0.0,communication_aware,traffic,21300969,3
0.0,0.0,300.0,0.6566666666666666,0.5716106392555534,0.48286288899079893,1.0,0.9213200165685452,0.0,0.0,0.0,6765.47181429368,2304.0014152565236,801.0,haco_safemarl_pilot_no_acoustic,traffic,21300969,3
0.0,0.0,300.0,0.7377777777777778,0.48893870305857656,0.4340421139564591,1.0,0.8766329826723176,0.0,22.0,0.0,9011.869292247246,3036.617892403368,0.0,haco_safemarl_pilot_no_shield,traffic,21300969,3
0.0,0.0,300.0,0.6388888888888888,0.7178077658913165,0.6878475323264139,1.0,0.9531995913240744,0.0,0.0,0.0,8176.584331934012,2826.938387561183,744.0,haco_safemarl_pilot,traffic,21300969,3
0.0,0.0,300.0,0.6966666666666667,0.5374599692514352,0.5015264173495488,1.0,0.9516567696399268,0.0,0.0,0.0,1609.8901837861604,801.7352783886203,849.0,haco_safemarl_mappo,traffic,21300969,3
1.0,1.0,295.0,0.6056497175141242,0.504701491190323,0.3070848368944619,1.0,0.5942236855630575,0.0,0.0,0.0,5467.824999999977,2506.6684375778577,0.0,fixed_auv_ga_pso_tlbo_proxy,traffic,21310976,3
0.0,1.0,226.0,0.5383480825958702,0.5102879980876787,0.11567732214913863,0.898550724637681,0.6655728792826197,0.01327433628318584,0.0,0.19911504424778761,5556.210000000007,1902.4000000000042,0.0,independent_greedy,traffic,21310976,3
0.0,0.0,300.0,0.7222222222222222,0.6432874703053664,0.5503426311952756,1.0,0.6727808988293582,0.0,0.0,0.0,7878.334866970484,2906.2812269732844,0.0,communication_aware,traffic,21310976,3
0.0,0.6666666666666666,300.0,0.6366666666666667,0.5565511674149062,0.2937372851023136,1.0,0.6917612805288145,0.0,0.0,0.013333333333333334,9087.979525844266,2700.554226144761,656.0,haco_safemarl_pilot_no_acoustic,traffic,21310976,3
0.0,0.3333333333333333,300.0,0.7333333333333333,0.4815736669173508,0.32209171230872313,1.0,0.6807062319924416,0.0,12.0,0.01,9030.505194491945,2828.7127858882322,0.0,haco_safemarl_pilot_no_shield,traffic,21310976,3
0.0,0.0,300.0,0.6411111111111112,0.704975126257463,0.5820563782913872,1.0,0.7301810593030823,0.0,0.0,0.01,8895.276015229636,3023.927491216792,680.0,haco_safemarl_pilot,traffic,21310976,3
0.0,0.0,300.0,0.581111111111111,0.5687983950769527,0.4298693811750305,1.0,0.65726520599902,0.0,0.0,0.0,988.9921356532736,621.3957873157951,752.0,haco_safemarl_mappo,traffic,21310976,3
0.0,1.0,286.0,0.22610722610722608,0.8356083259258267,0.7487218768780772,0.6666666666666669,0.958452896300939,0.0,76.0,0.11888111888111888,5301.009999999978,2305.0088923172348,0.0,fixed_auv_ga_pso_tlbo_proxy,traffic,21320983,3
0.0,1.0,219.0,0.3866057838660578,0.7540757260763736,0.538680568553353,0.6666666666666665,0.81106766327126,0.0,58.0,0.1004566210045662,5384.115000000007,1809.2000000000028,0.0,independent_greedy,traffic,21320983,3
0.0,0.6666666666666666,300.0,0.30666666666666664,0.8231743091591139,0.7640493996627491,0.6666666666666669,0.9107827036944165,0.0,65.0,0.10666666666666667,8253.58066978107,3097.128994454458,0.0,communication_aware,traffic,21320983,3
0.0,1.0,227.0,0.1497797356828194,0.8567147698649259,0.7496168892362924,0.5652173913043476,0.9639095667547383,0.0,7.0,0.0881057268722467,5886.482200119319,1570.7913737896945,298.0,haco_safemarl_pilot_no_acoustic,traffic,21320983,3
0.0,1.0,213.0,0.13928012519561814,0.8449433767252464,0.702697670721635,0.4242424242424242,0.959239457741079,0.0,57.0,0.07511737089201878,6849.537155308902,1614.44140646832,0.0,haco_safemarl_pilot_no_shield,traffic,21320983,3
0.0,1.0,263.0,0.2610899873257287,0.8480172622175414,0.7933054246528151,0.6666666666666669,0.9393532373637175,0.0,7.0,0.07604562737642585,5914.649443013519,1993.903277314608,453.0,haco_safemarl_pilot,traffic,21320983,3
0.0,0.0,300.0,0.0,0.8919165291226314,0.8781806943971092,0.0,0.9999999998888889,0.0,7.0,0.0,1468.32687917056,676.7105877718855,412.0,haco_safemarl_mappo,traffic,21320983,3
0.0,1.0,295.0,0.527683615819209,0.5041316728868148,0.31581711288704695,0.6666666666666669,0.6154637357653997,0.0,37.0,0.0847457627118644,5467.824999999977,2672.8153488254675,0.0,fixed_auv_ga_pso_tlbo_proxy,traffic,21330990,3
0.0,1.0,226.0,0.5737463126843658,0.4819639032092572,0.2736010283116095,0.6666666666666664,0.5205649356681913,0.0,28.0,0.0,5556.210000000007,2370.200000000007,0.0,independent_greedy,traffic,21330990,3
0.0,0.3333333333333333,300.0,0.75,0.6346066241947499,0.5448745832263703,1.0,0.8469259711213158,0.0,0.0,0.07333333333333333,7867.773641986553,3082.5680147851103,0.0,communication_aware,traffic,21330990,3
0.0,0.3333333333333333,300.0,0.5466666666666666,0.5845049338287107,0.4080696695042639,0.7666666666666667,0.6058567901406798,0.0,0.0,0.0,8973.000757552685,3030.706758928777,553.0,haco_safemarl_pilot_no_acoustic,traffic,21330990,3
0.0,0.3333333333333333,300.0,0.6188888888888888,0.5385023832118261,0.36518846190209325,1.0,0.5797373540681678,0.0,0.0,0.02666666666666667,8905.221463210095,3008.9513872732377,0.0,haco_safemarl_pilot_no_shield,traffic,21330990,3
0.0,0.3333333333333333,300.0,0.5344444444444445,0.7352236971239022,0.6470823414808805,0.7555555555555554,0.6269520715925988,0.0,0.0,0.03666666666666667,8841.017879039095,3046.6034014338643,558.0,haco_safemarl_pilot,traffic,21330990,3
0.0,0.0,300.0,0.5622222222222222,0.5205955944959088,0.3527266205337268,0.6666666666666669,0.5471065057826194,0.0,0.0,0.0,620.3717894109088,257.86095785261745,843.0,haco_safemarl_mappo,traffic,21330990,3
1.0,1.0,255.0,0.4862745098039215,0.6424167543012932,0.24382176761424693,1.0,0.7172631899418102,0.0,0.0,0.07058823529411765,4726.424999999983,2630.893515525089,0.0,fixed_auv_ga_pso_tlbo_proxy,traffic,21340997,3
1.0,1.0,195.0,0.8307692307692308,0.5791710270215545,0.3213133089626656,1.0,0.7223082004962952,0.0,0.0,0.0,4794.075000000006,2211.3999999999996,0.0,independent_greedy,traffic,21340997,3
0.0,0.6666666666666666,300.0,0.5455555555555556,0.7304980363175306,0.546573754087825,1.0,0.6537504052351403,0.0,0.0,0.06,8128.531602540511,3786.4439509011427,0.0,communication_aware,traffic,21340997,3
1.0,1.0,257.0,0.4565499351491569,0.6835321850489819,0.5279783890050814,0.6666666666666667,0.9523088853292376,0.0,0.0,0.0038910505836575876,8098.787827147148,2008.4444550376138,451.0,haco_safemarl_pilot_no_acoustic,traffic,21340997,3
1.0,1.0,216.0,0.6111111111111112,0.5842479869575048,0.4540033334404194,1.0,0.9723472661864054,0.0,0.0,0.06944444444444445,6727.749359909056,1697.312056384466,0.0,haco_safemarl_pilot_no_shield,traffic,21340997,3
1.0,1.0,275.0,0.41818181818181815,0.7199113203368165,0.5730178817047349,0.6666666666666669,0.9433267002753863,0.0,0.0,0.0,8713.879078008691,2303.0089964884833,483.0,haco_safemarl_pilot,traffic,21340997,3
0.0,0.0,300.0,0.4888888888888889,0.7114865822935263,0.5145612529512504,1.0,0.7976537817995129,0.0,0.0,0.13,440.1633849178872,48.442359125768235,725.0,haco_safemarl_mappo,traffic,21340997,3
0.0,0.6666666666666666,300.0,0.49666666666666665,0.6940413688180672,0.503199705529157,0.6666666666666669,0.6287907338432346,0.0,0.0,0.0,5560.499999999976,3238.612455775887,0.0,fixed_auv_ga_pso_tlbo_proxy,traffic,21351004,3
1.0,1.0,268.0,0.5074626865671641,0.5895215160716057,0.23940568574056362,0.6666666666666669,0.6256822750289706,0.0,0.0,0.0,6588.780000000009,3273.6000000000113,0.0,independent_greedy,traffic,21351004,3
0.0,0.6666666666666666,300.0,0.4977777777777777,0.76221755771943,0.634789112141604,0.6666666666666669,0.6391370721728286,0.0,0.0,0.0,8121.821327203966,3495.2171480072375,0.0,communication_aware,traffic,21351004,3
1.0,1.0,278.0,0.3213429256594725,0.7226741486793744,0.41787005216366985,0.6666666666666669,0.8175892604874904,0.0,0.0,0.0,8726.52905733435,2416.283336424793,387.0,haco_safemarl_pilot_no_acoustic,traffic,21351004,3
1.0,1.0,261.0,0.44444444444444436,0.6737897492482914,0.33245331897581887,0.6666666666666669,0.7253585103387797,0.0,0.0,0.0,8153.952872355491,2004.2609891862612,0.0,haco_safemarl_pilot_no_shield,traffic,21351004,3
0.0,0.3333333333333333,300.0,0.4055555555555555,0.7828257084199849,0.65359759145453,0.6666666666666669,0.7870351273229307,0.0,0.0,0.0,8914.942283964483,3311.0316111351312,466.0,haco_safemarl_pilot,traffic,21351004,3
0.0,0.0,300.0,0.45777777777777773,0.7897051573687198,0.6557425666360964,0.6666666666666669,0.633307803439607,0.0,0.0,0.0,591.6016171443941,33.16967989348812,461.0,haco_safemarl_mappo,traffic,21351004,3
1.0,1.0,248.0,0.8723118279569891,0.34700217505687725,0.16259154254273048,1.0,0.333333332576128,0.0,0.0,0.09274193548387097,4596.679999999984,2716.1528208730087,0.0,fixed_auv_ga_pso_tlbo_proxy,acoustic_degradation,21161011,3
1.0,1.0,190.0,0.9087719298245613,0.3172811912284177,0.11976027949584449,1.0,0.3333333318499343,0.0,0.0,0.22105263157894736,4671.150000000006,2261.7999999999984,0.0,independent_greedy,acoustic_degradation,21161011,3
0.0,0.6666666666666666,300.0,0.9166666666666666,0.4791992766805678,0.3413077553601544,1.0,0.33333333155555556,0.0,0.0,0.07666666666666666,7711.351926155633,2987.1939681298404,0.0,communication_aware,acoustic_degradation,21161011,3
1.0,1.0,255.0,0.7084967320261436,0.47295593365825905,0.2787233268554117,1.0,0.33333333318804587,0.0,0.0,0.10980392156862745,7540.189604601956,2413.3845665588524,807.0,haco_safemarl_pilot_no_acoustic,acoustic_degradation,21161011,3
1.0,1.0,229.0,0.9199417758369723,0.3985252196341783,0.26262502390298054,1.0,0.33333333140712584,0.0,0.0,0.13100436681222707,6779.416069641028,2197.3000294932904,0.0,haco_safemarl_pilot_no_shield,acoustic_degradation,21161011,3
0.0,0.0,300.0,0.8544444444444443,0.6135581597316208,0.5255648520879833,1.0,0.3333333327506167,0.0,0.0,0.10333333333333333,8359.598337845091,3080.6801079274496,941.0,haco_safemarl_pilot,acoustic_degradation,21161011,3
0.0,0.0,300.0,0.7633333333333333,0.6598016692257079,0.5307810343568821,1.0,0.3333333331129185,0.0,0.0,0.10666666666666667,337.9121029067766,173.05053470115763,936.0,haco_safemarl_mappo,acoustic_degradation,21161011,3
0.0,0.6666666666666666,300.0,0.8122222222222222,0.47018500589117607,0.3794255622917971,1.0,0.6392488628319255,0.0,63.0,0.0,5560.499999999976,2730.1477907115514,0.0,fixed_auv_ga_pso_tlbo_proxy,acoustic_degradation,21171018,3
0.0,1.0,238.0,0.9747899159663865,0.40262313609210326,0.20842653682439838,1.0,0.3333333139080944,0.0,48.0,0.0,5851.230000000008,2306.6000000000085,0.0,independent_greedy,acoustic_degradation,21171018,3
0.0,0.3333333333333333,300.0,0.8433333333333334,0.6631032046436807,0.642480112079145,1.0,0.662633734638635,0.0,30.0,0.0,7840.72388195656,3006.486915155806,0.0,communication_aware,acoustic_degradation,21171018,3
0.0,0.3333333333333333,300.0,0.8133333333333334,0.5928711775755945,0.42424435286675216,1.0,0.608380754122386,0.0,16.0,0.0,9072.89712289055,2940.181230677587,900.0,haco_safemarl_pilot_no_acoustic,acoustic_degradation,21171018,3
0.0,0.6666666666666666,300.0,0.8811111111111113,0.456396371671748,0.3802655246291802,1.0,0.6569690675889587,0.0,46.0,0.0,9036.321484797825,2926.479786368314,0.0,haco_safemarl_pilot_no_shield,acoustic_degradation,21171018,3
0.0,0.0,300.0,0.8122222222222223,0.6900416589564624,0.648970381493172,1.0,0.6069705651975913,0.0,16.0,0.0,8855.023727830392,3214.646769439423,900.0,haco_safemarl_pilot,acoustic_degradation,21171018,3
0.0,0.0,300.0,0.6588888888888887,0.716579561248685,0.6256602235790796,1.0,0.5312466529819899,0.0,16.0,0.0,534.6869110905445,74.30891811150745,900.0,haco_safemarl_mappo,acoustic_degradation,21171018,3
0.0,0.6666666666666666,300.0,0.9155555555555555,0.37731299278304276,0.26432300839836054,1.0,0.3333333316020314,0.0,32.0,0.05,5560.499999999976,2956.9739364241445,0.0,fixed_auv_ga_pso_tlbo_proxy,acoustic_degradation,21181025,3
0.0,1.0,259.0,0.8262548262548263,0.31535866130043655,0.0728886014780964,1.0,0.6637168125378643,0.0,25.0,0.05019305019305019,6367.5150000000085,3031.2000000000166,0.0,independent_greedy,acoustic_degradation,21181025,3
0.0,0.3333333333333333,300.0,0.95,0.6180097761102192,0.5408077287089113,1.0,0.33333332839506175,0.0,94.0,0.07,7757.758731882636,3075.900877728238,0.0,communication_aware,acoustic_degradation,21181025,3
0.0,0.3333333333333333,300.0,0.7844444444444445,0.5907479788897745,0.46381792623195955,1.0,0.6394807479941338,0.0,22.0,0.04666666666666667,9262.780946577994,3217.5441728674164,941.0,haco_safemarl_pilot_no_acoustic,acoustic_degradation,21181025,3
0.0,0.3333333333333333,300.0,0.8377777777777777,0.4937901929653262,0.4833425462420615,1.0,0.68228666342085,0.0,93.0,0.0,9005.96368338918,2901.357214917149,0.0,haco_safemarl_pilot_no_shield,acoustic_degradation,21181025,3
0.0,0.0,300.0,0.7544444444444444,0.7149808737022759,0.6862110909524305,1.0,0.6521263093839192,0.0,19.0,0.05333333333333334,8987.220340678,3459.337708502077,938.0,haco_safemarl_pilot,acoustic_degradation,21181025,3
0.0,0.0,300.0,0.821111111111111,0.6582965378967228,0.6193330232242595,1.0,0.7344099712113076,0.0,17.0,0.0033333333333333335,536.4873164983574,211.99722761781018,906.0,haco_safemarl_mappo,acoustic_degradation,21181025,3
0.0,0.6666666666666666,300.0,1.0,0.4160532016994845,0.35855398284850915,1.0,0.0,0.0,36.0,0.0,5560.499999999976,2756.73582071954,0.0,fixed_auv_ga_pso_tlbo_proxy,acoustic_degradation,21191032,3
0.0,1.0,252.0,0.9087301587301587,0.35213005557797206,0.2133099261605046,1.0,0.3333333318512917,0.0,33.0,0.0,6195.420000000008,2672.000000000006,0.0,independent_greedy,acoustic_degradation,21191032,3
0.0,0.0,300.0,0.9822222222222223,0.647953824827248,0.6149228049709012,1.0,0.3333332942708379,0.0,0.0,0.0,7825.633478625392,3000.1006826468424,0.0,communication_aware,acoustic_degradation,21191032,3
0.0,0.6666666666666666,300.0,0.8777777777777779,0.5206285303559313,0.42115570905446553,1.0,0.333333332506887,0.0,0.0,0.0,9020.457997313793,3025.2530100456224,900.0,haco_safemarl_pilot_no_acoustic,acoustic_degradation,21191032,3
0.0,0.3333333333333333,300.0,0.9444444444444445,0.443928161432228,0.39680795664077284,1.0,0.3333333293333334,0.0,0.0,0.0,9019.45324245146,3022.2904775224915,0.0,haco_safemarl_pilot_no_shield,acoustic_degradation,21191032,3
0.0,0.0,300.0,0.8666666666666667,0.6738164121922771,0.6348002644697284,1.0,0.33333333263888887,0.0,0.0,0.0,8828.43006585677,3178.753472976857,900.0,haco_safemarl_pilot,acoustic_degradation,21191032,3
0.0,0.0,300.0,0.7155555555555556,0.6304066430109762,0.5330063500957236,1.0,0.33333333318074543,0.0,0.0,0.0,525.5359049745116,307.8840141150705,900.0,haco_safemarl_mappo,acoustic_degradation,21191032,3
0.0,1.0,272.0,0.696078431372549,0.6721932323381715,0.6121727470352223,1.0,0.5503713642888708,0.0,79.0,0.10661764705882353,5041.51999999998,2525.042200091594,0.0,fixed_auv_ga_pso_tlbo_proxy,acoustic_degradation,21201039,3
0.0,1.0,208.0,0.7804487179487178,0.541717364722732,0.40442281710078365,1.0,0.4563668631374947,0.0,60.0,0.0673076923076923,5113.680000000007,2075.1999999999966,0.0,independent_greedy,acoustic_degradation,21201039,3
0.0,0.6666666666666666,300.0,0.8588888888888888,0.738096556572454,0.7135732643168663,1.0,0.6633353872218719,0.0,36.0,0.18333333333333332,8066.439963194055,3415.7668665137053,0.0,communication_aware,acoustic_degradation,21201039,3
1.0,1.0,233.0,0.4907010014306152,0.7163445857301275,0.6037980078747213,0.75,0.8342614897554456,0.0,0.0,0.017167381974248927,7475.049883075511,2127.8847805513988,708.0,haco_safemarl_pilot_no_acoustic,acoustic_degradation,21201039,3
0.0,1.0,209.0,0.6794258373205742,0.6715096096794866,0.5184010462617861,0.9365079365079364,0.9536859985917439,0.0,58.0,0.04784688995215311,6555.4956161856135,1681.4414245109595,0.0,haco_safemarl_pilot_no_shield,acoustic_degradation,21201039,3
1.0,1.0,268.0,0.5485074626865671,0.7317599927147794,0.6482108352496128,0.7407407407407407,0.8582230989166063,0.0,0.0,0.08582089552238806,8479.90665700774,2577.358202886739,840.0,haco_safemarl_pilot,acoustic_degradation,21201039,3
0.0,0.0,300.0,0.15333333333333332,0.787816005814031,0.7804548535135258,0.8,0.991120533230233,0.0,0.0,0.0,899.0173480922942,290.4878957142357,958.0,haco_safemarl_mappo,acoustic_degradation,21201039,3
0.0,0.6666666666666666,300.0,0.9555555555555556,0.40462897785218827,0.31441683045555313,1.0,0.33333332708333346,0.0,45.0,0.0,5560.499999999976,2569.059042113283,0.0,fixed_auv_ga_pso_tlbo_proxy,acoustic_degradation,21211046,3
0.0,1.0,260.0,0.987179487179487,0.33677590755463854,0.17303150877292964,1.0,0.33333325822223914,0.0,34.0,0.0,6392.100000000009,2502.2000000000057,0.0,independent_greedy,acoustic_degradation,21211046,3
0.0,0.0,300.0,0.957777777777778,0.6206527972528606,0.5525293282292081,1.0,0.3333333264081257,0.0,23.0,0.06333333333333334,7792.8768654288215,2964.657108341611,0.0,communication_aware,acoustic_degradation,21211046,3
0.0,0.0,300.0,0.9188888888888888,0.515244813105598,0.39442125785669707,1.0,0.6635537218628024,0.0,0.0,0.0,9001.573239809934,3251.61162971565,901.0,haco_safemarl_pilot_no_acoustic,acoustic_degradation,21211046,3
0.0,0.0,300.0,0.97,0.43318114679630404,0.3420970082087214,1.0,0.3333333196159128,0.0,0.0,0.0,8963.774149037374,3049.477541028901,0.0,haco_safemarl_pilot_no_shield,acoustic_degradation,21211046,3
0.0,0.0,300.0,0.9233333333333333,0.6504475959152476,0.597965815076601,1.0,0.6654087966615244,0.0,0.0,0.0,8827.364959222232,3206.567805621376,900.0,haco_safemarl_pilot,acoustic_degradation,21211046,3
0.0,0.0,300.0,0.9588888888888888,0.5150016198312324,0.49174733202283266,1.0,0.3333333260287316,0.0,0.0,0.0,575.9129750367872,88.00024826079927,900.0,haco_safemarl_mappo,acoustic_degradation,21211046,3
0.0,0.6666666666666666,300.0,1.0,0.3761172271667663,0.24835577913834475,1.0,0.0,0.0,99.0,0.0,5560.499999999976,2734.1672983346175,0.0,fixed_auv_ga_pso_tlbo_proxy,acoustic_degradation,21221053,3
0.0,1.0,253.0,1.0,0.32520371227746175,0.11048467262941154,1.0,0.0,0.0,77.0,0.0,6220.005000000008,2686.600000000011,0.0,independent_greedy,acoustic_degradation,21221053,3
0.0,0.0,300.0,1.0,0.637598774972267,0.5056200255896031,1.0,0.0,0.0,279.0,0.0,7739.8251668239245,2999.8233985022775,0.0,communication_aware,acoustic_degradation,21221053,3
0.0,0.0,300.0,0.7444444444444445,0.5626824038285372,0.3628898378051856,1.0,0.33333333314429736,0.0,0.0,0.0,8089.363398936464,3179.2846807740066,957.0,haco_safemarl_pilot_no_acoustic,acoustic_degradation,21221053,3
0.0,0.3333333333333333,300.0,0.9277777777777777,0.4789491802664471,0.3035735217038089,1.0,0.33333333096646944,0.0,191.0,0.0,8925.186600416713,2893.4634149341523,0.0,haco_safemarl_pilot_no_shield,acoustic_degradation,21221053,3
0.0,0.0,300.0,0.7433333333333333,0.6765341928618684,0.5631432241599241,1.0,0.33333333314593055,0.0,0.0,0.0,8021.57289815425,3138.828998397939,960.0,haco_safemarl_pilot,acoustic_degradation,21221053,3
0.0,0.0,300.0,0.8355555555555555,0.5283290932923329,0.3651722135692947,1.0,0.33333333287679573,0.0,0.0,0.0,1020.7259703444586,740.8127278691323,930.0,haco_safemarl_mappo,acoustic_degradation,21221053,3
1.0,1.0,283.0,1.0,0.7068159192450092,0.6980289776427279,1.0,0.0,0.0,0.0,0.0,5245.404999999979,2106.015825106191,0.0,fixed_auv_ga_pso_tlbo_proxy,acoustic_degradation,21231060,3
1.0,1.0,216.0,0.8287037037037037,0.4920227160177587,0.3432898829300588,1.0,0.33333333291258826,0.0,0.0,0.032407407407407406,5310.360000000007,1684.9999999999982,0.0,independent_greedy,acoustic_degradation,21231060,3
0.0,0.6666666666666666,300.0,0.93,0.7371364257457191,0.7141956220667237,1.0,0.33333333081380706,0.0,0.0,0.0,8097.518903818383,2798.9908064847946,0.0,communication_aware,acoustic_degradation,21231060,3
1.0,1.0,198.0,0.6784511784511786,0.7196376250091283,0.6471727303518425,0.7833333333333333,0.33333333321392866,0.0,0.0,0.0,6519.622348038931,1665.8328267848167,594.0,haco_safemarl_pilot_no_acoustic,acoustic_degradation,21231060,3
1.0,1.0,213.0,0.7981220657276995,0.6902910983270738,0.6334484327934187,1.0,0.3333333330304068,0.0,0.0,0.0,6767.213047791388,1651.8965685596488,0.0,haco_safemarl_pilot_no_shield,acoustic_degradation,21231060,3
1.0,1.0,199.0,0.6783919597989952,0.729659385939114,0.6658457321004391,0.7833333333333333,0.3333333332139726,0.0,0.0,0.0,6554.893165389589,1662.965843917494,597.0,haco_safemarl_pilot,acoustic_degradation,21231060,3
0.0,0.0,300.0,0.4577777777777778,0.769072900233131,0.7319855643253173,0.9222222222222222,0.6546914087727224,0.0,0.0,0.0,1256.5612729126344,380.1306832118177,900.0,haco_safemarl_mappo,acoustic_degradation,21231060,3
0.0,0.6666666666666666,300.0,0.918888888888889,0.4904063009507497,0.38171296154039736,1.0,0.33333333145680866,0.0,60.0,0.0,5560.499999999976,2590.0500174056633,0.0,fixed_auv_ga_pso_tlbo_proxy,acoustic_degradation,21241067,3
0.0,1.0,274.0,0.8856447688564476,0.4081099533492765,0.19090259367592619,1.0,0.47367856569304745,0.0,46.0,0.0,6736.290000000009,2720.200000000012,0.0,independent_greedy,acoustic_degradation,21241067,3
0.0,0.0,300.0,0.9266666666666666,0.6722672915310957,0.6310957492254939,1.0,0.3333333310376492,0.0,155.0,0.0,7840.094152222356,2937.8335880114946,0.0,communication_aware,acoustic_degradation,21241067,3
0.0,0.3333333333333333,300.0,0.5433333333333333,0.7319624206659427,0.6334901942673279,1.0,0.6405437686227597,0.0,63.0,0.0,7804.451619428716,2813.681526689023,982.0,haco_safemarl_pilot_no_acoustic,acoustic_degradation,21241067,3
0.0,0.3333333333333333,300.0,0.8855555555555554,0.5032394970777068,0.4097382697197582,1.0,0.6661015847335253,0.0,46.0,0.0,9048.229111111921,3047.1836296293905,0.0,haco_safemarl_pilot_no_shield,acoustic_degradation,21241067,3
0.0,0.0,300.0,0.7955555555555555,0.6957112794787708,0.6369510448742194,1.0,0.5471411479161785,0.0,35.0,0.0,6013.957599455234,2127.700870642204,1077.0,haco_safemarl_pilot,acoustic_degradation,21241067,3
0.0,0.0,300.0,0.7944444444444445,0.5805423520967794,0.3595702012004654,1.0,0.522910268031628,0.0,33.0,0.0,1620.296625920141,906.8476200098387,1113.0,haco_safemarl_mappo,acoustic_degradation,21241067,3
0.0,0.3333333333333333,300.0,0.9866666666666667,0.550181848770642,0.4313873613730626,1.0,0.33333326388890333,0.0,91.0,0.0,5560.499999999976,2522.5602998267937,0.0,fixed_auv_ga_pso_tlbo_proxy,acoustic_degradation,21251074,3
0.0,0.6666666666666666,300.0,0.9822222222222221,0.3230297449495772,0.10833875403192847,1.0,0.3333332942708379,0.0,68.0,0.0,7375.50000000001,2665.600000000015,0.0,independent_greedy,acoustic_degradation,21251074,3
0.0,0.0,300.0,0.9188888888888888,0.712232857621588,0.6670775324880943,1.0,0.33333333145680866,0.0,156.0,0.0,7921.847958695735,2925.701591859792,0.0,communication_aware,acoustic_degradation,21251074,3
0.0,0.3333333333333333,300.0,0.8255555555555555,0.6000607232835131,0.36519567746404535,1.0,0.3333333329276374,0.0,1.0,0.0,8255.72639406258,2295.110856006047,980.0,haco_safemarl_pilot_no_acoustic,acoustic_degradation,21251074,3
0.0,0.0,300.0,1.0,0.5226258085741149,0.36945573591987874,1.0,0.0,0.0,73.0,0.0,9217.3872390798,2794.9666066838076,0.0,haco_safemarl_pilot_no_shield,acoustic_degradation,21251074,3
0.0,0.0,300.0,0.8522222222222222,0.6804852887376279,0.5989862363576526,1.0,0.33333333276801025,0.0,1.0,0.0,7846.074822930485,2561.970640673458,985.0,haco_safemarl_pilot,acoustic_degradation,21251074,3
0.0,0.0,300.0,0.8177777777777777,0.7499981982717653,0.7439544007796157,1.0,0.3333333329615309,0.0,12.0,0.0,1348.8671702290458,71.77263447714641,903.0,haco_safemarl_mappo,acoustic_degradation,21251074,3
0.0,0.3333333333333333,300.0,1.0,0.450585139170112,0.2815192333573042,1.0,0.0,0.0,48.0,0.0,5560.499999999976,2531.9145448904414,0.0,fixed_auv_ga_pso_tlbo_proxy,acoustic_degradation,21261081,3
0.0,1.0,290.0,0.9344827586206896,0.27623943359944036,0.06209213334987841,1.0,0.33333333045723473,0.0,37.0,0.0,7129.65000000001,2887.6000000000154,0.0,independent_greedy,acoustic_degradation,21261081,3
0.0,0.0,300.0,0.9911111111111113,0.6686336541338738,0.5563485437493735,1.0,0.3333331770834066,0.0,0.0,0.0,7823.331588945061,2926.3540192095334,0.0,communication_aware,acoustic_degradation,21261081,3
0.0,0.3333333333333333,300.0,0.768888888888889,0.5467951368149507,0.3269864556190477,1.0,0.33333333310219426,0.0,0.0,0.0,9124.241411223378,3053.3666725524204,900.0,haco_safemarl_pilot_no_acoustic,acoustic_degradation,21261081,3
0.0,0.3333333333333333,300.0,0.8911111111111111,0.5067462793556654,0.3736025193717075,1.0,0.3333333322921005,0.0,49.0,0.0,9006.375350208044,2946.284749244752,0.0,haco_safemarl_pilot_no_shield,acoustic_degradation,21261081,3
0.0,0.3333333333333333,300.0,0.7577777777777778,0.6801142136189595,0.5718323326162378,1.0,0.3333333331229133,0.0,0.0,0.0,8954.683224426526,2952.47683178826,900.0,haco_safemarl_pilot,acoustic_degradation,21261081,3
0.0,0.0,300.0,0.67,0.6381971093935984,0.48570429877130816,1.0,0.5525114152136471,0.0,0.0,0.0,677.6223979569987,32.064949502937274,900.0,haco_safemarl_mappo,acoustic_degradation,21261081,3
1.0,1.0,245.0,0.889795918367347,0.5535512879703838,0.2629091557676628,1.0,0.3333333323168047,0.0,0.0,0.19591836734693877,4541.074999999984,2453.9079960568943,0.0,fixed_auv_ga_pso_tlbo_proxy,acoustic_degradation,21271088,3
1.0,1.0,187.0,0.9910873440285204,0.4816171894676881,0.40113814916077095,1.0,0.33333317791562805,0.0,0.0,0.0,4597.395000000006,1974.5999999999965,0.0,independent_greedy,acoustic_degradation,21271088,3
0.0,0.6666666666666666,300.0,0.8455555555555556,0.6693502951646484,0.5259018323535787,1.0,0.3333333328157618,0.12,0.0,0.24666666666666667,8033.641213814762,3598.8067232375947,0.0,communication_aware,acoustic_degradation,21271088,3
1.0,1.0,240.0,0.8902777777777778,0.6324043303370767,0.571291375156163,1.0,0.3333333323078566,0.0,0.0,0.0,7707.203901401049,2121.6465403521433,720.0,haco_safemarl_pilot_no_acoustic,acoustic_degradation,21271088,3
1.0,1.0,223.0,0.9207772795216742,0.5200465186079314,0.37793542133877056,1.0,0.333333331366283,0.0,0.0,0.0,6898.434184527748,1785.013789998245,0.0,haco_safemarl_pilot_no_shield,acoustic_degradation,21271088,3
1.0,1.0,238.0,0.8837535014005603,0.6508674721340431,0.6051676150816218,1.0,0.3333333324197351,0.0,0.0,0.0,7715.962250788288,2195.244023580136,714.0,haco_safemarl_pilot,acoustic_degradation,21271088,3
0.0,0.0,300.0,0.7022222222222223,0.6963188379998815,0.5768897300767221,1.0,0.3333333331941041,0.0,0.0,0.0,677.5992127996215,383.76094492289934,900.0,haco_safemarl_mappo,acoustic_degradation,21271088,3
0.0,0.3333333333333333,300.0,1.0,0.2762153752005977,0.12275290796321388,1.0,0.0,0.0,117.0,0.0,5560.499999999976,2427.206145262199,0.0,fixed_auv_ga_pso_tlbo_proxy,acoustic_degradation,21281095,3
0.0,1.0,237.0,1.0,0.2758200272929447,0.04917287726585461,1.0,0.0,0.0,90.0,0.0,5826.645000000008,2017.400000000003,0.0,independent_greedy,acoustic_degradation,21281095,3
0.0,0.0,300.0,1.0,0.5104950745343044,0.3842494126785541,1.0,0.0,0.0,27.0,0.0,7668.934037857665,2923.503240184224,0.0,communication_aware,acoustic_degradation,21281095,3
0.0,0.0,300.0,0.9111111111111112,0.4146794778525557,0.15112369767520892,1.0,0.33333333177083335,0.0,15.0,0.0,8876.29687712331,3364.5399954987115,900.0,haco_safemarl_pilot_no_acoustic,acoustic_degradation,21281095,3
0.0,0.0,300.0,1.0,0.3526857947333653,0.17175471047225171,1.0,0.0,0.0,268.0,0.0,8774.531780292558,2992.180415824734,0.0,haco_safemarl_pilot_no_shield,acoustic_degradation,21281095,3
0.0,0.0,300.0,0.9077777777777779,0.6269859347252497,0.5006150502843698,1.0,0.33333333188174386,0.0,15.0,0.0,8636.267989124004,3052.905643875803,900.0,haco_safemarl_pilot,acoustic_degradation,21281095,3
0.0,0.0,300.0,0.9455555555555556,0.34188256930873284,0.14075433588111938,1.0,0.3333333291684021,0.0,15.0,0.0,583.4428345891137,112.05112552609367,900.0,haco_safemarl_mappo,acoustic_degradation,21281095,3
1.0,1.0,202.0,1.0,0.5323548453705625,0.3913543543293445,1.0,0.0,0.0,0.0,0.0,3744.06999999999,1935.4479363924931,0.0,fixed_auv_ga_pso_tlbo_proxy,acoustic_degradation,21291102,3
1.0,1.0,155.0,0.9032258064516129,0.3962704548096616,0.12844235195305193,1.0,0.3333333320150892,0.0,0.0,0.0,3810.6750000000047,1497.6000000000026,0.0,independent_greedy,acoustic_degradation,21291102,3
0.0,0.3333333333333333,300.0,1.0,0.6354079542706061,0.537581545227717,1.0,0.0,0.0,56.0,0.0,7744.384470315768,3147.179496155147,0.0,communication_aware,acoustic_degradation,21291102,3
1.0,1.0,182.0,0.7051282051282051,0.6273812431566872,0.4787570133220665,1.0,0.33333333319134634,0.0,0.0,0.14285714285714285,5292.2388933625825,1584.135266597936,596.0,haco_safemarl_pilot_no_acoustic,acoustic_degradation,21291102,3
1.0,1.0,156.0,0.8376068376068377,0.5687874295992721,0.45906432490304344,1.0,0.3333333328651893,0.0,0.0,0.019230769230769232,4908.031645290337,1259.1781545566002,0.0,haco_safemarl_pilot_no_shield,acoustic_degradation,21291102,3
1.0,1.0,183.0,0.7176684881602914,0.6576028412482533,0.5383002633930402,1.0,0.33333333317845304,0.0,0.0,0.12021857923497267,5483.435564416567,1476.0221840712277,588.0,haco_safemarl_pilot,acoustic_degradation,21291102,3
0.0,0.0,300.0,0.7133333333333334,0.6991476756496662,0.6488954670434899,1.0,0.33333333318310193,0.0,0.0,0.0,661.974190906019,380.94836157993643,909.0,haco_safemarl_mappo,acoustic_degradation,21291102,3
0.0,0.6666666666666666,300.0,0.967777777777778,0.4064671440438286,0.29883049633822845,1.0,0.33333332144272737,0.0,0.0,0.02666666666666667,5560.499999999976,2494.723472261278,0.0,fixed_auv_ga_pso_tlbo_proxy,acoustic_degradation,21301109,3
0.0,1.0,263.0,0.9112801013941698,0.2861578070711176,0.09165990398561578,1.0,0.3333333317648753,0.022813688212927757,0.0,0.19391634980988592,6465.855000000009,2338.600000000009,0.0,independent_greedy,acoustic_degradation,21301109,3
0.0,0.0,300.0,0.941111111111111,0.6797699004075551,0.6498617335091045,1.0,0.3333333297733476,0.0,0.0,0.02666666666666667,7793.348309244743,2880.0005820578335,0.0,communication_aware,acoustic_degradation,21301109,3
0.0,0.0,300.0,0.9,0.5650202476504366,0.36995952558856726,1.0,0.33333333209876537,0.0,0.0,0.09,8519.740257102481,2775.4784776247097,934.0,haco_safemarl_pilot_no_acoustic,acoustic_degradation,21301109,3
0.0,0.0,300.0,1.0,0.4457195621102844,0.3258365842510396,1.0,0.0,0.03666666666666667,0.0,0.05333333333333334,8998.18485278188,2893.181008152508,0.0,haco_safemarl_pilot_no_shield,acoustic_degradation,21301109,3
0.0,0.0,300.0,0.8811111111111113,0.6906079904923141,0.6228019898331123,1.0,0.3333333324598946,0.0,0.0,0.06666666666666667,8408.615386441821,2845.687988250959,932.0,haco_safemarl_pilot,acoustic_degradation,21301109,3
0.0,0.0,300.0,1.0,0.5858976832614308,0.4403972201887797,1.0,0.0,0.0,0.0,0.0,763.8551217143017,29.895039264740223,918.0,haco_safemarl_mappo,acoustic_degradation,21301109,3
0.0,0.6666666666666666,300.0,1.0,0.24912201511022425,0.17742414533219572,1.0,0.0,0.0,129.0,0.0,5560.499999999976,2614.2979733571124,0.0,fixed_auv_ga_pso_tlbo_proxy,acoustic_degradation,21311116,3
0.0,1.0,248.0,0.9368279569892474,0.22139795112634142,0.07807126490505965,1.0,0.3333333302397264,0.0,98.0,0.0,6097.080000000008,2317.6000000000067,0.0,independent_greedy,acoustic_degradation,21311116,3
0.0,0.0,300.0,1.0,0.6181289764806818,0.5402170964884979,1.0,0.0,0.0,191.0,0.0,7671.762228082681,2972.8713788921546,0.0,communication_aware,acoustic_degradation,21311116,3
0.0,0.0,300.0,0.9377777777777779,0.459976813612711,0.23646926058024964,1.0,0.3333333301445579,0.0,0.0,0.0,8936.08670483297,3227.368610490056,900.0,haco_safemarl_pilot_no_acoustic,acoustic_degradation,21311116,3
0.0,0.0,300.0,1.0,0.35324256384403757,0.22604883848667176,1.0,0.0,0.0,46.0,0.0,8804.601889075017,3028.8159503440565,0.0,haco_safemarl_pilot_no_shield,acoustic_degradation,21311116,3
0.0,0.0,300.0,0.9333333333333333,0.6486780048238064,0.5452322143564089,1.0,0.3333333305555556,0.0,0.0,0.0,8720.046005244902,3048.015076788779,900.0,haco_safemarl_pilot,acoustic_degradation,21311116,3
0.0,0.0,300.0,1.0,0.35161804542374825,0.26240154390287523,1.0,0.0,0.0,0.0,0.0,666.8791585607889,58.125898918122985,900.0,haco_safemarl_mappo,acoustic_degradation,21311116,3
1.0,1.0,248.0,1.0,0.48209222211801506,0.327422496560289,1.0,0.0,0.0,0.0,0.0,4596.679999999984,2304.4576629104213,0.0,fixed_auv_ga_pso_tlbo_proxy,acoustic_degradation,21321123,3
1.0,1.0,189.0,1.0,0.43973696222484665,0.2884688905298302,1.0,0.0,0.0,0.0,0.0,4646.565000000006,1997.6000000000001,0.0,independent_greedy,acoustic_degradation,21321123,3
0.0,0.3333333333333333,300.0,1.0,0.6617416493502318,0.5826462736099102,1.0,0.0,0.0,0.0,0.0,7753.802614634761,3125.927164047171,0.0,communication_aware,acoustic_degradation,21321123,3
0.0,0.6666666666666666,300.0,1.0,0.5257522291684386,0.4118387226712196,1.0,0.0,0.0,0.0,0.0,9267.338599271297,3403.89058518574,900.0,haco_safemarl_pilot_no_acoustic,acoustic_degradation,21321123,3
0.0,0.3333333333333333,300.0,1.0,0.48639245066223136,0.3529808795008302,1.0,0.0,0.0,0.0,0.0,8880.433780350178,3337.237499425533,0.0,haco_safemarl_pilot_no_shield,acoustic_degradation,21321123,3
0.0,0.3333333333333333,300.0,1.0,0.6643455453939963,0.6031421536312128,1.0,0.0,0.0,0.0,0.0,9139.773568046789,3834.644715417624,900.0,haco_safemarl_pilot,acoustic_degradation,21321123,3
0.0,0.0,300.0,1.0,0.684677151542003,0.6266475325787653,1.0,0.0,0.0,0.0,0.0,474.22574910652975,319.0557880341025,900.0,haco_safemarl_mappo,acoustic_degradation,21321123,3
0.0,0.6666666666666666,300.0,0.8688888888888889,0.601106401009068,0.5103650390927694,1.0,0.591704910196607,0.0,0.0,0.03666666666666667,5560.499999999976,3275.669008079752,0.0,fixed_auv_ga_pso_tlbo_proxy,acoustic_degradation,21331130,3
1.0,1.0,263.0,0.9645120405576679,0.4733538258400753,0.1474026598173487,1.0,0.5912518545276776,0.0,0.0,0.07604562737642585,6465.855000000009,3308.2000000000103,0.0,independent_greedy,acoustic_degradation,21331130,3
0.0,0.6666666666666666,300.0,0.9166666666666666,0.7038602128143475,0.653998597515713,1.0,0.33333333155555556,0.0,0.0,0.0,8004.733479767566,3488.8807278838435,0.0,communication_aware,acoustic_degradation,21331130,3
0.0,0.6666666666666666,300.0,0.5166666666666667,0.650343347183964,0.39134129905441295,0.7555555555555554,0.6464125765355322,0.016666666666666666,0.0,0.04666666666666667,9269.962448395563,2773.488919535579,934.0,haco_safemarl_pilot_no_acoustic,acoustic_degradation,21331130,3
0.0,1.0,264.0,0.6742424242424242,0.5696091578270328,0.32491071242546443,1.0,0.48818481823231,0.022727272727272728,0.0,0.07575757575757576,8175.936275842651,2097.6484714314392,0.0,haco_safemarl_pilot_no_shield,acoustic_degradation,21331130,3
0.0,0.3333333333333333,300.0,0.561111111111111,0.7191282602108802,0.6231595262241055,0.7666666666666667,0.5446069857377207,0.0,0.0,0.0,9094.44195403482,3618.127779261567,900.0,haco_safemarl_pilot,acoustic_degradation,21331130,3
0.0,0.0,300.0,0.37666666666666665,0.7655291531809717,0.7253357589509056,0.9111111111111111,0.8938220481829559,0.0,0.0,0.07666666666666666,438.7827753129181,17.66102453994294,900.0,haco_safemarl_mappo,acoustic_degradation,21331130,3
0.0,1.0,248.0,0.8266129032258064,0.5810169822086927,0.30598243687636895,1.0,0.33333333292267425,0.0,26.0,0.07661290322580645,4596.679999999984,2767.631529273152,0.0,fixed_auv_ga_pso_tlbo_proxy,acoustic_degradation,21341137,3
0.0,1.0,189.0,0.8465608465608465,0.5133831406581536,0.14411697511024413,1.0,0.5828135812105425,0.0,20.0,0.1164021164021164,4646.565000000006,2219.5999999999976,0.0,independent_greedy,acoustic_degradation,21341137,3
0.0,0.6666666666666666,300.0,0.9033333333333333,0.6207889235175631,0.43399072235612607,1.0,0.3333333320121548,0.0,27.0,0.11,7838.770614124069,3216.1565562595733,0.0,communication_aware,acoustic_degradation,21341137,3
0.0,1.0,190.0,0.5526315789473685,0.6683117714099287,0.4377843340535503,0.7368421052631579,0.6654284220671316,0.0,15.0,0.03684210526315789,6122.1973001592505,1513.279496182925,575.0,haco_safemarl_pilot_no_acoustic,acoustic_degradation,21341137,3
0.0,1.0,186.0,0.7455197132616489,0.6129945487008028,0.3120777169853047,1.0,0.5769384829768307,0.0,20.0,0.053763440860215055,5770.974678188393,1577.5535922215797,0.0,haco_safemarl_pilot_no_shield,acoustic_degradation,21341137,3
0.0,1.0,191.0,0.5445026178010469,0.6895258923243865,0.5049243487209418,0.75,0.6650168397104459,0.0,15.0,0.04712041884816754,6202.243092098391,1547.543151774741,576.0,haco_safemarl_pilot,acoustic_degradation,21341137,3
0.0,0.3333333333333333,300.0,0.39444444444444443,0.7234468693243093,0.5757519804225697,0.9444444444444444,0.6666644220595733,0.0,14.0,0.26,729.8635785745875,159.9891610095018,954.0,haco_safemarl_mappo,acoustic_degradation,21341137,3
1.0,1.0,212.0,1.0,0.42784371976591246,0.3378673008399972,1.0,0.0,0.0,0.0,0.0,3929.419999999989,1824.1463164463046,0.0,fixed_auv_ga_pso_tlbo_proxy,acoustic_degradation,21351144,3
1.0,1.0,162.0,1.0,0.38680827055642275,0.27355765283598826,1.0,0.0,0.0,0.0,0.0,3982.770000000005,1468.8000000000004,0.0,independent_greedy,acoustic_degradation,21351144,3
0.0,0.3333333333333333,300.0,1.0,0.6158856308095018,0.5364791781049355,1.0,0.0,0.0,0.0,0.0,7707.044695699642,2985.9117432756093,0.0,communication_aware,acoustic_degradation,21351144,3
1.0,1.0,295.0,1.0,0.48160795487190455,0.36309497808043373,1.0,0.0,0.0,0.0,0.0,8965.195361536606,2641.0051867320135,885.0,haco_safemarl_pilot_no_acoustic,acoustic_degradation,21351144,3
0.0,0.3333333333333333,300.0,1.0,0.4260061646720224,0.33631850219567594,1.0,0.0,0.0,0.0,0.0,8888.55812874476,2985.6930685351776,0.0,haco_safemarl_pilot_no_shield,acoustic_degradation,21351144,3
0.0,0.0,300.0,1.0,0.6365358702916872,0.5659031215645369,1.0,0.0,0.0,0.0,0.0,8736.692773694513,3109.530025696584,900.0,haco_safemarl_pilot,acoustic_degradation,21351144,3
0.0,0.0,300.0,1.0,0.6385060342688829,0.5258524937476039,1.0,0.0,0.0,0.0,0.0,278.4500735293534,25.685182122815334,900.0,haco_safemarl_mappo,acoustic_degradation,21351144,3
0.0,0.3333333333333333,300.0,0.951111111111111,0.3260947687322727,0.195666507424626,1.0,0.6453333139733339,0.0,0.0,0.0,5560.499999999976,2638.193288212809,0.0,fixed_auv_ga_pso_tlbo_proxy,emergency,21161151,3
1.0,1.0,291.0,0.8281786941580757,0.308106956099877,0.056326046159819086,1.0,0.7021157068134598,0.0,0.0,0.0,7154.23500000001,3045.000000000017,0.0,independent_greedy,emergency,21161151,3
0.0,0.0,300.0,0.971111111111111,0.5818560504536817,0.49839541737621856,1.0,0.3333333185404346,0.0,0.0,0.0,7703.282901312432,3015.6995726857735,0.0,communication_aware,emergency,21161151,3
0.0,0.3333333333333333,300.0,0.7777777777777777,0.482247422879505,0.2345218867115423,1.0,0.6961122121984947,0.0,0.0,0.0,8883.701445584626,2923.801181715097,882.0,haco_safemarl_pilot_no_acoustic,emergency,21161151,3
0.0,0.3333333333333333,300.0,0.95,0.3788807638260992,0.24491236385917403,1.0,0.397760747240529,0.0,0.0,0.0,8861.190362142157,2936.6648839016907,0.0,haco_safemarl_pilot_no_shield,emergency,21161151,3
0.0,0.0,300.0,0.8022222222222222,0.665073708097571,0.5578850332904177,1.0,0.7035260666285341,0.0,0.0,0.0,8684.44454688259,3105.680087632619,892.0,haco_safemarl_pilot,emergency,21161151,3
0.0,0.0,300.0,0.8744444444444444,0.3812261057436044,0.2682439460379751,1.0,0.8121223638560698,0.0,0.0,0.0,493.79985650735597,22.49085411900233,900.0,haco_safemarl_mappo,emergency,21161151,3
0.0,0.6666666666666666,300.0,0.7755555555555556,0.35669290144349003,0.21300429735566753,1.0,0.7117390534788677,0.0,28.0,0.043333333333333335,5560.499999999976,2621.133561042853,0.0,fixed_auv_ga_pso_tlbo_proxy,emergency,21171158,3
0.0,1.0,249.0,0.7817938420348058,0.33790979094129087,0.19894076215097017,1.0,0.8038788523844574,0.0,21.0,0.028112449799196786,6121.665000000008,2648.800000000012,0.0,independent_greedy,emergency,21171158,3
0.0,0.0,300.0,0.7922222222222222,0.5950181969834499,0.5329225483164448,1.0,0.7086347688050514,0.0,7.0,0.043333333333333335,7815.320638866755,2918.5775482502304,0.0,communication_aware,emergency,21171158,3
0.0,0.3333333333333333,300.0,0.7544444444444444,0.47132176319156305,0.37834712917546454,1.0,0.772275191412413,0.0,2.0,0.04,8961.368655235116,2969.560231171128,802.0,haco_safemarl_pilot_no_acoustic,emergency,21171158,3
0.0,0.0,300.0,0.8522222222222222,0.39783863195570673,0.3172159983796814,1.0,0.7888071317283104,0.0,6.0,0.03333333333333333,8869.963271471504,3124.578812340178,0.0,haco_safemarl_pilot_no_shield,emergency,21171158,3
0.0,0.0,300.0,0.7266666666666667,0.6707697584707106,0.6335399163152268,1.0,0.8431700373977972,0.0,2.0,0.03666666666666667,8790.979213518829,3289.431880637831,820.0,haco_safemarl_pilot,emergency,21171158,3
0.0,0.0,300.0,0.71,0.5300484948251083,0.4644380667079852,1.0,0.7717956553769801,0.0,2.0,0.07,515.6264613281672,158.48279015131124,822.0,haco_safemarl_mappo,emergency,21171158,3
1.0,1.0,295.0,0.8700564971751411,0.4230815889628004,0.178252127018275,1.0,0.40306604385490163,0.0,0.0,0.0,5467.824999999977,3375.1924675229957,0.0,fixed_auv_ga_pso_tlbo_proxy,emergency,21181165,3
1.0,1.0,226.0,0.9970501474926253,0.36632222633152023,0.08165758773228157,1.0,0.33333191456159433,0.0,0.0,0.0,5556.210000000007,2898.2000000000103,0.0,independent_greedy,emergency,21181165,3
0.0,0.6666666666666666,300.0,0.9877777777777778,0.59014625538619,0.4485819563815222,1.0,0.3993398153776127,0.0,0.0,0.0,7794.230212308712,3421.075573501614,0.0,communication_aware,emergency,21181165,3
0.0,0.6666666666666666,300.0,0.7066666666666667,0.5834990652479795,0.26379507774804073,1.0,0.6268076834986988,0.0,0.0,0.0,9409.660193570815,2614.6905852015975,826.0,haco_safemarl_pilot_no_acoustic,emergency,21181165,3
1.0,1.0,251.0,0.8207171314741035,0.46229388085103307,0.20599322708503595,1.0,0.5863333643168424,0.0,0.0,0.0,7687.204521025285,1922.1125105669094,0.0,haco_safemarl_pilot_no_shield,emergency,21181165,3
0.0,0.3333333333333333,300.0,0.6866666666666666,0.664248284803271,0.5733249780219192,0.8666666666666667,0.3380949950239421,0.0,0.0,0.0,8696.63379497056,3280.4578380722746,672.0,haco_safemarl_pilot,emergency,21181165,3
0.0,0.0,300.0,0.6877777777777778,0.587579589306888,0.40654051757520426,0.8777777777777778,0.39505190726426676,0.0,0.0,0.0,370.28438165916157,77.01388940485863,858.0,haco_safemarl_mappo,emergency,21181165,3
0.0,0.0,300.0,0.5388888888888889,0.5492109558550835,0.464283161940151,1.0,0.9574278832009221,0.0,77.0,0.09666666666666666,5560.499999999976,2368.9035453851507,0.0,fixed_auv_ga_pso_tlbo_proxy,emergency,21191172,3
0.0,1.0,235.0,0.673758865248227,0.5093227104748199,0.35899385510276893,1.0,0.7543994746062334,0.0,65.0,0.10212765957446808,5777.475000000008,1926.6000000000001,0.0,independent_greedy,emergency,21191172,3
0.0,0.0,300.0,0.6022222222222222,0.6603541337650968,0.5949869679130458,1.0,0.9611963574786808,0.0,19.0,0.08666666666666667,7977.7638965143915,2943.660496859205,0.0,communication_aware,emergency,21191172,3
0.0,0.0,300.0,0.5722222222222222,0.5895198887451831,0.5041518660423145,1.0,0.9326022255111506,0.023333333333333334,0.0,0.09666666666666666,8730.777021186412,3009.6800542065757,698.0,haco_safemarl_pilot_no_acoustic,emergency,21191172,3
0.0,0.0,300.0,0.6622222222222222,0.5061723665325758,0.44641355580874187,1.0,0.9559748418772991,0.03666666666666667,17.0,0.08666666666666667,9081.558127557892,3112.6120061931424,0.0,haco_safemarl_pilot_no_shield,emergency,21191172,3
0.0,0.0,300.0,0.5622222222222222,0.7103946317465892,0.6697464192810177,1.0,0.9495601957068031,0.03666666666666667,0.0,0.08666666666666667,8527.344803928467,3014.0051864117036,701.0,haco_safemarl_pilot,emergency,21191172,3
0.0,0.0,300.0,0.6022222222222222,0.6314274794272794,0.5526534830189109,1.0,0.992273268536376,0.0,0.0,0.09333333333333334,855.6840184474186,324.3957073799728,721.0,haco_safemarl_mappo,emergency,21191172,3
0.0,0.6666666666666666,300.0,0.8455555555555555,0.338447342985963,0.26449403695739393,1.0,0.6568417453980705,0.0,33.0,0.10666666666666667,5560.499999999976,2642.506812026461,0.0,fixed_auv_ga_pso_tlbo_proxy,emergency,21201179,3
0.0,1.0,253.0,0.9064558629776021,0.28922908916862533,0.23991164384994568,1.0,0.4281104010698159,0.0,39.0,0.22529644268774704,6220.005000000008,2613.8000000000065,0.0,independent_greedy,emergency,21201179,3
0.0,0.0,300.0,0.8588888888888888,0.5902104527794265,0.5744194447748957,1.0,0.6336279686888031,0.0,0.0,0.11,7777.928791097068,2952.390182159808,0.0,communication_aware,emergency,21201179,3
0.0,0.0,300.0,0.8077777777777777,0.47017598037298114,0.42444221796313897,1.0,0.6648672651374419,0.0,0.0,0.14666666666666667,8917.550207665709,3152.883646882684,911.0,haco_safemarl_pilot_no_acoustic,emergency,21201179,3
0.0,0.0,300.0,0.8911111111111111,0.38357406006171435,0.36335663430889004,1.0,0.6655578614067769,0.0,0.0,0.14666666666666667,8853.028458000197,3190.1901410169435,0.0,haco_safemarl_pilot_no_shield,emergency,21201179,3
0.0,0.0,300.0,0.7933333333333333,0.657799694244691,0.6359178103764035,1.0,0.6639032803732241,0.0,0.0,0.15666666666666668,8764.446497171943,3215.6143459391246,922.0,haco_safemarl_pilot,emergency,21201179,3
0.0,0.0,300.0,0.7922222222222222,0.5180114121077091,0.45845401541925884,1.0,0.6624045754083762,0.0,0.0,0.023333333333333334,476.0144982007408,135.1046227632591,931.0,haco_safemarl_mappo,emergency,21201179,3
0.0,0.0,300.0,0.7077777777777777,0.6368089020744272,0.45964952787548585,1.0,0.6009104567569136,0.0,39.0,0.0,5560.499999999976,1878.4099488691606,0.0,fixed_auv_ga_pso_tlbo_proxy,emergency,21211186,3
0.0,0.6666666666666666,300.0,0.8388888888888889,0.29538366716220127,0.17973831302212853,1.0,0.6127772418422678,0.0,29.0,0.0,7375.50000000001,2326.2000000000035,0.0,independent_greedy,emergency,21211186,3
0.0,0.0,300.0,0.6933333333333334,0.7347177248487109,0.6716324125888924,1.0,0.7116990856732165,0.0,33.0,0.0,8134.0008786421695,3002.9062474183893,0.0,communication_aware,emergency,21211186,3
0.0,0.3333333333333333,300.0,0.4766666666666667,0.700278773211159,0.5893594062874269,0.8555555555555555,0.9462551341908498,0.0,0.0,0.0,9560.178028962198,2830.4303058253254,779.0,haco_safemarl_pilot_no_acoustic,emergency,21211186,3
0.0,0.3333333333333333,300.0,0.9122222222222223,0.584787105260567,0.5088536955562394,1.0,0.3506376745009612,0.0,36.0,0.0,9301.169310059759,2868.819844370154,0.0,haco_safemarl_pilot_no_shield,emergency,21211186,3
0.0,0.3333333333333333,300.0,0.49333333333333335,0.7543789203880957,0.7274604529956649,1.0,0.969208825837231,0.0,0.0,0.0,9465.029168771374,3036.769407122897,808.0,haco_safemarl_pilot,emergency,21211186,3
0.0,0.0,300.0,0.32666666666666666,0.7646494712887354,0.7302275726929156,0.6666666666666669,0.9835449137915288,0.0,0.0,0.0,1853.748831884886,95.31573821275958,893.0,haco_safemarl_mappo,emergency,21211186,3
0.0,1.0,291.0,0.552119129438717,0.6575939613426399,0.5476170321665946,1.0,0.6473208423634347,0.0,47.0,0.0,5393.684999999978,2159.349769657819,0.0,fixed_auv_ga_pso_tlbo_proxy,emergency,21221193,3
0.0,1.0,223.0,0.7683109118086698,0.47385516286310597,0.3028937199026102,1.0,0.6371496000295752,0.0,36.0,0.0,5482.455000000007,1715.0000000000018,0.0,independent_greedy,emergency,21221193,3
0.0,0.6666666666666666,300.0,0.6277777777777778,0.7444868963445856,0.715181954925625,1.0,0.6802875722949081,0.0,40.0,0.0,8079.306241979336,2938.9985378336464,0.0,communication_aware,emergency,21221193,3
0.0,1.0,260.0,0.5294871794871794,0.707617108837965,0.6469706455247131,0.6666666666666667,0.7476367307203305,0.0,32.0,0.0,7865.747021952001,1867.2641436432116,554.0,haco_safemarl_pilot_no_acoustic,emergency,21221193,3
0.0,1.0,233.0,0.5722460658082975,0.6737764466615691,0.5407363799492144,0.6666666666666666,0.8967090938857816,0.0,37.0,0.0,7400.44758795955,1950.4912348024282,0.0,haco_safemarl_pilot_no_shield,emergency,21221193,3
0.0,0.3333333333333333,300.0,0.56,0.7497117981843073,0.6868816355875952,0.9111111111111111,0.6164296325562763,0.0,34.0,0.0,9339.515970243516,3263.200906951026,692.0,haco_safemarl_pilot,emergency,21221193,3
0.0,0.3333333333333333,300.0,0.12666666666666668,0.8105062994004216,0.7920489160186874,0.3333333333333334,0.9813575797762114,0.0,30.0,0.0,1471.2964799426134,266.9247973714406,707.0,haco_safemarl_mappo,emergency,21221193,3
1.0,1.0,254.0,0.9133858267716536,0.469555396823787,0.37513637468814126,1.0,0.5397769473575899,0.0,0.0,0.0,4707.889999999983,2626.853269865187,0.0,fixed_auv_ga_pso_tlbo_proxy,emergency,21231200,3
1.0,1.0,194.0,0.8419243986254296,0.44255279394778596,0.12294608443303813,1.0,0.39625468094974536,0.0,0.0,0.2268041237113402,4769.490000000006,2212.999999999998,0.0,independent_greedy,emergency,21231200,3
0.0,0.3333333333333333,300.0,0.9344444444444444,0.6029401668212215,0.5476323309863727,1.0,0.44956734593038084,0.0,0.0,0.0,7760.448544561367,3002.862649009517,0.0,communication_aware,emergency,21231200,3
1.0,1.0,254.0,0.426509186351706,0.6638226293380104,0.4072890553357842,0.8717948717948717,0.7452419695998064,0.0,0.0,0.0,7943.35651760559,2384.5050333820277,709.0,haco_safemarl_pilot_no_acoustic,emergency,21231200,3
1.0,1.0,196.0,0.7091836734693877,0.6041039697423477,0.3255751974781217,1.0,0.8168105245571499,0.0,0.0,0.05612244897959184,6107.759508784169,1677.705438046796,0.0,haco_safemarl_pilot_no_shield,emergency,21231200,3
0.0,0.0,300.0,0.8122222222222222,0.6511728273538788,0.5727803459930421,1.0,0.8321242293828863,0.0,0.0,0.0,8712.18690569182,3097.4185375456937,881.0,haco_safemarl_pilot,emergency,21231200,3
0.0,0.0,300.0,0.4755555555555555,0.7800749561942719,0.7588137014733747,1.0,0.9319244698614011,0.0,0.0,0.0,314.6373376575498,78.46301687521743,851.0,haco_safemarl_mappo,emergency,21231200,3
0.0,1.0,174.0,0.9693486590038314,0.2772096789368777,0.19045587214505347,1.0,0.33333332019270884,0.0,55.0,0.0,3225.0899999999947,1599.9706535303974,0.0,fixed_auv_ga_pso_tlbo_proxy,emergency,21241207,3
0.0,1.0,133.0,0.9298245614035087,0.28941877695022017,0.10591959110474432,1.0,0.3333333308263889,0.0,42.0,0.0,3269.805000000004,1398.7999999999986,0.0,independent_greedy,emergency,21241207,3
0.0,0.3333333333333333,300.0,0.9866666666666667,0.414999496362354,0.3570678624518988,1.0,0.33333326388890333,0.0,75.0,0.0,7594.810776497987,2950.4730834525426,0.0,communication_aware,emergency,21241207,3
0.0,0.3333333333333333,300.0,0.951111111111111,0.3583887513490083,0.22639388767426505,1.0,0.3333333281680442,0.0,0.0,0.0,8971.829377452043,3401.237268129128,900.0,haco_safemarl_pilot_no_acoustic,emergency,21241207,3
0.0,0.3333333333333333,300.0,0.9877777777777778,0.26945479507129855,0.21813688354696362,1.0,0.3333332506887257,0.0,125.0,0.0,8711.68846690587,2996.1398486359494,0.0,haco_safemarl_pilot_no_shield,emergency,21241207,3
0.0,0.0,300.0,0.961111111111111,0.569820495732238,0.5125632084254597,1.0,0.33333332517006825,0.0,0.0,0.0,8481.88619601046,3154.8452415331235,900.0,haco_safemarl_pilot,emergency,21241207,3
0.0,0.3333333333333333,300.0,0.9755555555555554,0.4137967885752379,0.3710944539166686,1.0,0.33333331267217764,0.0,0.0,0.0,207.8240905971008,131.48686761734623,900.0,haco_safemarl_mappo,emergency,21241207,3
0.0,0.6666666666666666,300.0,0.7977777777777777,0.41516831155116846,0.3789388659983728,1.0,0.699704265674411,0.0,0.0,0.10666666666666667,5560.499999999976,2416.952051338901,0.0,fixed_auv_ga_pso_tlbo_proxy,emergency,21251214,3
1.0,1.0,231.0,0.7950937950937951,0.4112315689425882,0.38259185607874735,1.0,0.6665344428280134,0.0,0.0,0.15151515151515152,5679.1350000000075,2094.600000000003,0.0,independent_greedy,emergency,21251214,3
0.0,0.0,300.0,0.8055555555555555,0.630433985046324,0.6075881312569316,1.0,0.8328574127720982,0.0,0.0,0.10333333333333333,7852.324139231495,2975.0300774172624,0.0,communication_aware,emergency,21251214,3
0.0,0.0,300.0,0.721111111111111,0.5284810502719843,0.4969880523867794,1.0,0.9165248245903022,0.0,0.0,0.10333333333333333,8951.269248899232,3193.7122021483797,824.0,haco_safemarl_pilot_no_acoustic,emergency,21251214,3
0.0,0.0,300.0,0.8388888888888889,0.4328045161082111,0.4129300144265888,1.0,0.7700618954215444,0.0,0.0,0.11333333333333333,8933.233295781485,3192.372857172106,0.0,haco_safemarl_pilot_no_shield,emergency,21251214,3
0.0,0.0,300.0,0.6977777777777778,0.6885020689176532,0.6733294442631801,1.0,0.9452408319270262,0.0,0.0,0.11,8800.566934135819,3233.657237699139,827.0,haco_safemarl_pilot,emergency,21251214,3
0.0,0.0,300.0,0.6944444444444444,0.5879705248494534,0.5556653858100168,1.0,0.8719891143648573,0.0,0.0,0.16,510.87791980360197,159.48203598882327,857.0,haco_safemarl_mappo,emergency,21251214,3
0.0,1.0,166.0,0.8554216867469879,0.4110979967315315,0.1435098312542909,1.0,0.33333333274271265,0.0,41.0,0.0,3076.8099999999954,1391.8179148590475,0.0,fixed_auv_ga_pso_tlbo_proxy,emergency,21261221,3
0.0,1.0,127.0,0.6666666666666669,0.4098414586491661,0.07033161473439405,0.6666666666666666,0.3333333332222222,0.0,32.0,0.0,3122.2950000000037,1140.4,0.0,independent_greedy,emergency,21261221,3
0.0,0.3333333333333333,300.0,0.981111111111111,0.4743784039433858,0.3236519411219456,1.0,0.33333329873126083,0.0,114.0,0.0,7652.527407391512,3035.3291245686933,0.0,communication_aware,emergency,21261221,3
1.0,1.0,281.0,0.6737841043890865,0.444480587034103,0.1931550746178934,0.735632183908046,0.33333333321732084,0.0,0.0,0.0,8322.122169252534,3014.8867303380225,651.0,haco_safemarl_pilot_no_acoustic,emergency,21261221,3
0.0,0.3333333333333333,300.0,0.7477777777777778,0.4286177466137739,0.22507177349650395,1.0,0.33333333313926783,0.0,108.0,0.0,8685.757480578379,3188.5276981097745,0.0,haco_safemarl_pilot_no_shield,emergency,21261221,3
0.0,0.3333333333333333,300.0,0.678888888888889,0.647136973735803,0.52881729802453,0.7888888888888889,0.3333333332136029,0.0,0.0,0.0,8694.905304547587,3297.9706423852754,768.0,haco_safemarl_pilot,emergency,21261221,3
0.0,0.0,300.0,0.6755555555555556,0.5188223619812651,0.3424394173397283,0.7555555555555554,0.3333333332160505,0.0,0.0,0.0,285.89642241245855,160.6162377427167,866.0,haco_safemarl_mappo,emergency,21261221,3
0.0,0.6666666666666666,300.0,0.6755555555555556,0.48906642273874645,0.2358227491212278,1.0,0.6937108448260193,0.0,0.0,0.0,5560.499999999976,3017.6943712110233,0.0,fixed_auv_ga_pso_tlbo_proxy,emergency,21271228,3
1.0,1.0,257.0,0.5447470817120622,0.47949624341078234,0.16358423708794595,0.6666666666666667,0.5511091427173209,0.0,0.0,0.0,6318.345000000008,3106.2000000000157,0.0,independent_greedy,emergency,21271228,3
0.0,0.3333333333333333,300.0,0.6055555555555556,0.6301528269071197,0.5208738927168965,0.7000000000000001,0.6091430667902938,0.0,0.0,0.0,8039.994419054263,3722.083454099578,0.0,communication_aware,emergency,21271228,3
0.0,0.3333333333333333,300.0,0.4755555555555555,0.6191694102242157,0.4795331633586657,0.6666666666666669,0.7115199129250525,0.0,0.0,0.0,8865.65083992618,3413.2911781358707,614.0,haco_safemarl_pilot_no_acoustic,emergency,21271228,3
0.0,0.3333333333333333,300.0,0.6233333333333333,0.5337871594703388,0.3757938778281056,0.7777777777777778,0.5396492214384804,0.0,0.0,0.0,8813.546800679998,3227.294510011372,0.0,haco_safemarl_pilot_no_shield,emergency,21271228,3
0.0,0.3333333333333333,300.0,0.46,0.7238904789188819,0.6358467820089341,0.6666666666666669,0.7365703057152485,0.0,0.0,0.0,8744.740566865643,3323.922374573391,615.0,haco_safemarl_pilot,emergency,21271228,3
0.0,0.3333333333333333,300.0,0.5222222222222221,0.5685830343116706,0.41811967294307273,0.6666666666666669,0.625833485454787,0.0,0.0,0.0,483.65829583868737,449.33422641002755,773.0,haco_safemarl_mappo,emergency,21271228,3
0.0,0.6666666666666666,300.0,0.8533333333333334,0.3062775144479102,0.25920368269117666,1.0,0.728184550922074,0.0,137.0,0.0,5560.499999999976,2842.7896009662595,0.0,fixed_auv_ga_pso_tlbo_proxy,emergency,21281235,3
0.0,1.0,250.0,0.848,0.27658886373232844,0.21457092745274642,1.0,0.7261146471459288,0.0,106.0,0.0,6146.250000000008,2875.40000000001,0.0,independent_greedy,emergency,21281235,3
0.0,0.0,300.0,0.8644444444444443,0.5375535688531982,0.4892301798394962,1.0,0.7986692384696162,0.0,135.0,0.0,7750.426614225855,2971.8218784437418,0.0,communication_aware,emergency,21281235,3
0.0,0.0,300.0,0.7488888888888889,0.4747770062591359,0.3946873523280197,1.0,0.8895158467423123,0.0,0.0,0.0,8858.275735081226,3327.165597289009,827.0,haco_safemarl_pilot_no_acoustic,emergency,21281235,3
0.0,0.0,300.0,0.8844444444444444,0.3521277452812181,0.3164284996118668,1.0,0.8806383260659951,0.0,68.0,0.0,8792.454023061564,3197.840809210082,0.0,haco_safemarl_pilot_no_shield,emergency,21281235,3
0.0,0.0,300.0,0.7233333333333334,0.6603372103095827,0.5977628637978156,1.0,0.9294805474304287,0.0,0.0,0.0,8725.82647767867,3401.048528512128,832.0,haco_safemarl_pilot,emergency,21281235,3
0.0,0.0,300.0,0.76,0.5080738176554829,0.4941042768121296,1.0,0.9999999980709877,0.0,0.0,0.0,455.8777115248602,385.62134414500355,877.0,haco_safemarl_mappo,emergency,21281235,3
0.0,1.0,210.0,0.6428571428571429,0.5871619297652882,0.40378421949845916,0.6666666666666665,0.38071065977221774,0.047619047619047616,78.0,0.11904761904761904,3892.3499999999894,1990.7332293328848,0.0,fixed_auv_ga_pso_tlbo_proxy,emergency,21291242,3
0.0,1.0,161.0,0.6107660455486542,0.5388501069467196,0.17521080237446404,0.6666666666666666,0.6559762431885011,0.018633540372670808,60.0,0.14906832298136646,3958.185000000005,1519.999999999998,0.0,independent_greedy,emergency,21291242,3
0.0,0.6666666666666666,300.0,0.6522222222222223,0.6694954477128878,0.5506539709359588,0.6666666666666669,0.3621680768608756,0.02666666666666667,23.0,0.08666666666666667,7987.934898541341,3517.9927470464754,0.0,communication_aware,emergency,21291242,3
0.0,1.0,246.0,0.3753387533875339,0.6765605039809068,0.37172126185426413,0.6666666666666667,0.6643876513006454,0.02032520325203252,0.0,0.11788617886178862,6506.871921642117,1738.9067764773765,577.0,haco_safemarl_pilot_no_acoustic,emergency,21291242,3
0.0,1.0,173.0,0.5684007707129095,0.6428867543800285,0.3621644716910092,0.6666666666666665,0.6632825716495958,0.0,58.0,0.16184971098265896,5404.472438232877,1280.6813799199922,0.0,haco_safemarl_pilot_no_shield,emergency,21291242,3
0.0,0.3333333333333333,300.0,0.558888888888889,0.7125756049458387,0.593304582203,0.6666666666666669,0.5327958350727595,0.0,0.0,0.1,8601.947722914074,3105.656112456948,662.0,haco_safemarl_pilot,emergency,21291242,3
0.0,0.0,300.0,0.5122222222222222,0.7157479691074122,0.6165637882384809,0.6666666666666669,0.6362885996993362,0.0,0.0,0.18,561.5675688946656,145.06340348798204,727.0,haco_safemarl_mappo,emergency,21291242,3
0.0,0.6666666666666666,300.0,0.48444444444444446,0.5869866159855553,0.5386227795834205,1.0,0.9932918104295443,0.0,264.0,0.0,5560.499999999976,2543.413456325327,0.0,fixed_auv_ga_pso_tlbo_proxy,emergency,21301249,3
0.0,1.0,242.0,0.5179063360881543,0.5531639334760505,0.4417620022818078,1.0,0.9658750429198162,0.0,203.0,0.0,5949.570000000008,2352.600000000006,0.0,independent_greedy,emergency,21301249,3
0.0,0.0,300.0,0.5544444444444445,0.6972811061073981,0.6757259378534768,1.0,0.9941267745518023,0.0,228.0,0.0,8015.72715199901,3002.1544650932383,0.0,communication_aware,emergency,21301249,3
0.0,0.0,300.0,0.4244444444444444,0.7147688781802372,0.6459721553851798,1.0,0.9774368162088849,0.0,0.0,0.0,2176.1890598509917,1240.3385361696749,1051.0,haco_safemarl_pilot_no_acoustic,emergency,21301249,3
0.0,0.3333333333333333,300.0,0.6155555555555555,0.5326840186334275,0.494259511944949,1.0,0.9928181644909386,0.0,199.0,0.0,9127.977141973237,2979.6532261557068,0.0,haco_safemarl_pilot_no_shield,emergency,21301249,3
0.0,0.0,300.0,0.4266666666666667,0.7718161765728774,0.7464507794494993,1.0,0.98064173926656,0.0,0.0,0.0,2728.0675649219684,1354.6558707732231,1018.0,haco_safemarl_pilot,emergency,21301249,3
0.0,0.0,300.0,0.2866666666666667,0.7925566869248531,0.7667761460609855,1.0,0.975448361833041,0.0,15.0,0.0,1479.5967942251657,837.6347498498815,708.0,haco_safemarl_mappo,emergency,21301249,3
0.0,1.0,279.0,0.6881720430107527,0.5448213383394843,0.31022840242773364,1.0,0.8603417564383249,0.03225806451612903,26.0,0.07885304659498207,5171.264999999979,2743.4148091879297,0.0,fixed_auv_ga_pso_tlbo_proxy,emergency,21311256,3
0.0,1.0,214.0,0.9376947040498442,0.5069836910045963,0.29157306211160394,1.0,0.5747126342243033,0.0,19.0,0.102803738317757,5261.190000000007,2352.200000000009,0.0,independent_greedy,emergency,21311256,3
0.0,0.3333333333333333,300.0,0.68,0.6547273097018015,0.5284106322205988,1.0,0.7877820827549161,0.03333333333333333,23.0,0.08333333333333333,7993.708520917139,3483.9821030770795,0.0,communication_aware,emergency,21311256,3
0.0,0.3333333333333333,300.0,0.5655555555555556,0.6103217272121578,0.4724678575008333,0.6666666666666669,0.536057784855116,0.03,16.0,0.07,8617.044509761403,2948.9266107755925,664.0,haco_safemarl_pilot_no_acoustic,emergency,21311256,3
0.0,0.3333333333333333,300.0,0.6844444444444445,0.5438761159464273,0.40916131779217146,1.0,0.5060482856149654,0.02666666666666667,19.0,0.08333333333333333,8885.104718384762,2989.8208874729885,0.0,haco_safemarl_pilot_no_shield,emergency,21311256,3
0.0,0.3333333333333333,300.0,0.558888888888889,0.7245653782905582,0.6572513187180768,0.6666666666666669,0.5392268556298075,0.02666666666666667,16.0,0.07333333333333333,8546.138846504515,3033.5641214757024,661.0,haco_safemarl_pilot,emergency,21311256,3
0.0,0.3333333333333333,300.0,0.47666666666666657,0.6879700028997516,0.5558663643450704,0.6666666666666669,0.6873355949191796,0.0,17.0,0.0,864.3198281904115,340.9900868187733,800.0,haco_safemarl_mappo,emergency,21311256,3
0.0,1.0,211.0,0.7740916271721958,0.6014021638895564,0.48743848336585793,1.0,0.3675563940619398,0.0,75.0,0.0,3910.8849999999893,1939.4293608405642,0.0,fixed_auv_ga_pso_tlbo_proxy,emergency,21321263,3
0.0,1.0,162.0,0.7222222222222222,0.49850850940914865,0.22025755512419845,1.0,0.33830818048897254,0.0,59.0,0.0,3982.770000000005,1441.0000000000005,0.0,independent_greedy,emergency,21321263,3
0.0,0.3333333333333333,300.0,0.9044444444444444,0.6365689357696038,0.5675535877965934,1.0,0.3830536547299136,0.0,37.0,0.0033333333333333335,7829.484498544712,3095.4978923365657,0.0,communication_aware,emergency,21321263,3
0.0,0.6666666666666666,300.0,0.7,0.6826955263845813,0.6523970169288948,1.0,0.883058360836843,0.0,0.0,0.0,9454.903025525226,3020.609103098529,799.0,haco_safemarl_pilot_no_acoustic,emergency,21321263,3
0.0,1.0,174.0,0.8065134099616861,0.6296299236775762,0.538808820280852,1.0,0.33999933305690044,0.0,47.0,0.0,5428.208562437841,1335.3942149911204,0.0,haco_safemarl_pilot_no_shield,emergency,21321263,3
0.0,0.3333333333333333,300.0,0.7611111111111111,0.7221528294274597,0.6994584119743413,1.0,0.6497842244270993,0.0,0.0,0.0,9307.359694196111,3420.787194016121,811.0,haco_safemarl_pilot,emergency,21321263,3
0.0,0.0,300.0,0.29444444444444445,0.7873020927193467,0.7455073259922513,0.6666666666666669,0.8966712696480464,0.0,0.0,0.0,597.2380590829109,86.12201556633642,844.0,haco_safemarl_mappo,emergency,21321263,3
0.0,0.3333333333333333,300.0,0.861111111111111,0.4062952681602738,0.20191002480994238,1.0,0.7753957585337887,0.0,0.0,0.07666666666666666,5560.499999999976,2448.9939951055285,0.0,fixed_auv_ga_pso_tlbo_proxy,emergency,21331270,3
1.0,1.0,253.0,0.9591567852437417,0.21268334680488582,0.10960344199541322,1.0,0.4299776163210571,0.0,0.0,0.08300395256916997,6220.005000000008,2228.8000000000084,0.0,independent_greedy,emergency,21331270,3
0.0,0.0,300.0,0.922222222222222,0.6011746194795161,0.48624629927650415,1.0,0.8307900856610532,0.0,0.0,0.06333333333333334,7805.978733781942,3009.8888231757865,0.0,communication_aware,emergency,21331270,3
0.0,0.3333333333333333,300.0,0.7833333333333333,0.4767439283610135,0.35726509661294287,1.0,0.5985267026511877,0.0,0.0,0.07,9040.999594022926,2782.9996952092183,906.0,haco_safemarl_pilot_no_acoustic,emergency,21331270,3
0.0,0.0,300.0,0.9566666666666667,0.4105939947085984,0.3007020158797091,1.0,0.38850573819527046,0.0,0.0,0.07,8960.450087956646,3058.7292245489934,0.0,haco_safemarl_pilot_no_shield,emergency,21331270,3
0.0,0.0,300.0,0.7866666666666666,0.6772263227291645,0.6288219396353528,1.0,0.586427411587629,0.0,0.0,0.06333333333333334,8839.650486295008,3276.3289853058523,903.0,haco_safemarl_pilot,emergency,21331270,3
0.0,0.0,300.0,0.8066666666666666,0.5285240781634313,0.40747962244095787,1.0,0.8012067303877263,0.0,0.0,0.09333333333333334,913.7326022328762,272.12264288911103,897.0,haco_safemarl_mappo,emergency,21331270,3
0.0,1.0,220.0,0.6393939393939394,0.6442908542444638,0.5068217541648484,1.0,0.7695986517044566,0.0,4.0,0.0,4077.699999999988,2030.1176499699511,0.0,fixed_auv_ga_pso_tlbo_proxy,emergency,21341277,3
0.0,1.0,168.0,0.8293650793650793,0.5879161292976656,0.5693641525936192,1.0,0.7543859627405354,0.0,3.0,0.0,4130.280000000005,1680.9999999999977,0.0,independent_greedy,emergency,21341277,3
0.0,0.3333333333333333,300.0,0.7344444444444443,0.7122484476705321,0.6780202750995037,1.0,0.7422263794124093,0.0,3.0,0.0,7951.976291847642,3345.352170055444,0.0,communication_aware,emergency,21341277,3
0.0,1.0,221.0,0.2926093514328809,0.7820050852115822,0.7461881570891542,0.6666666666666664,0.9849984996345529,0.0,2.0,0.0,6830.323844174688,1896.1989607183057,490.0,haco_safemarl_pilot_no_acoustic,emergency,21341277,3
0.0,1.0,173.0,0.647398843930636,0.6730236799382944,0.5578905323524688,1.0,0.931725230840898,0.0,3.0,0.0,5427.857788394659,1306.225217474004,0.0,haco_safemarl_pilot_no_shield,emergency,21341277,3
0.0,1.0,300.0,0.3611111111111111,0.7616028001437197,0.709950115446282,0.6666666666666669,0.9317816084731594,0.0,2.0,0.043333333333333335,9085.45779219008,2790.627238727612,645.0,haco_safemarl_pilot,emergency,21341277,3
0.0,0.0,300.0,0.13888888888888887,0.8156888925709637,0.8052530231934703,0.6666666666666669,0.987157299106658,0.0,2.0,0.0,445.2671011300262,287.85716491298643,721.0,haco_safemarl_mappo,emergency,21341277,3
0.0,1.0,291.0,0.7777777777777777,0.4562943438271777,0.23478550485879998,1.0,0.6420334347600132,0.0,39.0,0.0,5393.684999999978,2758.6760426995065,0.0,fixed_auv_ga_pso_tlbo_proxy,emergency,21351284,3
0.0,1.0,223.0,0.8056801195814649,0.4366317883322139,0.2866383416949501,1.0,0.5289514858746721,0.0,30.0,0.0,5482.455000000007,2439.0000000000114,0.0,independent_greedy,emergency,21351284,3
0.0,0.3333333333333333,300.0,0.7833333333333333,0.6452654853698144,0.5599207726053818,1.0,0.6458598716241634,0.0,35.0,0.0,7853.495428841385,3140.2003166238233,0.0,communication_aware,emergency,21351284,3
0.0,0.3333333333333333,300.0,0.59,0.6062817789823962,0.4475265353975732,1.0,0.5763501756556845,0.0,2.0,0.006666666666666667,5534.064146631744,2058.7214808386334,883.0,haco_safemarl_pilot_no_acoustic,emergency,21351284,3
0.0,0.3333333333333333,300.0,0.7899999999999999,0.5110746259980596,0.3765375735164135,1.0,0.6569379299471372,0.0,32.0,0.07666666666666666,8925.606300636551,2990.6325953372407,0.0,haco_safemarl_pilot_no_shield,emergency,21351284,3
0.0,0.3333333333333333,300.0,0.5688888888888889,0.7251065118361152,0.6587452582815247,1.0,0.646383457170078,0.0,2.0,0.0,5490.325438501448,2043.5231152722583,887.0,haco_safemarl_pilot,emergency,21351284,3
0.0,0.0,300.0,0.561111111111111,0.6112203414962634,0.4827637813529919,0.6666666666666669,0.5252040728864146,0.0,2.0,0.0,568.9940568177659,310.91817538179976,841.0,haco_safemarl_mappo,emergency,21351284,3
0.0,0.5,300.0,0.0,0.8999796284360764,0.8989155618367768,0.0,0.99999999975,0.0,31.0,0.0,5306.999999999984,2707.863281916503,0.0,fixed_auv_ga_pso_tlbo_proxy,generalization,21161191,2
0.0,1.0,268.0,0.23694029850746268,0.7638845656413151,0.6929796757771943,0.6851851851851852,0.9359424826989139,0.0,24.0,0.0,6201.520000000022,2373.100000000009,0.0,independent_greedy,generalization,21161191,2
0.0,0.5,300.0,0.0,0.8959672176177893,0.8947847041777532,0.0,0.99999999975,0.0,27.0,0.0,8175.0,3436.019300214869,0.0,communication_aware,generalization,21161191,2
1.0,1.0,268.0,0.0,0.891629075306992,0.8889096625813719,0.0,0.99999999975,0.0,0.0,0.0,7649.4500693594255,2075.784718316324,55.0,haco_safemarl_pilot_no_acoustic,generalization,21161191,2
0.0,1.0,260.0,0.0057692307692307696,0.8864677177966405,0.8816310550045339,0.057692307692307696,0.9999663294615084,0.0,23.0,0.0,7892.485557007926,2065.958770851944,0.0,haco_safemarl_pilot_no_shield,generalization,21161191,2
1.0,1.0,268.0,0.0,0.8916188389827515,0.888797124314225,0.0,0.99999999975,0.0,0.0,0.0,7648.813370556574,2070.1460664983874,54.0,haco_safemarl_pilot,generalization,21161191,2
0.0,0.0,300.0,0.0,0.9020443424008264,0.8995077448800592,0.0,0.99999999975,0.0,0.0,0.0,1326.207872604065,124.1110073060543,54.0,haco_safemarl_mappo,generalization,21161191,2
0.0,1.0,185.0,0.3675675675675676,0.7819997314477949,0.7425568721128988,1.0,0.9687898083305584,0.0,7.0,0.0,3272.6500000000083,1643.916327842215,0.0,fixed_auv_ga_pso_tlbo_proxy,generalization,21171198,2
0.0,1.0,142.0,0.5,0.671595358850985,0.46572652243578266,0.8666666666666667,0.5833815527206543,0.0,5.0,0.0,3285.879999999997,1259.1000000000026,0.0,independent_greedy,generalization,21171198,2
0.0,1.0,270.0,0.6296296296296297,0.7300091123031434,0.7077066366609436,1.0,0.9936406977236583,0.0,6.0,0.0,7062.76998849876,2757.0411078619145,0.0,communication_aware,generalization,21171198,2
0.0,1.0,138.0,0.4673913043478261,0.7119908013455454,0.5148238053016198,0.5,0.564941176189314,0.0,3.0,0.0,4302.127499999992,889.3184868018877,138.0,haco_safemarl_pilot_no_acoustic,generalization,21171198,2
0.0,1.0,138.0,0.4420289855072464,0.6369579039907439,0.36599015037523097,0.5,0.6144041447745929,0.0,5.0,0.0,4197.487754189874,918.460224737761,0.0,haco_safemarl_pilot_no_shield,generalization,21171198,2
0.0,1.0,138.0,0.43478260869565216,0.7465752537996404,0.5848128265216511,0.5,0.6282527877952176,0.0,3.0,0.0,4342.101207118089,829.4270772094911,138.0,haco_safemarl_pilot,generalization,21171198,2
0.0,0.5,300.0,0.3883333333333333,0.7059514378629277,0.549601567020381,0.5,0.7127231737866574,0.0,3.0,0.0,1432.1248137504379,69.60424115162814,328.0,haco_safemarl_mappo,generalization,21171198,2
1.0,1.0,235.0,0.2978723404255319,0.7939827423306653,0.7459963114891545,1.0,0.9739214418885956,0.0,0.0,0.0,4157.15000000001,1845.659514544866,0.0,fixed_auv_ga_pso_tlbo_proxy,generalization,21181205,2
1.0,1.0,180.0,0.5222222222222223,0.6987505838624414,0.5662515292106767,1.0,0.6435781408620793,0.0,0.0,0.0,4165.199999999993,1473.500000000003,0.0,independent_greedy,generalization,21181205,2
0.0,0.5,300.0,0.49,0.7792402503623997,0.7479777010721026,1.0,0.9605662691172449,0.0,0.0,0.0,7958.039712909984,3050.0114196044947,0.0,communication_aware,generalization,21181205,2
1.0,1.0,176.0,0.24147727272727273,0.7906841239755916,0.7027676121104202,0.5,0.9079781946133744,0.0,0.0,0.0,4588.515604604889,957.0412950890917,149.0,haco_safemarl_pilot_no_acoustic,generalization,21181205,2
1.0,1.0,175.0,0.24571428571428572,0.737978781978828,0.5977640666687282,0.5,0.9040626779991837,0.0,0.0,0.0,5359.334329830247,1204.751785538312,0.0,haco_safemarl_pilot_no_shield,generalization,21181205,2
1.0,1.0,176.0,0.24147727272727273,0.801081067078431,0.7233842718749628,0.5,0.9079781946133744,0.0,0.0,0.0,4634.217260357213,973.3335682649606,149.0,haco_safemarl_pilot,generalization,21181205,2
0.0,0.5,300.0,0.325,0.7676675493596992,0.7366628682179389,0.5,0.9986301364391069,0.0,0.0,0.07333333333333333,1614.6767824424087,341.0284237501838,419.0,haco_safemarl_mappo,generalization,21181205,2
0.0,0.5,300.0,0.5216666666666666,0.6373867434435537,0.5599492482221383,1.0,0.9799999989506245,0.04666666666666667,264.0,0.15,5306.999999999984,2608.566262544657,0.0,fixed_auv_ga_pso_tlbo_proxy,generalization,21191212,2
0.0,1.0,236.0,0.6970338983050848,0.5437042830980731,0.46789594692636727,1.0,0.9976095201696329,0.0,210.0,0.0,5461.040000000012,2234.5000000000086,0.0,independent_greedy,generalization,21191212,2
0.0,0.5,300.0,0.5883333333333334,0.7351346386871753,0.6950043792884506,1.0,0.9844924949394169,0.056666666666666664,372.0,0.14666666666666667,7854.593750015909,3033.305035357638,0.0,communication_aware,generalization,21191212,2
0.0,0.0,300.0,0.023333333333333334,0.846741412562275,0.8355330079572917,0.23333333333333334,0.9994295557232162,0.0,0.0,0.13666666666666666,8383.03477245477,3322.1334012840607,455.0,haco_safemarl_pilot_no_acoustic,generalization,21191212,2
0.0,1.0,233.0,0.33905579399141633,0.6695256322898179,0.5015448521230151,0.9375,0.9147926706879154,0.0,137.0,0.19313304721030042,7150.140150954854,1844.215811043135,0.0,haco_safemarl_pilot_no_shield,generalization,21191212,2
0.0,0.0,300.0,0.013333333333333334,0.8470058467225439,0.8362664950866018,0.13333333333333333,0.9998174180379783,0.0,0.0,0.13666666666666666,8368.029536337974,3385.395629170003,448.0,haco_safemarl_pilot,generalization,21191212,2
0.0,0.0,300.0,0.195,0.821794659203012,0.794393107639765,0.5,0.9463519309849674,0.0,11.0,0.0,734.7048472497006,303.4643682608955,461.0,haco_safemarl_mappo,generalization,21191212,2
0.0,1.0,212.0,0.0,0.8943571283390002,0.8906366508806165,0.0,0.99999999975,0.0,125.0,0.07547169811320754,3750.2800000000097,1374.1126273940565,0.0,fixed_auv_ga_pso_tlbo_proxy,generalization,21201219,2
0.0,1.0,162.0,0.12654320987654322,0.8505472756119473,0.803923343989129,0.5,0.9794423379515167,0.0,96.0,0.0,3748.679999999995,1116.300000000002,0.0,independent_greedy,generalization,21201219,2
0.0,1.0,184.0,0.0,0.8941970540933488,0.8903403477386622,0.0,0.99999999975,0.0,107.0,0.0,5014.0,1747.3002720092406,0.0,communication_aware,generalization,21201219,2
1.0,1.0,244.0,0.03483606557377049,0.8897327056235177,0.8681509817510247,0.34,0.9986989598007538,0.0,0.0,0.045081967213114756,4850.034513104027,1464.3247343653766,347.0,haco_safemarl_pilot_no_acoustic,generalization,21201219,2
0.0,1.0,158.0,0.060126582278481014,0.8782491009234623,0.8482198882835391,0.5,0.9959241275278056,0.0,92.0,0.0,4892.515973572109,1177.9137054503378,0.0,haco_safemarl_pilot_no_shield,generalization,21201219,2
1.0,1.0,244.0,0.03278688524590164,0.8900176665584904,0.8687219173081412,0.32,0.9988522235497325,0.0,0.0,0.040983606557377046,4851.290443722095,1466.5717684326314,346.0,haco_safemarl_pilot,generalization,21201219,2
0.0,0.0,300.0,0.0,0.8923408321819893,0.8890373740018555,0.0,0.99999999975,0.0,0.0,0.0,926.1414153137576,345.41237594991486,132.0,haco_safemarl_mappo,generalization,21201219,2
0.0,0.5,300.0,0.41833333333333333,0.7206419584578521,0.6316350154405391,1.0,0.936340154023842,0.0,0.0,0.03666666666666667,5306.999999999984,1918.7823135428425,0.0,fixed_auv_ga_pso_tlbo_proxy,generalization,21211226,2
1.0,1.0,235.0,0.6553191489361702,0.4998060931414288,0.23750569102663413,1.0,0.49999999947392737,0.0,0.0,0.0,5437.9000000000115,1622.7000000000016,0.0,independent_greedy,generalization,21211226,2
0.0,0.0,300.0,0.49,0.7671580340455738,0.7174982358207822,1.0,0.9555473907461908,0.016666666666666666,0.0,0.04666666666666667,7937.827320696157,2717.851828579619,0.0,communication_aware,generalization,21211226,2
1.0,1.0,280.0,0.575,0.719786725099912,0.6858155529347753,1.0,0.6994813527434015,0.0,0.0,0.0,8584.833394611796,2110.981020764668,365.0,haco_safemarl_pilot_no_acoustic,generalization,21211226,2
1.0,1.0,254.0,0.6456692913385826,0.6928605679530881,0.6739764855846905,1.0,0.6641521801646352,0.0,0.0,0.0,7775.824910117896,2067.659563600349,0.0,haco_safemarl_pilot_no_shield,generalization,21211226,2
0.0,0.5,300.0,0.5683333333333334,0.7587692860916697,0.7140637508372712,1.0,0.8012350389131752,0.0,0.0,0.02,9043.502542843424,2664.1407351190646,439.0,haco_safemarl_pilot,generalization,21211226,2
0.0,0.0,300.0,0.06833333333333333,0.8324216379669674,0.8098429746180297,0.5,0.9946492571045561,0.0,0.0,0.0,764.7867675568605,71.65221122760286,385.0,haco_safemarl_mappo,generalization,21211226,2
0.0,0.5,300.0,0.41,0.7239753835014451,0.6727701745206471,1.0,0.9873932357711761,0.0,49.0,0.0,5306.999999999984,2473.6383918869387,0.0,fixed_auv_ga_pso_tlbo_proxy,generalization,21221233,2
0.0,1.0,238.0,0.8550420168067226,0.5614993568458366,0.5577403824728513,1.0,0.8320517219275186,0.0,38.0,0.0,5507.320000000012,1837.3000000000047,0.0,independent_greedy,generalization,21221233,2
0.0,0.0,300.0,0.48833333333333334,0.7733720289318294,0.7443700257266846,1.0,0.9911557462487747,0.0,43.0,0.0,7920.211144970352,2714.36732047773,0.0,communication_aware,generalization,21221233,2
0.0,0.5,300.0,0.6266666666666667,0.6899409931547508,0.685186825764805,1.0,0.876712327388452,0.0,0.0,0.0,8896.533104187281,3149.318352158678,476.0,haco_safemarl_pilot_no_acoustic,generalization,21221233,2
0.0,1.0,238.0,0.35294117647058826,0.7296137836548597,0.6373863351175669,1.0,0.9610568540094205,0.0,37.0,0.012605042016806723,7309.346030937659,1801.9562185130867,0.0,haco_safemarl_pilot_no_shield,generalization,21221233,2
0.0,0.0,300.0,0.6283333333333333,0.7439875553751848,0.7125456321687081,1.0,0.8783249129420108,0.0,0.0,0.0,8763.973254474402,3344.2086270357213,488.0,haco_safemarl_pilot,generalization,21221233,2
0.0,0.0,300.0,0.6416666666666667,0.7365948086360112,0.6957575234710194,1.0,0.8308768006115161,0.0,0.0,0.0,454.9825269151316,371.5401418741259,502.0,haco_safemarl_mappo,generalization,21221233,2
1.0,1.0,166.0,0.6506024096385542,0.6931285055312665,0.6883782237631217,1.0,0.9988123495009448,0.0,0.0,0.0,2936.5400000000072,1615.0335982033655,0.0,fixed_auv_ga_pso_tlbo_proxy,generalization,21231240,2
1.0,1.0,127.0,0.5984251968503937,0.6073359641905236,0.4036479332874837,1.0,0.6074264356727475,0.0,0.0,0.0,2938.779999999999,1282.700000000001,0.0,independent_greedy,generalization,21231240,2
0.0,0.5,300.0,0.83,0.6765099634962776,0.6720248717061975,1.0,0.9938861206104554,0.0,0.0,0.0,7733.5332468796805,3207.478953338625,0.0,communication_aware,generalization,21231240,2
1.0,1.0,123.0,0.4105691056910569,0.6859610678430704,0.46248883733407714,0.5,0.6733171072123675,0.0,0.0,0.0,3814.1262921089346,850.80254712048,110.0,haco_safemarl_pilot_no_acoustic,generalization,21231240,2
1.0,1.0,123.0,0.4268292682926829,0.6136472911818156,0.31682873195543865,0.5,0.6432731505296032,0.0,0.0,0.0,3732.0755077228678,792.6478799056305,0.0,haco_safemarl_pilot_no_shield,generalization,21231240,2
1.0,1.0,123.0,0.4146341463414634,0.716803006454962,0.5236744096658394,0.5,0.6658959534337077,0.0,0.0,0.0,3859.6573209042203,781.3533069136396,109.0,haco_safemarl_pilot,generalization,21231240,2
0.0,0.0,300.0,0.645,0.7396405060857357,0.7373203019577408,1.0,0.9994492644413263,0.0,0.0,0.0,221.87860202502105,248.07819806712268,531.0,haco_safemarl_mappo,generalization,21231240,2
0.0,0.5,300.0,0.31333333333333335,0.794677563095483,0.7584441499711853,1.0,0.9915648287891626,0.0,66.0,0.0,5306.999999999984,2579.257848097239,0.0,fixed_auv_ga_pso_tlbo_proxy,generalization,21241247,2
0.0,0.5,300.0,0.71,0.46347682480586777,0.24463149482818422,1.0,0.7740846781124048,0.0,48.0,0.0,6942.000000000033,2773.5000000000127,0.0,independent_greedy,generalization,21241247,2
0.0,0.5,300.0,0.415,0.814511702241298,0.7935047846585459,1.0,0.9941176463368786,0.0,44.0,0.0,8004.006370906788,3207.0358480528175,0.0,communication_aware,generalization,21241247,2
0.0,0.5,300.0,0.2866666666666667,0.7049272572500944,0.5297878222966194,0.5,0.8853745767052504,0.0,0.0,0.0,9389.731432684786,2525.087789221216,247.0,haco_safemarl_pilot_no_acoustic,generalization,21241247,2
0.0,0.5,300.0,0.2966666666666667,0.663074383041199,0.4430570195569039,0.5,0.8797747254264413,0.0,49.0,0.0,9208.214377099664,2368.0439524551084,0.0,haco_safemarl_pilot_no_shield,generalization,21241247,2
0.0,0.5,300.0,0.25833333333333336,0.7281033643844156,0.5777703209121018,0.5,0.9016135931543148,0.0,0.0,0.0,9447.73814153138,2615.3678514920393,246.0,haco_safemarl_pilot,generalization,21241247,2
0.0,0.0,300.0,0.23833333333333334,0.8234402323898241,0.7972853946613708,1.0,0.9801712077108639,0.0,0.0,0.0,920.8238248540025,67.29742926076301,458.0,haco_safemarl_mappo,generalization,21241247,2
1.0,1.0,227.0,0.9317180616740088,0.3939016212680005,0.37664266546134006,1.0,0.6059268403387112,0.0,0.0,0.0,4015.6300000000106,1827.7424516272588,0.0,fixed_auv_ga_pso_tlbo_proxy,generalization,21251254,2
1.0,1.0,174.0,0.7816091954022989,0.38204185258941536,0.18871898812091076,1.0,0.541026600189198,0.0,0.0,0.0,4026.359999999993,1541.1000000000038,0.0,independent_greedy,generalization,21251254,2
0.0,0.0,300.0,0.9566666666666667,0.6056806413164374,0.6028275860373539,1.0,0.7752292777859691,0.0,0.0,0.0,7646.77944929343,2965.6200722534236,0.0,communication_aware,generalization,21251254,2
1.0,1.0,289.0,0.7993079584775087,0.5011462148208692,0.3625397849379904,1.0,0.5265299716709848,0.0,0.0,0.0,8525.428036805519,2507.094784290986,512.0,haco_safemarl_pilot_no_acoustic,generalization,21251254,2
0.0,0.0,300.0,0.9433333333333334,0.3642739476625007,0.3305646241465035,1.0,0.5622567847261135,0.0,0.0,0.0,8674.983935058675,3092.6564636904513,0.0,haco_safemarl_pilot_no_shield,generalization,21251254,2
0.0,0.0,300.0,0.8383333333333334,0.6530105079238784,0.6241580833395095,1.0,0.6770038810670348,0.0,0.0,0.0,8600.297359203849,3134.9635550897297,580.0,haco_safemarl_pilot,generalization,21251254,2
0.0,0.0,300.0,0.7583333333333333,0.6324241041431907,0.6173243000547213,1.0,0.9976748557563474,0.0,0.0,0.0,269.56010941753027,21.425949378419165,600.0,haco_safemarl_mappo,generalization,21251254,2
1.0,1.0,265.0,0.0,0.8990344879272726,0.8941572162920433,0.0,0.99999999975,0.0,0.0,0.0,4687.849999999998,1610.5915765253392,0.0,fixed_auv_ga_pso_tlbo_proxy,generalization,21261261,2
0.0,1.0,203.0,0.33004926108374383,0.7676366025358274,0.6773149097777498,1.0,0.9310848220693545,0.034482758620689655,0.0,0.1330049261083744,4697.420000000001,1232.3000000000015,0.0,independent_greedy,generalization,21261261,2
1.0,1.0,230.0,0.0,0.8990563089441921,0.8942179237778889,0.0,0.99999999975,0.0,0.0,0.0,6267.5,1742.5207287303883,0.0,communication_aware,generalization,21261261,2
1.0,1.0,193.0,0.015544041450777202,0.8865705094037987,0.8722817580010628,0.15,0.9997507544016745,0.0,0.0,0.09844559585492228,6098.659100658495,1469.133564233941,64.0,haco_safemarl_pilot_no_acoustic,generalization,21261261,2
1.0,1.0,197.0,0.0,0.886706574648181,0.8688740352593084,0.0,0.99999999975,0.0,0.0,0.10152284263959391,6100.821189093576,1740.0316114966442,0.0,haco_safemarl_pilot_no_shield,generalization,21261261,2
1.0,1.0,193.0,0.0,0.8868818517884657,0.8735988749592176,0.0,0.99999999975,0.0,0.0,0.10362694300518134,6088.806498057621,1716.8410299947889,67.0,haco_safemarl_pilot,generalization,21261261,2
0.0,0.0,300.0,0.0,0.8935833395783493,0.8910595103124311,0.0,0.99999999975,0.0,0.0,0.0,1262.5070528833357,182.48715155515725,78.0,haco_safemarl_mappo,generalization,21261261,2
1.0,1.0,292.0,0.1797945205479452,0.8485813417494035,0.8297280730035338,1.0,0.995829028893376,0.0,0.0,0.0,5165.479999999987,2708.3066629173895,0.0,fixed_auv_ga_pso_tlbo_proxy,generalization,21271268,2
1.0,1.0,224.0,0.4486607142857143,0.728340149399528,0.5849073808583076,0.7608695652173914,0.6914454741404225,0.0,0.0,0.0,5183.360000000008,2129.700000000007,0.0,independent_greedy,generalization,21271268,2
0.0,0.5,300.0,0.30666666666666664,0.826312126914507,0.8134828704372538,1.0,0.9996303137132235,0.0,0.0,0.0,8022.329616796509,3282.0587675132574,0.0,communication_aware,generalization,21271268,2
1.0,1.0,217.0,0.0576036866359447,0.8746025437718187,0.8390675100669682,0.5,0.9962776788982305,0.0,0.0,0.0,6697.306249999985,1749.126198725682,106.0,haco_safemarl_pilot_no_acoustic,generalization,21271268,2
1.0,1.0,217.0,0.3087557603686636,0.812702113200374,0.7150761720453582,0.5,0.8336729775162397,0.0,0.0,0.0,6588.025453218845,1799.1979395312794,0.0,haco_safemarl_pilot_no_shield,generalization,21271268,2
1.0,1.0,217.0,0.04608294930875576,0.875164480639897,0.840208347992708,0.45454545454545453,0.9976716568081948,0.0,0.0,0.0,6698.0054589273705,1751.5999405101907,103.0,haco_safemarl_pilot,generalization,21271268,2
0.0,0.0,300.0,0.0,0.8682123667574395,0.8651536390583037,0.0,0.99999999975,0.0,0.0,0.0,617.4257714042718,119.87320064362069,151.0,haco_safemarl_mappo,generalization,21271268,2
0.0,0.5,300.0,0.4116666666666667,0.7475820316696689,0.7430381689011117,1.0,0.9997994119583585,0.0,26.0,0.04666666666666667,5306.999999999984,2668.6205128402876,0.0,fixed_auv_ga_pso_tlbo_proxy,generalization,21281275,2
0.0,1.0,239.0,0.5502092050209205,0.5922160966742427,0.36104820976038754,1.0,0.6125274953623064,0.0041841004184100415,19.0,0.07531380753138076,5530.460000000013,2213.300000000009,0.0,independent_greedy,generalization,21281275,2
0.0,0.5,300.0,0.48833333333333334,0.7868321691898812,0.7839144158021217,1.0,0.9997348145832772,0.0,21.0,0.02,7930.1363534080665,3082.9369696213257,0.0,communication_aware,generalization,21281275,2
0.0,1.0,238.0,0.25840336134453784,0.7294280568055468,0.5645740323643375,0.5,0.8917331001552096,0.0,16.0,0.0,7358.573688008501,2048.232215491328,186.0,haco_safemarl_pilot_no_acoustic,generalization,21281275,2
0.0,1.0,233.0,0.2532188841201717,0.6969209454074836,0.4883758280093737,0.5,0.8968806466163258,0.0,18.0,0.0,7159.818301624705,1916.8828309063178,0.0,haco_safemarl_pilot_no_shield,generalization,21281275,2
0.0,1.0,255.0,0.25882352941176473,0.74311983719479,0.6019778522898039,0.6153846153846154,0.9084458682442482,0.0,16.0,0.06274509803921569,7895.383762502887,2199.43301500559,234.0,haco_safemarl_pilot,generalization,21281275,2
0.0,0.0,300.0,0.11166666666666666,0.8406350640354006,0.8359394559162959,0.5,0.9844444133350428,0.0,16.0,0.03,468.3643649179234,147.08695411242397,366.0,haco_safemarl_mappo,generalization,21281275,2
0.0,0.5,300.0,0.35833333333333334,0.7573702757619021,0.6722884749469614,1.0,0.9535220322559214,0.0,0.0,0.0033333333333333335,5306.999999999984,2089.068472446644,0.0,fixed_auv_ga_pso_tlbo_proxy,generalization,21291282,2
0.0,1.0,230.0,0.75,0.6520096883922059,0.5793858793362093,1.0,0.49999999900000003,0.030434782608695653,0.0,0.1,5322.20000000001,1716.5000000000034,0.0,independent_greedy,generalization,21291282,2
0.0,0.5,300.0,0.43333333333333335,0.7874275761074604,0.7365968359455871,1.0,0.9570804072879086,0.0,0.0,0.04,7959.878098624555,2972.036544875302,0.0,communication_aware,generalization,21291282,2
1.0,1.0,262.0,0.29961832061068705,0.7779198064553009,0.755926965102324,0.6111111111111112,0.9983322704201969,0.0,0.0,0.07251908396946564,7243.992387533121,1860.3411765997012,315.0,haco_safemarl_pilot_no_acoustic,generalization,21291282,2
1.0,1.0,233.0,0.33476394849785407,0.7528601750618198,0.7136646068265003,1.0,0.9985038022712297,0.0,0.0,0.12017167381974249,7177.907887443007,1898.5234510696032,0.0,haco_safemarl_pilot_no_shield,generalization,21291282,2
1.0,1.0,274.0,0.28102189781021897,0.7868295109905401,0.7638307401466227,0.6071428571428571,0.9999742329613882,0.0,0.0,0.07664233576642336,7241.649209126713,1921.0822111118582,366.0,haco_safemarl_pilot,generalization,21291282,2
0.0,0.0,300.0,0.21666666666666667,0.8338227135171727,0.7881955019839713,0.5,0.9289318751740796,0.0,0.0,0.10666666666666667,1397.373499835036,378.1955865365624,328.0,haco_safemarl_mappo,generalization,21291282,2
0.0,1.0,164.0,0.875,0.39030767607225364,0.3821808351984449,1.0,0.9946745403829784,0.0,56.0,0.0,2901.160000000007,1386.2886023284482,0.0,fixed_auv_ga_pso_tlbo_proxy,generalization,21301289,2
0.0,1.0,125.0,0.812,0.386566651017174,0.22452775831455662,1.0,0.6173840107192216,0.0,43.0,0.0,2892.499999999999,1112.3000000000004,0.0,independent_greedy,generalization,21301289,2
0.0,0.5,300.0,0.9416666666666667,0.4809439697497197,0.4774699140486202,1.0,0.9927065726551121,0.0,145.0,0.0,7599.604588248014,2999.084822578363,0.0,communication_aware,generalization,21301289,2
1.0,1.0,259.0,0.888030888030888,0.47150846703888766,0.4291135020631588,1.0,0.6560062316681836,0.0,0.0,0.0,7517.202837957989,2568.370372893394,498.0,haco_safemarl_pilot_no_acoustic,generalization,21301289,2
0.0,1.0,240.0,0.8958333333333334,0.3800289173910041,0.30111782733632564,1.0,0.7094211007767721,0.0,62.0,0.0,6976.773643685552,2050.0840039065315,0.0,haco_safemarl_pilot_no_shield,generalization,21301289,2
0.0,0.0,300.0,0.8766666666666667,0.6438616518913559,0.6377558367140896,1.0,0.9048248378330741,0.0,0.0,0.0,8546.245972785993,3283.323596103851,585.0,haco_safemarl_pilot,generalization,21301289,2
0.0,0.0,300.0,0.7666666666666667,0.6050010650846996,0.6037071333437516,1.0,0.9999999954081633,0.0,0.0,0.0,207.0957194965075,362.3308242635014,590.0,haco_safemarl_mappo,generalization,21301289,2
1.0,1.0,187.0,0.07754010695187166,0.8391509329399854,0.7949627430578161,0.5,0.9929838316559855,0.0,0.0,0.26737967914438504,3308.0300000000084,1213.748039135796,0.0,fixed_auv_ga_pso_tlbo_proxy,generalization,21311296,2
1.0,1.0,143.0,0.32167832167832167,0.7595950402059349,0.6911848605602969,0.8,0.896265954983622,0.0,0.0,0.4405594405594406,3309.019999999997,1028.0999999999992,0.0,independent_greedy,generalization,21311296,2
1.0,1.0,163.0,0.06748466257668712,0.839629390792072,0.7969715526920147,0.5,0.9947900965938581,0.0,0.0,0.294478527607362,4439.761163794561,1620.7633683907827,0.0,communication_aware,generalization,21311296,2
1.0,1.0,139.0,0.14028776978417265,0.8339115910310374,0.8122308134343523,0.5,0.9740629579683525,0.0,0.0,0.2589928057553957,4270.870711202209,941.7605797089134,98.0,haco_safemarl_pilot_no_acoustic,generalization,21311296,2
0.0,1.0,139.0,0.1474820143884892,0.8150959404520259,0.7765764726299577,0.5,0.9709420912919696,0.050359712230215826,0.0,0.2158273381294964,4269.9640093562275,1021.6813992357575,0.0,haco_safemarl_pilot_no_shield,generalization,21311296,2
1.0,1.0,139.0,0.14388489208633093,0.834145513828114,0.8130653803282868,0.5,0.9725293589246921,0.0,0.0,0.2517985611510791,4298.6355174764185,997.4705918377864,95.0,haco_safemarl_pilot,generalization,21311296,2
0.0,0.0,300.0,0.0,0.8302041261813005,0.8293034947163522,0.0,0.99999999975,0.0,0.0,0.19,422.01931708761526,430.0861275473684,385.0,haco_safemarl_mappo,generalization,21311296,2
0.0,1.0,166.0,0.16566265060240964,0.8245595505382423,0.799832202406101,0.8235294117647058,0.9860058080756332,0.0,101.0,0.04819277108433735,2936.5400000000072,1299.662208353265,0.0,fixed_auv_ga_pso_tlbo_proxy,generalization,21321303,2
0.0,1.0,127.0,0.4566929133858268,0.7332444060602532,0.5794851534937476,0.5,0.5859692304784279,0.0,77.0,0.0,2938.779999999999,976.9000000002984,0.0,independent_greedy,generalization,21321303,2
0.0,1.0,153.0,0.24183006535947713,0.8197003067569136,0.8011159416589634,1.0,0.9940163990679446,0.0,87.0,0.05228758169934641,4134.06859046664,1428.21538682497,0.0,communication_aware,generalization,21321303,2
1.0,1.0,203.0,0.14039408866995073,0.8492684780589922,0.7969052615088309,0.5,0.9740183923219646,0.0,0.0,0.0,4066.984218811902,1291.6807389230041,397.0,haco_safemarl_pilot_no_acoustic,generalization,21321303,2
0.0,1.0,123.0,0.3902439024390244,0.7229871798151887,0.5479524674914956,0.5,0.7094211120338998,0.0,74.0,0.016260162601626018,3758.625068098853,751.2146414847647,0.0,haco_safemarl_pilot_no_shield,generalization,21321303,2
1.0,1.0,203.0,0.10591133004926108,0.8515563003924843,0.8019843125742733,0.5,0.9861620437318417,0.0,0.0,0.0,4067.38735939717,1293.691119134393,396.0,haco_safemarl_pilot,generalization,21321303,2
0.0,0.5,300.0,0.16166666666666665,0.8222625676650601,0.7593057248727,0.5,0.9641449897233689,0.0,0.0,0.0,1498.5098744773309,607.9168289114052,389.0,haco_safemarl_mappo,generalization,21321303,2
1.0,1.0,205.0,0.0,0.9028992592917187,0.9025973864384177,0.0,0.99999999975,0.0,0.0,0.0,3626.4500000000094,1568.9186776097504,0.0,fixed_auv_ga_pso_tlbo_proxy,generalization,21331310,2
1.0,1.0,157.0,0.07006369426751592,0.8712605704209666,0.8469154145441966,0.5,0.9943555531964609,0.0,0.0,0.0,3632.979999999995,1209.7000000000007,0.0,independent_greedy,generalization,21331310,2
1.0,1.0,178.0,0.0,0.9029062390415451,0.9026477798192251,0.0,0.99999999975,0.0,0.0,0.0,4850.5,1669.936191464364,0.0,communication_aware,generalization,21331310,2
1.0,1.0,152.0,0.0,0.8929763996997682,0.8792435343829211,0.0,0.99999999975,0.0,0.0,0.0,4599.777565401815,1102.0104909780425,16.0,haco_safemarl_pilot_no_acoustic,generalization,21331310,2
1.0,1.0,152.0,0.0,0.8931614878584819,0.8787367407244094,0.0,0.99999999975,0.0,0.0,0.0,4649.002443723196,1110.2826727919173,0.0,haco_safemarl_pilot_no_shield,generalization,21331310,2
1.0,1.0,152.0,0.0,0.8929763996997682,0.8792435343829211,0.0,0.99999999975,0.0,0.0,0.0,4599.777565401815,1102.0104909780425,16.0,haco_safemarl_pilot,generalization,21331310,2
0.0,0.0,300.0,0.0,0.8593887563408259,0.8372141788605642,0.0,0.99999999975,0.0,0.0,0.0,475.75841859257525,175.19371251582834,90.0,haco_safemarl_mappo,generalization,21331310,2
0.0,1.0,246.0,0.0,0.8887335743880056,0.8850438412615316,0.0,0.99999999975,0.056910569105691054,0.0,0.13008130081300814,4351.740000000005,2212.936398419907,0.0,fixed_auv_ga_pso_tlbo_proxy,generalization,21341317,2
1.0,1.0,188.0,0.23138297872340424,0.8083313342436202,0.7148086790009189,0.5,0.9169063559950912,0.0,0.0,0.0,4350.319999999996,1714.500000000004,0.0,independent_greedy,generalization,21341317,2
0.0,1.0,213.0,0.0,0.8888629863424595,0.8853076159942449,0.0,0.99999999975,0.04225352112676056,0.0,0.13145539906103287,5804.25,2371.8033991154566,0.0,communication_aware,generalization,21341317,2
1.0,1.0,178.0,0.05898876404494382,0.8876854630872526,0.8715774136678329,0.5,0.9960857753753574,0.0,0.0,0.09550561797752809,5231.8231098375445,1369.2042878307702,62.0,haco_safemarl_pilot_no_acoustic,generalization,21341317,2
1.0,1.0,183.0,0.030054644808743168,0.8884283366792382,0.8743895744859757,0.2894736842105263,0.9990407937353792,0.0,0.0,0.10382513661202186,5516.794666431388,1650.1905475767855,0.0,haco_safemarl_pilot_no_shield,generalization,21341317,2
1.0,1.0,178.0,0.02247191011235955,0.8893229621695931,0.8751678254546623,0.2222222222222222,0.9994718074766663,0.0,0.0,0.10112359550561797,5249.323373599181,1506.74358208893,60.0,haco_safemarl_pilot,generalization,21341317,2
0.0,0.0,300.0,0.0,0.8798582600469782,0.8759954759283062,0.0,0.99999999975,0.0,0.0,0.0,1289.5644459828554,567.3060374492693,185.0,haco_safemarl_mappo,generalization,21341317,2
1.0,1.0,296.0,0.47635135135135137,0.6566925956709152,0.6203176045021025,1.0,0.9940419536690185,0.0,0.0,0.0,5236.239999999985,2548.7597088070006,0.0,fixed_auv_ga_pso_tlbo_proxy,generalization,21351324,2
1.0,1.0,226.0,0.6017699115044248,0.5918736484536504,0.43366524361325165,1.0,0.6298110560576893,0.0,0.0,0.0,5229.6400000000085,2049.3000000000065,0.0,independent_greedy,generalization,21351324,2
0.0,0.5,300.0,0.5533333333333333,0.7294860910530713,0.7098047818768561,1.0,0.99799910946782,0.0,0.0,0.0,7861.467899628466,2982.658090054137,0.0,communication_aware,generalization,21351324,2
1.0,1.0,264.0,0.3541666666666667,0.7141729241985023,0.5850330564205932,1.0,0.9307692302499727,0.0,0.0,0.041666666666666664,7964.375154400719,2212.874087231673,279.0,haco_safemarl_pilot_no_acoustic,generalization,21351324,2
1.0,1.0,226.0,0.3252212389380531,0.7039001359838389,0.5559434536579602,1.0,0.934117244916846,0.0,0.0,0.017699115044247787,6941.70236283533,1813.8687913348103,0.0,haco_safemarl_pilot_no_shield,generalization,21351324,2
0.0,0.5,300.0,0.4216666666666667,0.7183413154134775,0.6177024440558573,1.0,0.953070334453796,0.0,0.0,0.043333333333333335,8859.434775355834,2625.1354499792974,371.0,haco_safemarl_pilot,generalization,21351324,2
0.0,0.0,300.0,0.275,0.8081110971042258,0.8058684187909886,1.0,0.9999947148383441,0.0,0.0,0.0,555.793390907089,296.45363812661304,405.0,haco_safemarl_mappo,generalization,21351324,2
0.0,0.6666666666666666,300.0,0.44444444444444436,0.5989068559861137,0.29340752718365815,0.6666666666666669,0.7230720728848867,0.0,182.0,0.0,6320.999999999983,4065.3626435624724,0.0,fixed_auv_ga_pso_tlbo_proxy,generalization,21161731,6
0.0,1.0,244.0,0.4603825136612022,0.578760305041854,0.2192722228661643,0.6666666666666667,0.6946392238635386,0.0,140.0,0.0,7056.480000000014,3985.0999999999813,0.0,independent_greedy,generalization,21161731,6
0.0,0.3333333333333333,300.0,0.4744444444444444,0.724307030941777,0.5048273643548447,0.6666666666666669,0.6845508006847609,0.0,77.0,0.0,8670.427887393373,4550.908142461342,0.0,communication_aware,generalization,21161731,6
0.0,0.5,300.0,0.44444444444444436,0.6704538607299151,0.35047805984462815,0.6666666666666669,0.7352314066843041,0.0,2.0,0.0033333333333333335,8929.456751766567,3629.5872885879426,1139.0,haco_safemarl_pilot_no_acoustic,generalization,21161731,6
0.0,0.5,300.0,0.4988888888888889,0.6083378492752025,0.3489639099919195,0.6666666666666669,0.6504128214007332,0.0,164.0,0.0,9379.348020788837,3296.76574857543,0.0,haco_safemarl_pilot_no_shield,generalization,21161731,6
0.0,0.3333333333333333,300.0,0.4388888888888889,0.7685035606546431,0.6025987877057318,0.6666666666666669,0.7439838031152665,0.0,2.0,0.0033333333333333335,8523.626951255497,3650.6493050705,1140.0,haco_safemarl_pilot,generalization,21161731,6
0.0,0.16666666666666666,300.0,0.4705555555555555,0.6371148229247975,0.38642198697401964,0.6666666666666669,0.6932205200534376,0.0,2.0,0.01,994.0577510782877,567.5130337263922,1168.0,haco_safemarl_mappo,generalization,21161731,6
0.0,1.0,282.0,0.5407801418439716,0.5976638941582062,0.382987468153905,0.8333333333333331,0.7580744802720685,0.0,18.0,0.0,5941.739999999988,3439.0595332425546,0.0,fixed_auv_ga_pso_tlbo_proxy,generalization,21171738,6
0.0,1.0,215.0,0.6007751937984495,0.5565173181509964,0.2891436004691145,0.8333333333333333,0.6305962518981503,0.0,14.0,0.0,6217.800000000012,2942.0999999999926,0.0,independent_greedy,generalization,21171738,6
0.0,0.3333333333333333,300.0,0.5927777777777777,0.7083412214323771,0.5567032518697631,0.8333333333333331,0.687906023862862,0.0,15.0,0.0,8567.204312626416,4006.2181182198137,0.0,communication_aware,generalization,21171738,6
0.0,0.6666666666666666,300.0,0.3977777777777778,0.6755549924616782,0.3156656720908224,0.6666666666666669,0.7886260707548596,0.0,0.0,0.0,7529.733083882257,2156.0527760319655,1058.0,haco_safemarl_pilot_no_acoustic,generalization,21171738,6
0.0,0.6666666666666666,300.0,0.4972222222222222,0.618271102655322,0.3507763355047197,0.6666666666666669,0.6972003874385622,0.0,67.0,0.0,9602.590871440005,2819.5898699228114,0.0,haco_safemarl_pilot_no_shield,generalization,21171738,6
0.0,0.3333333333333333,300.0,0.4005555555555555,0.7673388028973964,0.5705842284125476,0.6666666666666669,0.7836302299717398,0.0,0.0,0.0,6512.739113024271,2138.4830225424116,1096.0,haco_safemarl_pilot,generalization,21171738,6
0.0,0.0,300.0,0.41388888888888886,0.6974395915285302,0.5041181974689618,0.6666666666666669,0.7683972821099622,0.0,0.0,0.0,1427.722399973139,799.1756612951297,1285.0,haco_safemarl_mappo,generalization,21171738,6
0.0,0.6666666666666666,300.0,0.38666666666666666,0.7402713490442309,0.44696844957954074,0.6888888888888888,0.8557778994277426,0.0,87.0,0.0,6320.999999999983,3959.6763477326635,0.0,fixed_auv_ga_pso_tlbo_proxy,generalization,21181745,6
0.0,1.0,264.0,0.5511363636363636,0.6013163059635366,0.12194028187397704,0.8271604938271605,0.6236795937016926,0.0,67.0,0.0,7634.880000000016,4140.299999999993,0.0,independent_greedy,generalization,21181745,6
0.0,0.6666666666666666,300.0,0.5311111111111111,0.7499832295066551,0.5326471130699553,1.0,0.8510829461339422,0.0,75.0,0.0,8723.100316962515,3769.358802850379,0.0,communication_aware,generalization,21181745,6
0.0,1.0,250.0,0.15466666666666662,0.8250181049749893,0.6504910975527562,0.33333333333333337,0.9123523790393477,0.0,18.0,0.096,8963.969270042371,2202.4634908055345,519.0,haco_safemarl_pilot_no_acoustic,generalization,21181745,6
0.0,1.0,259.0,0.35971685971685974,0.7608590512133464,0.43419146796557523,0.5,0.7809997806531596,0.0,63.0,0.07722007722007722,8822.741266334971,2255.408813631852,0.0,haco_safemarl_pilot_no_shield,generalization,21181745,6
0.0,1.0,252.0,0.14417989417989416,0.8304802445605329,0.6749954828482722,0.33333333333333337,0.9151963934811048,0.0,14.0,0.07936507936507936,9021.65441548774,2180.844906488541,496.0,haco_safemarl_pilot,generalization,21181745,6
0.0,0.0,300.0,0.24833333333333332,0.7425135680875279,0.3032384218869923,0.3333333333333334,0.8006043207439493,0.0,26.0,0.0,1460.9352803842405,558.8201113992518,1054.0,haco_safemarl_mappo,generalization,21181745,6
0.0,0.8333333333333334,300.0,0.5355555555555556,0.6297357158946859,0.33244952775345493,1.0,0.8570573662998365,0.0,216.0,0.0,6320.999999999983,3493.023358293924,0.0,fixed_auv_ga_pso_tlbo_proxy,generalization,21191752,6
0.0,1.0,256.0,0.7408854166666665,0.49513053492234554,0.13995948541335387,1.0,0.6114945721959401,0.0,164.0,0.0,7403.520000000015,3556.9000000000005,0.0,independent_greedy,generalization,21191752,6
0.0,0.5,300.0,0.5766666666666667,0.7389140193333958,0.6235670667450179,1.0,0.8139519234594743,0.0,375.0,0.0,8588.704749580946,3644.34839823245,0.0,communication_aware,generalization,21191752,6
0.0,0.6666666666666666,300.0,0.35888888888888887,0.7533564682208794,0.45359727215855505,0.6666666666666669,0.8048587086681962,0.0,0.0,0.0,9927.508107137763,3287.390530931125,1038.0,haco_safemarl_pilot_no_acoustic,generalization,21191752,6
0.0,0.6666666666666666,300.0,0.4672222222222222,0.673088617713513,0.3809274480862843,0.6944444444444443,0.6890451765376551,0.0,229.0,0.0,9796.316276536005,2848.2918155518983,0.0,haco_safemarl_pilot_no_shield,generalization,21191752,6
0.0,0.3333333333333333,300.0,0.3461111111111111,0.7943648091050176,0.638589105692393,0.6666666666666669,0.8316967506841993,0.0,0.0,0.0,9767.258153247429,3494.652171774674,1041.0,haco_safemarl_pilot,generalization,21191752,6
0.0,0.0,300.0,0.24111111111111108,0.7879608547556917,0.649797939502859,0.5,0.8934260296281574,0.0,0.0,0.0,1331.4624726743332,640.9947071256582,1189.0,haco_safemarl_mappo,generalization,21191752,6
0.0,1.0,280.0,0.6327380952380952,0.5801422300203201,0.38334052395013446,1.0,0.8214099226587983,0.0,25.0,0.0,5899.5999999999885,3397.101364152639,0.0,fixed_auv_ga_pso_tlbo_proxy,generalization,21201759,6
0.0,1.0,215.0,0.6751937984496124,0.5704771436025651,0.23975778548988283,1.0,0.7298437719449213,0.0,20.0,0.0,6217.800000000012,2983.6999999999957,0.0,independent_greedy,generalization,21201759,6
0.0,0.3333333333333333,300.0,0.7055555555555555,0.6714604131923793,0.5464823607723068,1.0,0.8263320152194239,0.0,0.0,0.0,8313.545827401416,3165.5738394505483,0.0,communication_aware,generalization,21201759,6
0.0,0.8333333333333334,300.0,0.47833333333333333,0.6538010927177716,0.41951845343429284,0.7555555555555552,0.7873000990500683,0.0,0.0,0.0,9767.981590590674,2690.0677960042335,1061.0,haco_safemarl_pilot_no_acoustic,generalization,21201759,6
0.0,1.0,295.0,0.5644067796610169,0.6028803057019664,0.40219054336197635,0.8333333333333331,0.7571590152696469,0.0,8.0,0.0,9614.997977860561,2346.755248384347,0.0,haco_safemarl_pilot_no_shield,generalization,21201759,6
0.0,0.3333333333333333,300.0,0.49,0.7478232420050754,0.653051669108867,0.7999999999999997,0.7958455156731619,0.0,0.0,0.0,9401.92861678001,3162.215595203393,1081.0,haco_safemarl_pilot,generalization,21201759,6
0.0,0.0,300.0,0.5338888888888887,0.7188731577647799,0.6140082209910224,0.8333333333333331,0.7411863681511992,0.0,0.0,0.0,896.5454280378159,684.4083228541946,1339.0,haco_safemarl_mappo,generalization,21201759,6
0.0,0.8333333333333334,300.0,0.5494444444444444,0.5736567282531214,0.23436029843204323,0.8333333333333331,0.6293968814828624,0.0,26.0,0.09,6320.999999999983,4069.8183341731283,0.0,fixed_auv_ga_pso_tlbo_proxy,generalization,21211766,6
0.0,1.0,269.0,0.6790582403965303,0.4748456672057487,0.20701314450812605,0.8333333333333331,0.41033404897618014,0.0,20.0,0.1412639405204461,7779.480000000016,4472.299999999989,0.0,independent_greedy,generalization,21211766,6
0.0,0.3333333333333333,300.0,0.5433333333333331,0.72170980427046,0.5666850298061661,0.8333333333333331,0.6303469275277621,0.0,0.0,0.08666666666666667,8654.286814551906,4459.350540864476,0.0,communication_aware,generalization,21211766,6
0.0,0.6666666666666666,300.0,0.45388888888888884,0.6805633168364665,0.36558327487257336,0.6666666666666669,0.7653325665910438,0.0,0.0,0.10666666666666667,9659.125433302444,2889.987506010579,1071.0,haco_safemarl_pilot_no_acoustic,generalization,21211766,6
0.0,0.3333333333333333,300.0,0.5855555555555555,0.5975022824250641,0.3108326859223006,0.6666666666666669,0.618276917819145,0.0,0.0,0.08333333333333333,9416.517052583235,3299.4145440308835,0.0,haco_safemarl_pilot_no_shield,generalization,21211766,6
0.0,0.3333333333333333,300.0,0.4327777777777777,0.7663836242223806,0.6200587593834346,0.6666666666666669,0.7732679671139681,0.0,0.0,0.09333333333333334,9327.326329986712,3454.4725082011423,1081.0,haco_safemarl_pilot,generalization,21211766,6
0.0,0.16666666666666666,300.0,0.4594444444444444,0.7091529648448485,0.42920198768833917,0.6666666666666669,0.7060410261902518,0.0,0.0,0.11333333333333333,1258.5131886059626,256.4725763087739,1359.0,haco_safemarl_mappo,generalization,21211766,6
0.0,0.6666666666666666,300.0,0.5766666666666665,0.5594748551095379,0.25360214115901525,1.0,0.7760545307807473,0.0,141.0,0.0,6320.999999999983,3399.1011985675423,0.0,fixed_auv_ga_pso_tlbo_proxy,generalization,21221773,6
0.0,1.0,270.0,0.6839506172839507,0.47260496203611413,0.25348948740388627,1.0,0.8147291734749503,0.0,108.0,0.0,7808.400000000016,3960.699999999991,0.0,independent_greedy,generalization,21221773,6
0.0,0.3333333333333333,300.0,0.5999999999999999,0.6875170369231995,0.5401057275010562,1.0,0.7524428264392502,0.0,238.0,0.0,8535.732272661624,3449.126341195891,0.0,communication_aware,generalization,21221773,6
0.0,0.3333333333333333,300.0,0.4805555555555555,0.7059994793915706,0.5927770505097446,0.8333333333333331,0.8065327096098569,0.0,0.0,0.0,6971.0776941582,2584.072448501021,1368.0,haco_safemarl_pilot_no_acoustic,generalization,21221773,6
0.0,0.3333333333333333,300.0,0.6349999999999999,0.5805360738058916,0.46497967342984897,1.0,0.7049149003931753,0.0,140.0,0.0,9751.18002890994,3006.1387515041188,0.0,haco_safemarl_pilot_no_shield,generalization,21221773,6
0.0,0.16666666666666666,300.0,0.4755555555555555,0.764370300377416,0.6410916120914931,0.8333333333333331,0.7927550928997883,0.0,0.0,0.0,6894.380394116287,2904.6245902594346,1460.0,haco_safemarl_pilot,generalization,21221773,6
0.0,0.0,300.0,0.4666666666666667,0.7586884192221853,0.6842265618615122,1.0,0.9120273607395949,0.0,0.0,0.0,1114.714283336589,582.737882008608,1435.0,haco_safemarl_mappo,generalization,21221773,6
0.0,0.8333333333333334,300.0,0.6944444444444444,0.4905903799679452,0.20749131869806609,0.8333333333333331,0.42612595855329705,0.0,28.0,0.0,6320.999999999983,4471.217984712675,0.0,fixed_auv_ga_pso_tlbo_proxy,generalization,21231780,6
0.0,1.0,242.0,0.6921487603305785,0.45559888099324664,0.08561421000260609,0.8333333333333333,0.4114699812929681,0.0,22.0,0.0,6998.640000000014,4374.699999999993,0.0,independent_greedy,generalization,21231780,6
0.0,0.6666666666666666,300.0,0.7294444444444443,0.6381444630705898,0.4596995615926469,0.8333333333333331,0.37959308443022644,0.0,118.0,0.0,8259.569577135237,3725.9570134932064,0.0,communication_aware,generalization,21231780,6
0.0,0.6666666666666666,300.0,0.45611111111111113,0.6818654805416672,0.17895813788447132,0.6666666666666669,0.7260685644355663,0.0,12.0,0.0,9503.837853790881,2921.0471603170545,1155.0,haco_safemarl_pilot_no_acoustic,generalization,21231780,6
0.0,0.8333333333333334,300.0,0.7405555555555554,0.5725442803146548,0.19181577483031068,1.0,0.6037199438206665,0.0,96.0,0.0,9596.666110565313,2690.2556607860715,0.0,haco_safemarl_pilot_no_shield,generalization,21231780,6
0.0,0.5,300.0,0.4211111111111111,0.7524137489732357,0.5125049529862424,0.5666666666666667,0.7342692905483978,0.0,12.0,0.0,8147.238371686826,2997.156881076124,1188.0,haco_safemarl_pilot,generalization,21231780,6
0.0,0.0,300.0,0.4527777777777777,0.6552032132241421,0.4449881759819227,0.6666666666666669,0.7035357160526163,0.0,38.0,0.0,1055.6905506909354,881.1951910375103,1734.0,haco_safemarl_mappo,generalization,21231780,6
0.0,0.8333333333333334,300.0,0.5777777777777777,0.5278155445362253,0.21063299502942823,0.8333333333333331,0.647885175298806,0.0,230.0,0.0,6320.999999999983,3891.656233349915,0.0,fixed_auv_ga_pso_tlbo_proxy,generalization,21241787,6
0.0,1.0,252.0,0.7103174603174603,0.47785199463045425,0.10961124184151773,0.8333333333333333,0.3936618157129039,0.0,199.0,0.0,7287.840000000015,4109.899999999995,0.0,independent_greedy,generalization,21241787,6
0.0,0.3333333333333333,300.0,0.5788888888888888,0.6761397553749965,0.46524169217589145,0.8333333333333331,0.6114126154531004,0.0,240.0,0.0,8560.126553940288,4310.857256424306,0.0,communication_aware,generalization,21241787,6
0.0,0.6666666666666666,300.0,0.4988888888888889,0.6167128517540439,0.22972550917512125,0.6666666666666669,0.6397646029660691,0.0,0.0,0.0,8868.273477771298,2996.549674598206,1181.0,haco_safemarl_pilot_no_acoustic,generalization,21241787,6
0.0,0.6666666666666666,300.0,0.5527777777777777,0.5714717398444534,0.25696158272291864,0.6666666666666669,0.5548833847523075,0.0,0.0,0.0,9359.67923775809,2989.355151722121,0.0,haco_safemarl_pilot_no_shield,generalization,21241787,6
0.0,0.3333333333333333,300.0,0.4905555555555555,0.7403695663195928,0.545037684583506,0.6666666666666669,0.6552133347210969,0.0,0.0,0.0,9279.577172164285,3457.867881976838,1104.0,haco_safemarl_pilot,generalization,21241787,6
0.0,0.0,300.0,0.4522222222222223,0.6459614458550231,0.3078934997130462,0.6666666666666669,0.670920493965429,0.0,0.0,0.0,1111.2235405665865,787.8081008700397,1303.0,haco_safemarl_mappo,generalization,21241787,6
0.0,0.8333333333333334,300.0,0.38388888888888884,0.6637330649327242,0.3984450489207126,0.6666666666666669,0.7863799873970259,0.0,254.0,0.0,6320.999999999983,3895.050770171497,0.0,fixed_auv_ga_pso_tlbo_proxy,generalization,21251794,6
0.0,0.8333333333333334,300.0,0.6799999999999998,0.5405051492178795,0.11778311474284738,0.8333333333333331,0.5775642363832936,0.0,353.0,0.0,8676.000000000018,5117.700000000001,0.0,independent_greedy,generalization,21251794,6
0.0,0.5,300.0,0.4327777777777777,0.7418180337709473,0.5390118521402593,0.6666666666666669,0.7433211399898041,0.0,126.0,0.0,8772.425066330448,4119.483448264945,0.0,communication_aware,generalization,21251794,6
0.0,0.6666666666666666,300.0,0.28222222222222226,0.7659456399877344,0.5126850906957588,0.5111111111111111,0.8885340282497595,0.0,0.0,0.0,10170.317691443051,3013.5369298948476,828.0,haco_safemarl_pilot_no_acoustic,generalization,21251794,6
0.0,0.8333333333333334,300.0,0.49,0.6961620338356173,0.42966337802864263,1.0,0.8473948402833765,0.0,99.0,0.0,9942.909291843785,2495.4242159459036,0.0,haco_safemarl_pilot_no_shield,generalization,21251794,6
0.0,0.3333333333333333,300.0,0.3911111111111111,0.7745879818271408,0.5486847739323006,0.6666666666666669,0.7893617636000496,0.0,0.0,0.0,9467.433614122328,3217.529561928245,874.0,haco_safemarl_pilot,generalization,21251794,6
0.0,0.0,300.0,0.37499999999999994,0.7614806941874359,0.6809910670295394,0.6666666666666669,0.8388811338488086,0.0,0.0,0.0,1209.1733030014018,605.83193584872,1094.0,haco_safemarl_mappo,generalization,21251794,6
0.0,0.8333333333333334,300.0,0.4683333333333332,0.6816226387107728,0.4479726483667319,0.8333333333333331,0.7507783641255924,0.0,77.0,0.0,6320.999999999983,3878.183876167161,0.0,fixed_auv_ga_pso_tlbo_proxy,generalization,21261801,6
0.0,1.0,257.0,0.5726329442282749,0.6140461930907448,0.2791062458082292,0.8333333333333333,0.6172674733698196,0.0,59.0,0.0,7432.440000000015,4111.099999999996,0.0,independent_greedy,generalization,21261801,6
0.0,0.3333333333333333,300.0,0.4533333333333333,0.7618116273178059,0.5973909759556408,0.7999999999999997,0.7272006272208692,0.0,85.0,0.0,8794.146980205456,4236.1940730961405,0.0,communication_aware,generalization,21261801,6
0.0,0.6666666666666666,300.0,0.2788888888888889,0.7552998865523475,0.36863459259562326,0.6277777777777779,0.8713860425066438,0.0,0.0,0.0,9863.105272603578,2897.15671553618,779.0,haco_safemarl_pilot_no_acoustic,generalization,21261801,6
0.0,0.6666666666666666,300.0,0.445,0.6920890793410585,0.43644542079684046,0.6666666666666669,0.7005197036319969,0.0,58.0,0.0,9719.67231045209,3013.5122689661534,0.0,haco_safemarl_pilot_no_shield,generalization,21261801,6
0.0,0.5,300.0,0.305,0.8024398949684456,0.6277970594713405,0.6666666666666669,0.8769782430640717,0.0,0.0,0.0,9582.413148413372,3246.309798803186,839.0,haco_safemarl_pilot,generalization,21261801,6
0.0,0.0,300.0,0.15944444444444442,0.8310617193529384,0.7514614668773846,0.5,0.9544384155049146,0.0,0.0,0.0,942.1220643377715,451.548839865594,881.0,haco_safemarl_mappo,generalization,21261801,6
0.0,0.6666666666666666,300.0,0.47277777777777774,0.6229445201830756,0.2596023265475152,0.8333333333333331,0.7184060432952379,0.0,139.0,0.0,6320.999999999983,3738.791384097261,0.0,fixed_auv_ga_pso_tlbo_proxy,generalization,21271808,6
0.0,1.0,291.0,0.6185567010309279,0.5172276664027889,0.11322974165389434,0.8333333333333331,0.5696606355142874,0.0,106.0,0.0,8415.720000000018,4575.899999999997,0.0,independent_greedy,generalization,21271808,6
0.0,0.16666666666666666,300.0,0.5238888888888887,0.7227745738432352,0.5082857486260428,0.8333333333333331,0.7020225771005437,0.0,185.0,0.0,8624.77845992261,3848.317158555673,0.0,communication_aware,generalization,21271808,6
0.0,0.6666666666666666,300.0,0.3972222222222221,0.7229042913039214,0.38818267069637136,0.8333333333333331,0.8522130863352724,0.0,12.0,0.0,9750.99947674416,3145.4208279964864,1038.0,haco_safemarl_pilot_no_acoustic,generalization,21271808,6
0.0,0.5,300.0,0.55,0.6153484772070394,0.3316475376857765,0.8333333333333331,0.6938539828525248,0.0,119.0,0.0,9702.28043370071,3025.410013265808,0.0,haco_safemarl_pilot_no_shield,generalization,21271808,6
0.0,0.16666666666666666,300.0,0.39277777777777767,0.7788213424339657,0.6110929965018539,0.8333333333333331,0.857253056465334,0.0,12.0,0.0,9484.590963637904,3571.389330015786,1036.0,haco_safemarl_pilot,generalization,21271808,6
0.0,0.0,300.0,0.3122222222222221,0.7642051542810461,0.622067911528089,0.6666666666666669,0.884300000184871,0.0,24.0,0.0,1149.835239711742,557.097060051341,1217.0,haco_safemarl_mappo,generalization,21271808,6
0.0,0.8333333333333334,300.0,0.7755555555555556,0.41322181470284586,0.2564937036902784,1.0,0.5061714610374399,0.0,276.0,0.0,6320.999999999983,3311.462739470319,0.0,fixed_auv_ga_pso_tlbo_proxy,generalization,21281815,6
0.0,1.0,239.0,0.7747559274755927,0.3966161870125309,0.09677351730202077,1.0,0.53043429613547,0.0,220.0,0.0,6911.880000000014,3135.6999999999994,0.0,independent_greedy,generalization,21281815,6
0.0,0.0,300.0,0.8166666666666667,0.6201398830474796,0.46962391014054267,1.0,0.5422118656828232,0.0,104.0,0.0,8079.3734904207895,2992.4992617001058,0.0,communication_aware,generalization,21281815,6
0.0,0.5,300.0,0.6683333333333331,0.5731293301889536,0.244725133666707,0.9055555555555556,0.6996725519676901,0.0,1.0,0.0,9626.055850018602,3113.7426092953383,1467.0,haco_safemarl_pilot_no_acoustic,generalization,21281815,6
0.0,0.3333333333333333,300.0,0.7888888888888888,0.4817501204164744,0.28045692308505277,1.0,0.6586749865013559,0.0,83.0,0.0,9439.576650350295,2969.8753594950513,0.0,haco_safemarl_pilot_no_shield,generalization,21281815,6
0.0,0.0,300.0,0.7116666666666667,0.6921279894488864,0.5330295831166696,1.0,0.6126881660476531,0.0,1.0,0.0,9163.941156716344,3302.312085891888,1530.0,haco_safemarl_pilot,generalization,21281815,6
0.0,0.0,300.0,0.6333333333333333,0.6181631607212075,0.3910211653833945,1.0,0.7222730708460932,0.0,1.0,0.0,1100.7794956995906,234.43664594448558,1689.0,haco_safemarl_mappo,generalization,21281815,6
0.0,0.6666666666666666,300.0,0.7711111111111112,0.47983721189232065,0.21119329981086962,1.0,0.7675583768829913,0.0,90.0,0.0,6320.999999999983,3808.664198380669,0.0,fixed_auv_ga_pso_tlbo_proxy,generalization,21291822,6
0.0,1.0,284.0,0.8591549295774648,0.41157507202758503,0.15368233525807934,1.0,0.5274725270829319,0.0,69.0,0.0,8213.280000000017,4739.299999999991,0.0,independent_greedy,generalization,21291822,6
0.0,0.5,300.0,0.8016666666666666,0.6279376161374911,0.4823130405903176,1.0,0.7662049557590059,0.0,22.0,0.0,8154.4344791976955,3322.8847433378924,0.0,communication_aware,generalization,21291822,6
0.0,0.6666666666666666,300.0,0.445,0.6761965533729718,0.26814150481703103,0.6777777777777778,0.7957284255981782,0.0,11.0,0.0,6999.2643552292275,1995.7222086108384,1440.0,haco_safemarl_pilot_no_acoustic,generalization,21291822,6
0.0,0.6666666666666666,300.0,0.6788888888888889,0.606642558794658,0.28617326926810366,0.9388888888888889,0.6754739258605221,0.0,149.0,0.0,9515.381551142773,2850.221315473926,0.0,haco_safemarl_pilot_no_shield,generalization,21291822,6
0.0,0.5,300.0,0.513888888888889,0.7502520788058537,0.5388088049989104,0.8333333333333331,0.7411306325282401,0.0,11.0,0.0,7106.977713697756,2344.4552263973383,1421.0,haco_safemarl_pilot,generalization,21291822,6
0.0,0.0,300.0,0.533888888888889,0.586704544399506,0.3384774231163005,0.6666666666666669,0.6382721556457659,0.0,11.0,0.0,956.3560985924241,377.55058463988723,1443.0,haco_safemarl_mappo,generalization,21291822,6
0.0,0.6666666666666666,300.0,0.6455555555555554,0.5069273346624447,0.16962820983522225,0.8333333333333331,0.4747223115862584,0.0,76.0,0.043333333333333335,6320.999999999983,3300.3443536459877,0.0,fixed_auv_ga_pso_tlbo_proxy,generalization,21301829,6
0.0,1.0,291.0,0.7359679266895762,0.43169504978632767,0.0934046139543531,0.8333333333333331,0.4676238254679103,0.0,58.0,0.061855670103092786,8415.720000000018,4154.099999999994,0.0,independent_greedy,generalization,21301829,6
0.0,0.0,300.0,0.7238888888888889,0.6647333365194074,0.4449887286436862,1.0,0.5001174321120171,0.0,0.0,0.02666666666666667,8266.097622367392,3045.775626460393,0.0,communication_aware,generalization,21301829,6
0.0,0.5,300.0,0.5533333333333333,0.6171369869627692,0.2740543714515921,0.8333333333333331,0.6382237597622518,0.0,0.0,0.07333333333333333,5891.305036932158,1858.6419944732431,1628.0,haco_safemarl_pilot_no_acoustic,generalization,21301829,6
0.0,0.3333333333333333,300.0,0.7205555555555556,0.5263842807698105,0.26060233185899884,0.9388888888888889,0.42548121384245774,0.0,79.0,0.06,9659.647100646362,3002.261851058998,0.0,haco_safemarl_pilot_no_shield,generalization,21301829,6
0.0,0.16666666666666666,300.0,0.5766666666666665,0.7173810192731997,0.5363877082435888,0.8333333333333331,0.6163556460783051,0.0,0.0,0.06666666666666667,4973.515128805406,1738.0595638686773,1669.0,haco_safemarl_pilot,generalization,21301829,6
0.0,0.0,300.0,0.4972222222222222,0.6627700880725973,0.383112410398735,0.7277777777777775,0.6365403417026982,0.0,0.0,0.06666666666666667,2156.772259795174,1321.7833631004028,1657.0,haco_safemarl_mappo,generalization,21301829,6
0.0,0.8333333333333334,300.0,0.11388888888888889,0.8481570732381948,0.6677047054540394,0.3333333333333334,0.9601000094022418,0.0,0.0,0.0,6320.999999999983,4733.73620068039,0.0,fixed_auv_ga_pso_tlbo_proxy,generalization,21311836,6
0.0,0.8333333333333334,300.0,0.24444444444444438,0.7549059888288983,0.3594003587774432,0.4222222222222222,0.8205433970240001,0.0,0.0,0.0,8676.000000000018,5941.499999999996,0.0,independent_greedy,generalization,21311836,6
0.0,0.6666666666666666,300.0,0.14222222222222222,0.8616232317896925,0.7564703449622617,0.3333333333333334,0.9426845085235986,0.0,0.0,0.0,9294.658167042682,5752.794360909313,0.0,communication_aware,generalization,21311836,6
0.0,0.8333333333333334,300.0,0.13222222222222224,0.8403115926403704,0.6209465029272081,0.5,0.9550308290800615,0.0,0.0,0.08,7036.940449639133,1982.445825400406,685.0,haco_safemarl_pilot_no_acoustic,generalization,21311836,6
0.0,0.8333333333333334,300.0,0.31888888888888883,0.7959994162570304,0.5237000436090704,0.8333333333333331,0.856078935214079,0.0,220.0,0.0033333333333333335,9761.715953494077,2622.1637879252003,0.0,haco_safemarl_pilot_no_shield,generalization,21311836,6
0.0,0.6666666666666666,300.0,0.1183333333333333,0.86173043574802,0.7440141141715086,0.3333333333333334,0.9576402656124404,0.0,0.0,0.07,6334.220866631465,2598.893999648295,723.0,haco_safemarl_pilot,generalization,21311836,6
0.0,0.16666666666666666,300.0,0.13666666666666666,0.8406642593458726,0.7300526216107301,0.3333333333333334,0.9443904773639544,0.0,0.0,0.0,1203.6263355343335,292.8500260079935,608.0,haco_safemarl_mappo,generalization,21311836,6
0.0,0.6666666666666666,300.0,0.586111111111111,0.5871576987373057,0.37060074634679,0.8333333333333331,0.6945226528537878,0.0,327.0,0.0,6320.999999999983,4233.623230554075,0.0,fixed_auv_ga_pso_tlbo_proxy,generalization,21321843,6
0.0,1.0,263.0,0.6286438529784537,0.5586433876309872,0.30936945089353024,0.8333333333333331,0.6174099404469249,0.0,284.0,0.0,7605.9600000000155,4650.099999999994,0.0,independent_greedy,generalization,21321843,6
0.0,0.5,300.0,0.6183333333333333,0.6999804651667493,0.610703947428279,0.8333333333333331,0.6433899607425849,0.0,478.0,0.0,8476.750239053004,4012.3819254750815,0.0,communication_aware,generalization,21321843,6
0.0,0.3333333333333333,300.0,0.28111111111111114,0.7587420413738838,0.553933681155003,0.5611111111111111,0.8686924653660518,0.0,6.0,0.0,9524.306555091749,4188.502430710478,1092.0,haco_safemarl_pilot_no_acoustic,generalization,21321843,6
0.0,0.6666666666666666,300.0,0.49111111111111116,0.6594386402792848,0.43887457784678663,0.811111111111111,0.7032712081516226,0.0,207.0,0.0,9464.45853763597,3106.718355715237,0.0,haco_safemarl_pilot_no_shield,generalization,21321843,6
0.0,0.3333333333333333,300.0,0.29055555555555557,0.8016917945625298,0.7078845235417854,0.5833333333333334,0.882008154073986,0.0,6.0,0.0,9401.20173214839,4072.1606960092276,1095.0,haco_safemarl_pilot,generalization,21321843,6
0.0,0.16666666666666666,300.0,0.23,0.7305341464407926,0.47559502135539466,0.3333333333333334,0.8475650433285852,0.0,6.0,0.0,691.0744384225595,497.0641091548048,1243.0,haco_safemarl_mappo,generalization,21321843,6
0.0,1.0,262.0,0.6965648854961832,0.4936243543070444,0.32398377787239724,1.0,0.8788907685341947,0.0,243.0,0.0,5520.339999999994,2988.1363714716167,0.0,fixed_auv_ga_pso_tlbo_proxy,generalization,21331850,6
0.0,1.0,200.0,0.7375,0.47341427899383776,0.15810555962030912,1.0,0.7414921757188142,0.0,185.0,0.085,5784.000000000011,2661.4999999999955,0.0,independent_greedy,generalization,21331850,6
0.0,0.5,300.0,0.7611111111111111,0.617019691760305,0.49814304730086545,1.0,0.8535526992539156,0.0,285.0,0.0,8174.987038356433,3016.2921870314535,0.0,communication_aware,generalization,21331850,6
0.0,0.5,300.0,0.5177777777777777,0.6712359092731984,0.46933578312304697,0.8333333333333331,0.7405240706230986,0.0,0.0,0.0,8118.004650519022,2710.933827309758,1500.0,haco_safemarl_pilot_no_acoustic,generalization,21331850,6
0.0,0.6666666666666666,300.0,0.7044444444444444,0.5509670156373405,0.2826281646343355,1.0,0.8347313157696992,0.0,198.0,0.08333333333333333,9597.316101454386,2767.4942956429427,0.0,haco_safemarl_pilot_no_shield,generalization,21331850,6
0.0,0.3333333333333333,300.0,0.5027777777777778,0.7392805355015738,0.5875503878992275,0.8333333333333331,0.729088731183437,0.0,0.0,0.0,9345.685094671371,3607.9763488182743,1387.0,haco_safemarl_pilot,generalization,21331850,6
0.0,0.0,300.0,0.4144444444444444,0.6968004250365243,0.5285342793938774,0.6666666666666669,0.7415420434287204,0.0,0.0,0.013333333333333334,1146.745209509072,1040.4546041737563,1414.0,haco_safemarl_mappo,generalization,21331850,6
0.0,0.3333333333333333,300.0,0.5277777777777778,0.5915303775039842,0.459856669155048,1.0,0.9242345162471075,0.0,30.0,0.0,6320.999999999983,2704.3145015157133,0.0,fixed_auv_ga_pso_tlbo_proxy,generalization,21341857,6
0.0,0.8333333333333334,300.0,0.6744444444444444,0.4473119258440357,0.276835521457801,1.0,0.8812889448037838,0.0,46.0,0.0,8676.000000000018,3683.30000000001,0.0,independent_greedy,generalization,21341857,6
0.0,0.16666666666666666,300.0,0.5916666666666667,0.7111088807216753,0.6478898712989476,1.0,0.9223358156318441,0.0,51.0,0.0,8503.371394382038,3078.6431131564923,0.0,communication_aware,generalization,21341857,6
0.0,0.3333333333333333,300.0,0.5383333333333332,0.6567929706829465,0.5378062731512766,1.0,0.8925643868148273,0.0,0.0,0.0,9900.599888023564,3258.7036080050343,1198.0,haco_safemarl_pilot_no_acoustic,generalization,21341857,6
0.0,0.3333333333333333,300.0,0.6516666666666666,0.5741896203503613,0.4380526225821064,1.0,0.9462818270360879,0.0,32.0,0.0,9862.208506027122,3067.2753040119046,0.0,haco_safemarl_pilot_no_shield,generalization,21341857,6
0.0,0.16666666666666666,300.0,0.5416666666666666,0.7444242783313121,0.6967060864395261,1.0,0.9192144690836968,0.0,0.0,0.0,9696.994265459007,3535.8819295836,1213.0,haco_safemarl_pilot,generalization,21341857,6
0.0,0.0,300.0,0.4894444444444444,0.6377079453594297,0.493369636855437,0.8333333333333331,0.7796835331374603,0.0,0.0,0.0,1488.341199822895,722.5547908081866,1427.0,haco_safemarl_mappo,generalization,21341857,6
0.0,0.6666666666666666,300.0,0.5277777777777778,0.5653764556275468,0.2683489943738398,0.6944444444444443,0.6031811229318308,0.0,90.0,0.0,6320.999999999983,3060.103727635666,0.0,fixed_auv_ga_pso_tlbo_proxy,generalization,21351864,6
0.0,1.0,244.0,0.6311475409836066,0.5057144588194444,0.2073350921294041,0.8133333333333332,0.4986149583979933,0.0,84.0,0.0,7056.480000000014,2785.2999999999934,0.0,independent_greedy,generalization,21351864,6
0.0,0.16666666666666666,300.0,0.5866666666666664,0.7253465169916264,0.5641640372651946,0.8333333333333331,0.5964699036080232,0.0,96.0,0.0,8515.937409037186,3442.823477837343,0.0,communication_aware,generalization,21351864,6
0.0,0.5,300.0,0.49388888888888893,0.6552632765998123,0.35994531827393755,0.8222222222222221,0.6668313816132951,0.0,0.0,0.0,9908.602206034639,2948.910253700503,1097.0,haco_safemarl_pilot_no_acoustic,generalization,21351864,6
0.0,0.5,300.0,0.6311111111111111,0.5941670342669133,0.4143457633266528,0.8333333333333331,0.5222722900029323,0.0,56.0,0.0,9722.9063255253,3111.5453694026,0.0,haco_safemarl_pilot_no_shield,generalization,21351864,6
0.0,0.3333333333333333,300.0,0.4927777777777777,0.7555665049633797,0.6050343463986003,0.7277777777777775,0.650440171434705,0.0,0.0,0.0,9565.730636184982,3159.846374075479,1118.0,haco_safemarl_pilot,generalization,21351864,6
0.0,0.0,300.0,0.5116666666666667,0.5999659011915424,0.3401007852878334,0.6666666666666669,0.6200184887824806,0.0,0.0,0.0,1361.962062301593,60.67482547433985,1217.0,haco_safemarl_mappo,generalization,21351864,6
0.0,1.0,288.0,0.5203993055555556,0.6390960892805102,0.26746124557622764,0.75,0.6556838733775324,0.0,332.0,0.0,6554.880000000043,4289.7768794974845,0.0,fixed_auv_ga_pso_tlbo_proxy,generalization,21162071,8
0.0,1.0,221.0,0.5537330316742082,0.6309595679980838,0.3146821190911372,0.75,0.6586185663524791,0.0,256.0,0.0,7030.010000000031,3967.2999999999993,0.0,independent_greedy,generalization,21162071,8
0.0,0.5,300.0,0.5345833333333333,0.736202280942203,0.5804272872272392,0.75,0.6370882913723801,0.0,439.0,0.0,9127.890105615234,4900.257898942446,0.0,communication_aware,generalization,21162071,8
0.0,0.5,300.0,0.23333333333333334,0.7867021419503922,0.554282446802146,0.375,0.8878743884115009,0.0,37.0,0.0,7730.921211184316,3685.5509340951908,1540.0,haco_safemarl_pilot_no_acoustic,generalization,21162071,8
0.0,0.5,300.0,0.4379166666666667,0.6610421845499688,0.41079522088809206,0.65,0.7327105685868155,0.0,431.0,0.0,9827.82755683389,3564.522717219103,0.0,haco_safemarl_pilot_no_shield,generalization,21162071,8
0.0,0.5,300.0,0.2325,0.8168550983438098,0.6846065270388344,0.375,0.8915226411631282,0.0,39.0,0.0,9093.759782359719,3994.3287101036553,1424.0,haco_safemarl_pilot,generalization,21162071,8
0.0,0.0,300.0,0.3283333333333333,0.7498480759754838,0.40530422494255414,0.625,0.839002138692596,0.0,13.0,0.0,1726.9138568923847,2187.2254028206394,1826.0,haco_safemarl_mappo,generalization,21162071,8
0.0,1.0,283.0,0.6824204946996466,0.4760083964941811,0.2741778498199945,0.875,0.5672860829447625,0.02120141342756184,466.0,0.09187279151943463,6441.080000000042,3625.7141155371464,0.0,fixed_auv_ga_pso_tlbo_proxy,generalization,21172078,8
0.0,1.0,216.0,0.6736111111111112,0.4720239426940726,0.17638118660717275,0.875,0.5342487839852237,0.0,356.0,0.10648148148148148,6870.960000000029,3216.500000000004,0.0,independent_greedy,generalization,21172078,8
0.0,0.125,300.0,0.7175,0.6454730475898358,0.49175433767731636,0.875,0.5043757241171812,0.023333333333333334,473.0,0.08333333333333333,8550.205612782025,3879.68847247566,0.0,communication_aware,generalization,21172078,8
0.0,0.125,300.0,0.57,0.6474337390345409,0.3056488360212147,0.875,0.7185620985152273,0.0033333333333333335,6.0,0.09,9482.286354013237,4281.971727881569,1815.0,haco_safemarl_pilot_no_acoustic,generalization,21172078,8
0.0,0.25,300.0,0.7029166666666666,0.5040287099024958,0.299266490703592,0.875,0.5262575464723241,0.03,491.0,0.08333333333333333,9631.858772890953,3288.989917106654,0.0,haco_safemarl_pilot_no_shield,generalization,21172078,8
0.0,0.125,300.0,0.5445833333333333,0.740452975599736,0.6027311969995777,0.875,0.74359572853525,0.0,6.0,0.09,9222.66304269898,3989.3160580978392,1834.0,haco_safemarl_pilot,generalization,21172078,8
0.0,0.0,300.0,0.6495833333333333,0.6325576336524182,0.4998938775215291,0.875,0.6470911678710667,0.0,13.0,0.14333333333333334,1306.8812864734407,1316.7707811965452,1931.0,haco_safemarl_mappo,generalization,21172078,8
0.0,0.625,300.0,0.7958333333333333,0.3842012122017716,0.2549821789595862,1.0,0.7076417049900743,0.0,26.0,0.0,6828.0000000000455,3737.572663901015,0.0,fixed_auv_ga_pso_tlbo_proxy,generalization,21182085,8
0.0,1.0,291.0,0.8406357388316151,0.29873186339028795,0.10982483331509171,1.0,0.5055721252578077,0.0,63.0,0.0,9256.71000000003,4982.09999999999,0.0,independent_greedy,generalization,21182085,8
0.0,0.125,300.0,0.8266666666666667,0.6011675424946404,0.4999047230459265,1.0,0.7287918601105415,0.0,147.0,0.0,8271.63798949141,3087.319124563814,0.0,communication_aware,generalization,21182085,8
0.0,0.375,300.0,0.6795833333333333,0.5791724123712673,0.27167974829056885,1.0,0.7758118091883179,0.0,0.0,0.0,9951.181155193484,3267.989817135583,2006.0,haco_safemarl_pilot_no_acoustic,generalization,21182085,8
0.0,0.25,300.0,0.79625,0.4796046271854507,0.27422059700803475,1.0,0.6753456922298822,0.0,84.0,0.0,9729.620290297571,3079.7770414981287,0.0,haco_safemarl_pilot_no_shield,generalization,21182085,8
0.0,0.0,300.0,0.7525,0.6731829999109852,0.5699025086571088,1.0,0.7452350375387127,0.0,0.0,0.0,9364.731101829213,3639.8073506823566,2141.0,haco_safemarl_pilot,generalization,21182085,8
0.0,0.0,300.0,0.6991666666666667,0.5943369786407328,0.4833795774067976,1.0,0.7381451356166552,0.0,0.0,0.0,1488.8221078368483,722.4980051143374,2325.0,haco_safemarl_mappo,generalization,21182085,8
0.0,0.625,300.0,0.6283333333333333,0.5216334660876857,0.20163704863778187,1.0,0.7329687821813673,0.0,202.0,0.0,6828.0000000000455,3249.964118293673,0.0,fixed_auv_ga_pso_tlbo_proxy,generalization,21192092,8
0.0,1.0,290.0,0.7043103448275863,0.42959164576502235,0.062698580447691,1.0,0.6944385417280504,0.0,156.0,0.0,9224.900000000029,4541.500000000024,0.0,independent_greedy,generalization,21192092,8
0.0,0.125,300.0,0.6854166666666667,0.665496720398394,0.43308006779486835,1.0,0.7340007725134431,0.0,167.0,0.0,8574.665722832122,3057.173111777678,0.0,communication_aware,generalization,21192092,8
0.0,0.375,300.0,0.6258333333333334,0.6093814070169637,0.24129192277482103,1.0,0.738800773917006,0.0,2.0,0.0,10088.912457096252,3382.473707787929,1799.0,haco_safemarl_pilot_no_acoustic,generalization,21192092,8
0.0,0.25,300.0,0.6791666666666667,0.5336340192022484,0.2619922897710259,1.0,0.7388640758447925,0.0,339.0,0.0,10030.06447985167,3094.490496268332,0.0,haco_safemarl_pilot_no_shield,generalization,21192092,8
0.0,0.125,300.0,0.6366666666666667,0.7182734957120522,0.5599707890959356,1.0,0.7598612154154066,0.0,2.0,0.0,9240.940950049308,3337.58212441493,1851.0,haco_safemarl_pilot,generalization,21192092,8
0.0,0.0,300.0,0.5466666666666666,0.6263098361215972,0.35965767683256944,0.975,0.7222108335133155,0.0,7.0,0.0,1510.8382290209634,412.78532112117904,1913.0,haco_safemarl_mappo,generalization,21192092,8
0.0,0.875,300.0,0.6708333333333333,0.46026354050712387,0.14410085031443168,1.0,0.7557300344044063,0.0,272.0,0.0,6828.0000000000455,3273.9117988521666,0.0,fixed_auv_ga_pso_tlbo_proxy,generalization,21202099,8
0.0,1.0,281.0,0.7286476868327402,0.40536879256763775,0.047644283036234455,1.0,0.7640280559883528,0.0,223.0,0.0,8938.610000000033,4572.100000000012,0.0,independent_greedy,generalization,21202099,8
0.0,0.125,300.0,0.7125,0.6284393866582921,0.40253079820308507,1.0,0.7572913749456704,0.0,62.0,0.0,8489.145215831173,2989.8237649889315,0.0,communication_aware,generalization,21202099,8
0.0,0.125,300.0,0.6391666666666667,0.566539170404509,0.1830856125075465,1.0,0.788656975006542,0.0,0.0,0.0,10013.521087135949,3676.585465966262,1755.0,haco_safemarl_pilot_no_acoustic,generalization,21202099,8
0.0,0.125,300.0,0.72,0.49031925824689504,0.2512617110635585,1.0,0.7782496000557643,0.0,447.0,0.0,9842.74435969046,3179.3425269968393,0.0,haco_safemarl_pilot_no_shield,generalization,21202099,8
0.0,0.125,300.0,0.6754166666666667,0.6911517965611584,0.5348592537026442,1.0,0.8081472464220016,0.0,0.0,0.0,9525.379610923274,3268.0231481147434,1882.0,haco_safemarl_pilot,generalization,21202099,8
0.0,0.0,300.0,0.6816666666666666,0.6028948154054994,0.2770459473627732,1.0,0.7127004902805607,0.0,0.0,0.0,1362.9553047445886,791.4790691861879,2059.0,haco_safemarl_mappo,generalization,21202099,8
0.0,0.875,300.0,0.8029166666666666,0.36793591592238645,0.2342681587978722,0.875,0.2927930167691575,0.0,213.0,0.14666666666666667,6828.0000000000455,4706.992156975624,0.0,fixed_auv_ga_pso_tlbo_proxy,generalization,21212106,8
0.0,1.0,245.0,0.8142857142857143,0.3406901431502919,0.17111299030473975,0.875,0.25959247645849903,0.0,178.0,0.11020408163265306,7793.450000000041,4840.699999999997,0.0,independent_greedy,generalization,21212106,8
0.0,0.375,300.0,0.8116666666666666,0.5851199081059744,0.49755755513832556,0.875,0.271115546275319,0.03666666666666667,0.0,0.15,8289.137242836283,3799.049142907878,0.0,communication_aware,generalization,21212106,8
0.0,0.375,300.0,0.6591666666666667,0.5684310684754051,0.382126425488514,0.875,0.5694478485402622,0.0,0.0,0.12333333333333334,9530.05867956032,3577.802219430897,1884.0,haco_safemarl_pilot_no_acoustic,generalization,21212106,8
0.0,0.5,300.0,0.7125,0.5057614689246983,0.30719820407777076,0.875,0.43345496653355214,0.0,139.0,0.13,9417.447608333168,3288.3205605427115,0.0,haco_safemarl_pilot_no_shield,generalization,21212106,8
0.0,0.125,300.0,0.7395833333333334,0.6682873400792992,0.5968699705210698,0.875,0.4615091066701452,0.0,0.0,0.14333333333333334,8712.594018800088,3440.5663452133736,2097.0,haco_safemarl_pilot,generalization,21212106,8
0.0,0.0,300.0,0.6954166666666667,0.5548765929137142,0.32671893346050673,0.875,0.5025477191421931,0.0,0.0,0.16666666666666666,1117.0916827891613,500.62881917251104,2158.0,haco_safemarl_mappo,generalization,21212106,8
0.0,0.75,300.0,0.5670833333333334,0.5541737154110926,0.26418339600275076,0.875,0.6646019976089482,0.0,430.0,0.0,6828.0000000000455,4029.8911467603193,0.0,fixed_auv_ga_pso_tlbo_proxy,generalization,21222113,8
0.0,1.0,256.0,0.63134765625,0.5076201421856623,0.23122358717382835,0.875,0.6053020005525325,0.0,329.0,0.0,8143.360000000045,4307.699999999989,0.0,independent_greedy,generalization,21222113,8
0.0,0.375,300.0,0.6116666666666667,0.6908520617286816,0.4871309878822759,0.875,0.6387241752130355,0.0,517.0,0.0,8752.051892049114,3693.9447472695506,0.0,communication_aware,generalization,21222113,8
0.0,0.5,300.0,0.4979166666666667,0.6769110688629161,0.4930992542873226,0.875,0.715139518725122,0.0,16.0,0.0,9454.568477149864,3767.177834926639,1890.0,haco_safemarl_pilot_no_acoustic,generalization,21222113,8
0.0,0.625,300.0,0.5941666666666666,0.6070362923248378,0.40866309774131016,0.75,0.6143701623324683,0.0,557.0,0.0,10130.261887488716,2832.7483650984514,0.0,haco_safemarl_pilot_no_shield,generalization,21222113,8
0.0,0.25,300.0,0.59,0.7514247876186101,0.6713132131807653,0.875,0.7034862768799376,0.0,16.0,0.0,9992.288945241276,4838.609955951789,1881.0,haco_safemarl_pilot,generalization,21222113,8
0.0,0.0,300.0,0.45625,0.6551899028103398,0.4060368848200126,0.625,0.6532869479331441,0.0,15.0,0.0,1302.3920381970793,1098.7444597115527,1768.0,haco_safemarl_mappo,generalization,21222113,8
0.0,0.75,300.0,0.66625,0.4966470955006653,0.23900017482709168,1.0,0.7400515358506834,0.0,160.0,0.0,6828.0000000000455,3716.8428745816896,0.0,fixed_auv_ga_pso_tlbo_proxy,generalization,21232120,8
0.0,1.0,299.0,0.7909698996655519,0.3551853627336169,0.06326093466427103,1.0,0.6411045460535774,0.0,124.0,0.0,9511.190000000024,5285.299999999999,0.0,independent_greedy,generalization,21232120,8
0.0,0.25,300.0,0.7154166666666667,0.6673543578453658,0.44359685188163556,1.0,0.7562953138285063,0.0,260.0,0.0,8592.070955854833,3522.3429780204337,0.0,communication_aware,generalization,21232120,8
0.0,0.25,300.0,0.3854166666666667,0.6648929760946061,0.197662288822045,0.8041666666666667,0.8030246322752425,0.0,0.0,0.0,10332.211932366617,3391.2343734714873,1597.0,haco_safemarl_pilot_no_acoustic,generalization,21232120,8
0.0,0.125,300.0,0.6458333333333334,0.5358876473880062,0.2011707333689881,0.875,0.6749510484762027,0.0,181.0,0.0,9971.675837797271,3087.175936168526,0.0,haco_safemarl_pilot_no_shield,generalization,21232120,8
0.0,0.125,300.0,0.4508333333333333,0.749196689418274,0.5018473399286157,0.875,0.8414537267026808,0.0,0.0,0.0,9798.947208827445,3613.0272651365985,1664.0,haco_safemarl_pilot,generalization,21232120,8
0.0,0.0,300.0,0.625,0.6428836780067713,0.39204192581501124,1.0,0.8412962192815572,0.0,0.0,0.0,1541.7361902569305,368.25531129823577,2146.0,haco_safemarl_mappo,generalization,21232120,8
0.0,0.75,300.0,0.5820833333333333,0.5671570203474433,0.2534546766346196,0.875,0.7058840451540516,0.0,121.0,0.0,6828.0000000000455,4172.8410758147165,0.0,fixed_auv_ga_pso_tlbo_proxy,generalization,21242127,8
0.0,1.0,270.0,0.6157407407407407,0.5256915201561676,0.10041964699497503,0.875,0.6564153186621926,0.0,121.0,0.0,8588.700000000039,4991.699999999993,0.0,independent_greedy,generalization,21242127,8
0.0,0.5,300.0,0.6370833333333333,0.6659500636248626,0.43834447074347377,0.9333333333333333,0.6676626206056958,0.0,163.0,0.0,8747.328036716846,3645.9648897847983,0.0,communication_aware,generalization,21242127,8
0.0,0.5,300.0,0.48583333333333334,0.7015626731351167,0.5140610940671915,0.75,0.7337989020329718,0.0,3.0,0.0,10100.532928957415,3517.008021932126,1451.0,haco_safemarl_pilot_no_acoustic,generalization,21242127,8
0.0,0.625,300.0,0.5558333333333333,0.6454142303596513,0.3804622853390761,0.875,0.6837741171116588,0.0,321.0,0.0,10097.789082788842,2960.830535642634,0.0,haco_safemarl_pilot_no_shield,generalization,21242127,8
0.0,0.375,300.0,0.5183333333333333,0.7456455727725237,0.6517209868366466,0.8208333333333333,0.7702473393554362,0.0,3.0,0.0,9699.367361536548,3319.2768669669213,1579.0,haco_safemarl_pilot,generalization,21242127,8
0.0,0.25,300.0,0.39625,0.7232566393176079,0.5670708468871909,0.625,0.7765049306079912,0.0,3.0,0.0,1588.9314893509293,1213.6442941106325,1692.0,haco_safemarl_mappo,generalization,21242127,8
0.0,0.875,300.0,0.7141666666666666,0.46278442665325153,0.2298490986792927,1.0,0.7239225675238853,0.0,186.0,0.0,6828.0000000000455,3653.677257235922,0.0,fixed_auv_ga_pso_tlbo_proxy,generalization,21252134,8
0.0,1.0,260.0,0.7197115384615385,0.4185657543835903,0.09044801305447613,1.0,0.5920668486879281,0.0,141.0,0.0,8270.600000000044,4112.100000000016,0.0,independent_greedy,generalization,21252134,8
0.0,0.25,300.0,0.7591666666666667,0.6247635425811084,0.3955475446116818,1.0,0.6942034043518555,0.0,257.0,0.0,8418.472482980384,3065.069166212523,0.0,communication_aware,generalization,21252134,8
0.0,0.375,300.0,0.54375,0.6174222884615094,0.24673200968742937,0.875,0.6700529995505292,0.0,35.0,0.0,7666.013276888856,2945.843511125545,2221.0,haco_safemarl_pilot_no_acoustic,generalization,21252134,8
0.0,0.375,300.0,0.7120833333333333,0.5096930714536628,0.2589591780692847,0.875,0.5208535137501236,0.0,206.0,0.0,9820.633062648049,2999.514747750919,0.0,haco_safemarl_pilot_no_shield,generalization,21252134,8
0.0,0.125,300.0,0.5279166666666667,0.7373996552122091,0.5542525601730065,0.875,0.6912345941931862,0.0,35.0,0.0,7207.36918208464,3111.6092691303184,2193.0,haco_safemarl_pilot,generalization,21252134,8
0.0,0.0,300.0,0.5245833333333333,0.6094560848008125,0.32091814953437825,0.75,0.6351903207774195,0.0,37.0,0.0,3382.054238974132,2255.8310791515123,2288.0,haco_safemarl_mappo,generalization,21252134,8
0.0,1.0,277.0,0.6313176895306859,0.5472676914847214,0.27368676437746703,1.0,0.6572516482760226,0.0,130.0,0.0,6304.52000000004,3291.0854971372005,0.0,fixed_auv_ga_pso_tlbo_proxy,generalization,21262141,8
0.0,1.0,212.0,0.6350235849056604,0.5446198459041907,0.20979121247873675,1.0,0.6514305046902367,0.0,101.0,0.0,6743.7200000000275,2946.9000000000024,0.0,independent_greedy,generalization,21262141,8
0.0,0.375,300.0,0.705,0.6703326374671511,0.5354040689277472,1.0,0.7058306672380865,0.0,0.0,0.0,8581.374719438654,3175.8295548694987,0.0,communication_aware,generalization,21262141,8
0.0,0.5,300.0,0.52125,0.6672674824098596,0.3449498346646526,0.875,0.7543626377257072,0.0,0.0,0.0,10209.746685486189,3319.4846298740076,1580.0,haco_safemarl_pilot_no_acoustic,generalization,21262141,8
0.0,0.625,300.0,0.5808333333333333,0.604663766476295,0.30893158451723884,0.875,0.656838667431362,0.0,134.0,0.0,10081.946136886714,2913.6782390058775,0.0,haco_safemarl_pilot_no_shield,generalization,21262141,8
0.0,0.25,300.0,0.5691666666666667,0.7268016154865813,0.6122345101083442,0.875,0.7503143982728246,0.0,0.0,0.0,9685.554714573329,3324.131232866707,1682.0,haco_safemarl_pilot,generalization,21262141,8
0.0,0.0,300.0,0.4841666666666667,0.724301009542192,0.41994169356844746,0.875,0.7883257482496702,0.0,0.0,0.0,1050.68297765231,240.74627708849744,1676.0,haco_safemarl_mappo,generalization,21262141,8
0.0,0.875,300.0,0.6091666666666666,0.5114568634222788,0.15446803700380868,0.7791666666666667,0.49300039444538274,0.0,53.0,0.0,6828.0000000000455,4525.118139080146,0.0,fixed_auv_ga_pso_tlbo_proxy,generalization,21272148,8
0.0,1.0,247.0,0.6796558704453441,0.4788966204291934,0.0593606195075355,0.875,0.5071036964648094,0.0,40.0,0.0,7857.070000000042,4646.1,0.0,independent_greedy,generalization,21272148,8
0.0,0.375,300.0,0.62875,0.6664189447362026,0.4465007199055618,0.7666666666666667,0.4730640793755,0.0,46.0,0.03333333333333333,8755.346367537724,4308.172752060345,0.0,communication_aware,generalization,21272148,8
0.0,0.625,300.0,0.43291666666666667,0.6876617801109618,0.2053387824601585,0.625,0.7093340920473993,0.0,0.0,0.0,10020.435672044094,3050.1659720790367,1409.0,haco_safemarl_pilot_no_acoustic,generalization,21272148,8
0.0,0.5,300.0,0.5583333333333333,0.5981373564947015,0.20232428655938597,0.725,0.5295483851283154,0.0,42.0,0.0,9695.790176641081,3184.88666947282,0.0,haco_safemarl_pilot_no_shield,generalization,21272148,8
0.0,0.5,300.0,0.5133333333333333,0.7457218952984065,0.5176981172480101,0.75,0.6764836559520373,0.0,0.0,0.0,9538.138109658874,3262.6100218782153,1568.0,haco_safemarl_pilot,generalization,21272148,8
0.0,0.125,300.0,0.44916666666666666,0.6669876695367377,0.40158084561945545,0.625,0.6241692904411348,0.0,0.0,0.0,977.616224346941,477.2107100418444,1618.0,haco_safemarl_mappo,generalization,21272148,8
0.0,0.75,300.0,0.6370833333333333,0.4908160988850968,0.29069039622118437,1.0,0.7521484544732933,0.0,160.0,0.0,6828.0000000000455,3363.0573687046435,0.0,fixed_auv_ga_pso_tlbo_proxy,generalization,21282155,8
0.0,1.0,245.0,0.685204081632653,0.4542837121630034,0.2293797422671194,1.0,0.6885463239547067,0.0,123.0,0.0,7793.450000000041,3421.9000000000037,0.0,independent_greedy,generalization,21282155,8
0.0,0.25,300.0,0.6879166666666666,0.6601006915901828,0.5608883674223323,1.0,0.7657002390332908,0.0,55.0,0.0,8577.825870082128,3043.1556623422584,0.0,communication_aware,generalization,21282155,8
0.0,0.5,300.0,0.59875,0.6009902433422929,0.4047718872132255,1.0,0.7984483375534149,0.0,0.0,0.0,10184.52033799292,3125.754150980201,1752.0,haco_safemarl_pilot_no_acoustic,generalization,21282155,8
0.0,0.375,300.0,0.695,0.5220550401307356,0.35514723885799376,1.0,0.6837420118041191,0.0,243.0,0.0,9973.308895923929,3109.855128897735,0.0,haco_safemarl_pilot_no_shield,generalization,21282155,8
0.0,0.125,300.0,0.6470833333333333,0.7071669327866531,0.6495415979836014,1.0,0.8998838468473231,0.0,0.0,0.0,9613.799701334685,3303.464833196688,1857.0,haco_safemarl_pilot,generalization,21282155,8
0.0,0.0,300.0,0.5516666666666666,0.6458655966827372,0.36965903222626195,0.9208333333333333,0.7469753901622579,0.0,0.0,0.0,1165.3314025067589,110.4335146442075,1832.0,haco_safemarl_mappo,generalization,21282155,8
0.0,1.0,298.0,0.514261744966443,0.5847226071934062,0.1933294288327132,0.875,0.7271534296618379,0.0,81.0,0.08053691275167785,6782.480000000045,3748.3198535744336,0.0,fixed_auv_ga_pso_tlbo_proxy,generalization,21292162,8
0.0,1.0,228.0,0.5290570175438597,0.5749413236744997,0.1132076180902877,0.875,0.7121358642004074,0.0,62.0,0.06578947368421052,7252.680000000035,3303.5,0.0,independent_greedy,generalization,21292162,8
0.0,0.375,300.0,0.5841666666666666,0.6747202251095041,0.3932965781816992,0.875,0.6884414190808379,0.0,87.0,0.08,8804.965606636315,3715.0838256757243,0.0,communication_aware,generalization,21292162,8
0.0,0.5,300.0,0.4270833333333333,0.6472220092199386,0.2801504043345394,0.7291666666666666,0.7502456341140499,0.0,0.0,0.043333333333333335,10176.58096394234,3284.308199664149,1413.0,haco_safemarl_pilot_no_acoustic,generalization,21292162,8
0.0,0.5,300.0,0.5779166666666666,0.5847421452417152,0.29628175263972145,0.875,0.6855862199409244,0.0,23.0,0.06,9964.522312288054,2973.6274467930225,0.0,haco_safemarl_pilot_no_shield,generalization,21292162,8
0.0,0.375,300.0,0.46541666666666665,0.7508475305275154,0.5803857393353363,0.75,0.7357887801110768,0.0,0.0,0.056666666666666664,9723.15823005022,3438.031164452011,1500.0,haco_safemarl_pilot,generalization,21292162,8
0.0,0.125,300.0,0.5395833333333333,0.6290119178335023,0.24842643209249368,0.875,0.7405573292042599,0.0,0.0,0.14666666666666667,1189.351351018219,319.0905433438385,1756.0,haco_safemarl_mappo,generalization,21292162,8
0.0,1.0,243.0,0.6620370370370371,0.5245154372914128,0.3234682104963084,1.0,0.7485900494537032,0.0,291.0,0.13168724279835392,5530.680000000033,3126.5568379319916,0.0,fixed_auv_ga_pso_tlbo_proxy,generalization,21302169,8
0.0,1.0,186.0,0.6612903225806451,0.5177349934995746,0.23239364739379795,1.0,0.700216116018434,0.0,223.0,0.11827956989247312,5916.660000000017,2783.300000000002,0.0,independent_greedy,generalization,21302169,8
0.0,0.375,300.0,0.7016666666666667,0.6148623165702642,0.4979213632669529,0.9083333333333333,0.5392836704643102,0.0,251.0,0.15666666666666668,8517.51229648594,3577.5246334674393,0.0,communication_aware,generalization,21302169,8
0.0,0.625,300.0,0.4666666666666667,0.6490767383511266,0.35770786776042407,0.6333333333333333,0.7242840268206188,0.01,37.0,0.17333333333333334,7716.370792315682,3089.5034332623136,1949.0,haco_safemarl_pilot_no_acoustic,generalization,21302169,8
0.0,0.625,300.0,0.6091666666666666,0.5777066279469466,0.30478205994197854,0.875,0.6610358464716266,0.0,219.0,0.21,9845.521250575366,3134.676674763538,0.0,haco_safemarl_pilot_no_shield,generalization,21302169,8
0.0,0.125,300.0,0.5704166666666667,0.7143773502800868,0.6068364364329824,0.75,0.5953255984537885,0.0,38.0,0.18666666666666668,7834.262228508178,3763.847535757984,2097.0,haco_safemarl_pilot,generalization,21302169,8
0.0,0.0,300.0,0.4141666666666667,0.7055884760560369,0.4454741326233374,0.75,0.7686370083467694,0.0,30.0,0.21666666666666667,2135.0219242347475,1599.1996435832436,2073.0,haco_safemarl_mappo,generalization,21302169,8
0.0,0.875,300.0,0.34833333333333333,0.7043387431812881,0.4420849775188918,0.75,0.8883523634911125,0.0,99.0,0.08,6828.0000000000455,3818.1667961645917,0.0,fixed_auv_ga_pso_tlbo_proxy,generalization,21312176,8
0.0,1.0,252.0,0.40575396825396826,0.6643332634208676,0.3680528430801919,0.75,0.8321991520006772,0.047619047619047616,90.0,0.1111111111111111,8016.120000000044,4129.300000000005,0.0,independent_greedy,generalization,21312176,8
0.0,0.5,300.0,0.405,0.7588446281333098,0.5909438251811445,0.75,0.8491278798301307,0.006666666666666667,0.0,0.08666666666666667,9235.88228145093,4132.473872463615,0.0,communication_aware,generalization,21312176,8
0.0,0.875,300.0,0.3770833333333333,0.7469702504936051,0.458562353841842,0.75,0.8590038740920753,0.02666666666666667,0.0,0.08333333333333333,10044.958670648213,2771.4957537791206,1143.0,haco_safemarl_pilot_no_acoustic,generalization,21312176,8
0.0,0.75,300.0,0.43,0.7008165467975216,0.4325968288682961,0.75,0.8147905622072772,0.0,0.0,0.12,10319.563191038264,2941.11414574451,0.0,haco_safemarl_pilot_no_shield,generalization,21312176,8
0.0,0.5,300.0,0.3754166666666667,0.7926185837716833,0.6558811765813646,0.75,0.865688173603761,0.02,0.0,0.08666666666666667,9697.375610907124,3152.7307678874054,1153.0,haco_safemarl_pilot,generalization,21312176,8
0.0,0.0,300.0,0.27666666666666667,0.7449351521790415,0.5174594602640082,0.625,0.8648792605260057,0.0,0.0,0.12333333333333334,1335.470265510061,264.7139448893314,1253.0,haco_safemarl_mappo,generalization,21312176,8
0.0,0.875,300.0,0.7658333333333334,0.3853817477528417,0.18532239032709116,1.0,0.7768082006780442,0.0,149.0,0.0,6828.0000000000455,3944.630147555602,0.0,fixed_auv_ga_pso_tlbo_proxy,generalization,21322183,8
0.0,1.0,286.0,0.8028846153846154,0.3334744936049482,0.11539892181129414,1.0,0.6208366906857192,0.0,112.0,0.0,9097.66000000003,5393.300000000011,0.0,independent_greedy,generalization,21322183,8
0.0,0.125,300.0,0.7995833333333333,0.588019084622795,0.44978811512574896,1.0,0.7798334903930667,0.0,261.0,0.0,8301.653513284491,3079.9941806794873,0.0,communication_aware,generalization,21322183,8
0.0,0.25,300.0,0.6975,0.551835949884066,0.3295718120741126,1.0,0.7977104318944421,0.0,15.0,0.0,9870.937516603297,3790.967207951597,2023.0,haco_safemarl_pilot_no_acoustic,generalization,21322183,8
0.0,0.125,300.0,0.7808333333333334,0.44622546705123634,0.3141557062587735,1.0,0.6784999606130203,0.0,275.0,0.0,9608.120238477299,3215.9308329661185,0.0,haco_safemarl_pilot_no_shield,generalization,21322183,8
0.0,0.125,300.0,0.6683333333333333,0.6969564758606861,0.6139308919623435,1.0,0.7287499309158973,0.0,15.0,0.0,9424.7645750572,3865.2537366067963,2099.0,haco_safemarl_pilot,generalization,21322183,8
0.0,0.0,300.0,0.6704166666666667,0.5987197348381827,0.4312592138247095,1.0,0.8079141055824695,0.0,15.0,0.0,1188.8129599110741,727.3600174638141,2247.0,haco_safemarl_mappo,generalization,21322183,8
0.0,0.75,300.0,0.45375,0.5982175291687836,0.30809694581899855,0.75,0.7562689427641325,0.0,80.0,0.0,6828.0000000000455,3714.3425599907982,0.0,fixed_auv_ga_pso_tlbo_proxy,generalization,21332190,8
0.0,0.875,300.0,0.5345833333333333,0.5070525881902289,0.2517981415435585,0.75,0.6499653056752277,0.0,132.0,0.0,9543.000000000024,5576.899999999994,0.0,independent_greedy,generalization,21332190,8
0.0,0.25,300.0,0.49416666666666664,0.7263677800278515,0.6127502270621006,0.75,0.7182801777601348,0.0,71.0,0.0,9035.11194044784,4309.777284598721,0.0,communication_aware,generalization,21332190,8
0.0,0.25,300.0,0.445,0.6905540804681234,0.4205480444474724,0.75,0.8046162999613543,0.0,5.0,0.0,10015.927100755514,3921.26665016477,1349.0,haco_safemarl_pilot_no_acoustic,generalization,21332190,8
0.0,0.25,300.0,0.5333333333333333,0.598202895754503,0.389244520861133,0.75,0.6640016260947981,0.0,108.0,0.0,9930.070198127727,3356.787594295213,0.0,haco_safemarl_pilot_no_shield,generalization,21332190,8
0.0,0.25,300.0,0.44416666666666665,0.7742991991422095,0.6600488558176344,0.75,0.808019368210616,0.0,5.0,0.0,9782.205655565294,3845.394740801702,1354.0,haco_safemarl_pilot,generalization,21332190,8
0.0,0.125,300.0,0.46375,0.6883314354239887,0.42851215259350445,0.75,0.7869454125645545,0.0,4.0,0.0,1370.0041298040276,649.5032059272294,1648.0,haco_safemarl_mappo,generalization,21332190,8
0.0,0.875,300.0,0.63875,0.5443006501224489,0.29862347467300115,0.875,0.598924835662641,0.0,400.0,0.0,6828.0000000000455,4332.578051422726,0.0,fixed_auv_ga_pso_tlbo_proxy,generalization,21342197,8
0.0,1.0,233.0,0.7086909871244635,0.5107732848377912,0.1501598468943837,0.875,0.43424005887544254,0.0,315.0,0.0,7411.730000000036,3962.9000000000083,0.0,independent_greedy,generalization,21342197,8
0.0,0.375,300.0,0.675,0.6801398286067103,0.5524339701492131,0.875,0.560220994428711,0.0,258.0,0.0,8706.40965432774,3761.1693490505604,0.0,communication_aware,generalization,21342197,8
0.0,0.5,300.0,0.5258333333333334,0.6630031921506456,0.3572768472439153,0.8333333333333334,0.7614251041449938,0.0,12.0,0.0,10174.523226307198,3551.8927935811485,1746.0,haco_safemarl_pilot_no_acoustic,generalization,21342197,8
0.0,0.75,300.0,0.6004166666666667,0.6154506291832852,0.32752667688738185,0.775,0.6321526765438854,0.0,220.0,0.0,10013.229781411024,2899.3338476890513,0.0,haco_safemarl_pilot_no_shield,generalization,21342197,8
0.0,0.125,300.0,0.5875,0.7295562360229025,0.6047993548348595,0.875,0.714708661921638,0.0,12.0,0.0,9659.869875779234,3641.3005642611515,1801.0,haco_safemarl_pilot,generalization,21342197,8
0.0,0.0,300.0,0.30875,0.7377149752799895,0.4400006118640329,0.625,0.8371723133298337,0.0,13.0,0.0,1216.0088180127948,670.0912901214988,1971.0,haco_safemarl_mappo,generalization,21342197,8
0.0,0.625,300.0,0.43916666666666665,0.6693409319720693,0.4563492850121236,0.875,0.869418914419717,0.0,87.0,0.0,6828.0000000000455,3441.0182953756353,0.0,fixed_auv_ga_pso_tlbo_proxy,generalization,21352204,8
0.0,1.0,253.0,0.5943675889328063,0.6068442125559612,0.33116201128730244,0.875,0.5955562191742233,0.0,90.0,0.0,8047.930000000044,3628.299999999998,0.0,independent_greedy,generalization,21352204,8
0.0,0.375,300.0,0.5058333333333334,0.7393096128405265,0.5808966047962971,0.875,0.8338447310567164,0.0,24.0,0.0,9035.480690627972,3638.116246955188,0.0,communication_aware,generalization,21352204,8
0.0,0.5,300.0,0.3854166666666667,0.7183737424437553,0.4105966229789135,0.7375,0.8606411140587736,0.0,14.0,0.0,10420.995927702059,3120.296521036897,1189.0,haco_safemarl_pilot_no_acoustic,generalization,21352204,8
0.0,0.5,300.0,0.47291666666666665,0.670608401990258,0.4260135367093925,0.75,0.7981745321999009,0.0,20.0,0.0,10311.02288685199,3055.3075234488324,0.0,haco_safemarl_pilot_no_shield,generalization,21352204,8
0.0,0.375,300.0,0.40125,0.7790978074302931,0.6250035189408537,0.75,0.8517302964492188,0.0,14.0,0.0,10083.428882974962,3261.582797163201,1281.0,haco_safemarl_pilot,generalization,21352204,8
0.0,0.0,300.0,0.36041666666666666,0.7486938045078954,0.4769549048204461,0.75,0.8862706613446241,0.0,15.0,0.0,1461.4658384438628,209.67597658091154,1374.0,haco_safemarl_mappo,generalization,21352204,8
