success,task_completion,mission_time,outage_rate,mean_packet,worst_agent_packet,cvar_outage_90,comm_fairness,usv_collision_rate,auv_collision_count,colregs_violation_rate,energy,smoothness,shield_interventions,policy,scenario,seed,num_auvs
0.0,0.6666666666666666,300.0,0.16444444444444445,0.8534551557156057,0.6723019787603667,0.3888888888888888,0.9346833667467938,0.0,14.0,0.0,5560.499999999976,2971.4282349620344,0.0,fixed_auv_ga_pso_tlbo_proxy,survey,21160729,3
0.0,1.0,253.0,0.32806324110671936,0.733725717719507,0.3251218536926378,0.6025641025641024,0.7319049788480628,0.0,10.0,0.0,6220.005000000008,2645.60000000001,0.0,independent_greedy,survey,21160729,3
0.0,0.3333333333333333,300.0,0.25,0.8665266910926149,0.7588799783238144,0.6666666666666669,0.9203597203463231,0.0,12.0,0.0,8311.217473299683,3597.4737781937865,0.0,communication_aware,survey,21160729,3
0.0,1.0,260.0,0.14999999999999997,0.8591924295828499,0.6855721022426636,0.4102564102564102,0.949493574775331,0.0,2.0,0.0,8135.407724054304,2108.253564163292,175.0,haco_safemarl_pilot_no_acoustic,survey,21160729,3
0.0,1.0,246.0,0.14092140921409219,0.8496010176780477,0.6513278387228142,0.3733333333333333,0.9530217889900348,0.0,10.0,0.0,7737.584932088726,1831.402957457433,0.0,haco_safemarl_pilot_no_shield,survey,21160729,3
0.0,0.6666666666666666,300.0,0.24222222222222223,0.8625744914610897,0.7533722821297733,0.6666666666666669,0.944153492467108,0.0,2.0,0.0,9191.245909172703,2769.004154141743,291.0,haco_safemarl_pilot,survey,21160729,3
0.0,0.0,300.0,0.0,0.8787602579251202,0.8362212369281095,0.0,0.9999999998888889,0.0,8.0,0.0,971.1009637521815,405.50946063089424,382.0,haco_safemarl_mappo,survey,21160729,3
1.0,1.0,299.0,0.20958751393534,0.8650762211749116,0.7618081120793082,0.6666666666666669,0.9410382699290127,0.0,0.0,0.0,5541.9649999999765,3357.57080350357,0.0,fixed_auv_ga_pso_tlbo_proxy,survey,21170736,3
1.0,1.0,229.0,0.33042212518195047,0.7820889798401233,0.4858510333457655,0.6086956521739129,0.7272827258730505,0.0,0.0,0.0,5629.965000000007,2805.8000000000047,0.0,independent_greedy,survey,21170736,3
0.0,0.6666666666666666,300.0,0.2688888888888888,0.8586321994620142,0.7788877376182708,0.6666666666666669,0.9265384383139696,0.0,0.0,0.0,8324.643714094593,3921.0255755880303,0.0,communication_aware,survey,21170736,3
1.0,1.0,223.0,0.10164424514200297,0.9001634103413901,0.8028178369910498,0.3333333333333332,0.9750356997900181,0.0,0.0,0.04035874439461883,7041.819037407235,1850.1562714655013,131.0,haco_safemarl_pilot_no_acoustic,survey,21170736,3
1.0,1.0,223.0,0.22272047832585953,0.8367552304963295,0.609189218170048,0.3333333333333332,0.8589526113470853,0.0,0.0,0.03139013452914798,6916.340322933764,1749.145758128423,0.0,haco_safemarl_pilot_no_shield,survey,21170736,3
1.0,1.0,223.0,0.08520179372197309,0.901934802205188,0.8083249248843641,0.3333333333333332,0.9829467616460102,0.0,0.0,0.03587443946188341,7039.824477467775,1835.1626229065441,121.0,haco_safemarl_pilot,survey,21170736,3
0.0,0.0,300.0,0.0,0.9376451288162152,0.9255336715122394,0.0,0.9999999998888889,0.0,0.0,0.0,1309.2958045240298,72.28747958096831,87.0,haco_safemarl_mappo,survey,21170736,3
0.0,1.0,276.0,0.4432367149758453,0.629580929062977,0.384180384249172,0.6666666666666669,0.752587760565008,0.0,265.0,0.0,5115.65999999998,3062.419084931384,0.0,fixed_auv_ga_pso_tlbo_proxy,survey,21180743,3
0.0,1.0,211.0,0.4581358609794629,0.6249611610260981,0.307816220532569,0.6666666666666665,0.7197902707753133,0.0,203.0,0.0,5187.435000000007,2636.2000000000085,0.0,independent_greedy,survey,21180743,3
0.0,0.3333333333333333,300.0,0.4944444444444444,0.7347456197657956,0.6065261312284066,0.6666666666666669,0.6736923971095502,0.0,291.0,0.0,8077.571124602165,3779.618181012102,0.0,communication_aware,survey,21180743,3
1.0,1.0,292.0,0.44292237442922366,0.6962770153434472,0.4657076780490279,0.6666666666666669,0.836156287494403,0.0,0.0,0.0,8818.86237307721,2590.979488391043,513.0,haco_safemarl_pilot_no_acoustic,survey,21180743,3
0.0,1.0,268.0,0.48134328358208955,0.659937043751001,0.4310856923190989,0.6666666666666669,0.8180278586507377,0.0,81.0,0.0,8098.0606148964625,2190.3140838083277,0.0,haco_safemarl_pilot_no_shield,survey,21180743,3
0.0,0.3333333333333333,300.0,0.47333333333333333,0.770877877557433,0.6781707632028222,0.6666666666666669,0.7119823551986969,0.0,0.0,0.0,8804.869954067863,3233.29475258633,536.0,haco_safemarl_pilot,survey,21180743,3
0.0,0.0,300.0,0.4866666666666667,0.767997135394749,0.7185461544966409,0.8222222222222222,0.8696523734160078,0.0,0.0,0.0,1087.549135132927,500.1556190391757,726.0,haco_safemarl_mappo,survey,21180743,3
0.0,0.6666666666666666,300.0,0.6,0.5698742284888191,0.4420342420771702,1.0,0.8047989860996316,0.0,70.0,0.0,5560.499999999976,2766.5568253704214,0.0,fixed_auv_ga_pso_tlbo_proxy,survey,21190750,3
0.0,1.0,238.0,0.6064425770308123,0.528860798964325,0.3506061485802999,1.0,0.7822025414890278,0.0,53.0,0.0,5851.230000000008,2682.2000000000126,0.0,independent_greedy,survey,21190750,3
0.0,0.3333333333333333,300.0,0.6644444444444444,0.6819174568251176,0.6084936225197787,1.0,0.8184281836208606,0.0,48.0,0.0,7942.667583058071,3029.7273545291478,0.0,communication_aware,survey,21190750,3
0.0,0.6666666666666666,300.0,0.46,0.7160407906908689,0.6938557661129183,1.0,0.9979972109273683,0.0,0.0,0.0,6240.268371258336,1828.8316613313489,712.0,haco_safemarl_pilot_no_acoustic,survey,21190750,3
0.0,0.3333333333333333,300.0,0.6211111111111111,0.5817164220260969,0.5377223109238876,1.0,0.9527871317015245,0.0,41.0,0.0,9147.72707466418,2864.961448712853,0.0,haco_safemarl_pilot_no_shield,survey,21190750,3
0.0,0.3333333333333333,300.0,0.4511111111111111,0.7722661141132752,0.7321260917666762,1.0,0.9970501471259998,0.0,0.0,0.0,6299.08141323939,2054.844810530876,709.0,haco_safemarl_pilot,survey,21190750,3
0.0,0.3333333333333333,300.0,0.2511111111111111,0.8309922252527998,0.7373159193796917,0.3333333333333334,0.8164147022193755,0.0,0.0,0.0,413.72050216626536,375.47139485089315,562.0,haco_safemarl_mappo,survey,21190750,3
0.0,0.6666666666666666,300.0,0.21888888888888886,0.8558962151601632,0.7228486139372899,0.5888888888888889,0.9021457972468933,0.0,51.0,0.0,5560.499999999976,3311.103640761904,0.0,fixed_auv_ga_pso_tlbo_proxy,survey,21200757,3
0.0,1.0,266.0,0.3107769423558897,0.7445413941034861,0.4170077665390831,0.6666666666666669,0.7921917390610698,0.0,39.0,0.0,6539.610000000009,3434.6000000000117,0.0,independent_greedy,survey,21200757,3
0.0,0.6666666666666666,300.0,0.2966666666666667,0.8478352195921689,0.7661551215456769,0.6666666666666669,0.8847751344651573,0.0,44.0,0.0,8306.88421022087,3841.4468544975457,0.0,communication_aware,survey,21200757,3
0.0,1.0,258.0,0.15374677002583978,0.882712362723487,0.7530179438998209,0.33333333333333337,0.9380732790147484,0.0,11.0,0.0,8137.266975347996,2096.530841998562,192.0,haco_safemarl_pilot_no_acoustic,survey,21200757,3
0.0,1.0,258.0,0.21188630490956067,0.8123688376803663,0.553119401000826,0.33333333333333337,0.8736956785801171,0.0,70.0,0.0,7973.127427480754,2006.1308250338516,0.0,haco_safemarl_pilot_no_shield,survey,21200757,3
0.0,1.0,258.0,0.12661498708010338,0.8921547643436738,0.78165586024376,0.33333333333333337,0.9596626512779116,0.0,11.0,0.0,8147.55024390474,2128.922887630635,177.0,haco_safemarl_pilot,survey,21200757,3
0.0,0.0,300.0,0.05333333333333334,0.9014274321017105,0.8662685885731567,0.3333333333333334,0.9936920952846329,0.0,5.0,0.0,1071.5039321774066,130.26243721171818,257.0,haco_safemarl_mappo,survey,21200757,3
1.0,1.0,247.0,0.5357624831309044,0.5512513456195955,0.20862358552182653,0.6666666666666667,0.582666154413484,0.0,0.0,0.13360323886639677,4578.144999999984,2549.7480336084227,0.0,fixed_auv_ga_pso_tlbo_proxy,survey,21210764,3
1.0,1.0,189.0,0.5890652557319225,0.5428735475713719,0.13045427451288572,0.6666666666666665,0.48725957423548116,0.0,0.0,0.0,4646.565000000006,2123.3999999999996,0.0,independent_greedy,survey,21210764,3
0.0,0.3333333333333333,300.0,0.5888888888888889,0.6602587652236224,0.4550704856832603,0.6666666666666669,0.48977518265831005,0.0,0.0,0.21333333333333335,7988.143469497016,3630.4330361589887,0.0,communication_aware,survey,21210764,3
0.0,0.6666666666666666,300.0,0.5977777777777777,0.579693561338342,0.317260694584949,0.6666666666666669,0.4697927868277,0.0,0.0,0.39,7901.75848639171,2232.023344999755,731.0,haco_safemarl_pilot_no_acoustic,survey,21210764,3
0.0,0.3333333333333333,300.0,0.6144444444444443,0.5512537073424632,0.3146912194257088,0.6666666666666669,0.43852863501969386,0.0,0.0,0.41333333333333333,8789.067101844965,3203.9815547292433,0.0,haco_safemarl_pilot_no_shield,survey,21210764,3
0.0,0.3333333333333333,300.0,0.591111111111111,0.7483935738894595,0.6159445971593475,0.6666666666666669,0.4859654787248828,0.0,0.0,0.4533333333333333,7456.91777810824,2718.922132137437,786.0,haco_safemarl_pilot,survey,21210764,3
0.0,0.0,300.0,0.13666666666666666,0.8357537144798112,0.7952507436533631,0.3333333333333334,0.9522734691946291,0.0,0.0,0.0,463.4174267254114,298.83750714762425,547.0,haco_safemarl_mappo,survey,21210764,3
1.0,1.0,298.0,0.6331096196868009,0.5407070633694456,0.35022516825965816,1.0,0.701430452461958,0.0,0.0,0.0,5523.429999999977,2637.1373372622043,0.0,fixed_auv_ga_pso_tlbo_proxy,survey,21220771,3
1.0,1.0,228.0,0.5146198830409356,0.5539439896380927,0.10782925911337365,1.0,0.7148953831370517,0.0,0.0,0.0,5605.380000000007,2003.2000000000057,0.0,independent_greedy,survey,21220771,3
0.0,0.0,300.0,0.7033333333333334,0.6808093599520572,0.5892037852373794,1.0,0.7431278724616494,0.0,0.0,0.0,7899.988729797108,2906.6928694408107,0.0,communication_aware,survey,21220771,3
0.0,0.6666666666666666,300.0,0.5166666666666667,0.650768108872099,0.3001224845498943,1.0,0.7800615884020101,0.0,0.0,0.0,5793.648810585946,1286.5653506630363,780.0,haco_safemarl_pilot_no_acoustic,survey,21220771,3
0.0,0.3333333333333333,300.0,0.7455555555555555,0.4940617350734915,0.3580627075276685,1.0,0.727105083462426,0.0,0.0,0.0,9066.795204184331,2789.855161139341,0.0,haco_safemarl_pilot_no_shield,survey,21220771,3
0.0,0.0,300.0,0.6433333333333332,0.7214482818539837,0.6077666198451087,1.0,0.8592979903985652,0.0,0.0,0.0,4795.778888206777,1534.4342143368176,903.0,haco_safemarl_pilot,survey,21220771,3
0.0,0.0,300.0,0.05777777777777776,0.8504245632939589,0.8123807348513699,0.3333333333333334,0.9925356652625101,0.0,0.0,0.0,964.2083108644701,520.1421530979333,550.0,haco_safemarl_mappo,survey,21220771,3
1.0,1.0,162.0,0.0,0.9637980766971834,0.9525013934519847,0.0,0.9999999998888889,0.0,0.0,0.0,3002.669999999996,1032.6988969166864,0.0,fixed_auv_ga_pso_tlbo_proxy,survey,21230778,3
1.0,1.0,124.0,0.024193548387096774,0.9442503255065107,0.9057761141673356,0.23076923076923078,0.9987720852918788,0.0,0.0,0.0,3048.5400000000036,814.3999999999999,0.0,independent_greedy,survey,21230778,3
1.0,1.0,140.0,0.0,0.9637403706068185,0.9523155955662742,0.0,0.9999999998888889,0.0,0.0,0.0,3972.5,1158.0036755537114,0.0,communication_aware,survey,21230778,3
1.0,1.0,120.0,0.0,0.9621022209193667,0.9564316672322314,0.0,0.9999999998888889,0.0,0.0,0.0,3877.0312500000027,828.575236350869,0.0,haco_safemarl_pilot_no_acoustic,survey,21230778,3
1.0,1.0,120.0,0.0,0.9621022209193667,0.9564316672322314,0.0,0.9999999998888889,0.0,0.0,0.0,3877.0312500000027,828.575236350869,0.0,haco_safemarl_pilot_no_shield,survey,21230778,3
1.0,1.0,120.0,0.0,0.9621022209193667,0.9564316672322314,0.0,0.9999999998888889,0.0,0.0,0.0,3877.0312500000027,828.575236350869,0.0,haco_safemarl_pilot,survey,21230778,3
0.0,0.0,300.0,0.0,0.9368353475901298,0.8786475564824228,0.0,0.9999999998888889,0.0,0.0,0.0,1494.6660994171843,178.97849885801375,47.0,haco_safemarl_mappo,survey,21230778,3
1.0,1.0,279.0,0.42054958183990443,0.703644057382354,0.43469586178058195,0.869047619047619,0.8330588637149836,0.0,0.0,0.03942652329749104,5171.264999999979,2326.7504294004593,0.0,fixed_auv_ga_pso_tlbo_proxy,survey,21240785,3
1.0,1.0,214.0,0.4890965732087227,0.6706961415824824,0.39348012509898783,0.7575757575757575,0.8431215808638454,0.0,0.0,0.03271028037383177,5261.190000000007,1913.6000000000026,0.0,independent_greedy,survey,21240785,3
0.0,0.6666666666666666,300.0,0.5488888888888888,0.73510075608788,0.6086300449159642,1.0,0.8308182373424982,0.0,0.0,0.03333333333333333,8040.953000782677,2915.7699462209225,0.0,communication_aware,survey,21240785,3
0.0,0.6666666666666666,300.0,0.4155555555555555,0.7554116241993342,0.6968698492844176,0.6666666666666669,0.9062133566487857,0.0,0.0,0.016666666666666666,9230.505882004252,2512.2614690322403,486.0,haco_safemarl_pilot_no_acoustic,survey,21240785,3
1.0,1.0,266.0,0.5914786967418546,0.6668603921690626,0.5851631933814321,1.0,0.9565624375107328,0.0,0.0,0.022556390977443608,8195.314885474829,2282.3665682358123,0.0,haco_safemarl_pilot_no_shield,survey,21240785,3
0.0,0.3333333333333333,300.0,0.4266666666666667,0.8046252215851486,0.7479039106945303,0.6666666666666669,0.916689045141392,0.0,0.0,0.016666666666666666,9096.65313039076,2933.2468385784523,489.0,haco_safemarl_pilot,survey,21240785,3
0.0,0.3333333333333333,300.0,0.0,0.8830008547093335,0.8436079740811971,0.0,0.9999999998888889,0.0,0.0,0.06333333333333334,483.12227558556435,72.49023291544563,260.0,haco_safemarl_mappo,survey,21240785,3
0.0,0.6666666666666666,300.0,0.5877777777777777,0.5905828435028972,0.3351137388119737,1.0,0.6496330380721321,0.0,51.0,0.013333333333333334,5560.499999999976,3108.1904151372414,0.0,fixed_auv_ga_pso_tlbo_proxy,survey,21250792,3
0.0,1.0,256.0,0.6783854166666667,0.4629630659328193,0.27152459151316954,1.0,0.5207367762260944,0.0,39.0,0.44921875,6293.760000000008,2913.400000000012,0.0,independent_greedy,survey,21250792,3
0.0,0.3333333333333333,300.0,0.6511111111111111,0.704546119334098,0.6017737995329778,1.0,0.6594432624413105,0.0,44.0,0.0,7967.281418471728,3190.985678909794,0.0,communication_aware,survey,21250792,3
0.0,1.0,296.0,0.3952702702702703,0.7448927943331063,0.6105602901966025,0.6666666666666669,0.9100057746776262,0.0,13.0,0.09797297297297297,9207.256497779892,2400.031584678014,525.0,haco_safemarl_pilot_no_acoustic,survey,21250792,3
0.0,1.0,259.0,0.5598455598455598,0.653998608725955,0.5322016495828827,1.0,0.8078740153737187,0.023166023166023165,38.0,0.0,8077.633013738639,1938.2873926399684,0.0,haco_safemarl_pilot_no_shield,survey,21250792,3
0.0,0.3333333333333333,300.0,0.41,0.787128308637546,0.7567371025827325,0.6666666666666669,0.9745948128909252,0.0,13.0,0.0,9173.7970547064,2976.445771167218,542.0,haco_safemarl_pilot,survey,21250792,3
0.0,0.0,300.0,0.22666666666666666,0.8107823544736756,0.7052865619258482,0.3333333333333334,0.853373921731771,0.0,6.0,0.0,507.32892907884104,249.7917900259435,616.0,haco_safemarl_mappo,survey,21250792,3
0.0,0.6666666666666666,300.0,0.35888888888888887,0.7479203994022395,0.5867976629386162,1.0,0.955169198301659,0.0,92.0,0.0,5560.499999999976,2336.762394676038,0.0,fixed_auv_ga_pso_tlbo_proxy,survey,21260799,3
0.0,1.0,282.0,0.4408983451536643,0.6337212447784666,0.2996666506890054,0.6781609195402301,0.8239113220073255,0.0,122.0,0.0,6932.970000000009,2728.800000000008,0.0,independent_greedy,survey,21260799,3
0.0,0.0,300.0,0.4777777777777777,0.7719700114351808,0.7153067194504146,1.0,0.9704174240783995,0.0,64.0,0.0,8098.470361452918,2847.814008201631,0.0,communication_aware,survey,21260799,3
0.0,0.3333333333333333,300.0,0.2966666666666667,0.7375130096961757,0.4708170375817902,0.6666666666666669,0.8867724093123406,0.0,9.0,0.11,8323.084452060706,2541.875465001986,563.0,haco_safemarl_pilot_no_acoustic,survey,21260799,3
0.0,1.0,298.0,0.407158836689038,0.7107024118992689,0.5125417965079386,1.0,0.9209171794762966,0.0,59.0,0.07718120805369127,9336.32470186608,2309.198577185702,0.0,haco_safemarl_pilot_no_shield,survey,21260799,3
0.0,0.0,300.0,0.45888888888888885,0.7887060760928288,0.7135031619226272,1.0,0.9405086227811851,0.0,9.0,0.0,8784.163906820348,3183.976693234956,605.0,haco_safemarl_pilot,survey,21260799,3
0.0,0.0,300.0,0.25,0.838149506993142,0.8065673439296179,0.3333333333333334,0.9371933871750858,0.0,7.0,0.0,593.9585174072063,181.98470100210295,675.0,haco_safemarl_mappo,survey,21260799,3
0.0,1.0,280.0,0.475,0.6191266190269985,0.4392429738287427,0.6666666666666669,0.7010977124498781,0.0,89.0,0.0,5189.799999999979,2295.799226391481,0.0,fixed_auv_ga_pso_tlbo_proxy,survey,21270806,3
0.0,1.0,214.0,0.5124610591900313,0.5787013543494256,0.3327797362309248,0.6666666666666665,0.6267889929898695,0.0,69.0,0.0,5261.190000000007,1974.0,0.0,independent_greedy,survey,21270806,3
0.0,0.3333333333333333,300.0,0.51,0.7340761780113192,0.6323747976642858,0.6666666666666669,0.6437572614044277,0.0,136.0,0.0,8074.973199274213,3283.3201668069055,0.0,communication_aware,survey,21270806,3
0.0,0.6666666666666666,300.0,0.4866666666666667,0.654954131610191,0.47207602148786293,0.6666666666666669,0.6899266899975,0.0,2.0,0.0,9062.05168023452,3028.4970074602534,498.0,haco_safemarl_pilot_no_acoustic,survey,21270806,3
0.0,0.3333333333333333,300.0,0.5211111111111112,0.6147988650490324,0.412249239438675,0.6666666666666669,0.6280398538891415,0.0,5.0,0.0,9024.49998180781,2962.5477731144647,0.0,haco_safemarl_pilot_no_shield,survey,21270806,3
0.0,0.3333333333333333,300.0,0.48333333333333334,0.7733119915524335,0.6588013749695464,0.6666666666666669,0.6955904917063058,0.0,2.0,0.0,8964.282675603301,3077.158412797019,497.0,haco_safemarl_pilot,survey,21270806,3
0.0,0.0,300.0,0.0,0.9069968949559676,0.8720424659377507,0.0,0.9999999998888889,0.0,2.0,0.0,1399.320160480113,632.63446239311,259.0,haco_safemarl_mappo,survey,21270806,3
0.0,0.3333333333333333,300.0,0.5111111111111111,0.581566814628051,0.36588008555503443,0.6666666666666669,0.6386277418522958,0.0,85.0,0.0,5560.499999999976,2408.1100268874657,0.0,fixed_auv_ga_pso_tlbo_proxy,survey,21280813,3
0.0,1.0,288.0,0.6875,0.44782866853677783,0.16521214156695113,1.0,0.49515037872504036,0.0,123.0,0.0,7080.48000000001,2550.6000000000113,0.0,independent_greedy,survey,21280813,3
0.0,0.0,300.0,0.5877777777777777,0.7203360806176513,0.6126545433218552,1.0,0.64160222229489,0.0,0.0,0.0,8015.024989075606,2962.936678399226,0.0,communication_aware,survey,21280813,3
0.0,0.3333333333333333,300.0,0.45888888888888885,0.6639513459060693,0.3729796506164658,0.7666666666666667,0.7488451687572154,0.0,0.0,0.0,9236.821556987185,2993.4608286189364,546.0,haco_safemarl_pilot_no_acoustic,survey,21280813,3
0.0,0.3333333333333333,300.0,0.6055555555555555,0.5771607257214143,0.38737346455171007,1.0,0.6281807802025916,0.0,0.0,0.0,9178.263889608725,2917.713952143992,0.0,haco_safemarl_pilot_no_shield,survey,21280813,3
0.0,0.0,300.0,0.4955555555555555,0.7561055651793941,0.6271217902976196,0.9,0.7337648003003224,0.0,0.0,0.0,9087.34287546347,3063.4432568474735,571.0,haco_safemarl_pilot,survey,21280813,3
0.0,0.0,300.0,0.008888888888888889,0.8788669282935082,0.8328523371337014,0.08888888888888888,0.9998391538366993,0.0,0.0,0.0,712.033125195903,197.13624635144882,343.0,haco_safemarl_mappo,survey,21280813,3
0.0,1.0,212.0,0.17610062893081754,0.8837419826922607,0.807463693868771,0.6666666666666665,0.9693837201195843,0.0,89.0,0.0,3929.4199999999887,1896.6123336535027,0.0,fixed_auv_ga_pso_tlbo_proxy,survey,21290820,3
0.0,1.0,162.0,0.2654320987654321,0.8115461951021443,0.5924751840195179,0.47058823529411764,0.8228833748387747,0.0,67.0,0.0,3982.770000000005,1439.400000000002,0.0,independent_greedy,survey,21290820,3
0.0,1.0,199.0,0.22613065326633155,0.8819411254175461,0.8208411002647382,0.6666666666666665,0.9585320505934183,0.0,78.0,0.0,5552.540741545133,2149.5042089673516,0.0,communication_aware,survey,21290820,3
1.0,1.0,175.0,0.08380952380952382,0.9088118050819165,0.8653734414310592,0.33333333333333326,0.9957306338610037,0.0,0.0,0.0,5576.418334661629,1628.6758018067753,175.0,haco_safemarl_pilot_no_acoustic,survey,21290820,3
0.0,1.0,158.0,0.17932489451476794,0.8879539585315557,0.7440736438845387,0.3333333333333333,0.9128315566487022,0.0,140.0,0.0,5032.137539021513,1202.1329947510535,0.0,haco_safemarl_pilot_no_shield,survey,21290820,3
1.0,1.0,180.0,0.07407407407407408,0.9069872608522666,0.858925181462608,0.3888888888888889,0.9959524491177101,0.0,0.0,0.0,5678.744834637741,1726.6157023067694,191.0,haco_safemarl_pilot,survey,21290820,3
0.0,0.0,300.0,0.0,0.8988005199744333,0.8380289124978852,0.0,0.9999999998888889,0.0,0.0,0.0,1019.3936667138398,369.4530087040074,180.0,haco_safemarl_mappo,survey,21290820,3
0.0,0.6666666666666666,300.0,0.31444444444444436,0.7320994225770322,0.42963153901934287,0.6666666666666669,0.8449334707726159,0.0,0.0,0.0,5560.499999999976,3013.8468692994247,0.0,fixed_auv_ga_pso_tlbo_proxy,survey,21300827,3
1.0,1.0,254.0,0.7125984251968503,0.6260687626399899,0.3207202757684439,1.0,0.5463586339581824,0.0,0.0,0.0,6244.590000000008,2952.200000000016,0.0,independent_greedy,survey,21300827,3
0.0,0.6666666666666666,300.0,0.3699999999999999,0.7970314810306391,0.6529237497738152,0.6666666666666669,0.8144013373527983,0.0,0.0,0.0,8198.50790709626,3667.086774872947,0.0,communication_aware,survey,21300827,3
0.0,0.6666666666666666,300.0,0.35333333333333333,0.7598607199471933,0.6638908992915814,0.6666666666666669,0.8947176567282001,0.0,0.0,0.0,9156.230280245582,2538.5009802591,377.0,haco_safemarl_pilot_no_acoustic,survey,21300827,3
0.0,0.6666666666666666,300.0,0.39222222222222214,0.7063715671031915,0.5876351695098924,0.6666666666666669,0.8538265515038698,0.0,0.0,0.0,9110.973739042507,2580.824552620777,0.0,haco_safemarl_pilot_no_shield,survey,21300827,3
0.0,0.3333333333333333,300.0,0.3488888888888889,0.8172789931064746,0.7371326681351633,0.6666666666666669,0.8739813186769021,0.0,0.0,0.0,8986.382467114181,3066.4221999082665,385.0,haco_safemarl_pilot,survey,21300827,3
0.0,0.0,300.0,0.0,0.8983989548408576,0.8511827550503615,0.0,0.9999999998888889,0.0,0.0,0.0,633.5803952177123,24.107213692921338,318.0,haco_safemarl_mappo,survey,21300827,3
0.0,0.6666666666666666,300.0,0.37888888888888883,0.7671825713952429,0.6371762395180145,0.6666666666666669,0.8398604535372033,0.0,0.0,0.0,5560.499999999976,3272.1691412269556,0.0,fixed_auv_ga_pso_tlbo_proxy,survey,21310834,3
1.0,1.0,268.0,0.44154228855721384,0.6286765479444318,0.2504595746554369,0.6666666666666669,0.6705482434844341,0.0,0.0,0.0,6588.780000000009,3383.4000000000115,0.0,independent_greedy,survey,21310834,3
0.0,0.6666666666666666,300.0,0.4,0.8246323002040875,0.7382650566680475,0.6666666666666669,0.8179614916475458,0.0,0.0,0.0,8194.827101004108,3746.731602478786,0.0,communication_aware,survey,21310834,3
1.0,1.0,261.0,0.3780332056194125,0.7422618406717622,0.4312285506212097,0.6666666666666669,0.7963207320451995,0.0,0.0,0.0,8433.909692655821,1966.5939505155602,377.0,haco_safemarl_pilot_no_acoustic,survey,21310834,3
1.0,1.0,261.0,0.4712643678160919,0.6371702660290735,0.2955108340331797,0.6666666666666669,0.6983498347896661,0.0,0.0,0.0,8169.213270672907,2012.5101633551003,0.0,haco_safemarl_pilot_no_shield,survey,21310834,3
1.0,1.0,261.0,0.3563218390804598,0.777718618409575,0.5302286975243057,0.6666666666666669,0.8174077576259254,0.0,0.0,0.0,8531.404619738416,1973.066745329806,367.0,haco_safemarl_pilot,survey,21310834,3
0.0,0.0,300.0,0.017777777777777778,0.8897930272298094,0.8176229511992529,0.17777777777777773,0.9993452416340041,0.0,0.0,0.0,1071.9284624998254,200.72380604014396,309.0,haco_safemarl_mappo,survey,21310834,3
0.0,0.6666666666666666,300.0,0.4377777777777779,0.6442291654034903,0.4860077219063813,1.0,0.8843159600746434,0.0,0.0,0.0,5560.499999999976,2563.966825030436,0.0,fixed_auv_ga_pso_tlbo_proxy,survey,21320841,3
1.0,1.0,245.0,0.580952380952381,0.5629786677047742,0.3305388221767505,0.6666666666666667,0.500258397774466,0.0,0.0,0.0,6023.325000000008,2473.800000000005,0.0,independent_greedy,survey,21320841,3
0.0,0.3333333333333333,300.0,0.5766666666666665,0.7181076818891574,0.6547691993156304,1.0,0.957153877540114,0.0,0.0,0.0,8021.846317173124,2926.2680464449522,0.0,communication_aware,survey,21320841,3
0.0,0.6666666666666666,300.0,0.4088888888888889,0.7121539350096671,0.4913357255036431,0.8888888888888888,0.8476157958339008,0.0,0.0,0.0033333333333333335,9330.396638467273,2494.7538894167783,476.0,haco_safemarl_pilot_no_acoustic,survey,21320841,3
1.0,1.0,277.0,0.5306859205776173,0.6668244991321168,0.4679122886230311,1.0,0.9340801056801957,0.0,0.0,0.018050541516245487,8645.19242533196,2146.0142685571122,0.0,haco_safemarl_pilot_no_shield,survey,21320841,3
0.0,0.3333333333333333,300.0,0.44555555555555554,0.7806468529119188,0.7150693340209648,0.9,0.8093408609114616,0.0,0.0,0.0,9085.728560352518,3079.1427772850175,492.0,haco_safemarl_pilot,survey,21320841,3
0.0,0.0,300.0,0.1822222222222222,0.8437419553261787,0.7868158758491601,0.3333333333333334,0.909667365115888,0.0,0.0,0.0,608.6055449264663,302.9685262765656,393.0,haco_safemarl_mappo,survey,21320841,3
0.0,1.0,222.0,0.448948948948949,0.68285195630765,0.46996076831433325,1.0,0.9050037960544646,0.0,92.0,0.0,4114.769999999988,1935.7930511628183,0.0,fixed_auv_ga_pso_tlbo_proxy,survey,21330848,3
0.0,1.0,170.0,0.43529411764705883,0.6765227694913442,0.3686111123698171,1.0,0.814854111174484,0.0,70.0,0.0,4179.450000000005,1622.0000000000005,0.0,independent_greedy,survey,21330848,3
0.0,0.3333333333333333,300.0,0.66,0.658662901017583,0.5563264154691998,1.0,0.9002595896450016,0.0,139.0,0.0,7919.616507121876,2964.7209866986977,0.0,communication_aware,survey,21330848,3
1.0,1.0,232.0,0.41810344827586204,0.7240412580718564,0.4627055459721363,1.0,0.8480031017415386,0.0,0.0,0.0,2947.9535138713663,1046.3703001476304,654.0,haco_safemarl_pilot_no_acoustic,survey,21330848,3
0.0,1.0,190.0,0.556140350877193,0.6627357208830317,0.5701549538545221,1.0,0.915683160478718,0.0,91.0,0.0,5910.686944345303,1663.516599257574,0.0,haco_safemarl_pilot_no_shield,survey,21330848,3
0.0,0.0,300.0,0.5977777777777777,0.7496819911367675,0.6587415194576031,1.0,0.9211195922926015,0.0,0.0,0.0,3137.853914359498,1391.414375799979,971.0,haco_safemarl_pilot,survey,21330848,3
0.0,0.0,300.0,0.39666666666666667,0.7911875190288766,0.7200563336201754,0.6666666666666669,0.8154844381936381,0.0,0.0,0.0,1322.1212014224147,766.7673225549147,682.0,haco_safemarl_mappo,survey,21330848,3
0.0,1.0,278.0,0.4712230215827338,0.7633012089558229,0.7237716292633023,1.0,0.9144860271190397,0.0,45.0,0.0,5152.72999999998,2895.3415707741815,0.0,fixed_auv_ga_pso_tlbo_proxy,survey,21340855,3
0.0,1.0,212.0,0.529874213836478,0.6857873667320408,0.4072143681985781,1.0,0.7046162088945508,0.0,34.0,0.0,5212.020000000007,2295.3999999999987,0.0,independent_greedy,survey,21340855,3
0.0,0.6666666666666666,300.0,0.5877777777777777,0.7608283149661494,0.732138076598857,1.0,0.9365435772364619,0.0,93.0,0.0,8049.277679662369,3218.161857654343,0.0,communication_aware,survey,21340855,3
1.0,1.0,251.0,0.16733067729083664,0.8563214039013579,0.7689420024261946,0.6666666666666667,0.9764681334676627,0.0,0.0,0.0,7700.094101794865,2009.8959751102911,292.0,haco_safemarl_pilot_no_acoustic,survey,21340855,3
0.0,1.0,206.0,0.3721682847896442,0.7392148036010993,0.5397769042906353,0.6666666666666665,0.8457147991332483,0.0,33.0,0.0,6481.036303588572,1524.581177915927,0.0,haco_safemarl_pilot_no_shield,survey,21340855,3
1.0,1.0,251.0,0.15405046480743692,0.8640208187961994,0.7846506980890117,0.6666666666666667,0.9808931207456199,0.0,0.0,0.0,7481.5626345082255,1984.817121017787,284.0,haco_safemarl_pilot,survey,21340855,3
0.0,0.0,300.0,0.0,0.8885295530157993,0.8609334996726283,0.0,0.9999999998888889,0.0,0.0,0.0,812.3801091589384,266.21799445186,334.0,haco_safemarl_mappo,survey,21340855,3
0.0,1.0,226.0,0.36135693215339226,0.7282361165260416,0.3840199358139008,0.6666666666666664,0.7853172656785297,0.0,71.0,0.0,4188.909999999987,2338.6701222179313,0.0,fixed_auv_ga_pso_tlbo_proxy,survey,21350862,3
0.0,1.0,173.0,0.36801541425818873,0.7100488613122038,0.33475475391950266,0.6666666666666665,0.742071210651206,0.0,54.0,0.0,4253.205000000005,1889.0000000000014,0.0,independent_greedy,survey,21350862,3
0.0,0.3333333333333333,300.0,0.46777777777777774,0.7663809094022856,0.5753510231872547,0.6666666666666669,0.6882617445189071,0.0,175.0,0.0,8099.561202004042,3776.4778014103385,0.0,communication_aware,survey,21350862,3
1.0,1.0,284.0,0.35798122065727705,0.7836142636755548,0.6504945992296125,0.6666666666666669,0.8638097133240621,0.0,0.0,0.0,8310.07516519887,2614.856806468274,410.0,haco_safemarl_pilot_no_acoustic,survey,21350862,3
0.0,1.0,225.0,0.44444444444444436,0.7128600378161211,0.5169117590635062,0.6666666666666664,0.7551349172332998,0.0,74.0,0.0,6797.957452137998,2033.994244384266,0.0,haco_safemarl_pilot_no_shield,survey,21350862,3
0.0,0.3333333333333333,300.0,0.36666666666666664,0.8205703826544334,0.7294609508441385,0.6666666666666669,0.8553691591187165,0.0,0.0,0.0,8892.173295431665,3382.9645005907064,453.0,haco_safemarl_pilot,survey,21350862,3
0.0,0.3333333333333333,300.0,0.0022222222222222222,0.9064082100058148,0.8296734276977921,0.02222222222222222,0.9999900794011012,0.0,0.0,0.0,463.87618381339695,173.75421902396516,243.0,haco_safemarl_mappo,survey,21350862,3
0.0,0.6666666666666666,300.0,0.27,0.7839157770847128,0.5716034247913395,0.8555555555555555,0.9418584097911449,0.0,65.0,0.0,5560.499999999976,2360.9107119364116,0.0,fixed_auv_ga_pso_tlbo_proxy,survey,21360869,3
0.0,1.0,271.0,0.4132841328413284,0.6722715851682468,0.434299881302198,1.0,0.9193202339118624,0.0,50.0,0.0,6662.535000000009,2499.8000000000056,0.0,independent_greedy,survey,21360869,3
0.0,0.0,300.0,0.42,0.7944756280024269,0.6903792043035839,1.0,0.9617331269048517,0.0,143.0,0.0,8140.910090529314,2968.810792801291,0.0,communication_aware,survey,21360869,3
0.0,0.6666666666666666,300.0,0.3088888888888889,0.7661766889563733,0.7179337298593328,0.9222222222222222,0.9913239549818864,0.0,0.0,0.0,9090.275881699388,2579.24390576856,375.0,haco_safemarl_pilot_no_acoustic,survey,21360869,3
0.0,0.3333333333333333,300.0,0.52,0.6593695508891576,0.5602787911673018,1.0,0.9669537098733388,0.0,79.0,0.0,9280.492587587722,2929.0617177077497,0.0,haco_safemarl_pilot_no_shield,survey,21360869,3
0.0,0.3333333333333333,300.0,0.3177777777777779,0.848281720437096,0.8034343932643443,1.0,0.95234197754341,0.0,0.0,0.0,9308.469308668502,3237.33649085776,410.0,haco_safemarl_pilot,survey,21360869,3
0.0,0.0,300.0,0.055555555555555546,0.9051440783575136,0.8985721876560417,0.3333333333333334,0.993127147643462,0.0,0.0,0.0,563.6090727303246,246.1839267722306,250.0,haco_safemarl_mappo,survey,21360869,3
0.0,0.6666666666666666,300.0,0.4211111111111111,0.6843309927915273,0.5642431336563936,1.0,0.9497751882101516,0.0,0.0,0.0,5560.499999999976,2273.5966682910357,0.0,fixed_auv_ga_pso_tlbo_proxy,survey,21370876,3
1.0,1.0,232.0,0.41954022988505746,0.6608062245556594,0.3836533303596236,1.0,0.8767135058270583,0.0,0.0,0.0,5703.7200000000075,1846.0000000000016,0.0,independent_greedy,survey,21370876,3
0.0,0.0,300.0,0.5166666666666666,0.7461099935830035,0.6950172233854619,1.0,0.9684031131829935,0.0,0.0,0.0,8048.398770477429,2896.9776143877284,0.0,communication_aware,survey,21370876,3
0.0,0.3333333333333333,300.0,0.4888888888888889,0.6588310496462974,0.4604575760894258,1.0,0.9312806425492475,0.0,0.0,0.0,6229.811540558886,1689.3473084639488,677.0,haco_safemarl_pilot_no_acoustic,survey,21370876,3
0.0,0.3333333333333333,300.0,0.581111111111111,0.5965174037736145,0.5089009840073774,1.0,0.9646000876391193,0.0,0.0,0.0,9202.676114169222,2875.984416442436,0.0,haco_safemarl_pilot_no_shield,survey,21370876,3
0.0,0.0,300.0,0.5233333333333333,0.7644669412529214,0.690040303749856,1.0,0.9528150962400491,0.0,0.0,0.0,7363.315878004964,2459.1141209432035,652.0,haco_safemarl_pilot,survey,21370876,3
0.0,0.3333333333333333,300.0,0.0,0.8791203675755995,0.8594373728220145,0.0,0.9999999998888889,0.0,0.0,0.0,926.2172762029504,208.05879002530278,339.0,haco_safemarl_mappo,survey,21370876,3
0.0,1.0,263.0,0.5310519645120405,0.647993297860102,0.3952979897468192,1.0,0.9235273478515375,0.0,183.0,0.4220532319391635,4874.704999999982,2470.9744801004676,0.0,fixed_auv_ga_pso_tlbo_proxy,survey,21380883,3
0.0,1.0,201.0,0.603648424543947,0.6007999312631427,0.5287889765052033,1.0,0.9940137467996318,0.029850746268656716,141.0,0.4527363184079602,4941.585000000006,2160.9999999999986,0.0,independent_greedy,survey,21380883,3
0.0,0.6666666666666666,300.0,0.6644444444444444,0.6880691534309732,0.5771280835689971,1.0,0.9430864035562956,0.0,232.0,0.4866666666666667,7954.385961298993,3168.512635741405,0.0,communication_aware,survey,21380883,3
0.0,0.3333333333333333,300.0,0.39666666666666656,0.7784552282694192,0.6988844114068072,0.6666666666666669,0.9068621568487237,0.0,0.0,0.37666666666666665,8386.370188215375,3089.9188896976493,707.0,haco_safemarl_pilot_no_acoustic,survey,21380883,3
0.0,1.0,210.0,0.47619047619047616,0.6188237645506688,0.4983102577207937,1.0,0.9226780536433492,0.02857142857142857,76.0,0.22857142857142856,6643.6368246385455,1547.6500686511015,0.0,haco_safemarl_pilot_no_shield,survey,21380883,3
0.0,0.3333333333333333,300.0,0.37888888888888883,0.814095254379283,0.760159813590661,0.6666666666666669,0.9126224081199535,0.0,0.0,0.39666666666666667,7675.8454024580105,2711.9944814743335,774.0,haco_safemarl_pilot,survey,21380883,3
0.0,0.0,300.0,0.0,0.8838255467883126,0.8310761901257974,0.0,0.9999999998888889,0.0,0.0,0.0,509.8590977304713,305.68677858211015,479.0,haco_safemarl_mappo,survey,21380883,3
0.0,0.3333333333333333,300.0,0.1711111111111111,0.8746501981781797,0.79193753451303,0.6666666666666669,0.9778878930099982,0.0,169.0,0.0,5560.499999999976,2242.713002121769,0.0,fixed_auv_ga_pso_tlbo_proxy,survey,21390890,3
0.0,1.0,282.0,0.5401891252955083,0.6605730741769266,0.5320424216405,0.6666666666666669,0.7668850943853064,0.0,182.0,0.0,6932.970000000009,2254.800000000002,0.0,independent_greedy,survey,21390890,3
0.0,0.0,300.0,0.24,0.8765091909444429,0.8194314031390362,0.6666666666666669,0.9519368108324805,0.0,129.0,0.0,8308.60731547029,2915.9780967965035,0.0,communication_aware,survey,21390890,3
0.0,0.3333333333333333,300.0,0.1611111111111111,0.895426166090355,0.8399439823503848,0.7888888888888889,0.9864874451809019,0.0,35.0,0.0,7984.81767841096,2430.048370114523,408.0,haco_safemarl_pilot_no_acoustic,survey,21390890,3
0.0,1.0,292.0,0.3162100456621004,0.7832440784627542,0.7064050477616813,0.8666666666666667,0.9348961791834721,0.0,153.0,0.0,9248.423259685464,2595.6125465724967,0.0,haco_safemarl_pilot_no_shield,survey,21390890,3
0.0,0.3333333333333333,300.0,0.15777777777777777,0.9094286228096606,0.8831454734275237,0.8444444444444444,0.9911265670144255,0.0,35.0,0.0,7851.843892110603,2496.093164273932,425.0,haco_safemarl_pilot,survey,21390890,3
0.0,0.0,300.0,0.0,0.9638133413227201,0.950302130780658,0.0,0.9999999998888889,0.0,8.0,0.0,1374.2730277829776,166.6497346379188,109.0,haco_safemarl_mappo,survey,21390890,3
1.0,1.0,239.0,0.0,0.9181134584517227,0.8583570473178187,0.0,0.9999999998888889,0.0,0.0,0.0,4429.864999999985,1800.7534594459723,0.0,fixed_auv_ga_pso_tlbo_proxy,survey,21400897,3
1.0,1.0,183.0,0.19672131147540983,0.8319048630399019,0.6255089989941424,0.33333333333333326,0.8928969875904936,0.0,0.0,0.0,4499.055000000006,1503.7999999999981,0.0,independent_greedy,survey,21400897,3
1.0,1.0,207.0,0.0,0.9179976292147946,0.8580880926360676,0.0,0.9999999998888889,0.0,0.0,0.0,5873.625,2028.505575153515,0.0,communication_aware,survey,21400897,3
1.0,1.0,172.0,0.040697674418604654,0.9181256415146942,0.8802433518220119,0.33333333333333326,0.9964132780706615,0.0,0.0,0.0,5500.742500000001,1336.5129628829595,44.0,haco_safemarl_pilot_no_acoustic,survey,21400897,3
1.0,1.0,178.0,0.037453183520599245,0.9161699071815074,0.8774792550553466,0.33333333333333326,0.9969810863877632,0.0,0.0,0.0,5660.591088342968,1429.8853423449311,0.0,haco_safemarl_pilot_no_shield,survey,21400897,3
1.0,1.0,172.0,0.025193798449612403,0.9195031217357152,0.8847875240127839,0.24074074074074073,0.9986658613303313,0.0,0.0,0.0,5499.802979154105,1310.9126206746562,42.0,haco_safemarl_pilot,survey,21400897,3
0.0,0.0,300.0,0.0,0.8467002205626882,0.8371920308224108,0.0,0.9999999998888889,0.0,0.0,0.0,591.3927533205921,128.64001103625634,548.0,haco_safemarl_mappo,survey,21400897,3
0.0,1.0,286.0,0.09557109557109554,0.9098451094285686,0.8377325398552641,0.3333333333333334,0.9781554973815036,0.0,90.0,0.06293706293706294,5301.009999999978,2979.381785158187,0.0,fixed_auv_ga_pso_tlbo_proxy,survey,21410904,3
0.0,1.0,218.0,0.09174311926605505,0.8816147373688845,0.8220418641419418,0.33333333333333326,0.9800019996706617,0.0,69.0,0.0,5359.530000000007,2482.600000000003,0.0,independent_greedy,survey,21410904,3
0.0,0.6666666666666666,300.0,0.1322222222222222,0.906260762399093,0.8428669561962755,0.3333333333333334,0.9556278326604242,0.0,78.0,0.006666666666666667,8412.832455083948,3981.2901942034214,0.0,communication_aware,survey,21410904,3
1.0,1.0,246.0,0.0,0.9272144256617917,0.8997971104883161,0.0,0.9999999998888889,0.0,0.0,0.0,7632.21855300806,2388.3982767930684,65.0,haco_safemarl_pilot_no_acoustic,survey,21410904,3
0.0,1.0,212.0,0.180817610062893,0.9049528106809491,0.8628004650218367,0.6666666666666665,0.9729381949821758,0.0,66.0,0.0,6606.670857704562,1714.4561982652754,0.0,haco_safemarl_pilot_no_shield,survey,21410904,3
1.0,1.0,246.0,0.0,0.927244895844748,0.8998697054893168,0.0,0.9999999998888889,0.0,0.0,0.0,7635.039842694134,2389.337778789491,67.0,haco_safemarl_pilot,survey,21410904,3
0.0,0.0,300.0,0.0,0.8803272241387852,0.8620065763538366,0.0,0.9999999998888889,0.0,0.0,0.056666666666666664,942.0287843504892,465.5643110134124,458.0,haco_safemarl_mappo,survey,21410904,3
0.0,0.6666666666666666,300.0,0.4977777777777778,0.671417399759286,0.5700378110304514,1.0,0.9667168228761296,0.0,29.0,0.0,5560.499999999976,2675.480430903288,0.0,fixed_auv_ga_pso_tlbo_proxy,survey,21420911,3
0.0,1.0,273.0,0.5848595848595848,0.5751989819564789,0.5061561137106528,1.0,0.9973943497581162,0.0,22.0,0.0,6711.705000000009,2934.6000000000167,0.0,independent_greedy,survey,21420911,3
0.0,0.3333333333333333,300.0,0.5733333333333334,0.7325258561963836,0.6956111877367439,1.0,0.9769827066326878,0.0,25.0,0.0,8033.196233333558,2984.8714056934245,0.0,communication_aware,survey,21420911,3
0.0,0.3333333333333333,300.0,0.4533333333333333,0.701965710009512,0.648329879152474,1.0,0.9511729337671204,0.0,11.0,0.0,9171.633012252605,3075.461521586968,532.0,haco_safemarl_pilot_no_acoustic,survey,21420911,3
0.0,0.3333333333333333,300.0,0.5344444444444444,0.6428820176228525,0.5808299170437221,1.0,0.9514109041732268,0.0,21.0,0.0,9148.46142619346,2964.4832077223255,0.0,haco_safemarl_pilot_no_shield,survey,21420911,3
0.0,0.3333333333333333,300.0,0.46,0.7748334826290827,0.7619581853056081,1.0,0.967104777926383,0.0,11.0,0.0,9088.727929503671,3083.6111767383,553.0,haco_safemarl_pilot,survey,21420911,3
0.0,0.0,300.0,0.01,0.8882768445666989,0.8375639761545628,0.1,0.9997959807088761,0.0,5.0,0.0,813.0011446142049,103.38784514176726,253.0,haco_safemarl_mappo,survey,21420911,3
0.0,1.0,261.0,0.3384418901660281,0.7797457629062067,0.6651709276452024,1.0,0.9813620069239583,0.0,27.0,0.0,4837.634999999982,1860.4204652927192,0.0,fixed_auv_ga_pso_tlbo_proxy,survey,21430918,3
0.0,1.0,200.0,0.47166666666666673,0.6857746287288994,0.4151163052191575,1.0,0.7493419235216686,0.0,20.0,0.0,4917.000000000006,1517.6000000000022,0.0,independent_greedy,survey,21430918,3
0.0,0.3333333333333333,300.0,0.5122222222222222,0.7690968073156624,0.7138776834611034,1.0,0.9840586587799139,0.0,22.0,0.0,8083.57474847023,2849.154263003731,0.0,communication_aware,survey,21430918,3
1.0,1.0,268.0,0.43034825870646765,0.7496483994086662,0.6907664270003936,1.0,0.9625204188961138,0.0,0.0,0.0037313432835820895,7667.909631983011,2213.1742513103122,495.0,haco_safemarl_pilot_no_acoustic,survey,21430918,3
0.0,1.0,221.0,0.43891402714932126,0.7423238116418517,0.7189264645208155,1.0,0.9869907562463942,0.0,20.0,0.00904977375565611,7009.570353730506,1918.3918063748642,0.0,haco_safemarl_pilot_no_shield,survey,21430918,3
0.0,0.3333333333333333,300.0,0.4844444444444444,0.7754475760192772,0.7263380648964781,1.0,0.9823062950513859,0.0,0.0,0.0,8391.456044901379,2793.392137495001,604.0,haco_safemarl_pilot,survey,21430918,3
0.0,0.0,300.0,0.0,0.9118878079323048,0.8681253938055661,0.0,0.9999999998888889,0.0,0.0,0.0,1180.155413140433,236.49214667383018,150.0,haco_safemarl_mappo,survey,21430918,3
0.0,1.0,288.0,0.11921296296296295,0.9017723376150113,0.8149515300116127,0.5977011494252873,0.9827286316767694,0.0,18.0,0.0,5338.079999999978,2847.061712756211,0.0,fixed_auv_ga_pso_tlbo_proxy,survey,21440925,3
0.0,1.0,221.0,0.44042232277526394,0.7858168718593888,0.7104946823309698,0.9710144927536232,0.8397608368200191,0.0,14.0,0.0,5433.285000000007,2139.4000000000074,0.0,independent_greedy,survey,21440925,3
0.0,0.6666666666666666,300.0,0.19888888888888887,0.8879626252523741,0.8056269469678498,0.6666666666666669,0.9630912083883516,0.0,16.0,0.0,8393.230573113131,3656.513259527762,0.0,communication_aware,survey,21440925,3
1.0,1.0,221.0,0.0,0.9283056096543907,0.9224210788671025,0.0,0.9999999998888889,0.0,0.0,0.0,6958.707482020332,1747.4154290128113,26.0,haco_safemarl_pilot_no_acoustic,survey,21440925,3
0.0,1.0,214.0,0.010903426791277258,0.9245019000487822,0.9159056335510923,0.10606060606060605,0.9997570184547253,0.0,13.0,0.0,6730.953609704721,1576.9100752628894,0.0,haco_safemarl_pilot_no_shield,survey,21440925,3
1.0,1.0,221.0,0.0,0.9282163025930649,0.9223310771147869,0.0,0.9999999998888889,0.0,0.0,0.0,6959.168493915275,1781.699576352161,26.0,haco_safemarl_pilot,survey,21440925,3
0.0,0.0,300.0,0.11444444444444443,0.8715116810764441,0.8184303128858859,0.3333333333333334,0.9676765274933986,0.0,0.0,0.0,1481.7818692533815,262.942863494921,245.0,haco_safemarl_mappo,survey,21440925,3
0.0,0.6666666666666666,300.0,0.11666666666666667,0.8877752800589556,0.8391526976115624,0.3333333333333334,0.9662882695608821,0.0,29.0,0.20333333333333334,5560.499999999976,2519.479518929675,0.0,fixed_auv_ga_pso_tlbo_proxy,survey,21450932,3
0.0,1.0,234.0,0.3988603988603989,0.7635578255991168,0.7137120311560985,0.6666666666666666,0.9961626668090512,0.0,23.0,0.4017094017094017,5752.890000000008,2190.7999999999984,0.0,independent_greedy,survey,21450932,3
0.0,1.0,268.0,0.14054726368159207,0.886608472078987,0.85477509903468,0.5308641975308641,0.9671343528257377,0.0,25.0,0.17537313432835822,7578.096905024179,2925.322858389645,0.0,communication_aware,survey,21450932,3
1.0,1.0,228.0,0.0833333333333333,0.8757439040721477,0.8224659303900599,0.3333333333333332,0.9837398372704078,0.0,0.0,0.08771929824561403,7299.426638809446,1944.2402398780716,123.0,haco_safemarl_pilot_no_acoustic,survey,21450932,3
0.0,1.0,228.0,0.11549707602339179,0.8580986973663943,0.7642768323505935,0.3333333333333332,0.9670230668117901,0.0,54.0,0.06140350877192982,7219.014370511938,1896.8598611983814,0.0,haco_safemarl_pilot_no_shield,survey,21450932,3
1.0,1.0,228.0,0.08479532163742688,0.8779847281824101,0.8282286077583444,0.3333333333333332,0.9831210924850061,0.0,0.0,0.08771929824561403,7324.175241219201,1925.3852388487858,125.0,haco_safemarl_pilot,survey,21450932,3
0.0,0.0,300.0,0.03888888888888889,0.9082496977420573,0.8401715658411503,0.3333333333333334,0.9967362705702119,0.0,0.0,0.21666666666666667,1415.892525830031,190.45300561271802,233.0,haco_safemarl_mappo,survey,21450932,3
0.0,0.6666666666666666,300.0,0.11444444444444443,0.8934023870475721,0.8110723836298935,0.3333333333333334,0.9676765274933986,0.0,0.0,0.0,5560.499999999976,2901.28519983491,0.0,fixed_auv_ga_pso_tlbo_proxy,survey,21460939,3
1.0,1.0,239.0,0.31659693165969327,0.7769641045056442,0.512161211599975,0.4583333333333333,0.8073247656501465,0.0,0.0,0.0,5875.815000000008,2490.600000000008,0.0,independent_greedy,survey,21460939,3
0.0,0.6666666666666666,300.0,0.21666666666666662,0.8719561046229748,0.8202451492155348,0.6777777777777779,0.9627285879464589,0.0,0.0,0.0,8376.891933127994,3516.3015931770215,0.0,communication_aware,survey,21460939,3
1.0,1.0,232.0,0.03304597701149425,0.9273419319466345,0.8694758616414711,0.3194444444444444,0.9976695366746215,0.0,0.0,0.0,7396.086249999986,1979.0586278856292,75.0,haco_safemarl_pilot_no_acoustic,survey,21460939,3
1.0,1.0,232.0,0.20258620689655168,0.8887871829679953,0.7536071214246888,0.3333333333333333,0.8856714021867684,0.0,0.0,0.0,7321.184104342557,1887.0711799677504,0.0,haco_safemarl_pilot_no_shield,survey,21460939,3
1.0,1.0,232.0,0.03304597701149425,0.9278710890796118,0.8710057817126331,0.3194444444444444,0.9976695366746215,0.0,0.0,0.0,7398.540978672903,1964.518233136747,74.0,haco_safemarl_pilot,survey,21460939,3
0.0,0.0,300.0,0.0,0.8981006073692094,0.8535136550045895,0.0,0.9999999998888889,0.0,0.0,0.0,997.1520353834969,249.15008550743025,250.0,haco_safemarl_mappo,survey,21460939,3
1.0,1.0,135.0,0.11111111111111113,0.8973619294451237,0.8170798654964505,0.3333333333333333,0.9696969695647382,0.0,0.0,0.0,2502.225,946.4769537323315,0.0,fixed_auv_ga_pso_tlbo_proxy,survey,21470946,3
1.0,1.0,103.0,0.3333333333333335,0.8336289423874996,0.7120463301240749,0.6666666666666667,0.8311983388408708,0.0,0.0,0.0,2532.255000000003,626.2000000000004,0.0,independent_greedy,survey,21470946,3
1.0,1.0,117.0,0.10256410256410257,0.9018727894670411,0.8376967610496839,0.3333333333333333,0.9745425615237092,0.0,0.0,0.0,3301.7444338838836,997.5643020281511,0.0,communication_aware,survey,21470946,3
1.0,1.0,105.0,0.06984126984126984,0.8995540223621143,0.8333055895563249,0.33333333333333337,0.9902873422740778,0.0,0.0,0.0,3382.8539499973945,788.2899859448097,59.0,haco_safemarl_pilot_no_acoustic,survey,21470946,3
1.0,1.0,101.0,0.09570957095709574,0.8880899975008566,0.7953289908009871,0.33333333333333337,0.9780869745176075,0.0,0.0,0.0,3274.4039681076592,737.2203162295938,0.0,haco_safemarl_pilot_no_shield,survey,21470946,3
1.0,1.0,105.0,0.022222222222222223,0.9006552912507024,0.8452433696032867,0.2121212121212121,0.9993468595430359,0.0,0.0,0.0,3385.5304612773953,900.5589180489403,59.0,haco_safemarl_pilot,survey,21470946,3
0.0,0.3333333333333333,300.0,0.09888888888888889,0.8577686880512798,0.8237831246371782,0.3333333333333334,0.9764802994109189,0.0,0.0,0.0,910.6966648872148,114.71133093860198,300.0,haco_safemarl_mappo,survey,21470946,3
0.0,0.6666666666666666,300.0,0.26,0.7956480760772365,0.5875429119662824,0.6666666666666669,0.9211618255539676,0.0,0.0,0.0,5560.499999999976,2968.9121807487454,0.0,fixed_auv_ga_pso_tlbo_proxy,survey,21480953,3
1.0,1.0,292.0,0.39041095890410954,0.6492639968658077,0.49819006577320757,0.6666666666666669,0.8201349460447174,0.0,0.0,0.0,7178.82000000001,3493.4000000000233,0.0,independent_greedy,survey,21480953,3
0.0,0.6666666666666666,300.0,0.3222222222222222,0.8423752667524805,0.7447022851547404,0.6666666666666669,0.8853326479091305,0.0,0.0,0.0,8237.565951814113,3652.106463565507,0.0,communication_aware,survey,21480953,3
0.0,0.6666666666666666,300.0,0.30111111111111105,0.7983975699936501,0.6450300826797715,0.6666666666666669,0.9209713423165583,0.0,0.0,0.0,6786.4081750194255,1607.8652746343541,457.0,haco_safemarl_pilot_no_acoustic,survey,21480953,3
0.0,0.6666666666666666,300.0,0.34777777777777774,0.7426516073844378,0.5745033317585899,0.6666666666666669,0.9391283252398547,0.0,0.0,0.0,9221.064536228465,2425.5404077418884,0.0,haco_safemarl_pilot_no_shield,survey,21480953,3
0.0,0.3333333333333333,300.0,0.3122222222222222,0.8435690916166256,0.778275913197351,0.6666666666666669,0.9056573891591109,0.0,0.0,0.0,6807.5542085711795,2199.8286793555467,463.0,haco_safemarl_pilot,survey,21480953,3
0.0,0.3333333333333333,300.0,0.06111111111111111,0.8920529921085408,0.8318214918049853,0.3333333333333334,0.9950305952979442,0.0,0.0,0.0,1086.1818860453473,392.1338210078095,302.0,haco_safemarl_mappo,survey,21480953,3
0.0,0.6666666666666666,300.0,0.41666666666666674,0.7687391704870606,0.6188435256004667,0.6666666666666669,0.7952273374372966,0.0,85.0,0.0,5560.499999999976,3107.505764044162,0.0,fixed_auv_ga_pso_tlbo_proxy,survey,21490960,3
0.0,1.0,244.0,0.30327868852459017,0.6795802548050002,0.21832724989828314,0.4533333333333333,0.7492093118433116,0.0,65.0,0.0,5998.740000000008,2690.000000000005,0.0,independent_greedy,survey,21490960,3
0.0,0.6666666666666666,300.0,0.5277777777777777,0.7885480336815968,0.715029598564914,1.0,0.8093279382341549,0.0,173.0,0.0,8094.281073605526,3009.8692797797926,0.0,communication_aware,survey,21490960,3
0.0,0.6666666666666666,300.0,0.11111111111111109,0.8919357320141221,0.7718408804832027,0.3333333333333334,0.9696969695647382,0.0,4.0,0.0,5943.065073263219,2001.3511517183529,490.0,haco_safemarl_pilot_no_acoustic,survey,21490960,3
0.0,1.0,237.0,0.22925457102672295,0.8109664124672472,0.5315680746708733,0.3333333333333333,0.8496556717998306,0.0,129.0,0.0,7443.140826892005,1893.4850872787292,0.0,haco_safemarl_pilot_no_shield,survey,21490960,3
0.0,0.6666666666666666,300.0,0.09333333333333332,0.9001066206627547,0.7976208425512158,0.3333333333333334,0.9792460820389604,0.0,4.0,0.0,6058.222713095749,1994.7753837932503,481.0,haco_safemarl_pilot,survey,21490960,3
0.0,0.0,300.0,0.046666666666666676,0.88752260338007,0.8305127175278589,0.3333333333333334,0.9952304471461488,0.0,6.0,0.0,735.327452686631,164.98326976609872,353.0,haco_safemarl_mappo,survey,21490960,3
0.0,1.0,128.0,0.3515625,0.7750127595939936,0.578744051810756,0.6666666666666666,0.8605154680143414,0.0,30.0,0.578125,2372.4800000000014,1093.0174799686213,0.0,fixed_auv_ga_pso_tlbo_proxy,survey,21500967,3
0.0,1.0,98.0,0.3673469387755101,0.7668299593943992,0.5366859468927275,0.6666666666666667,0.8122270740526685,0.0,23.0,0.5816326530612245,2409.3300000000027,830.3999999999996,0.0,independent_greedy,survey,21500967,3
0.0,1.0,283.0,0.7396937573616018,0.6731051790279413,0.5437456359704805,1.0,0.8017893775882048,0.0,19.0,0.5406360424028268,7477.162854226624,3147.07183213141,0.0,communication_aware,survey,21500967,3
0.0,1.0,161.0,0.3747412008281573,0.7707616000507029,0.7248495238843664,0.6666666666666666,0.9978774149777242,0.17391304347826086,0.0,0.5962732919254659,3763.155569118926,874.8719401298029,410.0,haco_safemarl_pilot_no_acoustic,survey,21500967,3
0.0,1.0,109.0,0.49847094801223235,0.7702429758300163,0.7352035368176607,1.0,0.9559963030014152,0.3394495412844037,21.0,0.6513761467889908,3436.7358111889794,918.7241527422885,0.0,haco_safemarl_pilot_no_shield,survey,21500967,3
0.0,1.0,170.0,0.36666666666666664,0.7677710696423845,0.7221737530638718,0.6666666666666666,0.9974568571267604,0.023529411764705882,0.0,0.5588235294117647,4195.071478502892,1049.3645027647158,442.0,haco_safemarl_pilot,survey,21500967,3
0.0,0.0,300.0,0.0,0.8798347389442799,0.8357162630271502,0.0,0.9999999998888889,0.0,0.0,0.27,778.2865114946321,530.0511930401483,361.0,haco_safemarl_mappo,survey,21500967,3
1.0,1.0,223.0,0.5500747384155457,0.5647063725678523,0.2452351925890925,0.6666666666666664,0.5600640417641733,0.0,0.0,0.0,4133.304999999988,1967.5670667318043,0.0,fixed_auv_ga_pso_tlbo_proxy,survey,21510974,3
1.0,1.0,171.0,0.6120857699805068,0.5114819844865137,0.19173524757851496,0.6666666666666665,0.44534035049399817,0.0,0.0,0.0,4204.035000000005,1608.600000000003,0.0,independent_greedy,survey,21510974,3
0.0,0.3333333333333333,300.0,0.5944444444444443,0.6722771099983993,0.4757743157671029,0.6666666666666669,0.47855354503892067,0.0,0.0,0.0,7995.495606417189,3606.4579939683467,0.0,communication_aware,survey,21510974,3
0.0,0.6666666666666666,300.0,0.5855555555555555,0.587397584713003,0.3544803768838101,0.6666666666666669,0.49300336262257743,0.0,0.0,0.0,8867.687794374478,3077.487917980676,571.0,haco_safemarl_pilot_no_acoustic,survey,21510974,3
0.0,0.3333333333333333,300.0,0.6244444444444444,0.5545865902705468,0.3277740787123957,0.6666666666666669,0.41916712515969534,0.0,0.0,0.0,8803.68184714942,3133.4235541138432,0.0,haco_safemarl_pilot_no_shield,survey,21510974,3
0.0,0.3333333333333333,300.0,0.5711111111111111,0.7532816048070546,0.6284345615121064,0.6666666666666669,0.5207101417248061,0.0,0.0,0.0,8742.2985931804,3201.3749781215415,577.0,haco_safemarl_pilot,survey,21510974,3
0.0,0.3333333333333333,300.0,0.0,0.850591708490683,0.8312611573063031,0.0,0.9999999998888889,0.0,0.0,0.0,606.3260798082026,308.62631076957433,441.0,haco_safemarl_mappo,survey,21510974,3
0.0,1.0,177.0,0.5310734463276835,0.6300792917680679,0.46787480457361974,1.0,0.8383158232769021,0.0,33.0,0.0,3280.6949999999943,1326.6380500718822,0.0,fixed_auv_ga_pso_tlbo_proxy,survey,21520981,3
0.0,1.0,135.0,0.5975308641975308,0.5619079893495357,0.34758992780479875,0.9523809523809523,0.5534862402331667,0.0,25.0,0.0,3318.975000000004,972.6000000000003,0.0,independent_greedy,survey,21520981,3
0.0,0.3333333333333333,300.0,0.7811111111111111,0.5933227118758969,0.5072865657132172,1.0,0.8946907328648322,0.0,28.0,0.0,7817.537098743419,2946.03181911599,0.0,communication_aware,survey,21520981,3
1.0,1.0,265.0,0.6540880503144655,0.5891801099744388,0.4436107711482395,1.0,0.8248530255562612,0.0,0.0,0.09811320754716982,7888.829152813051,1976.6749334912352,650.0,haco_safemarl_pilot_no_acoustic,survey,21520981,3
0.0,0.3333333333333333,300.0,0.7911111111111111,0.46522347785383955,0.37031946149074024,1.0,0.7705253963517049,0.0,24.0,0.02666666666666667,8928.14928302675,2930.8354919427534,0.0,haco_safemarl_pilot_no_shield,survey,21520981,3
0.0,0.3333333333333333,300.0,0.69,0.6939612788443356,0.6480964256570951,1.0,0.8077390024520696,0.0,0.0,0.0,8904.847472040952,3007.811536668654,739.0,haco_safemarl_pilot,survey,21520981,3
0.0,0.0,300.0,0.19111111111111104,0.814985906073519,0.699172842413171,0.6,0.9333333331854043,0.0,6.0,0.12666666666666668,941.5725133875504,147.28673112865582,778.0,haco_safemarl_mappo,survey,21520981,3
0.0,1.0,100.0,0.0,0.9536995881675687,0.9464604225921335,0.0,0.9999999998888889,0.0,41.0,0.0,1853.500000000003,823.5646216149719,0.0,fixed_auv_ga_pso_tlbo_proxy,survey,21530988,3
0.0,1.0,77.0,0.0,0.947073100466088,0.9261940250515969,0.0,0.9999999998888889,0.0,32.0,0.0,1893.045000000002,634.4000000000005,0.0,independent_greedy,survey,21530988,3
0.0,1.0,87.0,0.0,0.9537093710158868,0.9466520874202521,0.0,0.9999999998888889,0.0,36.0,0.0,2468.625,835.0592977174748,0.0,communication_aware,survey,21530988,3
1.0,1.0,155.0,0.0,0.9598830238270366,0.9506929873828969,0.0,0.9999999998888889,0.0,0.0,0.0,1986.6151695836465,617.9933820910128,243.0,haco_safemarl_pilot_no_acoustic,survey,21530988,3
0.0,1.0,75.0,0.0,0.9550363140058615,0.9422621288171774,0.0,0.9999999998888889,0.0,32.0,0.0,2395.9724999999976,645.5822858455153,0.0,haco_safemarl_pilot_no_shield,survey,21530988,3
1.0,1.0,155.0,0.0,0.9598830238270366,0.9506929873828969,0.0,0.9999999998888889,0.0,0.0,0.0,1986.6151695836465,617.9933820910128,243.0,haco_safemarl_pilot,survey,21530988,3
0.0,0.0,300.0,0.0,0.8617224694334797,0.8529078896699389,0.0,0.9999999998888889,0.0,0.0,0.0,832.2865428849769,490.18419451423415,287.0,haco_safemarl_mappo,survey,21530988,3
0.0,0.6666666666666666,300.0,0.44333333333333336,0.6127608545668836,0.39483528455539924,0.6666666666666669,0.7574073233809603,0.0,34.0,0.0,5560.499999999976,2760.8722751259297,0.0,fixed_auv_ga_pso_tlbo_proxy,survey,21540995,3
0.0,1.0,273.0,0.4945054945054945,0.5544458893752402,0.31628503828333726,0.6666666666666669,0.6754628642408488,0.0,58.0,0.0,6711.705000000009,3163.400000000019,0.0,independent_greedy,survey,21540995,3
0.0,0.3333333333333333,300.0,0.4766666666666667,0.736129089216956,0.612398038373173,0.6666666666666669,0.7060525333831593,0.0,0.0,0.0,8086.457440939333,3438.6729300072802,0.0,communication_aware,survey,21540995,3
0.0,0.3333333333333333,300.0,0.45666666666666667,0.656332460805337,0.44277802517608716,0.6666666666666669,0.7387049237526885,0.0,0.0,0.0,8977.857200406046,3101.7986230709835,467.0,haco_safemarl_pilot_no_acoustic,survey,21540995,3
0.0,0.3333333333333333,300.0,0.5055555555555556,0.6221003873150553,0.4265210003902615,0.6666666666666669,0.6567143883242158,0.0,29.0,0.0,8959.168322473488,3126.1074522438657,0.0,haco_safemarl_pilot_no_shield,survey,21540995,3
0.0,0.3333333333333333,300.0,0.45888888888888885,0.7853940309310671,0.6750683689505934,0.6666666666666669,0.7352367664382816,0.0,0.0,0.0,8873.348121937906,3144.418753622595,470.0,haco_safemarl_pilot,survey,21540995,3
0.0,0.0,300.0,0.0,0.8580727032736389,0.8460764790561187,0.0,0.9999999998888889,0.0,0.0,0.0,525.3724755870265,479.0575591394453,315.0,haco_safemarl_mappo,survey,21540995,3
0.0,0.6666666666666666,300.0,0.39555555555555555,0.6910904505869973,0.4992296736370716,0.6777777777777779,0.826078460721113,0.0,108.0,0.0,5560.499999999976,2263.488282175089,0.0,fixed_auv_ga_pso_tlbo_proxy,survey,21551002,3
0.0,1.0,246.0,0.5094850948509485,0.5855143505386909,0.19733222958745716,1.0,0.7196502902701334,0.0,81.0,0.0,6047.910000000008,2013.4000000000021,0.0,independent_greedy,survey,21551002,3
0.0,0.3333333333333333,300.0,0.5055555555555555,0.7666430834172817,0.6570709619190723,1.0,0.8627525298651239,0.0,88.0,0.0,8080.122126330396,2774.839437208856,0.0,communication_aware,survey,21551002,3
0.0,0.3333333333333333,300.0,0.43333333333333335,0.712032286326545,0.5019614159318969,1.0,0.8464978224854531,0.0,7.0,0.0,7552.750871558764,2286.6665539344262,646.0,haco_safemarl_pilot_no_acoustic,survey,21551002,3
0.0,0.3333333333333333,300.0,0.5455555555555556,0.6365049679944212,0.4855264285341374,1.0,0.81248937488465,0.0,72.0,0.0,9215.740495385187,2878.7163959577815,0.0,haco_safemarl_pilot_no_shield,survey,21551002,3
0.0,0.3333333333333333,300.0,0.4277777777777777,0.7886981167262167,0.6860073265906398,0.9444444444444444,0.844291857820945,0.0,7.0,0.0,7394.897230319096,2463.9067615553145,670.0,haco_safemarl_pilot,survey,21551002,3
0.0,0.0,300.0,0.0,0.9005112554399982,0.8456373201065572,0.0,0.9999999998888889,0.0,10.0,0.0,1768.504367125349,410.0225121154092,258.0,haco_safemarl_mappo,survey,21551002,3
0.0,0.6666666666666666,300.0,0.43111111111111106,0.6940984344017028,0.48914756420219485,1.0,0.8722955388340734,0.0,0.0,0.0,5560.499999999976,2831.643288803011,0.0,fixed_auv_ga_pso_tlbo_proxy,survey,21561009,3
1.0,1.0,246.0,0.4390243902439024,0.6274466129126914,0.23550700018056359,0.6666666666666667,0.7119607206046197,0.0,0.0,0.0,6047.910000000008,2564.8000000000043,0.0,independent_greedy,survey,21561009,3
0.0,0.6666666666666666,300.0,0.5499999999999999,0.7158971159682864,0.62754767442197,1.0,0.9207800732982466,0.0,0.0,0.0,8016.3381040831355,2945.498498751105,0.0,communication_aware,survey,21561009,3
1.0,1.0,261.0,0.3754789272030651,0.7395533860024803,0.5104596679732202,1.0,0.8826030625957404,0.0,0.0,0.0,8198.932270070018,2026.2299878420404,353.0,haco_safemarl_pilot_no_acoustic,survey,21561009,3
1.0,1.0,240.0,0.35972222222222217,0.7390700053725939,0.5023104610962271,0.7777777777777777,0.8885140076543525,0.0,0.0,0.0,7556.008518735907,1858.0387974253438,0.0,haco_safemarl_pilot_no_shield,survey,21561009,3
0.0,0.3333333333333333,300.0,0.49666666666666676,0.7606100413466047,0.6872525586743408,1.0,0.9244023402606583,0.0,0.0,0.0,9086.383834324894,2980.2058974631445,547.0,haco_safemarl_pilot,survey,21561009,3
0.0,0.0,300.0,0.0,0.8765163673624523,0.8338849104605579,0.0,0.9999999998888889,0.0,0.0,0.0,1020.05764203406,237.85949570312152,178.0,haco_safemarl_mappo,survey,21561009,3
0.0,0.6666666666666666,300.0,0.0711111111111111,0.9149498353716755,0.8483504002328434,0.3333333333333334,0.988414454652098,0.0,0.0,0.006666666666666667,5560.499999999976,3447.318964180646,0.0,fixed_auv_ga_pso_tlbo_proxy,survey,21571016,3
1.0,1.0,240.0,0.3,0.8491716820565226,0.7731888210498953,0.6666666666666666,0.9055247789726214,0.0,0.0,0.016666666666666666,5900.400000000008,3023.400000000007,0.0,independent_greedy,survey,21571016,3
0.0,0.6666666666666666,300.0,0.10333333333333332,0.909410582959315,0.846254230144385,0.3333333333333334,0.9741259775488166,0.0,0.0,0.0033333333333333335,8430.28008363407,4161.9289536787355,0.0,communication_aware,survey,21571016,3
1.0,1.0,246.0,0.0,0.9170922572944644,0.8681533092168761,0.0,0.9999999998888889,0.0,0.0,0.012195121951219513,7579.6246729448885,2063.583367865084,72.0,haco_safemarl_pilot_no_acoustic,survey,21571016,3
1.0,1.0,233.0,0.13733905579399142,0.898222218739781,0.8116911767050495,0.3333333333333333,0.9517538692138546,0.0,0.0,0.012875536480686695,7143.643248968072,1792.1179579783627,0.0,haco_safemarl_pilot_no_shield,survey,21571016,3
1.0,1.0,246.0,0.0,0.9172013625805331,0.8685890449493799,0.0,0.9999999998888889,0.0,0.0,0.012195121951219513,7580.665962334024,2072.061423077285,72.0,haco_safemarl_pilot,survey,21571016,3
0.0,0.0,300.0,0.06999999999999999,0.8861073612245468,0.8221565245713184,0.3333333333333334,0.9932541926093955,0.0,0.0,0.10666666666666667,1359.6247447935953,799.8299889762159,536.0,haco_safemarl_mappo,survey,21571016,3
1.0,1.0,293.0,0.3868031854379977,0.6912800838263762,0.4971234589073442,0.6666666666666669,0.8092619672433481,0.0,0.0,0.0,5430.754999999977,1966.1884389510565,0.0,fixed_auv_ga_pso_tlbo_proxy,survey,21581023,3
1.0,1.0,224.0,0.6279761904761906,0.5572816854125604,0.3901650165692875,0.7681159420289854,0.8443435729598529,0.0,0.0,0.0,5507.040000000006,1645.8000000000095,0.0,independent_greedy,survey,21581023,3
0.0,0.3333333333333333,300.0,0.41555555555555557,0.7885550360325774,0.7013313556749083,0.6666666666666669,0.7794304900945745,0.0,32.0,0.0,8167.1247066421065,3006.964325391062,0.0,communication_aware,survey,21581023,3
0.0,0.3333333333333333,300.0,0.43666666666666665,0.7253783039810436,0.6154339763064591,0.6666666666666669,0.868405849716195,0.0,0.0,0.0,9256.501716794042,2905.429745043013,461.0,haco_safemarl_pilot_no_acoustic,survey,21581023,3
0.0,0.3333333333333333,300.0,0.48222222222222216,0.6631192484226677,0.5208408766582258,0.6666666666666669,0.8200631407614475,0.0,0.0,0.0,9218.723477236003,2937.838717657694,0.0,haco_safemarl_pilot_no_shield,survey,21581023,3
0.0,0.3333333333333333,300.0,0.40444444444444444,0.7945706554579811,0.7245125205903052,0.6666666666666669,0.8924675063982639,0.0,0.0,0.0,9206.55553533136,3139.191941985109,460.0,haco_safemarl_pilot,survey,21581023,3
0.0,0.0,300.0,0.007777777777777777,0.8889946922279726,0.8426692129199377,0.07777777777777777,0.9998771231162689,0.0,0.0,0.0,1081.134478579353,157.55114384903138,224.0,haco_safemarl_mappo,survey,21581023,3
0.0,1.0,224.0,0.14880952380952378,0.8828234824561727,0.7419603116608415,0.3333333333333332,0.9423936585577518,0.0,70.0,0.0,4151.839999999987,2019.536632961913,0.0,fixed_auv_ga_pso_tlbo_proxy,survey,21591030,3
0.0,1.0,172.0,0.29651162790697677,0.7553865047431325,0.3342447948458725,0.33333333333333326,0.7378420600501251,0.0,53.0,0.0,4228.620000000005,1551.4000000000028,0.0,independent_greedy,survey,21591030,3
0.0,1.0,194.0,0.15463917525773196,0.8929798448592879,0.8096835362348774,0.4666666666666666,0.9521157339349986,0.0,60.0,0.0,5447.880873088454,2051.0438149478136,0.0,communication_aware,survey,21591030,3
1.0,1.0,181.0,0.2486187845303867,0.8051168030952345,0.47140309608428704,0.33333333333333326,0.8203672490470049,0.0,0.0,0.0,5743.520473454859,1478.933132198438,201.0,haco_safemarl_pilot_no_acoustic,survey,21591030,3
0.0,1.0,167.0,0.23552894211576844,0.8186799672801572,0.5087854885296192,0.3333333333333333,0.8404464381567278,0.0,132.0,0.0,5331.717387839191,1210.6588955074694,0.0,haco_safemarl_pilot_no_shield,survey,21591030,3
0.0,1.0,181.0,0.2265193370165746,0.8276676274279172,0.5441918082657408,0.33333333333333326,0.8535841824271778,0.0,5.0,0.0,5775.0485728649455,1466.519545133742,202.0,haco_safemarl_pilot,survey,21591030,3
0.0,0.0,300.0,0.711111111111111,0.520326245660552,0.352758001679034,1.0,0.7352781214930166,0.0,0.0,0.01,3144.1931309235742,1359.303472757481,925.0,haco_safemarl_mappo,survey,21591030,3
0.0,1.0,269.0,0.5216852540272614,0.5575376235512276,0.34437881508783713,0.6666666666666669,0.6268500986774391,0.0,45.0,0.0,4985.914999999981,2399.19388551592,0.0,fixed_auv_ga_pso_tlbo_proxy,survey,21601037,3
0.0,1.0,205.0,0.6113821138211383,0.4906893728341695,0.16839418816017984,0.6666666666666665,0.4469037278974994,0.0,34.0,0.0,5039.925000000007,2072.399999999997,0.0,independent_greedy,survey,21601037,3
0.0,0.3333333333333333,300.0,0.5544444444444444,0.6778362641244355,0.5622038871675354,0.6666666666666669,0.5635437144914682,0.0,38.0,0.0,8034.486926911057,3479.078963722847,0.0,communication_aware,survey,21601037,3
0.0,0.6666666666666666,300.0,0.52,0.6458192371813071,0.3852180956065379,0.6666666666666669,0.7068287692170792,0.0,2.0,0.0,8951.021126504853,2576.480410918505,630.0,haco_safemarl_pilot_no_acoustic,survey,21601037,3
0.0,0.6666666666666666,300.0,0.5744444444444444,0.5875078660662408,0.3535725494987794,0.6666666666666669,0.5220341997295928,0.0,33.0,0.0,8967.196642064459,2640.1935589518903,0.0,haco_safemarl_pilot_no_shield,survey,21601037,3
0.0,0.3333333333333333,300.0,0.5266666666666666,0.7607989300996115,0.6491750142409299,0.6666666666666669,0.6158450917427631,0.0,2.0,0.0,8945.963352508426,3222.2631183038616,595.0,haco_safemarl_pilot,survey,21601037,3
0.0,0.3333333333333333,300.0,0.0,0.8700600091464833,0.833204844101413,0.0,0.9999999998888889,0.0,2.0,0.0,1543.8363836074773,853.0325705420677,672.0,haco_safemarl_mappo,survey,21601037,3
0.0,1.0,230.0,0.318840579710145,0.7761205900542666,0.6438431033987493,0.6666666666666664,0.8916390171903172,0.0,166.0,0.0,4263.0499999999865,1952.6868890344201,0.0,fixed_auv_ga_pso_tlbo_proxy,survey,21611044,3
0.0,1.0,176.0,0.5700757575757577,0.6601420830437138,0.503263864514476,0.6666666666666665,0.8110077588629966,0.0,127.0,0.0,4326.9600000000055,1375.7999999999997,0.0,independent_greedy,survey,21611044,3
0.0,0.6666666666666666,300.0,0.44111111111111106,0.7884296631576944,0.7047188978628253,0.6666666666666669,0.7603553405746879,0.0,267.0,0.0,8148.838830501405,3242.668913062697,0.0,communication_aware,survey,21611044,3
0.0,1.0,244.0,0.3306010928961749,0.7837311601233458,0.7381455672604911,0.68,0.9682466707894959,0.0,13.0,0.0,5034.579431346827,1483.0599795836808,653.0,haco_safemarl_pilot_no_acoustic,survey,21611044,3
0.0,1.0,188.0,0.3723404255319149,0.7610446071144839,0.6936776572172422,0.6666666666666665,0.9481999361880632,0.0,143.0,0.0,5939.197528174855,1410.3927244115148,0.0,haco_safemarl_pilot_no_shield,survey,21611044,3
0.0,0.3333333333333333,300.0,0.36,0.7883149881411863,0.7526214849825562,0.6666666666666669,0.9171822386545184,0.0,21.0,0.0,6794.741646964103,2371.956093650668,804.0,haco_safemarl_pilot,survey,21611044,3
0.0,0.0,300.0,0.5888888888888889,0.4800049692823211,0.13618866544783984,0.6666666666666669,0.4864857179883027,0.0,4.0,0.0,635.241191230086,210.89538910048563,740.0,haco_safemarl_mappo,survey,21611044,3
0.0,1.0,258.0,0.1408268733850129,0.839944066528467,0.6802159806244337,0.3717948717948717,0.9529088796014701,0.0,117.0,0.0,4782.0299999999825,2237.130380989715,0.0,fixed_auv_ga_pso_tlbo_proxy,survey,21621051,3
0.0,1.0,197.0,0.1827411167512691,0.8130350848087625,0.5986113903101669,0.33333333333333326,0.9222914070814082,0.0,89.0,0.0,4843.245000000006,1765.2000000000023,0.0,independent_greedy,survey,21621051,3
0.0,0.6666666666666666,300.0,0.43,0.803735950170553,0.7178774807604477,1.0,0.9717954111693508,0.0,177.0,0.0,8228.025470506072,3155.673501499545,0.0,communication_aware,survey,21621051,3
1.0,1.0,220.0,0.21060606060606057,0.8453797253965997,0.7500578702024248,0.8030303030303029,0.9588539291657091,0.0,0.0,0.0,5833.498169170101,1602.997299811026,310.0,haco_safemarl_pilot_no_acoustic,survey,21621051,3
0.0,1.0,196.0,0.22789115646258506,0.854105507461359,0.7682294809041684,0.9666666666666666,0.977650027332435,0.0,48.0,0.0,6264.159059319518,1527.2478295901328,0.0,haco_safemarl_pilot_no_shield,survey,21621051,3
0.0,0.3333333333333333,300.0,0.3177777777777777,0.8251089108799262,0.7571492729832803,0.6777777777777779,0.8912561405594099,0.0,0.0,0.0,9169.097321389881,3232.99178973412,435.0,haco_safemarl_pilot,survey,21621051,3
0.0,0.0,300.0,0.11111111111111109,0.8649789641472007,0.7993218979997702,0.3333333333333334,0.9696969695647382,0.0,0.0,0.0,343.938103555353,35.91405083899664,273.0,haco_safemarl_mappo,survey,21621051,3
0.0,0.6666666666666666,300.0,0.32444444444444437,0.7198720400155068,0.5372652309385344,0.6666666666666669,0.8864844122786963,0.0,10.0,0.016666666666666666,5560.499999999976,2947.143788272738,0.0,fixed_auv_ga_pso_tlbo_proxy,survey,21631058,3
0.0,0.6666666666666666,300.0,0.7133333333333334,0.5372416356823971,0.34256031060342274,1.0,0.6267442512060809,0.0,7.0,0.01,7375.50000000001,3503.8000000000225,0.0,independent_greedy,survey,21631058,3
0.0,0.3333333333333333,300.0,0.3744444444444444,0.8014709696402257,0.7313844998143784,0.6666666666666669,0.8412329379531067,0.0,0.0,0.016666666666666666,8199.228858362889,3638.376906567242,0.0,communication_aware,survey,21631058,3
0.0,0.6666666666666666,300.0,0.36888888888888893,0.7582983646168102,0.6679571958447901,0.6666666666666669,0.8527446500551176,0.0,0.0,0.006666666666666667,9182.340713124435,2683.5909138604843,463.0,haco_safemarl_pilot_no_acoustic,survey,21631058,3
0.0,0.6666666666666666,300.0,0.48,0.699666535232511,0.5697014645238281,0.6666666666666669,0.7247027057062488,0.0,7.0,0.006666666666666667,9123.970395752409,2389.264581856342,0.0,haco_safemarl_pilot_no_shield,survey,21631058,3
0.0,0.3333333333333333,300.0,0.36,0.8082915917286164,0.738320709457916,0.6666666666666669,0.862921348112612,0.0,0.0,0.006666666666666667,9069.154581315282,3015.957142087356,461.0,haco_safemarl_pilot,survey,21631058,3
0.0,0.0,300.0,0.13777777777777775,0.8432671121763834,0.8051675715287225,0.5777777777777777,0.9787278305116415,0.0,0.0,0.09,1111.6591564491034,174.69798398739846,452.0,haco_safemarl_mappo,survey,21631058,3
0.0,0.6666666666666666,300.0,0.22,0.8655494400194483,0.8138671321751121,0.6666666666666669,0.9613399345199373,0.0,0.0,0.0,5560.499999999976,3162.0608440739747,0.0,fixed_auv_ga_pso_tlbo_proxy,survey,21641065,3
1.0,1.0,274.0,0.2907542579075426,0.7663861732313721,0.5865630018795265,0.6666666666666669,0.893666306277708,0.0,0.0,0.0,6736.290000000009,3370.4000000000174,0.0,independent_greedy,survey,21641065,3
0.0,0.6666666666666666,300.0,0.2822222222222222,0.8749578370442973,0.8229975137275712,0.6666666666666669,0.9281980789871445,0.0,0.0,0.0,8278.372635491556,3717.325020318359,0.0,communication_aware,survey,21641065,3
1.0,1.0,267.0,0.18726591760299627,0.824193348028465,0.5903498595073636,0.5061728395061728,0.9265900994889212,0.0,0.0,0.04868913857677903,8415.528239189058,2258.7494947090777,199.0,haco_safemarl_pilot_no_acoustic,survey,21641065,3
1.0,1.0,267.0,0.2709113607990012,0.7926729159533887,0.5417287030624768,0.6666666666666669,0.9255200784093996,0.0,0.0,0.04119850187265917,8335.07287290701,2150.5699053182066,0.0,haco_safemarl_pilot_no_shield,survey,21641065,3
1.0,1.0,290.0,0.23908045977011497,0.8309876238768453,0.6375502581263612,0.6666666666666669,0.9369353188749431,0.0,0.0,0.041379310344827586,9102.907277372322,2481.555147840798,265.0,haco_safemarl_pilot,survey,21641065,3
0.0,0.0,300.0,0.5144444444444444,0.7213344475402335,0.6668185551222663,1.0,0.9925056255134812,0.0,0.0,0.0,1422.9951336711283,60.183173576316634,557.0,haco_safemarl_mappo,survey,21641065,3
0.0,1.0,211.0,0.45181674565560825,0.771792864460303,0.6522515061170804,0.6666666666666665,0.7460146339707855,0.0,38.0,0.0,3910.8849999999893,2232.372028924981,0.0,fixed_auv_ga_pso_tlbo_proxy,survey,21651072,3
0.0,1.0,161.0,0.4679089026915114,0.7376741951419532,0.535191891224723,0.6666666666666666,0.6703916850138828,0.0,29.0,0.0,3958.185000000005,1890.9999999999966,0.0,independent_greedy,survey,21651072,3
0.0,0.6666666666666666,300.0,0.5344444444444444,0.7992739038795311,0.7017960164292296,0.6666666666666669,0.6027245353964921,0.0,32.0,0.0,8085.413680947579,3724.4683228266335,0.0,communication_aware,survey,21651072,3
1.0,1.0,168.0,0.24603174603174605,0.7767946566356217,0.4667521402886041,0.3333333333333333,0.8244267834608305,0.0,0.0,0.0,5285.422447423246,1359.3516270495459,165.0,haco_safemarl_pilot_no_acoustic,survey,21651072,3
0.0,1.0,157.0,0.2484076433121019,0.7350238219053399,0.375272737591604,0.35416666666666663,0.8244582164217814,0.0,27.0,0.0,4890.032954508802,1082.7761246717157,0.0,haco_safemarl_pilot_no_shield,survey,21651072,3
1.0,1.0,169.0,0.23076923076923078,0.7973807565464842,0.5342768433778907,0.3333333333333333,0.8474576269837848,0.0,0.0,0.0,5352.18348075023,1326.4609436892308,168.0,haco_safemarl_pilot,survey,21651072,3
0.0,0.3333333333333333,300.0,0.0,0.852439144717404,0.8284267405071847,0.0,0.9999999998888889,0.0,0.0,0.0,308.58300072694186,474.61373756296416,582.0,haco_safemarl_mappo,survey,21651072,3
0.0,0.6666666666666666,300.0,0.006666666666666667,0.8932880265028406,0.8273460900627744,0.06666666666666667,0.9999099219700142,0.0,0.0,0.0,5560.499999999976,2271.6860815594755,0.0,fixed_auv_ga_pso_tlbo_proxy,traffic,21161079,3
1.0,1.0,252.0,0.31084656084656087,0.760279520780222,0.6574897579500597,0.9358974358974359,0.9419245808658706,0.0,0.0,0.0,6195.420000000008,2241.2000000000016,0.0,independent_greedy,traffic,21161079,3
1.0,1.0,285.0,0.005847953216374269,0.8927250734898382,0.8316691510150204,0.057471264367816084,0.9999308005242276,0.0,0.0,0.0,8086.875,2906.763357532869,0.0,communication_aware,traffic,21161079,3
1.0,1.0,243.0,0.0013717421124828531,0.8934594651494635,0.8671532836372771,0.013333333333333332,0.9999962262039963,0.0,0.0,0.0,7739.8725,1934.609687773652,32.0,haco_safemarl_pilot_no_acoustic,traffic,21161079,3
1.0,1.0,245.0,0.006802721088435374,0.8892819335012986,0.8549059532976334,0.06666666666666667,0.9999061824561042,0.0,0.0,0.0,7769.691398327063,1951.3167959498437,0.0,haco_safemarl_pilot_no_shield,traffic,21161079,3
1.0,1.0,243.0,0.0013717421124828531,0.8934379257745497,0.8671414876266631,0.013333333333333332,0.9999962262039963,0.0,0.0,0.0,7737.703716217958,1914.4379989959964,29.0,haco_safemarl_pilot,traffic,21161079,3
0.0,0.0,300.0,0.26888888888888884,0.825664361534209,0.8021312876346794,0.6666666666666669,0.974183125458047,0.0,16.0,0.09333333333333334,1302.85879755005,271.20415160397124,387.0,haco_safemarl_mappo,traffic,21161079,3
1.0,1.0,299.0,0.42474916387959866,0.6714597801309605,0.4291506664924985,1.0,0.8872183454981364,0.0,0.0,0.0,5541.9649999999765,2386.3546662481776,0.0,fixed_auv_ga_pso_tlbo_proxy,traffic,21171086,3
1.0,1.0,229.0,0.47161572052401746,0.6316650867655931,0.25578285216027014,1.0,0.7290245479137646,0.0,0.0,0.0,5629.965000000007,1979.6000000000047,0.0,independent_greedy,traffic,21171086,3
0.0,0.0,300.0,0.5477777777777777,0.7185406292061407,0.5867935356593639,1.0,0.9182673380749582,0.0,0.0,0.0,8030.867557102401,2869.53153716542,0.0,communication_aware,traffic,21171086,3
0.0,0.6666666666666666,300.0,0.49888888888888894,0.6362492756384313,0.4825060838161647,1.0,0.9048127434666832,0.0,0.0,0.0,9262.252507617,2390.7723801689735,523.0,haco_safemarl_pilot_no_acoustic,traffic,21171086,3
0.0,0.3333333333333333,300.0,0.6211111111111111,0.5849326325115722,0.4702760891407896,1.0,0.8977910570588008,0.0,0.0,0.0,9175.381335300288,2908.986615827645,0.0,haco_safemarl_pilot_no_shield,traffic,21171086,3
0.0,0.0,300.0,0.5344444444444444,0.7523886191835467,0.6302875147815397,1.0,0.8952306644812742,0.0,0.0,0.0,9028.08002051262,2978.1832816564274,563.0,haco_safemarl_pilot,traffic,21171086,3
0.0,0.0,300.0,0.0,0.8974516073028449,0.8729989678783722,0.0,0.9999999998888889,0.0,0.0,0.0,785.9768441802165,314.91147632145606,280.0,haco_safemarl_mappo,traffic,21171086,3
1.0,1.0,199.0,0.3969849246231155,0.7896150821029018,0.7138794729774092,0.6666666666666665,0.7901379081386015,0.0,0.0,0.0,3688.4649999999906,1919.6324421185682,0.0,fixed_auv_ga_pso_tlbo_proxy,traffic,21181093,3
1.0,1.0,152.0,0.4385964912280702,0.7721772535513586,0.6255943667218533,0.6666666666666666,0.6745718048461657,0.0,0.0,0.0,3736.9200000000046,1644.600000000003,0.0,independent_greedy,traffic,21181093,3
0.0,0.6666666666666666,300.0,0.5188888888888888,0.7667071722584604,0.689270258304617,0.6666666666666669,0.6246822261441639,0.0,0.0,0.0,8107.962298383573,3535.1209163902367,0.0,communication_aware,traffic,21181093,3
1.0,1.0,157.0,0.20169851380042467,0.841228301243657,0.7582582689152827,0.6666666666666666,0.9492271950516488,0.0,0.0,0.0,5025.669329629703,1306.7210762200093,161.0,haco_safemarl_pilot_no_acoustic,traffic,21181093,3
1.0,1.0,149.0,0.29977628635346754,0.8141015695294095,0.6632945787988879,0.6666666666666665,0.8131354629445448,0.0,0.0,0.0,4712.440581985904,1217.1717091957169,0.0,haco_safemarl_pilot_no_shield,traffic,21181093,3
1.0,1.0,160.0,0.16875,0.8455406626935965,0.7714785397559705,0.6458333333333333,0.9683229018801339,0.0,0.0,0.0,5119.147785748494,1320.3093467960275,168.0,haco_safemarl_pilot,traffic,21181093,3
0.0,0.0,300.0,0.0,0.8411716798133204,0.8276797580817186,0.0,0.9999999998888889,0.0,0.0,0.0,625.3402252203291,223.0081325060479,526.0,haco_safemarl_mappo,traffic,21181093,3
0.0,0.6666666666666666,300.0,0.2877777777777777,0.7658030448925406,0.6271696506595149,0.6666666666666669,0.9202777309304552,0.0,32.0,0.0,5560.499999999976,2443.944207307725,0.0,fixed_auv_ga_pso_tlbo_proxy,traffic,21191100,3
0.0,1.0,258.0,0.6188630490956072,0.5924482126029934,0.43148334108840025,1.0,0.6328032398789879,0.0,45.0,0.0,6342.9300000000085,2143.8000000000043,0.0,independent_greedy,traffic,21191100,3
0.0,0.3333333333333333,300.0,0.3522222222222222,0.8085087111763266,0.7272220446744402,0.7888888888888889,0.8911778661899772,0.0,52.0,0.0,8220.094264025432,2941.3571133110568,0.0,communication_aware,traffic,21191100,3
1.0,1.0,297.0,0.3198653198653198,0.7656751974794248,0.5809025792365923,0.6666666666666669,0.8857982254942677,0.0,0.0,0.0,9333.916112220297,2730.9839568010434,404.0,haco_safemarl_pilot_no_acoustic,traffic,21191100,3
0.0,1.0,251.0,0.32005312084993354,0.76601906293957,0.6168622754744428,0.6666666666666667,0.896899526969168,0.0,46.0,0.0,7995.963248541495,2044.3321508601714,0.0,haco_safemarl_pilot_no_shield,traffic,21191100,3
0.0,0.3333333333333333,300.0,0.3411111111111111,0.8133235008732642,0.7383226352335872,0.6666666666666669,0.8786502253062015,0.0,0.0,0.0,9280.457991630983,3053.652086873343,424.0,haco_safemarl_pilot,traffic,21191100,3
0.0,0.3333333333333333,300.0,0.02555555555555556,0.8731716183496644,0.8544866178382415,0.2555555555555556,0.9992179084772086,0.0,0.0,0.0,954.4960063518781,168.01450837165387,204.0,haco_safemarl_mappo,traffic,21191100,3
0.0,0.3333333333333333,300.0,0.6644444444444444,0.4673363959722995,0.33289636768989855,1.0,0.7711768380649896,0.0,33.0,0.2866666666666667,5560.499999999976,2590.863400029242,0.0,fixed_auv_ga_pso_tlbo_proxy,traffic,21201107,3
0.0,1.0,255.0,0.6522875816993463,0.44167720528642207,0.16608749887870924,1.0,0.6852615874972483,0.08627450980392157,26.0,0.3568627450980392,6269.175000000008,2525.4000000000096,0.0,independent_greedy,traffic,21201107,3
0.0,0.0,300.0,0.701111111111111,0.6480709150572611,0.5727973902506366,1.0,0.7698060610295583,0.0,17.0,0.2633333333333333,7884.961042502659,3000.4262066693186,0.0,communication_aware,traffic,21201107,3
0.0,0.3333333333333333,300.0,0.6622222222222222,0.5423817520884073,0.36079370417270806,1.0,0.8298850568005599,0.013333333333333334,5.0,0.30666666666666664,7792.783187095322,2487.5019640218566,871.0,haco_safemarl_pilot_no_acoustic,traffic,21201107,3
0.0,0.0,300.0,0.7511111111111111,0.46510942312048326,0.34378791360898914,1.0,0.7891541620108856,0.0,14.0,0.28,8969.487638327164,3112.915266576124,0.0,haco_safemarl_pilot_no_shield,traffic,21201107,3
0.0,0.0,300.0,0.6666666666666666,0.7010806234373554,0.6358708367164178,1.0,0.8655011244023705,0.0,5.0,0.28,8136.709589741226,2910.63641698339,864.0,haco_safemarl_pilot,traffic,21201107,3
0.0,0.0,300.0,0.13888888888888887,0.8406385482996441,0.8006204445995831,0.3333333333333334,0.9505440156905259,0.0,12.0,0.23333333333333334,498.4874338014287,273.10461584062006,660.0,haco_safemarl_mappo,traffic,21201107,3
0.0,0.6666666666666666,300.0,0.6388888888888888,0.48658201896684905,0.3618340673984144,1.0,0.9221427753508039,0.0,140.0,0.013333333333333334,5560.499999999976,2595.9263153956126,0.0,fixed_auv_ga_pso_tlbo_proxy,traffic,21211114,3
0.0,1.0,286.0,0.675990675990676,0.39768028703513425,0.12818755083551692,1.0,0.7256304803545935,0.0,108.0,0.0,7031.3100000000095,3050.8000000000175,0.0,independent_greedy,traffic,21211114,3
0.0,0.0,300.0,0.6911111111111111,0.6581173534132048,0.592901142593833,1.0,0.9164472894286702,0.0,121.0,0.0,7904.189049566216,3008.7786444753647,0.0,communication_aware,traffic,21211114,3
0.0,0.3333333333333333,300.0,0.4677777777777778,0.6488877849720407,0.39832348727665967,1.0,0.8181902466840079,0.0,61.0,0.08,3322.4931215367596,1619.8692601787516,1024.0,haco_safemarl_pilot_no_acoustic,traffic,21211114,3
0.0,0.0,300.0,0.7433333333333333,0.47631119570530805,0.35454712315570786,1.0,0.8937741808545688,0.0,103.0,0.0,8995.468511888772,3071.0765722134233,0.0,haco_safemarl_pilot_no_shield,traffic,21211114,3
0.0,0.0,300.0,0.4477777777777777,0.7509414174729949,0.6796404198198254,0.6666666666666669,0.7510725957655751,0.0,43.0,0.0,2307.023915227496,1607.4631740819877,1102.0,haco_safemarl_pilot,traffic,21211114,3
0.0,0.0,300.0,0.0,0.8515292076600591,0.8225441512945361,0.0,0.9999999998888889,0.0,24.0,0.0,770.3078151589793,569.0100043089319,572.0,haco_safemarl_mappo,traffic,21211114,3
0.0,0.6666666666666666,300.0,0.30666666666666664,0.7754657815228791,0.5671779494392207,0.6666666666666669,0.8928021129568565,0.0,32.0,0.0,5560.499999999976,3227.2777579544645,0.0,fixed_auv_ga_pso_tlbo_proxy,traffic,21221121,3
0.0,1.0,261.0,0.4303959131545338,0.6882417280440508,0.5108718499203011,0.6666666666666669,0.749094305040148,0.0,24.0,0.0,6416.685000000009,3393.400000000012,0.0,independent_greedy,traffic,21221121,3
0.0,0.6666666666666666,300.0,0.30666666666666664,0.841709272792161,0.7422486048458872,0.6666666666666669,0.8750809059718688,0.0,0.0,0.0,8298.902142986004,4027.8663483999244,0.0,communication_aware,traffic,21221121,3
1.0,1.0,265.0,0.20754716981132076,0.7961940690738512,0.6123622547684131,0.3333333333333334,0.8793619141204094,0.0,0.0,0.0,7331.1184853823315,2057.6863992794893,315.0,haco_safemarl_pilot_no_acoustic,traffic,21221121,3
0.0,1.0,253.0,0.292490118577075,0.7334999668229586,0.45631188838256037,0.6666666666666667,0.8897394361180747,0.0,24.0,0.0,7863.466499176114,2052.013731713835,0.0,haco_safemarl_pilot_no_shield,traffic,21221121,3
1.0,1.0,265.0,0.18742138364779873,0.8175147168727949,0.6765994158446371,0.3333333333333334,0.9038330754627896,0.0,0.0,0.0,7321.79591490705,1975.4702967702608,316.0,haco_safemarl_pilot,traffic,21221121,3
0.0,0.0,300.0,0.08555555555555555,0.8499217883342436,0.8450055670062591,0.3333333333333334,0.9827942197278074,0.0,0.0,0.0,466.246395690429,191.61821152807013,439.0,haco_safemarl_mappo,traffic,21221121,3
0.0,1.0,291.0,0.2943871706758304,0.7697072312259708,0.6864096662485435,0.6666666666666669,0.9181705113852997,0.030927835051546393,31.0,0.12714776632302405,5393.684999999978,2101.18909647633,0.0,fixed_auv_ga_pso_tlbo_proxy,traffic,21231128,3
0.0,1.0,222.0,0.5405405405405407,0.6342076605758648,0.3864112311757354,0.6666666666666664,0.7601928975476535,0.04504504504504504,23.0,0.1036036036036036,5457.870000000007,1741.200000000005,0.0,independent_greedy,traffic,21231128,3
0.0,0.3333333333333333,300.0,0.35444444444444445,0.8224547937779072,0.7687313499340447,0.6666666666666669,0.868607879414819,0.06,0.0,0.15666666666666668,8222.470723309736,3080.88757379593,0.0,communication_aware,traffic,21231128,3
0.0,0.3333333333333333,300.0,0.3688888888888889,0.7566715863850719,0.6335763291626867,0.6666666666666669,0.8481579042217188,0.0,0.0,0.13666666666666666,8939.983210958833,2858.6864572298264,470.0,haco_safemarl_pilot_no_acoustic,traffic,21231128,3
0.0,1.0,296.0,0.393018018018018,0.7135242518116933,0.5679109884513266,0.6666666666666669,0.8248399413078115,0.030405405405405407,0.0,0.13513513513513514,9149.53340652399,2805.692198320189,0.0,haco_safemarl_pilot_no_shield,traffic,21231128,3
0.0,0.3333333333333333,300.0,0.3733333333333333,0.8116394397471426,0.7341730285805436,0.6666666666666669,0.8479303945249992,0.016666666666666666,0.0,0.15,8785.503358525795,3080.934455826582,475.0,haco_safemarl_pilot,traffic,21231128,3
0.0,0.0,300.0,0.0,0.8500387867448257,0.8243779987668634,0.0,0.9999999998888889,0.0,0.0,0.0,363.63505486284424,192.30107926907047,531.0,haco_safemarl_mappo,traffic,21231128,3
1.0,1.0,277.0,0.1949458483754512,0.831122740011914,0.684753084755892,0.6666666666666669,0.9396836792953418,0.0,0.0,0.0,5134.19499999998,2860.014409072692,0.0,fixed_auv_ga_pso_tlbo_proxy,traffic,21241135,3
0.0,1.0,212.0,0.30031446540880496,0.8152248335382498,0.7637386546070305,0.6666666666666665,0.937232295209251,0.018867924528301886,0.0,0.2028301886792453,5212.020000000007,2479.0000000000014,0.0,independent_greedy,traffic,21241135,3
0.0,0.6666666666666666,300.0,0.21111111111111108,0.8567734214924474,0.7731935323803166,0.5333333333333332,0.9038520843977546,0.0,0.0,0.0,8344.819469877602,4003.260152812401,0.0,communication_aware,traffic,21241135,3
1.0,1.0,206.0,0.16181229773462788,0.8487872460549338,0.7645026918337426,0.33333333333333326,0.9306335926267244,0.0,0.0,0.33980582524271846,6639.882755079079,1700.6083475264122,206.0,haco_safemarl_pilot_no_acoustic,traffic,21241135,3
1.0,1.0,206.0,0.2864077669902912,0.8008058327794162,0.6578008751181086,0.6666666666666665,0.9213484741116132,0.0,0.0,0.2961165048543689,6448.006803087843,1697.5312435071096,0.0,haco_safemarl_pilot_no_shield,traffic,21241135,3
1.0,1.0,206.0,0.16181229773462788,0.8555474948901859,0.7849713671527654,0.33333333333333326,0.9306335926267244,0.0,0.0,0.33495145631067963,6666.871493568996,1687.1553206344656,211.0,haco_safemarl_pilot,traffic,21241135,3
0.0,0.0,300.0,0.1433333333333333,0.8160468192873385,0.6995738599639167,0.3333333333333334,0.9481398185111648,0.0,0.0,0.0,821.9679709502825,256.67507326098496,267.0,haco_safemarl_mappo,traffic,21241135,3
0.0,1.0,250.0,0.5586666666666666,0.5145196359225276,0.21959045031990093,0.6666666666666667,0.5346969052018831,0.0,159.0,0.0,4633.749999999984,2270.8584772476725,0.0,fixed_auv_ga_pso_tlbo_proxy,traffic,21251142,3
0.0,1.0,191.0,0.6247818499127402,0.4778691435018603,0.17552097209012194,0.6666666666666665,0.4182387375002689,0.0,122.0,0.0,4695.735000000006,1799.6000000000045,0.0,independent_greedy,traffic,21251142,3
0.0,0.3333333333333333,300.0,0.6766666666666665,0.6352914905929304,0.4655093760677921,1.0,0.5397028734404486,0.0,177.0,0.0,7997.260454331961,3552.4967471617647,0.0,communication_aware,traffic,21251142,3
0.0,0.3333333333333333,300.0,0.6122222222222223,0.6147633768023176,0.38897310388880735,0.8888888888888888,0.4940114779888421,0.0,16.0,0.0,4989.803880040112,1902.243156495452,880.0,haco_safemarl_pilot_no_acoustic,traffic,21251142,3
0.0,0.3333333333333333,300.0,0.6433333333333333,0.5343348488995318,0.3075958639763228,0.9777777777777777,0.4539351085228567,0.0,287.0,0.0,8845.878048740535,3030.369713541288,0.0,haco_safemarl_pilot_no_shield,traffic,21251142,3
0.0,0.3333333333333333,300.0,0.3899999999999999,0.8058652995001522,0.7125364939684672,0.6666666666666669,0.6963962651133532,0.0,16.0,0.0,7408.134437224197,2845.38356794614,699.0,haco_safemarl_pilot,traffic,21251142,3
0.0,0.0,300.0,0.0,0.8347021141121849,0.8272262205268406,0.0,0.9999999998888889,0.0,14.0,0.0,1269.616151987945,950.6496092155079,560.0,haco_safemarl_mappo,traffic,21251142,3
0.0,1.0,225.0,0.46814814814814815,0.7136428684593451,0.5899730519139853,1.0,0.9472434749046058,0.0,38.0,0.14222222222222222,4170.374999999987,1915.527126969989,0.0,fixed_auv_ga_pso_tlbo_proxy,traffic,21261149,3
0.0,1.0,172.0,0.45348837209302323,0.712179953802404,0.5984163895629774,1.0,0.9595308763678325,0.0,30.0,0.1569767441860465,4228.620000000005,1643.2000000000046,0.0,independent_greedy,traffic,21261149,3
0.0,0.3333333333333333,300.0,0.6544444444444444,0.7020222007531671,0.646951350071973,1.0,0.943279010650837,0.0,33.0,0.14333333333333334,7964.717235886011,3081.604569781001,0.0,communication_aware,traffic,21261149,3
1.0,1.0,268.0,0.47263681592039797,0.7330329986363805,0.6792848293414033,1.0,0.9509542546427292,0.0,0.0,0.10074626865671642,8321.733686836047,2413.459407562738,539.0,haco_safemarl_pilot_no_acoustic,traffic,21261149,3
0.0,1.0,204.0,0.5441176470588235,0.684750393900014,0.6474726941880988,1.0,0.9553035597639271,0.0,29.0,0.1568627450980392,6368.65598530398,1879.6521454694928,0.0,haco_safemarl_pilot_no_shield,traffic,21261149,3
0.0,0.3333333333333333,300.0,0.5,0.7653908045991731,0.709170866198577,1.0,0.9140891605625008,0.0,0.0,0.08,9091.365773691887,3095.4190498363246,612.0,haco_safemarl_pilot,traffic,21261149,3
0.0,0.0,300.0,0.1655555555555555,0.8392349239740424,0.8029170334081244,0.3333333333333334,0.9270187686723573,0.0,0.0,0.07333333333333333,502.82974469933606,189.40416117901708,472.0,haco_safemarl_mappo,traffic,21261149,3
0.0,1.0,272.0,0.0,0.9321956370584049,0.9223248346960662,0.0,0.9999999998888889,0.0,93.0,0.19117647058823528,5041.51999999998,2166.8236524024437,0.0,fixed_auv_ga_pso_tlbo_proxy,traffic,21271156,3
0.0,1.0,208.0,0.14583333333333334,0.8614292179892339,0.7555934083861098,0.492063492063492,0.9604382822954303,0.009615384615384616,71.0,0.15384615384615385,5113.680000000007,1800.7999999999984,0.0,independent_greedy,traffic,21271156,3
0.0,1.0,236.0,0.0,0.932163788355738,0.9221372477187634,0.0,0.9999999998888889,0.0,80.0,0.23728813559322035,6696.5,2379.9429069152357,0.0,communication_aware,traffic,21271156,3
0.0,1.0,207.0,0.0,0.9302251911362427,0.9233386850217945,0.0,0.9999999998888889,0.00966183574879227,0.0,0.17391304347826086,5045.434941963523,1488.0105505815488,184.0,haco_safemarl_pilot_no_acoustic,traffic,21271156,3
0.0,1.0,202.0,0.0,0.9282783398122035,0.9141670996303897,0.0,0.9999999998888889,0.0,70.0,0.21287128712871287,6389.885659805034,1601.084321071906,0.0,haco_safemarl_pilot_no_shield,traffic,21271156,3
0.0,1.0,207.0,0.0,0.9302251911362427,0.9233386850217945,0.0,0.9999999998888889,0.00966183574879227,0.0,0.17391304347826086,5045.434941963523,1488.0105505815488,184.0,haco_safemarl_pilot,traffic,21271156,3
0.0,0.0,300.0,0.0,0.918873022960406,0.9131700124041612,0.0,0.9999999998888889,0.0,0.0,0.0,1362.0691018463374,214.3438851289681,124.0,haco_safemarl_mappo,traffic,21271156,3
1.0,1.0,252.0,0.5383597883597884,0.6297412163437006,0.3858591031047984,1.0,0.8193976329691481,0.0,0.0,0.0,4670.819999999983,2100.8488235480663,0.0,fixed_auv_ga_pso_tlbo_proxy,traffic,21281163,3
1.0,1.0,192.0,0.6857638888888888,0.5473596713864742,0.22500409970602245,1.0,0.5695683161912314,0.0,0.0,0.0,4720.320000000006,1643.6000000000024,0.0,independent_greedy,traffic,21281163,3
0.0,0.3333333333333333,300.0,0.6488888888888887,0.7262178595546844,0.6345995593392795,1.0,0.7641261090543972,0.0,0.0,0.0,8023.448311764161,3325.8175462664267,0.0,communication_aware,traffic,21281163,3
1.0,1.0,289.0,0.5363321799307958,0.7092105710168822,0.5743360931580287,0.6666666666666669,0.6554082002890037,0.0,0.0,0.0,8861.748084344801,2218.930168228133,535.0,haco_safemarl_pilot_no_acoustic,traffic,21281163,3
1.0,1.0,257.0,0.7405966277561609,0.6148272984718629,0.5051343816996859,1.0,0.7607744674531479,0.0,0.0,0.0,7860.263469985309,2104.6139914851487,0.0,haco_safemarl_pilot_no_shield,traffic,21281163,3
0.0,0.3333333333333333,300.0,0.47333333333333333,0.768771426318023,0.7102571633815151,0.6666666666666669,0.8014468246469255,0.0,0.0,0.0,9067.8339061807,2929.1153566351395,563.0,haco_safemarl_pilot,traffic,21281163,3
0.0,0.0,300.0,0.31555555555555553,0.7981866499768894,0.6780851114009562,0.3333333333333334,0.7016983252279112,0.0,0.0,0.0,1482.5133731649212,342.08059248477304,580.0,haco_safemarl_mappo,traffic,21281163,3
0.0,0.6666666666666666,300.0,0.4766666666666667,0.6337995288989272,0.3811572625654772,0.7888888888888889,0.6981730631077261,0.0,81.0,0.03333333333333333,5560.499999999976,2731.1537833398816,0.0,fixed_auv_ga_pso_tlbo_proxy,traffic,21291170,3
0.0,0.6666666666666666,300.0,0.9133333333333333,0.34175591576441183,0.11863095046287765,1.0,0.6558861514629417,0.0,86.0,0.03333333333333333,7375.50000000001,3255.0000000000164,0.0,independent_greedy,traffic,21291170,3
0.0,0.3333333333333333,300.0,0.4977777777777777,0.7691632667552828,0.644224215763158,0.6666666666666669,0.6520617896760962,0.0,58.0,0.02,8139.010920491884,3304.397281414398,0.0,communication_aware,traffic,21291170,3
0.0,0.6666666666666666,300.0,0.4955555555555555,0.7074964562907652,0.6419611107873865,0.6666666666666669,0.737704096368697,0.0,0.0,0.006666666666666667,9413.06598856516,2267.9682473131656,512.0,haco_safemarl_pilot_no_acoustic,traffic,21291170,3
0.0,0.6666666666666666,300.0,0.5755555555555555,0.6245602356266804,0.5171844924818814,0.688888888888889,0.673087389825654,0.0,51.0,0.0,9222.90007486738,2433.620639157978,0.0,haco_safemarl_pilot_no_shield,traffic,21291170,3
0.0,0.3333333333333333,300.0,0.49,0.7769775009576756,0.689773139229078,0.6666666666666669,0.6091810444195016,0.0,0.0,0.08333333333333333,9224.9594861423,2920.9600028997925,544.0,haco_safemarl_pilot,traffic,21291170,3
0.0,0.0,300.0,0.007777777777777777,0.8478370985298006,0.8316648365755113,0.07777777777777777,0.9998771231162689,0.0,0.0,0.0,761.713477888085,407.15602029161175,336.0,haco_safemarl_mappo,traffic,21291170,3
1.0,1.0,239.0,0.4435146443514645,0.6907749498280511,0.5611914049800991,0.6666666666666666,0.7584141999622634,0.0,0.0,0.0,4429.864999999985,2330.3023005270675,0.0,fixed_auv_ga_pso_tlbo_proxy,traffic,21301177,3
1.0,1.0,183.0,0.48269581056466293,0.6530105001530092,0.38801800191373675,0.6666666666666665,0.7869031588289274,0.0,0.0,0.0,4499.055000000006,1871.799999999997,0.0,independent_greedy,traffic,21301177,3
0.0,0.6666666666666666,300.0,0.5133333333333333,0.7469792902576889,0.638496437436066,0.6666666666666669,0.6424352017352514,0.0,0.0,0.0,8073.021281967567,3512.0602481573874,0.0,communication_aware,traffic,21301177,3
1.0,1.0,207.0,0.30756843800322053,0.749731845235955,0.4869915286148243,0.6666666666666665,0.8546652982933433,0.0,0.0,0.0,6224.99922444167,1461.4124920536321,289.0,haco_safemarl_pilot_no_acoustic,traffic,21301177,3
1.0,1.0,181.0,0.3830570902394106,0.7100618364665303,0.420132326120619,0.6666666666666665,0.8778619980697624,0.0,0.0,0.0,5723.017659570049,1284.8114512449715,0.0,haco_safemarl_pilot_no_shield,traffic,21301177,3
1.0,1.0,260.0,0.4038461538461538,0.7573222370999276,0.5505109643962037,0.6666666666666667,0.8406326173743307,0.0,0.0,0.0,7991.841791092941,2175.6247839403645,394.0,haco_safemarl_pilot,traffic,21301177,3
0.0,0.0,300.0,0.14,0.8370661352642341,0.8152229352202602,0.7777777777777778,0.9867180549975217,0.0,0.0,0.0,516.2178259502075,84.03042152666325,532.0,haco_safemarl_mappo,traffic,21301177,3
0.0,0.6666666666666666,300.0,0.5455555555555556,0.5658462851771904,0.41859059428234635,1.0,0.7404599071923449,0.03333333333333333,0.0,0.14666666666666667,5560.499999999976,2534.436581867888,0.0,fixed_auv_ga_pso_tlbo_proxy,traffic,21311184,3
1.0,1.0,255.0,0.6287581699346404,0.5255867200139245,0.2287984335112248,1.0,0.7625314344774369,0.0,0.0,0.21176470588235294,6269.175000000008,2502.400000000009,0.0,independent_greedy,traffic,21311184,3
0.0,0.0,300.0,0.6333333333333332,0.6852654718121082,0.5986158955551768,1.0,0.7890618201966817,0.03666666666666667,0.0,0.17,7955.611141511507,2914.0420969057864,0.0,communication_aware,traffic,21311184,3
0.0,0.3333333333333333,300.0,0.56,0.6091776549772059,0.3832377951235565,1.0,0.848103319183517,0.01,0.0,0.18,8602.821631073315,2692.4283962604864,716.0,haco_safemarl_pilot_no_acoustic,traffic,21311184,3
0.0,0.3333333333333333,300.0,0.6622222222222222,0.526518211087772,0.41252218104576255,1.0,0.8088361421275072,0.023333333333333334,0.0,0.17333333333333334,9114.089165216266,2941.42254312175,0.0,haco_safemarl_pilot_no_shield,traffic,21311184,3
0.0,0.0,300.0,0.5888888888888889,0.7264703890066384,0.6311544777120555,1.0,0.8563850412423863,0.02666666666666667,0.0,0.16666666666666666,8395.687612337635,2846.9911072843015,731.0,haco_safemarl_pilot,traffic,21311184,3
0.0,0.0,300.0,0.016666666666666666,0.8517231114915522,0.8267482749889166,0.16666666666666663,0.9994257822567413,0.0,0.0,0.22,1129.354151443919,453.3390449567462,456.0,haco_safemarl_mappo,traffic,21311184,3
0.0,1.0,256.0,0.36458333333333326,0.7144505518887323,0.5812828478693225,0.6666666666666667,0.8586407064854088,0.0,127.0,0.0,4744.959999999983,2317.692112659217,0.0,fixed_auv_ga_pso_tlbo_proxy,traffic,21321191,3
0.0,1.0,196.0,0.4642857142857144,0.6651906166903924,0.4433972304875366,0.6666666666666665,0.6867589956854265,0.0,98.0,0.0,4818.660000000006,1814.4000000000015,0.0,independent_greedy,traffic,21321191,3
0.0,0.3333333333333333,300.0,0.44444444444444436,0.7677646042762392,0.664645200884663,0.6666666666666669,0.7575757573691457,0.0,188.0,0.0,8124.449876979925,3464.8573867496752,0.0,communication_aware,traffic,21321191,3
0.0,0.3333333333333333,300.0,0.43,0.7143451742395991,0.5759066035371859,0.6666666666666669,0.7780655459369198,0.0,0.0,0.0,6699.003464389328,2006.8381540817675,779.0,haco_safemarl_pilot_no_acoustic,traffic,21321191,3
0.0,1.0,254.0,0.42913385826771644,0.6987823831488713,0.5184860986537468,0.6666666666666667,0.8313233954387214,0.0,88.0,0.0,7818.260969006868,2187.1372693572425,0.0,haco_safemarl_pilot_no_shield,traffic,21321191,3
0.0,0.0,300.0,0.42,0.7887340824666034,0.7096326427355697,0.6666666666666669,0.7920539963395222,0.0,0.0,0.0,5681.843989017432,2385.137736228705,824.0,haco_safemarl_pilot,traffic,21321191,3
0.0,0.0,300.0,0.0,0.8594904991740987,0.8382657777332635,0.0,0.9999999998888889,0.0,0.0,0.07,868.861948160688,410.9501803759349,433.0,haco_safemarl_mappo,traffic,21321191,3
1.0,1.0,191.0,0.7260034904013961,0.48472010558502027,0.305499776690751,1.0,0.8438259549216524,0.0,0.0,0.0,3540.184999999992,1577.874439159739,0.0,fixed_auv_ga_pso_tlbo_proxy,traffic,21331198,3
1.0,1.0,146.0,0.7442922374429223,0.46525147800636857,0.2753850301336141,1.0,0.6911294757723351,0.0,0.0,0.0,3589.4100000000044,1397.8000000000009,0.0,independent_greedy,traffic,21331198,3
0.0,0.0,300.0,0.8566666666666667,0.5260696209686645,0.41876320822159396,1.0,0.8775510162432321,0.0,0.0,0.0,7732.733442214838,2925.6101910947546,0.0,communication_aware,traffic,21331198,3
1.0,1.0,267.0,0.7378277153558053,0.48826230817002936,0.4613682385807064,1.0,0.9757068881464408,0.0,0.0,0.0,7998.750176273422,2180.6516041021628,671.0,haco_safemarl_pilot_no_acoustic,traffic,21331198,3
1.0,1.0,245.0,0.7795918367346939,0.43941739514562717,0.3702839589387775,1.0,0.9156374274314025,0.0,0.0,0.0,7433.362698573167,1968.5977108069526,0.0,haco_safemarl_pilot_no_shield,traffic,21331198,3
0.0,0.0,300.0,0.8166666666666667,0.6436624418468563,0.5682372836775584,1.0,0.8745302085153795,0.0,0.0,0.0,8668.83186675263,3242.4459307004554,811.0,haco_safemarl_pilot,traffic,21331198,3
0.0,0.0,300.0,0.22666666666666666,0.8118823270711149,0.7394504642034077,0.3333333333333334,0.8533739217317711,0.0,0.0,0.0,452.16483731413865,90.16851383933309,637.0,haco_safemarl_mappo,traffic,21331198,3
0.0,1.0,244.0,0.6475409836065574,0.5206248634580294,0.22865732087694696,1.0,0.7873110490517191,0.0860655737704918,0.0,0.22131147540983606,4522.5399999999845,1839.9471414030918,0.0,fixed_auv_ga_pso_tlbo_proxy,traffic,21341205,3
1.0,1.0,186.0,0.6075268817204301,0.5024313234555813,0.11917828243591583,1.0,0.708863565460266,0.0,0.0,0.12365591397849462,4572.810000000006,1583.0,0.0,independent_greedy,traffic,21341205,3
0.0,0.0,300.0,0.7944444444444444,0.5828209847784136,0.4139116082952237,1.0,0.8195053019717101,0.07666666666666666,0.0,0.1,7804.541942876847,2926.5397186887394,0.0,communication_aware,traffic,21341205,3
0.0,0.6666666666666666,300.0,0.6711111111111111,0.4964441475925857,0.3344646659578559,1.0,0.8695686687085773,0.0,0.0,0.13666666666666666,8702.732281891058,2152.3205942526283,729.0,haco_safemarl_pilot_no_acoustic,traffic,21341205,3
0.0,0.3333333333333333,300.0,0.85,0.42651266057315235,0.28626790990944323,1.0,0.788039950234635,0.043333333333333335,0.0,0.17,8930.269460196632,2896.560354107159,0.0,haco_safemarl_pilot_no_shield,traffic,21341205,3
0.0,0.0,300.0,0.7344444444444443,0.6795922290777415,0.5412380056845797,1.0,0.771207149345746,0.0,0.0,0.17,8234.61739557249,2881.2151996624207,839.0,haco_safemarl_pilot,traffic,21341205,3
0.0,0.0,300.0,0.05888888888888888,0.8443556744169952,0.7999261653200797,0.3333333333333334,0.9922298889401077,0.0,0.0,0.21,542.253811501978,305.99538951100936,415.0,haco_safemarl_mappo,traffic,21341205,3
0.0,0.6666666666666666,300.0,0.17888888888888885,0.8303054410798568,0.730120948827927,0.6666666666666669,0.9527665103747435,0.0,0.0,0.0,5560.499999999976,2752.060270861575,0.0,fixed_auv_ga_pso_tlbo_proxy,traffic,21351212,3
1.0,1.0,246.0,0.3536585365853658,0.752999062437673,0.49523224258287124,0.6666666666666667,0.7644770130187681,0.0,0.0,0.0,6047.910000000008,2543.600000000005,0.0,independent_greedy,traffic,21351212,3
0.0,0.6666666666666666,300.0,0.26555555555555554,0.8245908220255959,0.7758943925462114,0.6666666666666669,0.9282307525476982,0.0,0.0,0.0,8295.443781195443,3477.2912666168213,0.0,communication_aware,traffic,21351212,3
1.0,1.0,239.0,0.12273361227336119,0.828921733901935,0.6708751779311106,0.3333333333333333,0.9623281255883939,0.0,0.0,0.0,7617.839710827022,1853.110751263066,113.0,haco_safemarl_pilot_no_acoustic,traffic,21351212,3
1.0,1.0,239.0,0.12691771269177124,0.8106099406251592,0.6102304134169713,0.3333333333333333,0.9594503938056579,0.0,0.0,0.0,7566.044423735309,1760.2284240262138,0.0,haco_safemarl_pilot_no_shield,traffic,21351212,3
1.0,1.0,239.0,0.11157601115760109,0.8363569656977713,0.6974118363928464,0.3333333333333333,0.9694196176607102,0.0,0.0,0.0,7660.0468130088,1802.361692692579,118.0,haco_safemarl_pilot,traffic,21351212,3
0.0,0.0,300.0,0.0,0.8797889266426356,0.8645811496302495,0.0,0.9999999998888889,0.0,0.0,0.0,620.5878161257697,172.00339393559068,185.0,haco_safemarl_mappo,traffic,21351212,3
0.0,0.6666666666666666,300.0,0.33333333333333326,0.7202291002163669,0.5745441767148229,0.6666666666666669,0.8825606022999763,0.06,48.0,0.15666666666666668,5560.499999999976,2616.7441265171146,0.0,fixed_auv_ga_pso_tlbo_proxy,traffic,21361219,3
0.0,1.0,235.0,0.5702127659574469,0.6286304525806642,0.36304427036600895,0.7222222222222222,0.592886064457174,0.0,37.0,0.00425531914893617,5777.475000000008,2227.400000000002,0.0,independent_greedy,traffic,21361219,3
0.0,0.6666666666666666,300.0,0.5222222222222221,0.7470005419753476,0.6907250394857979,1.0,0.9716135401233553,0.07,134.0,0.16666666666666666,8086.91763366487,2899.473011721919,0.0,communication_aware,traffic,21361219,3
1.0,1.0,280.0,0.24404761904761904,0.758471540281234,0.5263325336043004,0.5595238095238094,0.8653584081400366,0.0,0.0,0.14285714285714285,7662.926545994254,2158.8536306227293,489.0,haco_safemarl_pilot_no_acoustic,traffic,21361219,3
0.0,1.0,231.0,0.2294372294372295,0.7538967293248867,0.5098533493343756,0.625,0.8957873902937201,0.0,54.0,0.1471861471861472,7348.005484462598,1846.4164494675215,0.0,haco_safemarl_pilot_no_shield,traffic,21361219,3
0.0,0.6666666666666666,300.0,0.3033333333333334,0.7959734872373079,0.6751019478081107,0.7555555555555554,0.8854914890528027,0.0,0.0,0.11,8287.417862406266,2571.756152515056,558.0,haco_safemarl_pilot,traffic,21361219,3
0.0,0.0,300.0,0.0,0.8591497037867102,0.8324959150733917,0.0,0.9999999998888889,0.0,0.0,0.09666666666666666,1021.1450307449227,202.8833181173055,429.0,haco_safemarl_mappo,traffic,21361219,3
0.0,1.0,150.0,0.21777777777777776,0.8453476271410416,0.7982174060963295,0.6666666666666665,0.9625106811026451,0.0,35.0,0.0,2780.249999999998,1237.1085919809866,0.0,fixed_auv_ga_pso_tlbo_proxy,traffic,21371226,3
0.0,1.0,115.0,0.2028985507246377,0.832571439872181,0.7372726539183551,0.6666666666666666,0.9450880414339244,0.0,28.0,0.0,2827.2750000000033,1019.3999999999996,0.0,independent_greedy,traffic,21371226,3
0.0,1.0,130.0,0.2230769230769231,0.8576037211629994,0.8055053353803673,0.6666666666666666,0.9602748751008959,0.0,27.0,0.0,3618.989722257868,1252.6676990151586,0.0,communication_aware,traffic,21371226,3
0.0,0.6666666666666666,300.0,0.12444444444444443,0.8629879428277756,0.7574652397959537,0.3333333333333334,0.9611660102185267,0.0,0.0,0.0,6289.207232867415,2339.623227849725,535.0,haco_safemarl_pilot_no_acoustic,traffic,21371226,3
0.0,1.0,112.0,0.13095238095238093,0.8557112831881819,0.7868823883467424,0.5,0.9714702395840611,0.0,21.0,0.0,3593.550241784205,1055.9963126196226,0.0,haco_safemarl_pilot_no_shield,traffic,21371226,3
0.0,0.6666666666666666,300.0,0.11,0.8694424893610238,0.7818013329205343,0.3333333333333334,0.9703540363741061,0.0,0.0,0.0,6393.669831497675,2233.7752010542895,520.0,haco_safemarl_pilot,traffic,21371226,3
0.0,0.0,300.0,0.0,0.8427967197829473,0.827512585761275,0.0,0.9999999998888889,0.0,0.0,0.0,565.0073145256852,200.6152973553592,495.0,haco_safemarl_mappo,traffic,21371226,3
0.0,0.6666666666666666,300.0,0.6055555555555555,0.6410841044636117,0.5050321463400451,1.0,0.6615589743694635,0.0,9.0,0.0,5560.499999999976,3305.600658757457,0.0,fixed_auv_ga_pso_tlbo_proxy,traffic,21381233,3
0.0,1.0,275.0,0.5648484848484848,0.5629598072849926,0.10541217007258942,1.0,0.7060618508593095,0.0,7.0,0.0,6760.875000000009,3291.8000000000134,0.0,independent_greedy,traffic,21381233,3
0.0,0.3333333333333333,300.0,0.6977777777777777,0.7301344667442358,0.684098163392365,1.0,0.7564362097613718,0.0,8.0,0.0,7964.323796746611,3289.21737764163,0.0,communication_aware,traffic,21381233,3
1.0,1.0,271.0,0.2533825338253382,0.8171400670717582,0.7129225893246323,0.6666666666666669,0.8827007432366986,0.0,0.0,0.0,8660.816960342438,2179.18730073932,337.0,haco_safemarl_pilot_no_acoustic,traffic,21381233,3
0.0,1.0,267.0,0.4781523096129837,0.6533795409444989,0.2820903153838956,0.6666666666666669,0.6470540308627638,0.0,7.0,0.0,8314.253239340114,2086.514919061636,0.0,haco_safemarl_pilot_no_shield,traffic,21381233,3
1.0,1.0,271.0,0.19803198031980318,0.8285673313170994,0.7468456386078859,0.5238095238095237,0.9425015185655792,0.0,0.0,0.0,8677.276962532831,2394.240262086737,321.0,haco_safemarl_pilot,traffic,21381233,3
0.0,0.3333333333333333,300.0,0.027777777777777773,0.8450588727007792,0.8168279694745688,0.27777777777777773,0.9983700080327911,0.0,0.0,0.0,1076.8845929532235,402.50395875685876,493.0,haco_safemarl_mappo,traffic,21381233,3
0.0,0.6666666666666666,300.0,0.27999999999999997,0.778586246396223,0.6116974504266061,0.6666666666666669,0.9207815273493622,0.0,32.0,0.07666666666666666,5560.499999999976,2915.0107060722453,0.0,fixed_auv_ga_pso_tlbo_proxy,traffic,21391240,3
0.0,1.0,231.0,0.31890331890331886,0.7267432267605914,0.43518458509233315,0.6666666666666666,0.8562753190289275,0.0,25.0,0.0,5679.1350000000075,2384.400000000003,0.0,independent_greedy,traffic,21391240,3
0.0,0.6666666666666666,300.0,0.3388888888888888,0.8029843748608819,0.717832310912462,0.6666666666666669,0.8788686728304818,0.0,28.0,0.07666666666666666,8217.459203477301,3433.021413666346,0.0,communication_aware,traffic,21391240,3
0.0,1.0,257.0,0.22697795071335922,0.8144943623977369,0.6442907232132894,0.6666666666666667,0.9248827022931275,0.0,11.0,0.01556420233463035,4019.910507086929,681.2499611065513,478.0,haco_safemarl_pilot_no_acoustic,traffic,21391240,3
0.0,1.0,226.0,0.17551622418879054,0.8017976934445765,0.5795429077199348,0.4492753623188405,0.9314583797672699,0.0,24.0,0.084070796460177,7156.54531574535,1683.3047947666157,0.0,haco_safemarl_pilot_no_shield,traffic,21391240,3
0.0,0.6666666666666666,300.0,0.27666666666666667,0.8114909396875224,0.6741849487095035,0.6666666666666669,0.9197968549819716,0.0,11.0,0.013333333333333334,4670.740667767629,980.7421522813524,632.0,haco_safemarl_pilot,traffic,21391240,3
0.0,0.0,300.0,0.10777777777777776,0.86002051137188,0.8227662000251557,0.3333333333333334,0.9716437093616628,0.0,8.0,0.02666666666666667,1425.8481860248044,440.3473781936866,342.0,haco_safemarl_mappo,traffic,21391240,3
0.0,0.6666666666666666,300.0,0.3377777777777778,0.6753673431900756,0.5011130779738825,0.6666666666666669,0.8739045930114117,0.0,58.0,0.0,5560.499999999976,2819.416147384286,0.0,fixed_auv_ga_pso_tlbo_proxy,traffic,21401247,3
0.0,1.0,237.0,0.3952180028129396,0.6490147431132375,0.5243193541247441,0.6666666666666666,0.9152830989366549,0.0,44.0,0.0,5826.645000000008,2605.8000000000125,0.0,independent_greedy,traffic,21401247,3
0.0,0.3333333333333333,300.0,0.3811111111111111,0.75338605965713,0.6634762566389288,0.6666666666666669,0.8331359578208096,0.0,0.0,0.0,8168.780633789849,3586.851897624591,0.0,communication_aware,traffic,21401247,3
0.0,0.3333333333333333,300.0,0.4,0.7150049111261312,0.6237779684334483,0.6666666666666669,0.8328906100582106,0.0,0.0,0.0,9065.137751866532,3365.0115321535777,432.0,haco_safemarl_pilot_no_acoustic,traffic,21401247,3
0.0,0.3333333333333333,300.0,0.4255555555555555,0.6496535193758901,0.5387021071141885,0.6666666666666669,0.8004701793209582,0.0,120.0,0.0,9036.837726947264,3215.474486667653,0.0,haco_safemarl_pilot_no_shield,traffic,21401247,3
0.0,0.3333333333333333,300.0,0.3888888888888889,0.7800840760725835,0.7304660685927584,0.6666666666666669,0.8339812193630911,0.0,0.0,0.0,8961.930985202474,3264.218556952931,430.0,haco_safemarl_pilot,traffic,21401247,3
0.0,0.0,300.0,0.32666666666666666,0.8079330293480774,0.7208301390923997,0.3777777777777777,0.7152740445164297,0.0,0.0,0.0,455.98651381424975,71.56940765044072,590.0,haco_safemarl_mappo,traffic,21401247,3
0.0,0.6666666666666666,300.0,0.15333333333333332,0.8559229133412097,0.7406400588201527,0.3333333333333334,0.9384418454444577,0.0,0.0,0.0,5560.499999999976,2677.605402022354,0.0,fixed_auv_ga_pso_tlbo_proxy,traffic,21411254,3
1.0,1.0,269.0,0.40396530359355637,0.6838368791315491,0.3559694807143256,1.0,0.7967882023175622,0.0,0.0,0.08550185873605948,6613.365000000009,2671.400000000009,0.0,independent_greedy,traffic,21411254,3
0.0,0.6666666666666666,300.0,0.3088888888888889,0.8387881555476491,0.7655642088686221,0.9777777777777777,0.9448824280134437,0.0,0.0,0.0,8307.283952298352,3011.1084977251426,0.0,communication_aware,traffic,21411254,3
0.0,1.0,262.0,0.10687022900763357,0.8862712922388806,0.7929648379184097,0.3333333333333334,0.9721610679743135,0.015267175572519083,0.0,0.08778625954198473,8257.712742311194,1979.8381192560919,161.0,haco_safemarl_pilot_no_acoustic,traffic,21411254,3
0.0,1.0,262.0,0.20992366412213734,0.8307481062372939,0.6263709714203063,0.3333333333333334,0.8762755883211629,0.015267175572519083,0.0,0.08015267175572519,8278.837658473552,2113.335172562841,0.0,haco_safemarl_pilot_no_shield,traffic,21411254,3
0.0,1.0,262.0,0.10178117048346055,0.8903156061822749,0.8050656944012852,0.3333333333333334,0.974962639432815,0.022900763358778626,0.0,0.07251908396946564,8239.804173384766,1961.2798495628633,152.0,haco_safemarl_pilot,traffic,21411254,3
0.0,0.0,300.0,0.03333333333333333,0.8698612109020905,0.8417299804806891,0.3333333333333334,0.9992079206733615,0.0,0.0,0.06,1553.2874602332656,470.57387278221637,375.0,haco_safemarl_mappo,traffic,21411254,3
0.0,0.6666666666666666,300.0,0.28888888888888886,0.7605924139255383,0.5745228806460646,0.8777777777777778,0.9265165599376897,0.0,0.0,0.0,5560.499999999976,3143.554440443755,0.0,fixed_auv_ga_pso_tlbo_proxy,traffic,21421261,3
1.0,1.0,235.0,0.5475177304964539,0.7230132230107778,0.673113571323859,1.0,0.8885949052203336,0.0,0.0,0.0,5777.475000000008,2901.4000000000096,0.0,independent_greedy,traffic,21421261,3
0.0,0.6666666666666666,300.0,0.2722222222222222,0.8171998950902549,0.7423518619296594,0.6777777777777779,0.8912564319823733,0.0,0.0,0.0,8322.907851657514,3923.279238018538,0.0,communication_aware,traffic,21421261,3
1.0,1.0,228.0,0.304093567251462,0.8096612972720831,0.7393396973429015,0.6666666666666664,0.9128472891790211,0.0,0.0,0.0,7420.8692559084875,1772.5879966957295,262.0,haco_safemarl_pilot_no_acoustic,traffic,21421261,3
1.0,1.0,228.0,0.3742690058479533,0.7128604789946993,0.5880836548637105,0.6666666666666664,0.8359756485152042,0.0,0.0,0.0,7174.074111503974,1841.5098192623655,0.0,haco_safemarl_pilot_no_shield,traffic,21421261,3
1.0,1.0,228.0,0.2923976608187135,0.82063953977658,0.7646655918414011,0.6666666666666664,0.9209913818335344,0.0,0.0,0.0,7463.535008502956,1770.3084227722163,257.0,haco_safemarl_pilot,traffic,21421261,3
0.0,0.0,300.0,0.08888888888888888,0.8685485922139952,0.8386478813200086,0.3333333333333334,0.9813193226965576,0.0,0.0,0.0,702.7897179987408,130.24679878058387,258.0,haco_safemarl_mappo,traffic,21421261,3
0.0,1.0,248.0,0.37903225806451607,0.6870729384256147,0.4661664931927418,0.6666666666666667,0.8316151200756342,0.0,88.0,0.0,4596.679999999984,2029.439902682708,0.0,fixed_auv_ga_pso_tlbo_proxy,traffic,21431268,3
0.0,1.0,189.0,0.41622574955908287,0.6108982211811179,0.16404982465952858,0.6666666666666665,0.7043051187963506,0.0,67.0,0.12698412698412698,4646.565000000006,1429.2000000000005,0.0,independent_greedy,traffic,21431268,3
0.0,0.3333333333333333,300.0,0.6444444444444444,0.6975862296076308,0.593333853456518,1.0,0.9290004165658733,0.0,80.0,0.0,7966.893220083254,2820.8561168133533,0.0,communication_aware,traffic,21431268,3
1.0,1.0,300.0,0.37111111111111117,0.7302249124722057,0.47057076560895905,0.6666666666666669,0.8325303144119052,0.0,0.0,0.0,6671.820726926314,1850.6174084297943,724.0,haco_safemarl_pilot_no_acoustic,traffic,21431268,3
0.0,1.0,295.0,0.5875706214689265,0.6070977026211761,0.4194691463627037,1.0,0.6881065638838574,0.0,67.0,0.0,8974.85226772999,2651.6198522968753,0.0,haco_safemarl_pilot_no_shield,traffic,21431268,3
0.0,0.3333333333333333,300.0,0.41888888888888887,0.7779247295883913,0.674951852272902,0.9222222222222222,0.8499308628089991,0.0,0.0,0.0,4981.473475267292,1994.5374353358122,906.0,haco_safemarl_pilot,traffic,21431268,3
0.0,0.0,300.0,0.005555555555555555,0.8682280093132088,0.8344957146775498,0.05555555555555555,0.999982522586293,0.0,0.0,0.0,1404.2093892797736,162.15008041573117,288.0,haco_safemarl_mappo,traffic,21431268,3
0.0,1.0,263.0,0.0,0.9222536587157222,0.91468675122793,0.0,0.9999999998888889,0.045627376425855515,55.0,0.12167300380228137,4874.704999999982,2568.567705386804,0.0,fixed_auv_ga_pso_tlbo_proxy,traffic,21441275,3
0.0,1.0,201.0,0.1359867330016584,0.8582364519956796,0.7489191808332138,0.33333333333333326,0.9527956501005866,0.0,42.0,0.0,4941.585000000006,1992.000000000001,0.0,independent_greedy,traffic,21441275,3
0.0,1.0,228.0,0.0,0.9221768923375518,0.9144116458244789,0.0,0.9999999998888889,0.043859649122807015,47.0,0.15350877192982457,6469.5,2743.520601388328,0.0,communication_aware,traffic,21441275,3
0.0,1.0,222.0,0.0,0.9138136341935029,0.8901045537458381,0.0,0.9999999998888889,0.0,18.0,0.12162162162162163,6887.589025032093,1904.591529377521,76.0,haco_safemarl_pilot_no_acoustic,traffic,21441275,3
0.0,1.0,196.0,0.006802721088435374,0.905643029107784,0.8683073355579157,0.06666666666666667,0.9999061824561042,0.0,40.0,0.11224489795918367,6139.128409977177,1449.18729887394,0.0,haco_safemarl_pilot_no_shield,traffic,21441275,3
0.0,1.0,222.0,0.0,0.9138374978495022,0.8902521286573312,0.0,0.9999999998888889,0.0,18.0,0.12612612612612611,6913.969883134792,1839.1358001286474,79.0,haco_safemarl_pilot,traffic,21441275,3
0.0,0.0,300.0,0.08555555555555555,0.8595295788520724,0.8077684540522336,0.36666666666666664,0.9895136206217668,0.0,7.0,0.08333333333333333,1588.0591871782194,484.6717284195461,490.0,haco_safemarl_mappo,traffic,21441275,3
0.0,0.6666666666666666,300.0,0.3655555555555556,0.6839169094864863,0.4518411082826946,0.6666666666666669,0.8502275244109251,0.04666666666666667,0.0,0.12333333333333334,5560.499999999976,2540.047986310371,0.0,fixed_auv_ga_pso_tlbo_proxy,traffic,21451282,3
1.0,1.0,274.0,0.5255474452554745,0.5777464594823756,0.2021354624296472,0.6666666666666669,0.6118606838440781,0.0,0.0,0.072992700729927,6736.290000000009,2585.000000000006,0.0,independent_greedy,traffic,21451282,3
0.0,0.3333333333333333,300.0,0.5277777777777777,0.7332158412760057,0.60380299923334,1.0,0.9227189361948747,0.06,16.0,0.12666666666666668,8055.973263954566,2913.1206694959938,0.0,communication_aware,traffic,21451282,3
0.0,0.3333333333333333,300.0,0.3766666666666666,0.6686616956055206,0.3986818006507032,0.6777777777777779,0.8056073903274571,0.05,0.0,0.11,8639.152534077832,2778.954868543804,471.0,haco_safemarl_pilot_no_acoustic,traffic,21451282,3
0.0,0.3333333333333333,300.0,0.5166666666666667,0.6349048796868503,0.444072700282111,1.0,0.7731579654184829,0.04666666666666667,0.0,0.13333333333333333,9170.55821167482,2940.537791361259,0.0,haco_safemarl_pilot_no_shield,traffic,21451282,3
0.0,0.3333333333333333,300.0,0.38555555555555554,0.792237718186501,0.6795696118149871,0.7888888888888889,0.8249211652295902,0.04666666666666667,0.0,0.11,8555.420087646675,2992.90700700295,518.0,haco_safemarl_pilot,traffic,21451282,3
0.0,0.0,300.0,0.21333333333333337,0.8325089423938712,0.7900036695116885,0.6666666666666669,0.9626548364989362,0.0,0.0,0.15,463.8190831169982,157.39366610532284,525.0,haco_safemarl_mappo,traffic,21451282,3
0.0,1.0,211.0,0.0,0.9211300655658627,0.8849753049296992,0.0,0.9999999998888889,0.0,9.0,0.0,3910.884999999989,1254.7352170306997,0.0,fixed_auv_ga_pso_tlbo_proxy,traffic,21461289,3
0.0,1.0,161.0,0.2422360248447205,0.8071205009802336,0.5491504263832248,0.3333333333333333,0.8303023539891017,0.0,8.0,0.0,3958.185000000005,984.2,0.0,independent_greedy,traffic,21461289,3
0.0,1.0,183.0,0.0,0.9211406026752788,0.8850858898948946,0.0,0.9999999998888889,0.0,8.0,0.0,5192.625,1407.8825549881888,0.0,communication_aware,traffic,21461289,3
1.0,1.0,157.0,0.08704883227176219,0.8980720086187024,0.807222330812271,0.3333333333333333,0.9821419084881237,0.0,0.0,0.0,5174.644336634009,1152.366799161982,108.0,haco_safemarl_pilot_no_acoustic,traffic,21461289,3
0.0,1.0,157.0,0.12951167728237792,0.895370046456081,0.7999114265879591,0.3333333333333333,0.9576055871324012,0.0,7.0,0.0,5085.517819255411,1101.5727357025394,0.0,haco_safemarl_pilot_no_shield,traffic,21461289,3
1.0,1.0,157.0,0.06794055201698514,0.9012339157057402,0.8167493632671773,0.3333333333333333,0.9894849795173266,0.0,0.0,0.0,5185.549268774018,1198.6963195460735,110.0,haco_safemarl_pilot,traffic,21461289,3
0.0,0.0,300.0,0.2544444444444444,0.7121850983243919,0.37291673658557706,0.3333333333333334,0.8110652953075336,0.0,0.0,0.0,687.81650953909,110.17925190828709,321.0,haco_safemarl_mappo,traffic,21461289,3
0.0,1.0,250.0,0.08399999999999999,0.8897986560868789,0.8388271520148153,0.33333333333333337,0.9834592951103732,0.0,74.0,0.08,4633.749999999984,2125.938292787801,0.0,fixed_auv_ga_pso_tlbo_proxy,traffic,21471296,3
0.0,1.0,191.0,0.17801047120418842,0.8440726606896132,0.7812704488463089,0.36666666666666664,0.9758244366926676,0.0,56.0,0.0,4695.735000000006,1562.4000000000042,0.0,independent_greedy,traffic,21471296,3
0.0,0.6666666666666666,300.0,0.1522222222222222,0.8679924030708488,0.8123944593239731,0.3333333333333334,0.9394262125737676,0.0,65.0,0.08333333333333333,8386.93375047934,3389.094589107779,0.0,communication_aware,traffic,21471296,3
0.0,1.0,210.0,0.04444444444444444,0.8941112755009968,0.8781975741216667,0.44444444444444436,0.9981106611473279,0.0,16.0,0.0,6735.341283198628,1734.6968731524223,110.0,haco_safemarl_pilot_no_acoustic,traffic,21471296,3
0.0,1.0,187.0,0.026737967914438502,0.9037216754348196,0.9009310809927836,0.2631578947368421,0.9995775241751522,0.0,54.0,0.0,6013.672787556119,1650.6184558613525,0.0,haco_safemarl_pilot_no_shield,traffic,21471296,3
0.0,1.0,211.0,0.03475513428120063,0.8958015097938441,0.8825681805024602,0.33333333333333337,0.9985662966202127,0.0,16.0,0.0,6767.602408282725,1801.3582367724714,110.0,haco_safemarl_pilot,traffic,21471296,3
0.0,0.0,300.0,0.0,0.877262138826313,0.873673854247831,0.0,0.9999999998888889,0.0,15.0,0.056666666666666664,761.6531753236081,219.92676240290388,360.0,haco_safemarl_mappo,traffic,21471296,3
0.0,1.0,250.0,0.18799999999999997,0.8575485778210664,0.7949403198398103,0.6666666666666667,0.9718721746767237,0.0,104.0,0.048,4633.749999999984,2113.5121563044995,0.0,fixed_auv_ga_pso_tlbo_proxy,traffic,21481303,3
0.0,1.0,191.0,0.27225130890052346,0.7998637383803708,0.6266045240115642,0.6333333333333332,0.9040474146300627,0.0,80.0,0.03664921465968586,4695.735000000006,1587.4000000000017,0.0,independent_greedy,traffic,21481303,3
0.0,0.6666666666666666,300.0,0.3311111111111111,0.8303384056109432,0.7728091123756253,0.6666666666666669,0.8905237910728749,0.0,90.0,0.05,8239.563132849215,3218.805480489847,0.0,communication_aware,traffic,21481303,3
0.0,1.0,203.0,0.1198686371100164,0.848289291843781,0.6926628168067008,0.33333333333333326,0.9642293775558142,0.0,25.0,0.014778325123152709,6524.864956901877,1746.3235864235494,153.0,haco_safemarl_pilot_no_acoustic,traffic,21481303,3
0.0,1.0,186.0,0.1164874551971326,0.8473365733844708,0.6961511647895529,0.33333333333333326,0.9664014567317022,0.0,103.0,0.026881720430107527,5979.700637777993,1356.788627493811,0.0,haco_safemarl_pilot_no_shield,traffic,21481303,3
0.0,1.0,204.0,0.1029411764705882,0.8513104928892946,0.7049288876995906,0.33333333333333326,0.9743388320239347,0.0,25.0,0.00980392156862745,6566.639198915818,1750.9634397747946,153.0,haco_safemarl_pilot,traffic,21481303,3
0.0,0.0,300.0,0.0,0.8908236285978058,0.8759494889598997,0.0,0.9999999998888889,0.0,31.0,0.07333333333333333,867.5451929377035,503.8928941502408,281.0,haco_safemarl_mappo,traffic,21481303,3
0.0,1.0,241.0,0.3886583679114799,0.6803400314930109,0.5661442256781185,0.6666666666666667,0.831881317764337,0.0,127.0,0.0,4466.934999999985,2017.2349237586147,0.0,fixed_auv_ga_pso_tlbo_proxy,traffic,21491310,3
0.0,1.0,184.0,0.5,0.6304304483022491,0.4333783810867045,0.6666666666666665,0.6326489932444773,0.0,96.0,0.0,4523.640000000006,1723.0000000000014,0.0,independent_greedy,traffic,21491310,3
0.0,0.3333333333333333,300.0,0.4722222222222222,0.7372635865626924,0.663687477287317,0.6666666666666669,0.7141410206898398,0.0,161.0,0.0,8102.120732196722,3327.4335632162174,0.0,communication_aware,traffic,21491310,3
0.0,0.6666666666666666,300.0,0.39444444444444443,0.7412723196515382,0.6383356040618052,0.6666666666666669,0.8244030517714949,0.0,0.0,0.0,6699.544070806243,2529.728981364111,689.0,haco_safemarl_pilot_no_acoustic,traffic,21491310,3
0.0,1.0,247.0,0.46018893387314447,0.6715563052617842,0.5122659136559654,0.6666666666666667,0.763912760940159,0.0,141.0,0.0,7560.276164322681,2074.4930293289035,0.0,haco_safemarl_pilot_no_shield,traffic,21491310,3
0.0,0.3333333333333333,300.0,0.3811111111111111,0.7882397832777777,0.7137777744944203,0.6666666666666669,0.839384223920716,0.0,0.0,0.0,5016.235607930388,2234.114689705931,762.0,haco_safemarl_pilot,traffic,21491310,3
0.0,0.3333333333333333,300.0,0.017777777777777778,0.8348617209010757,0.8269615137569658,0.17777777777777773,0.9993452416340041,0.0,0.0,0.016666666666666666,450.40598565272717,331.0191092235095,515.0,haco_safemarl_mappo,traffic,21491310,3
0.0,1.0,273.0,0.48840048840048833,0.6358130654022854,0.45897421934010313,0.6666666666666669,0.6842482702874546,0.0,24.0,0.0,5060.05499999998,2823.681065223553,0.0,fixed_auv_ga_pso_tlbo_proxy,traffic,21501317,3
0.0,1.0,209.0,0.5311004784688995,0.5900549613901934,0.36922254779618496,0.6666666666666665,0.5975361896242,0.0,18.0,0.09569377990430622,5138.265000000007,2397.6000000000013,0.0,independent_greedy,traffic,21501317,3
0.0,1.0,280.0,0.6023809523809524,0.6848666655060883,0.5765088243480332,1.0,0.7038144625608569,0.0,44.0,0.0,7454.462069174484,2810.9421392210793,0.0,communication_aware,traffic,21501317,3
1.0,1.0,203.0,0.43349753694581283,0.7473482549449192,0.6450480328342341,0.6666666666666665,0.7684634602538131,0.0,0.0,0.0,6378.915764136096,1910.5603924200188,310.0,haco_safemarl_pilot_no_acoustic,traffic,21501317,3
0.0,1.0,203.0,0.44170771756978655,0.7237005208760848,0.5672896446861613,0.6666666666666665,0.7453544300184708,0.0,66.0,0.0,6374.124017532277,1539.1702082690092,0.0,haco_safemarl_pilot_no_shield,traffic,21501317,3
0.0,0.6666666666666666,300.0,0.5588888888888889,0.7613288956403224,0.6995347510753145,1.0,0.7927738959324889,0.0,0.0,0.0,9136.574562057665,3274.4648435655977,617.0,haco_safemarl_pilot,traffic,21501317,3
0.0,0.3333333333333333,300.0,0.0,0.8700553514474622,0.8521263991117157,0.0,0.9999999998888889,0.0,0.0,0.0,502.48650173953996,424.6825255352495,266.0,haco_safemarl_mappo,traffic,21501317,3
1.0,1.0,197.0,0.44839255499153974,0.692182790495816,0.40436948287349256,0.6666666666666665,0.6702488614799782,0.0,0.0,0.0,3651.3949999999913,1977.9107048767332,0.0,fixed_auv_ga_pso_tlbo_proxy,traffic,21511324,3
1.0,1.0,151.0,0.4105960264900661,0.6548403838252163,0.22868335724985953,0.6666666666666666,0.6678939822626768,0.0,0.0,0.0,3712.3350000000046,1673.9999999999986,0.0,independent_greedy,traffic,21511324,3
0.0,0.3333333333333333,300.0,0.5477777777777777,0.7141594290106259,0.5499160318240383,0.6666666666666669,0.5567902602287976,0.0,0.0,0.0,8046.394943384799,3736.60501895461,0.0,communication_aware,traffic,21511324,3
1.0,1.0,193.0,0.4283246977547495,0.7314423765949618,0.45526837190196995,0.6666666666666665,0.6582256425420504,0.0,0.0,0.015544041450777202,5867.811311943734,1554.411161095436,276.0,haco_safemarl_pilot_no_acoustic,traffic,21511324,3
1.0,1.0,166.0,0.4779116465863453,0.7260435123697205,0.5017468395138095,0.6666666666666666,0.63628320233492,0.0,0.0,0.13855421686746988,5077.314496548176,1258.063794036577,0.0,haco_safemarl_pilot_no_shield,traffic,21511324,3
0.0,0.3333333333333333,300.0,0.5466666666666666,0.7532812553104231,0.6035757733074714,0.6666666666666669,0.5492012588190506,0.0,0.0,0.06333333333333334,8783.294341323019,3069.8669884830592,522.0,haco_safemarl_pilot,traffic,21511324,3
0.0,0.0,300.0,0.32888888888888884,0.8168672161227348,0.7484552494457556,0.47777777777777763,0.7283501036864088,0.0,0.0,0.0,540.8303197100047,401.58115195829595,495.0,haco_safemarl_mappo,traffic,21511324,3
0.0,0.6666666666666666,300.0,0.12333333333333328,0.8867812480338843,0.8356308469455518,0.6666666666666669,0.9879356886053766,0.08333333333333333,29.0,0.24,5560.499999999976,3047.1316182657924,0.0,fixed_auv_ga_pso_tlbo_proxy,traffic,21521331,3
0.0,1.0,259.0,0.2857142857142857,0.8033054813767602,0.6924181342295583,0.6666666666666667,0.9012033597515057,0.07722007722007722,52.0,0.2084942084942085,6367.5150000000085,2817.400000000014,0.0,independent_greedy,traffic,21521331,3
0.0,0.6666666666666666,300.0,0.19888888888888887,0.8798761540004103,0.8403605631016695,0.6666666666666669,0.969319124572784,0.08666666666666667,54.0,0.2633333333333333,8355.061254629443,3714.9489713183157,0.0,communication_aware,traffic,21521331,3
0.0,0.3333333333333333,300.0,0.2122222222222222,0.8688006302334697,0.831182885676087,0.6666666666666669,0.9632506096729334,0.06333333333333334,0.0,0.43666666666666665,6789.248150854204,2301.453018472523,577.0,haco_safemarl_pilot_no_acoustic,traffic,21521331,3
0.0,1.0,256.0,0.14322916666666666,0.856867267690889,0.7562720140901911,0.6666666666666667,0.9797383223489241,0.19921875,100.0,0.421875,7989.7620198847135,2122.870824179433,0.0,haco_safemarl_pilot_no_shield,traffic,21521331,3
0.0,0.3333333333333333,300.0,0.19999999999999998,0.8778701424930023,0.8482684495180371,0.6666666666666669,0.9690009419212349,0.06333333333333334,0.0,0.4266666666666667,6774.743587460986,2344.8970417778955,577.0,haco_safemarl_pilot,traffic,21521331,3
0.0,0.3333333333333333,300.0,0.0,0.9355207651810964,0.9295023783309321,0.0,0.9999999998888889,0.0,0.0,0.11666666666666667,1174.5730972299066,174.4373708122972,242.0,haco_safemarl_mappo,traffic,21521331,3
0.0,0.6666666666666666,300.0,0.3811111111111111,0.6877208748978638,0.49228694286659125,0.6666666666666669,0.8403391159803614,0.0,0.0,0.0,5560.499999999976,2541.755671345908,0.0,fixed_auv_ga_pso_tlbo_proxy,traffic,21531338,3
1.0,1.0,233.0,0.45350500715307585,0.6260716175187006,0.23730632267242208,0.6666666666666666,0.7299557794604089,0.0,0.0,0.0,5728.305000000008,1984.600000000003,0.0,independent_greedy,traffic,21531338,3
0.0,0.0,300.0,0.5011111111111111,0.7505279624941084,0.6490466310585247,1.0,0.8740369812982014,0.0,0.0,0.0,8077.5410624971955,2936.561467597951,0.0,communication_aware,traffic,21531338,3
1.0,1.0,290.0,0.42758620689655175,0.6742226639333352,0.5907640036580103,0.9655172413793104,0.9367054181537496,0.0,0.0,0.0,9196.358734407977,2364.556026849765,435.0,haco_safemarl_pilot_no_acoustic,traffic,21531338,3
1.0,1.0,288.0,0.525462962962963,0.6223989702614794,0.5451236123102637,1.0,0.8917393422350012,0.0,0.0,0.0,8967.061676762478,2359.7630552870537,0.0,haco_safemarl_pilot_no_shield,traffic,21531338,3
0.0,0.3333333333333333,300.0,0.4566666666666668,0.772451241951462,0.6773009031571229,1.0,0.8276517312202942,0.0,0.0,0.0,9195.440689901061,3003.020967323731,508.0,haco_safemarl_pilot,traffic,21531338,3
0.0,0.0,300.0,0.0,0.9035377077445024,0.8973084999317876,0.0,0.9999999998888889,0.0,0.0,0.0,1410.796584305427,38.92728904347059,62.0,haco_safemarl_mappo,traffic,21531338,3
0.0,1.0,258.0,0.2054263565891473,0.8509069427197646,0.8074593844904093,0.7948717948717948,0.9776211411070673,0.0,48.0,0.050387596899224806,4782.0299999999825,1960.4265130203703,0.0,fixed_auv_ga_pso_tlbo_proxy,traffic,21541345,3
0.0,1.0,197.0,0.43316412859560066,0.7405248063845685,0.549145882391586,0.7166666666666666,0.7831089895790737,0.0,36.0,0.050761421319796954,4843.245000000006,1535.4000000000042,0.0,independent_greedy,traffic,21541345,3
0.0,0.6666666666666666,300.0,0.4122222222222222,0.811634343217084,0.7914705144140491,1.0,0.9854146195769206,0.0,42.0,0.03666666666666667,8202.66130648588,3099.9622099434814,0.0,communication_aware,traffic,21541345,3
1.0,1.0,196.0,0.12074829931972787,0.8511790896188542,0.7386348757340694,0.36666666666666664,0.9665368494695923,0.0,0.0,0.04081632653061224,6411.632727527111,1641.7506336381193,114.0,haco_safemarl_pilot_no_acoustic,traffic,21541345,3
0.0,1.0,191.0,0.12739965095986042,0.8406219387025016,0.7274672166843384,0.45,0.9694205965606296,0.0,48.0,0.04712041884816754,6158.402006158303,1421.1010914676312,0.0,haco_safemarl_pilot_no_shield,traffic,21541345,3
1.0,1.0,196.0,0.12244897959183673,0.8519653701443479,0.7412745662958565,0.36666666666666664,0.9654512225615381,0.0,0.0,0.04081632653061224,6420.265626194007,1651.4819467968002,109.0,haco_safemarl_pilot,traffic,21541345,3
0.0,0.0,300.0,0.0011111111111111111,0.8588706999938603,0.8433654319958047,0.01111111111111111,0.9999975252628365,0.0,0.0,0.06666666666666667,719.3363223313374,338.0588020817428,320.0,haco_safemarl_mappo,traffic,21541345,3
0.0,1.0,286.0,0.6363636363636364,0.5645962389181521,0.30669011999574863,1.0,0.7049928297218556,0.0,137.0,0.0,5301.009999999978,2736.3449456654835,0.0,fixed_auv_ga_pso_tlbo_proxy,traffic,21551352,3
0.0,1.0,219.0,0.852359208523592,0.45067155722755176,0.27162802633914274,1.0,0.5777000044386891,0.0,105.0,0.0,5384.115000000007,2304.000000000008,0.0,independent_greedy,traffic,21551352,3
0.0,0.3333333333333333,300.0,0.6877777777777777,0.6973872672507738,0.5890765620584637,1.0,0.6658487012916561,0.0,253.0,0.0,7968.250699381712,3250.045222236482,0.0,communication_aware,traffic,21551352,3
0.0,0.3333333333333333,300.0,0.6000000000000001,0.6707597352409059,0.5863605313417913,1.0,0.8440467346856045,0.0,0.0,0.0,9208.904550891737,3309.8444821160388,693.0,haco_safemarl_pilot_no_acoustic,traffic,21551352,3
0.0,0.3333333333333333,300.0,0.7366666666666667,0.5697359566436373,0.5074459223371489,1.0,0.9992528136853508,0.0,141.0,0.0,9037.64563828083,2975.9651432681417,0.0,haco_safemarl_pilot_no_shield,traffic,21551352,3
0.0,0.0,300.0,0.5566666666666666,0.7410459715778748,0.6876464328485561,1.0,0.7589565363371706,0.0,0.0,0.0,9018.71820379066,3656.255857425933,688.0,haco_safemarl_pilot,traffic,21551352,3
0.0,0.0,300.0,0.5277777777777777,0.7615861113089178,0.6883790876378085,0.6666666666666669,0.5926192044603164,0.0,0.0,0.0,654.2785892268627,246.40171169803114,742.0,haco_safemarl_mappo,traffic,21551352,3
0.0,1.0,294.0,0.5895691609977324,0.5155619014122367,0.32314539875835757,1.0,0.6298678199738369,0.0,63.0,0.0,5449.289999999977,2661.3438410712856,0.0,fixed_auv_ga_pso_tlbo_proxy,traffic,21561359,3
0.0,1.0,225.0,0.5748148148148149,0.5087163310059727,0.23526011090201948,0.9275362318840579,0.5943315220318199,0.0,48.0,0.0,5531.625000000007,2209.6000000000035,0.0,independent_greedy,traffic,21561359,3
0.0,0.0,300.0,0.6744444444444444,0.6448690935213572,0.5480614878460345,1.0,0.6580736647945526,0.0,55.0,0.0,7904.980916952607,2969.0230695810237,0.0,communication_aware,traffic,21561359,3
0.0,0.3333333333333333,300.0,0.561111111111111,0.5792410913132735,0.40057855273370324,0.8222222222222222,0.591804068178323,0.0,0.0,0.0,4981.204603439435,1615.1647897138778,917.0,haco_safemarl_pilot_no_acoustic,traffic,21561359,3
0.0,0.3333333333333333,300.0,0.7033333333333334,0.49621063571411295,0.3675444352519642,1.0,0.6715177884492741,0.0,47.0,0.0,9024.646203398712,2975.745665355623,0.0,haco_safemarl_pilot_no_shield,traffic,21561359,3
0.0,0.0,300.0,0.5355555555555556,0.7349575932921165,0.6431455101092332,0.6666666666666669,0.6000549486434337,0.0,0.0,0.0,5242.715907797378,2351.39818273776,898.0,haco_safemarl_pilot,traffic,21561359,3
0.0,0.0,300.0,0.26555555555555554,0.7815921783326456,0.681185565866253,0.3333333333333334,0.8525703691365796,0.0,0.0,0.0,1635.3385812409902,729.2897327773065,564.0,haco_safemarl_mappo,traffic,21561359,3
0.0,1.0,295.0,0.4192090395480226,0.6692825079282543,0.5377922264039363,0.6666666666666669,0.7855261199763315,0.0,55.0,0.020338983050847456,5467.824999999977,2378.3603293403735,0.0,fixed_auv_ga_pso_tlbo_proxy,traffic,21571366,3
0.0,1.0,226.0,0.5162241887905605,0.5850363956190506,0.22763850834870322,0.6666666666666664,0.7663660580477349,0.0,43.0,0.02654867256637168,5556.210000000007,1726.0000000000036,0.0,independent_greedy,traffic,21571366,3
0.0,0.3333333333333333,300.0,0.5222222222222221,0.766118670572508,0.6930414279878735,1.0,0.8077974954664525,0.0,71.0,0.02,8084.3716180983565,2880.5064330258533,0.0,communication_aware,traffic,21571366,3
0.0,0.3333333333333333,300.0,0.3877777777777777,0.704471144476806,0.4895132038558187,0.6666666666666669,0.8169156957792223,0.0,0.0,0.016666666666666666,9319.74216823696,3021.571520903466,523.0,haco_safemarl_pilot_no_acoustic,traffic,21571366,3
0.0,0.6666666666666666,300.0,0.56,0.6292008613044575,0.5141292095658494,1.0,0.8210347748463696,0.0,143.0,0.016666666666666666,9243.039207411115,2656.5867460373092,0.0,haco_safemarl_pilot_no_shield,traffic,21571366,3
0.0,0.0,300.0,0.39888888888888885,0.7881068849206188,0.6995684287356045,0.6666666666666669,0.8153605284353298,0.0,0.0,0.016666666666666666,9224.040127007649,3246.8573302305576,523.0,haco_safemarl_pilot,traffic,21571366,3
0.0,0.0,300.0,0.061111111111111095,0.871640121366332,0.8596456670933447,0.3333333333333334,0.9915980972964706,0.0,0.0,0.03666666666666667,571.8158759735118,143.63593550150256,271.0,haco_safemarl_mappo,traffic,21571366,3
0.0,1.0,272.0,0.18627450980392157,0.8386706762294398,0.6970458375664308,0.3333333333333334,0.9051373011369941,0.0,13.0,0.04411764705882353,5041.51999999998,2570.8025480612846,0.0,fixed_auv_ga_pso_tlbo_proxy,traffic,21581373,3
0.0,1.0,208.0,0.4214743589743589,0.777920737799326,0.7600598255689399,0.6666666666666665,0.9721457607544743,0.0,10.0,0.0,5113.680000000007,1961.6,0.0,independent_greedy,traffic,21581373,3
0.0,1.0,283.0,0.24499411071849234,0.850987696467858,0.7708632184530431,0.7126436781609194,0.8910133385565734,0.0,58.0,0.0,7879.626189350274,3212.405178875515,0.0,communication_aware,traffic,21581373,3
0.0,0.6666666666666666,300.0,0.08777777777777776,0.8655745702838117,0.7967910854299901,0.3333333333333334,0.9818185259803917,0.0,0.0,0.0,8984.208087490368,2463.718741561263,269.0,haco_safemarl_pilot_no_acoustic,traffic,21581373,3
0.0,1.0,202.0,0.08415841584158414,0.8448432623793676,0.7569960003664862,0.33333333333333326,0.9833922361733621,0.0,9.0,0.0,6404.860524080536,1472.1083217918276,0.0,haco_safemarl_pilot_no_shield,traffic,21581373,3
0.0,0.6666666666666666,300.0,0.06888888888888887,0.8691793620900702,0.8102379874752327,0.3333333333333334,0.989170793697107,0.0,0.0,0.0,8908.924696020205,2407.481646717133,275.0,haco_safemarl_pilot,traffic,21581373,3
0.0,0.0,300.0,0.0,0.8705258505454816,0.8349940548697795,0.0,0.9999999998888889,0.0,0.0,0.0,975.7242314342466,238.13704403477394,292.0,haco_safemarl_mappo,traffic,21581373,3
0.0,0.6666666666666666,300.0,0.5033333333333333,0.5897158789130297,0.2553615600189839,0.6666666666666669,0.6398904739472862,0.0,0.0,0.2866666666666667,5560.499999999976,2379.1815280676196,0.0,fixed_auv_ga_pso_tlbo_proxy,traffic,21591380,3
1.0,1.0,281.0,0.6168446026097271,0.4866445589397591,0.10308823644092403,0.7586206896551724,0.7339721262534548,0.0,0.0,0.0,6908.385000000009,2569.000000000011,0.0,independent_greedy,traffic,21591380,3
0.0,0.0,300.0,0.6155555555555555,0.7080893212600938,0.5383191644483253,1.0,0.6731896034471077,0.0,0.0,0.2,7991.906090979213,2937.3648002327864,0.0,communication_aware,traffic,21591380,3
0.0,0.6666666666666666,300.0,0.42,0.6532335149242275,0.24435086999955133,0.6666666666666669,0.6854632996199121,0.06,0.0,0.15,8432.489882687287,2280.0352130712217,576.0,haco_safemarl_pilot_no_acoustic,traffic,21591380,3
0.0,0.3333333333333333,300.0,0.65,0.5538166375109544,0.3127079257961807,1.0,0.6086564469137541,0.06,38.0,0.16,9185.858906538015,2829.539517053971,0.0,haco_safemarl_pilot_no_shield,traffic,21591380,3
0.0,0.0,300.0,0.4877777777777777,0.7389234898575511,0.56881702855737,0.7666666666666667,0.6616325296162695,0.06,0.0,0.16,8302.724899646355,2670.9326807874722,670.0,haco_safemarl_pilot,traffic,21591380,3
0.0,0.0,300.0,0.26666666666666666,0.8167190803174519,0.7344913699288382,0.3333333333333334,0.7908496730733907,0.0,0.0,0.14333333333333334,419.4746949091558,51.46659958435469,654.0,haco_safemarl_mappo,traffic,21591380,3
0.0,1.0,298.0,0.8187919463087249,0.3672769874051677,0.21652180317654654,1.0,0.6385401446057196,0.0,1.0,0.06711409395973154,5523.429999999977,2522.3154425327216,0.0,fixed_auv_ga_pso_tlbo_proxy,traffic,21601387,3
1.0,1.0,228.0,0.8538011695906433,0.3572592856245197,0.16046433386417114,1.0,0.3683241245249738,0.0,0.0,0.0,5605.380000000007,2122.6000000000054,0.0,independent_greedy,traffic,21601387,3
0.0,0.0,300.0,0.8455555555555555,0.6122940255892906,0.5058979629375542,1.0,0.6180149040200448,0.0,43.0,0.06333333333333334,7794.144563405247,3001.0288060368093,0.0,communication_aware,traffic,21601387,3
0.0,0.3333333333333333,300.0,0.76,0.4882628881524024,0.2871457857381341,1.0,0.6657534238025425,0.0,0.0,0.03333333333333333,9044.22164437365,3064.424548707393,795.0,haco_safemarl_pilot_no_acoustic,traffic,21601387,3
0.0,0.3333333333333333,300.0,0.8888888888888887,0.40489583773104554,0.3034949405530684,1.0,0.6047411674874996,0.0,99.0,0.06666666666666667,8919.720132470597,2822.624227667622,0.0,haco_safemarl_pilot_no_shield,traffic,21601387,3
0.0,0.0,300.0,0.7644444444444444,0.671632701386608,0.5658294404093439,1.0,0.6725928577334807,0.0,0.0,0.05333333333333334,8780.135514160107,3142.9731055191405,807.0,haco_safemarl_pilot,traffic,21601387,3
0.0,0.0,300.0,0.3777777777777777,0.8022000150318634,0.7380558469547894,0.6666666666666669,0.6632825717857541,0.0,0.0,0.04666666666666667,834.0531224438496,450.85375039037797,745.0,haco_safemarl_mappo,traffic,21601387,3
0.0,0.6666666666666666,300.0,0.63,0.48582445661218926,0.22573591163264822,1.0,0.6027395023549581,0.0,0.0,0.0,5560.499999999976,2689.8824840487905,0.0,fixed_auv_ga_pso_tlbo_proxy,traffic,21611394,3
1.0,1.0,245.0,0.635374149659864,0.4650273515911997,0.2170249065319453,1.0,0.5891945986500106,0.0,0.0,0.0,6023.325000000008,2542.0000000000123,0.0,independent_greedy,traffic,21611394,3
0.0,0.0,300.0,0.68,0.6569537106401917,0.5369217087450076,1.0,0.6149466188067527,0.0,0.0,0.0,7910.092098378177,2949.418998914772,0.0,communication_aware,traffic,21611394,3
0.0,0.3333333333333333,300.0,0.6577777777777777,0.5424768807587754,0.3846953586581965,1.0,0.678423799892311,0.0,0.0,0.03333333333333333,6429.295519636996,1896.050453368867,819.0,haco_safemarl_pilot_no_acoustic,traffic,21611394,3
0.0,0.3333333333333333,300.0,0.74,0.4842965743002105,0.3394366775235903,1.0,0.6172472093839225,0.0,0.0,0.0,9001.327789789808,3068.406405193615,0.0,haco_safemarl_pilot_no_shield,traffic,21611394,3
0.0,0.0,300.0,0.64,0.712605000357273,0.6440315551435568,1.0,0.7341081688829932,0.0,0.0,0.0,5042.214512574588,2086.308372115266,914.0,haco_safemarl_pilot,traffic,21611394,3
0.0,0.0,300.0,0.0011111111111111111,0.875875985623625,0.8280094801261707,0.01111111111111111,0.9999975252628365,0.0,0.0,0.0,477.70419270575957,267.0559381657083,265.0,haco_safemarl_mappo,traffic,21611394,3
0.0,0.6666666666666666,300.0,0.4844444444444444,0.6511207370443985,0.5513908298837786,1.0,0.9809635761489436,0.0,0.0,0.0,5560.499999999976,2436.8073761135315,0.0,fixed_auv_ga_pso_tlbo_proxy,traffic,21621401,3
1.0,1.0,234.0,0.6524216524216524,0.5845003439800616,0.3638078968624855,1.0,0.6149777912026265,0.0,0.0,0.05555555555555555,5752.890000000008,2140.8000000000006,0.0,independent_greedy,traffic,21621401,3
0.0,0.0,300.0,0.5622222222222222,0.7281596170823181,0.6720041143462684,1.0,0.9899623742803607,0.0,0.0,0.0,8023.922182258784,2877.9523635291193,0.0,communication_aware,traffic,21621401,3
0.0,0.6666666666666666,300.0,0.44333333333333336,0.6986143085195218,0.48962374681723586,1.0,0.9214122878358384,0.0,0.0,0.0,8941.318271572763,2266.8920984896363,566.0,haco_safemarl_pilot_no_acoustic,traffic,21621401,3
1.0,1.0,274.0,0.5413625304136254,0.6355202846628325,0.5107678952419885,1.0,0.9712046351864172,0.0,0.0,0.0,8545.24207798687,2120.919875576368,0.0,haco_safemarl_pilot_no_shield,traffic,21621401,3
0.0,0.3333333333333333,300.0,0.5022222222222222,0.757467119818586,0.6974470212157807,1.0,0.9261751156733407,0.0,0.0,0.03,9123.276357828327,2911.435342749418,569.0,haco_safemarl_pilot,traffic,21621401,3
0.0,0.0,300.0,0.0,0.8653984069886408,0.8381132620948094,0.0,0.9999999998888889,0.0,0.0,0.0,1088.1168709983538,316.88245587672026,299.0,haco_safemarl_mappo,traffic,21621401,3
0.0,0.6666666666666666,300.0,0.4888888888888889,0.7281364229516682,0.6202157762417737,1.0,0.9156130190028422,0.0,61.0,0.0,5560.499999999976,3226.963093276965,0.0,fixed_auv_ga_pso_tlbo_proxy,traffic,21631408,3
0.0,1.0,237.0,0.5639943741209563,0.6618872303448745,0.5488368530684397,1.0,0.8044129706763176,0.0,46.0,0.0,5826.645000000008,2842.2000000000057,0.0,independent_greedy,traffic,21631408,3
0.0,0.6666666666666666,300.0,0.58,0.7668324928418625,0.7069705004278639,1.0,0.9296170506326167,0.0,18.0,0.0,8062.346626646274,3299.581045042901,0.0,communication_aware,traffic,21631408,3
1.0,1.0,244.0,0.25409836065573765,0.8040442751281306,0.6443888032073177,0.6666666666666667,0.9158709675744167,0.0,0.0,0.0,7825.419591738311,2046.9870538823368,325.0,haco_safemarl_pilot_no_acoustic,traffic,21631408,3
0.0,1.0,230.0,0.42753623188405804,0.7065197915260457,0.5038004619538806,0.6666666666666664,0.7806128828453063,0.0,44.0,0.0,7217.93135602816,1781.3914793786478,0.0,haco_safemarl_pilot_no_shield,traffic,21631408,3
1.0,1.0,244.0,0.2390710382513661,0.8191863489864392,0.6917604523790178,0.6666666666666667,0.9336553362055221,0.0,0.0,0.0,7883.973006705918,2069.6054444360816,315.0,haco_safemarl_pilot,traffic,21631408,3
0.0,0.0,300.0,0.12555555555555556,0.8588253650488094,0.8248919257983877,0.4222222222222221,0.9679652176356696,0.0,0.0,0.0,834.291390756475,305.3265226871318,483.0,haco_safemarl_mappo,traffic,21631408,3
1.0,1.0,219.0,0.2404870624048706,0.8242610343077154,0.7141879486086727,0.6666666666666665,0.9485860789056826,0.0,0.0,0.0,4059.164999999988,2026.0908202359728,0.0,fixed_auv_ga_pso_tlbo_proxy,traffic,21641415,3
1.0,1.0,168.0,0.25,0.8217682097918219,0.7621513358088812,0.6666666666666666,0.9467657931676704,0.0,0.0,0.0,4130.280000000005,1766.9999999999998,0.0,independent_greedy,traffic,21641415,3
0.0,0.6666666666666666,300.0,0.4033333333333333,0.7922878329340227,0.7008547078758117,0.6666666666666669,0.8130238771841873,0.0,0.0,0.0,8166.398542141499,3594.8329387802373,0.0,communication_aware,traffic,21641415,3
1.0,1.0,191.0,0.2164048865619546,0.8280842638159348,0.6832336337875058,0.6666666666666665,0.9454050072710978,0.0,0.0,0.0,6003.021347264699,1535.308946713251,163.0,haco_safemarl_pilot_no_acoustic,traffic,21641415,3
1.0,1.0,166.0,0.20080321285140565,0.8256254386751762,0.6805035098307735,0.6666666666666666,0.9702560331573175,0.0,0.0,0.0,5269.330320403376,1281.2049383054084,0.0,haco_safemarl_pilot_no_shield,traffic,21641415,3
1.0,1.0,217.0,0.2565284178187403,0.8273830284415247,0.7017947882598914,0.6666666666666665,0.9420356293708148,0.0,0.0,0.0,6753.405506939151,1845.5751089348057,218.0,haco_safemarl_pilot,traffic,21641415,3
0.0,0.0,300.0,0.1922222222222222,0.8235854018394517,0.7499704893477042,0.3333333333333334,0.8982676366390758,0.0,0.0,0.0,476.0202334904063,164.10512475372545,483.0,haco_safemarl_mappo,traffic,21641415,3
0.0,0.6666666666666666,300.0,0.2311111111111111,0.8310499702535328,0.7646085197530001,0.6666666666666669,0.9566756566055322,0.0,113.0,0.07333333333333333,5560.499999999976,2366.7810995596155,0.0,fixed_auv_ga_pso_tlbo_proxy,traffic,21651422,3
0.0,1.0,250.0,0.4986666666666666,0.7217810709759868,0.6213930592036189,0.6666666666666667,0.7579100858429596,0.056,86.0,0.144,6146.250000000008,2284.0000000000023,0.0,independent_greedy,traffic,21651422,3
0.0,0.6666666666666666,300.0,0.29,0.8466819777543795,0.7954506568306048,0.6666666666666669,0.9230033701948982,0.0,98.0,0.07666666666666666,8281.405374538348,2974.8450840161804,0.0,communication_aware,traffic,21651422,3
0.0,0.6666666666666666,300.0,0.2488888888888889,0.7896003151532766,0.6517871326110317,0.7111111111111111,0.9089166018620792,0.02,52.0,0.12333333333333334,8182.851339291891,2579.097803428147,622.0,haco_safemarl_pilot_no_acoustic,traffic,21651422,3
0.0,1.0,247.0,0.24291497975708498,0.7970071686116902,0.6436686210849332,0.6666666666666667,0.97241456003471,0.0,85.0,0.016194331983805668,7838.461919198749,1770.3681087229575,0.0,haco_safemarl_pilot_no_shield,traffic,21651422,3
0.0,0.3333333333333333,300.0,0.26555555555555554,0.8292431031670335,0.7925384075761884,0.6666666666666669,0.9162938960385321,0.0,50.0,0.08,8555.580732625107,3003.1143212662737,631.0,haco_safemarl_pilot,traffic,21651422,3
0.0,0.0,300.0,0.0,0.8590195487890722,0.8388030587631996,0.0,0.9999999998888889,0.0,6.0,0.0,783.6150020656147,80.24485256188707,433.0,haco_safemarl_mappo,traffic,21651422,3
0.0,1.0,297.0,1.0,0.4355309187902866,0.24151480196755942,1.0,0.0,0.0,83.0,0.0,5504.894999999977,2375.220407540111,0.0,fixed_auv_ga_pso_tlbo_proxy,acoustic_degradation,21161429,3
0.0,1.0,227.0,1.0,0.3692547294963355,0.2056840293828887,1.0,0.0,0.0,63.0,0.0,5580.795000000007,1839.2000000000019,0.0,independent_greedy,acoustic_degradation,21161429,3
0.0,0.0,300.0,1.0,0.6274072189851422,0.48651739608483474,1.0,0.0,0.0,64.0,0.0,7850.951344027513,2957.7554517243716,0.0,communication_aware,acoustic_degradation,21161429,3
0.0,0.0,300.0,0.9444444444444444,0.5731612551714752,0.33716430270014686,1.0,0.3333333293333334,0.0,58.0,0.0,6676.9466845432235,2480.916135715756,1038.0,haco_safemarl_pilot_no_acoustic,acoustic_degradation,21161429,3
0.0,0.3333333333333333,300.0,1.0,0.448434693045365,0.3042168239057398,1.0,0.0,0.0,52.0,0.0,9028.772260207166,2907.9069411955215,0.0,haco_safemarl_pilot_no_shield,acoustic_degradation,21161429,3
0.0,0.0,300.0,0.9244444444444446,0.6666863097599662,0.552646802163501,1.0,0.3333333311707036,0.0,0.0,0.0,6988.775547887054,2450.53047306698,1014.0,haco_safemarl_pilot,acoustic_degradation,21161429,3
0.0,0.0,300.0,1.0,0.55299785732816,0.4156458566008583,1.0,0.0,0.0,0.0,0.0,548.4776990837681,67.75118098504205,900.0,haco_safemarl_mappo,acoustic_degradation,21161429,3
0.0,1.0,196.0,1.0,0.36350378721939947,0.2398064633089426,1.0,0.0,0.0,20.0,0.0,3632.859999999991,1670.2341429817495,0.0,fixed_auv_ga_pso_tlbo_proxy,acoustic_degradation,21171436,3
0.0,1.0,150.0,1.0,0.31712726767784627,0.17742289711241768,1.0,0.0,0.0,16.0,0.0,3687.7500000000045,1325.0000000000016,0.0,independent_greedy,acoustic_degradation,21171436,3
0.0,0.0,300.0,1.0,0.6106999264286966,0.5374439218172352,1.0,0.0,0.0,137.0,0.03,7636.33737414119,2965.410598008933,0.0,communication_aware,acoustic_degradation,21171436,3
0.0,0.3333333333333333,300.0,0.9522222222222223,0.5073753237339537,0.35723036836554023,1.0,0.33333332792500464,0.0,0.0,0.04,7691.6804405633375,2886.5194235414065,987.0,haco_safemarl_pilot_no_acoustic,acoustic_degradation,21171436,3
0.0,0.3333333333333333,300.0,0.99,0.408813266520643,0.30505107671672876,1.0,0.33333320987658893,0.0,92.0,0.013333333333333334,8789.426747837531,3070.9885800386833,0.0,haco_safemarl_pilot_no_shield,acoustic_degradation,21171436,3
0.0,0.3333333333333333,300.0,1.0,0.6499407067346563,0.5980365599495435,1.0,0.0,0.0,0.0,0.06,7241.799102537068,2679.8673721440323,1013.0,haco_safemarl_pilot,acoustic_degradation,21171436,3
0.0,0.0,300.0,0.9955555555555556,0.6599125694649676,0.6021180127213955,1.0,0.3333327083345052,0.0,0.0,0.0,254.1679303430535,29.830363461098035,904.0,haco_safemarl_mappo,acoustic_degradation,21171436,3
0.0,0.3333333333333333,300.0,0.92,0.4574033982298655,0.29947696572089605,1.0,0.333333331404321,0.0,102.0,0.0,5560.499999999976,2539.764609363711,0.0,fixed_auv_ga_pso_tlbo_proxy,acoustic_degradation,21181443,3
0.0,0.6666666666666666,300.0,0.9766666666666667,0.3463887647384756,0.2624494660616294,1.0,0.33333331065759797,0.0,78.0,0.0,7375.50000000001,3187.800000000017,0.0,independent_greedy,acoustic_degradation,21181443,3
0.0,0.0,300.0,0.92,0.6506726139132025,0.6241598211213567,1.0,0.333333331404321,0.0,47.0,0.0,7819.782346469957,2952.782208081796,0.0,communication_aware,acoustic_degradation,21181443,3
0.0,0.3333333333333333,300.0,0.6477777777777778,0.689999570542175,0.5468109675614936,1.0,0.6577064798759477,0.0,25.0,0.04666666666666667,6825.8240826537185,2594.634202553656,1072.0,haco_safemarl_pilot_no_acoustic,acoustic_degradation,21181443,3
0.0,0.3333333333333333,300.0,0.9422222222222223,0.49472483728895233,0.36115349105668076,1.0,0.3464002009766822,0.0,77.0,0.0,8977.674064897194,3047.1282426446505,0.0,haco_safemarl_pilot_no_shield,acoustic_degradation,21181443,3
0.0,0.3333333333333333,300.0,0.6655555555555556,0.7413833839719387,0.6846760212423371,1.0,0.6435872842626685,0.0,25.0,0.04666666666666667,7136.201333779615,2818.5606201399414,1035.0,haco_safemarl_pilot,acoustic_degradation,21181443,3
0.0,0.0,300.0,0.7088888888888889,0.7425201452227755,0.6969246564080767,1.0,0.3333333331876541,0.0,0.0,0.0,683.3302113347916,151.45542212663568,920.0,haco_safemarl_mappo,acoustic_degradation,21181443,3
0.0,1.0,278.0,0.7673860911270983,0.7380381223863159,0.6999789813129962,1.0,0.33333333310517116,0.0,223.0,0.0,5152.72999999998,2417.949312154666,0.0,fixed_auv_ga_pso_tlbo_proxy,acoustic_degradation,21191450,3
0.0,1.0,212.0,0.9056603773584906,0.5251534891852967,0.47249149763929826,1.0,0.6600660011613483,0.0,169.0,0.0,5212.020000000007,1776.8000000000043,0.0,independent_greedy,acoustic_degradation,21191450,3
0.0,0.6666666666666666,300.0,0.8522222222222222,0.74589133931969,0.7219336114483985,1.0,0.33333333276801025,0.0,293.0,0.0,8138.8935011278745,3085.9568126450654,0.0,communication_aware,acoustic_degradation,21191450,3
0.0,0.6666666666666666,300.0,0.42444444444444446,0.7647048719446801,0.7237307639065267,0.7444444444444444,0.9110862107161122,0.0,4.0,0.0,8271.740006434144,2853.33989369469,979.0,haco_safemarl_pilot_no_acoustic,acoustic_degradation,21191450,3
0.0,1.0,210.0,0.6539682539682539,0.7383321561982619,0.7229417916978048,1.0,0.9329407137584865,0.0,81.0,0.0,6652.092809243059,1910.4799755225192,0.0,haco_safemarl_pilot_no_shield,acoustic_degradation,21191450,3
0.0,0.6666666666666666,300.0,0.40333333333333343,0.7688122258001419,0.7357999324212815,0.7444444444444444,0.9324273198113007,0.0,4.0,0.0,8266.815637457661,2814.4440774796394,968.0,haco_safemarl_pilot,acoustic_degradation,21191450,3
0.0,0.0,300.0,0.9855555555555554,0.5359996935905076,0.24629757943838895,1.0,0.3333332741617462,0.0,4.0,0.0,910.4497356478456,234.9548468441668,925.0,haco_safemarl_mappo,acoustic_degradation,21191450,3
0.0,1.0,254.0,0.9750656167979004,0.44322121054298513,0.19766073009516558,1.0,0.3333333134761477,0.0,39.0,0.08267716535433071,4707.889999999983,2041.1641155390857,0.0,fixed_auv_ga_pso_tlbo_proxy,acoustic_degradation,21201457,3
0.0,1.0,194.0,0.979381443298969,0.29652852989460454,0.13530757420065365,1.0,0.3333333042932124,0.0,29.0,0.0,4769.490000000006,1731.5999999999974,0.0,independent_greedy,acoustic_degradation,21201457,3
0.0,0.3333333333333333,300.0,0.9133333333333333,0.6769132097675993,0.5784741428064366,1.0,0.3333333316896778,0.0,27.0,0.09666666666666666,7819.00578497208,2934.3317382985224,0.0,communication_aware,acoustic_degradation,21201457,3
1.0,1.0,243.0,0.8436213991769548,0.5695367108693257,0.4322345854568529,1.0,0.39684866179817024,0.0,0.0,0.03292181069958848,7490.641894326151,1929.3781841053071,732.0,haco_safemarl_pilot_no_acoustic,acoustic_degradation,21201457,3
0.0,1.0,220.0,0.9742424242424242,0.49799036015329645,0.4142889312120196,1.0,0.33333331472510674,0.02727272727272727,46.0,0.05,6771.668256920932,1896.0325589037675,0.0,haco_safemarl_pilot_no_shield,acoustic_degradation,21201457,3
0.0,0.3333333333333333,300.0,0.7655555555555557,0.676315613863906,0.6077304378604012,1.0,0.39866577088981486,0.0,0.0,0.0,9027.230265051736,3203.0602662707424,900.0,haco_safemarl_pilot,acoustic_degradation,21201457,3
0.0,0.0,300.0,0.601111111111111,0.6282856744640974,0.35675829149219324,0.7222222222222222,0.4714646823365568,0.0,0.0,0.043333333333333335,693.834842938355,81.0126962856292,900.0,haco_safemarl_mappo,acoustic_degradation,21201457,3
0.0,0.6666666666666666,300.0,1.0,0.36348651599502796,0.19177925184378775,1.0,0.0,0.0,140.0,0.0,5560.499999999976,2909.981420308667,0.0,fixed_auv_ga_pso_tlbo_proxy,acoustic_degradation,21211464,3
0.0,1.0,252.0,1.0,0.36784133959459947,0.0762467893451832,1.0,0.0,0.0,130.0,0.0,6195.420000000008,2688.0000000000064,0.0,independent_greedy,acoustic_degradation,21211464,3
0.0,0.0,300.0,1.0,0.6479105145135218,0.5625319736840788,1.0,0.0,0.0,0.0,0.0,7676.2114614439615,2996.4027696721655,0.0,communication_aware,acoustic_degradation,21211464,3
0.0,0.3333333333333333,300.0,0.9988888888888887,0.4669934134034699,0.2095669120018184,1.0,0.3333233336333243,0.0,0.0,0.0,9029.270145536511,2933.5502916633736,900.0,haco_safemarl_pilot_no_acoustic,acoustic_degradation,21211464,3
0.0,0.3333333333333333,300.0,1.0,0.4151303513172984,0.2555447110829378,1.0,0.0,0.0,0.0,0.0,8919.759662312583,2989.9507988987807,0.0,haco_safemarl_pilot_no_shield,acoustic_degradation,21211464,3
0.0,0.0,300.0,0.9822222222222223,0.6481786531697935,0.5256816910457592,1.0,0.3333332942708379,0.0,0.0,0.0,8791.901915989809,3042.7758256239554,900.0,haco_safemarl_pilot,acoustic_degradation,21211464,3
0.0,0.0,300.0,0.6933333333333334,0.714202176418752,0.6428968438728546,0.9333333333333333,0.3333333332020584,0.0,0.0,0.0,345.0366321073491,25.17925861468316,900.0,haco_safemarl_mappo,acoustic_degradation,21211464,3
0.0,0.6666666666666666,300.0,0.9944444444444444,0.507624335572701,0.3418797924612176,1.0,0.33333293333381336,0.0,0.0,0.08,5560.499999999976,2636.8336324209326,0.0,fixed_auv_ga_pso_tlbo_proxy,acoustic_degradation,21221471,3
1.0,1.0,239.0,1.0,0.39734161316521743,0.08411926328187751,1.0,0.0,0.0,0.0,0.1087866108786611,5875.815000000008,2353.000000000003,0.0,independent_greedy,acoustic_degradation,21221471,3
0.0,0.3333333333333333,300.0,0.9277777777777777,0.6735147642015904,0.561845090006814,1.0,0.33333333096646944,0.0,0.0,0.0,7830.137912043523,3028.3226672602937,0.0,communication_aware,acoustic_degradation,21221471,3
0.0,1.0,223.0,0.8819133034379673,0.6345968371882558,0.44668154119490894,1.0,0.3333333324479873,0.004484304932735426,0.0,0.12556053811659193,6919.445402491092,1899.174308389732,730.0,haco_safemarl_pilot_no_acoustic,acoustic_degradation,21221471,3
0.0,1.0,235.0,0.9319148936170213,0.5588968236554297,0.2804579624897105,1.0,0.3333333306700907,0.0851063829787234,0.0,0.14893617021276595,7372.159321607101,1845.7224654804886,0.0,haco_safemarl_pilot_no_shield,acoustic_degradation,21221471,3
0.0,1.0,223.0,0.8878923766816144,0.6582694328548108,0.5117567546030632,1.0,0.3333333323510321,0.008968609865470852,0.0,0.14349775784753363,7063.242808163041,1811.1440002499744,728.0,haco_safemarl_pilot,acoustic_degradation,21221471,3
0.0,0.0,300.0,1.0,0.4697263336832578,0.19468023366192605,1.0,0.0,0.0,0.0,0.0,502.7234476720143,62.02329644017343,900.0,haco_safemarl_mappo,acoustic_degradation,21221471,3
0.0,0.3333333333333333,300.0,0.8666666666666667,0.36571307126936997,0.1907368235342774,1.0,0.6224066365829618,0.0,0.0,0.0,5560.499999999976,2367.4239111837546,0.0,fixed_auv_ga_pso_tlbo_proxy,acoustic_degradation,21231478,3
1.0,1.0,256.0,0.9088541666666665,0.31132365484154656,0.15956194835911108,1.0,0.490196075217538,0.0,0.0,0.0,6293.760000000008,2242.8000000000043,0.0,independent_greedy,acoustic_degradation,21231478,3
0.0,0.0,300.0,0.9144444444444444,0.5977616383612024,0.5470494431387671,1.0,0.6030922536590071,0.0,0.0,0.0,7780.683147123451,2981.2269367844297,0.0,communication_aware,acoustic_degradation,21231478,3
0.0,0.0,300.0,0.8044444444444444,0.5047593442305182,0.3329573101433467,1.0,0.5187045774024012,0.0,0.0,0.0,8932.626722132074,3090.1013911746218,900.0,haco_safemarl_pilot_no_acoustic,acoustic_degradation,21231478,3
0.0,0.3333333333333333,300.0,0.9244444444444446,0.41320866343786167,0.2986393920497733,1.0,0.5816352135412366,0.0,0.0,0.0,8907.53028054796,2977.9310125279926,0.0,haco_safemarl_pilot_no_shield,acoustic_degradation,21231478,3
0.0,0.0,300.0,0.8144444444444445,0.6716120841539407,0.6102730613772495,1.0,0.5192032012151486,0.0,0.0,0.0,8777.529577024805,3095.4208761590667,900.0,haco_safemarl_pilot,acoustic_degradation,21231478,3
0.0,0.0,300.0,0.7055555555555556,0.7432653875567742,0.6902232509889117,1.0,0.37040260332327885,0.0,0.0,0.0,547.6108497907494,28.804823645034716,900.0,haco_safemarl_mappo,acoustic_degradation,21231478,3
0.0,1.0,289.0,1.0,0.2634227835517935,0.12810757635123377,1.0,0.0,0.0,66.0,0.0,5356.614999999978,2721.6452893420533,0.0,fixed_auv_ga_pso_tlbo_proxy,acoustic_degradation,21241485,3
0.0,1.0,221.0,0.9170437405731523,0.19235152318163284,0.07664371566871901,1.0,0.33333333153935724,0.0,51.0,0.0,5433.285000000007,2304.400000000003,0.0,independent_greedy,acoustic_degradation,21241485,3
0.0,0.0,300.0,1.0,0.5263107811050993,0.4252013319206457,1.0,0.0,0.0,0.0,0.0,7653.89102990931,2983.963860662011,0.0,communication_aware,acoustic_degradation,21241485,3
0.0,0.3333333333333333,300.0,0.8644444444444443,0.3493888068177402,0.23478224291881114,1.0,0.3333333326614709,0.0,0.0,0.0,8087.751902380136,2602.7387128763266,953.0,haco_safemarl_pilot_no_acoustic,acoustic_degradation,21241485,3
0.0,0.3333333333333333,300.0,0.96,0.32552977774534836,0.24754195794708883,1.0,0.3333333256172841,0.0,19.0,0.0,8790.427252458152,2923.2220048789736,0.0,haco_safemarl_pilot_no_shield,acoustic_degradation,21241485,3
0.0,0.0,300.0,0.8766666666666667,0.6184389017980045,0.5552289030189392,1.0,0.3333333325217109,0.0,0.0,0.0,6359.838754995232,2277.5418161892526,1028.0,haco_safemarl_pilot,acoustic_degradation,21241485,3
0.0,0.0,300.0,0.69,0.5722573654379896,0.34113570679248495,0.9,0.3333333332048663,0.0,0.0,0.0,347.97245829285254,20.540525295883405,900.0,haco_safemarl_mappo,acoustic_degradation,21241485,3
0.0,0.6666666666666666,300.0,0.9955555555555556,0.33766459881091787,0.11727363075812723,1.0,0.3333327083345052,0.0,37.0,0.0,5560.499999999976,3088.3315047489873,0.0,fixed_auv_ga_pso_tlbo_proxy,acoustic_degradation,21251492,3
0.0,1.0,281.0,0.6809015421115064,0.32548751787151836,0.04367073559300241,0.8045977011494252,0.3333333332120878,0.0,28.0,0.2099644128113879,6908.385000000009,3411.8000000000116,0.0,independent_greedy,acoustic_degradation,21251492,3
0.0,0.3333333333333333,300.0,1.0,0.5977454394483297,0.4778926675569074,1.0,0.0,0.0,224.0,0.0,7648.583053673238,2965.9888396104902,0.0,communication_aware,acoustic_degradation,21251492,3
0.0,0.6666666666666666,300.0,0.7122222222222223,0.45415873539793017,0.1423155182373964,1.0,0.43822309299728834,0.0,21.0,0.0,9230.062740624251,2840.640320247458,904.0,haco_safemarl_pilot_no_acoustic,acoustic_degradation,21251492,3
0.0,0.3333333333333333,300.0,0.8155555555555555,0.4565367622756452,0.24537737027418993,1.0,0.333333332970436,0.0,50.0,0.0,8793.656461919369,3167.0146736936567,0.0,haco_safemarl_pilot_no_shield,acoustic_degradation,21251492,3
0.0,0.3333333333333333,300.0,0.6855555555555555,0.6517317455795433,0.5449963098520182,0.8555555555555555,0.3333333332084722,0.0,23.0,0.02,8762.259647044848,3503.253890805138,923.0,haco_safemarl_pilot,acoustic_degradation,21251492,3
0.0,0.0,300.0,0.5311111111111111,0.5818257794983714,0.19370377724473056,0.9666666666666667,0.6136806917701118,0.0,30.0,0.016666666666666666,754.5050669774238,224.57465285895728,929.0,haco_safemarl_mappo,acoustic_degradation,21251492,3
0.0,0.6666666666666666,300.0,0.8244444444444444,0.4814244710899037,0.24395003253831618,1.0,0.3333333329327565,0.0,189.0,0.0,5560.499999999976,2760.1157322102204,0.0,fixed_auv_ga_pso_tlbo_proxy,acoustic_degradation,21261499,3
0.0,1.0,287.0,0.7688734030197445,0.36876559575273243,0.1271743158608085,1.0,0.33333333310222524,0.0,144.0,0.0,7055.8950000000095,3102.600000000017,0.0,independent_greedy,acoustic_degradation,21261499,3
0.0,0.3333333333333333,300.0,0.9077777777777777,0.6581330918105749,0.5029681352368022,1.0,0.33333333188174386,0.0,298.0,0.0,8017.364971327837,3436.2133951015217,0.0,communication_aware,acoustic_degradation,21261499,3
0.0,0.3333333333333333,300.0,0.8233333333333334,0.6465925421075986,0.5108846769041732,1.0,0.3333333329377794,0.0,94.0,0.0,9377.98048841799,3928.819844258709,920.0,haco_safemarl_pilot_no_acoustic,acoustic_degradation,21261499,3
0.0,0.3333333333333333,300.0,0.7222222222222223,0.5270907432452341,0.3207423247458183,1.0,0.33333333317333336,0.0,212.0,0.0,8969.466570801906,3199.6353639173735,0.0,haco_safemarl_pilot_no_shield,acoustic_degradation,21261499,3
0.0,0.3333333333333333,300.0,0.8188888888888889,0.6886618629975725,0.5914417428109338,1.0,0.33333333295695483,0.0,88.0,0.0,9153.669684457705,3642.905680173716,926.0,haco_safemarl_pilot,acoustic_degradation,21261499,3
0.0,0.0,300.0,0.7044444444444444,0.6158852726433783,0.4526852653244915,1.0,0.33333333319200253,0.0,14.0,0.0,1174.6637172099604,575.5553040300696,934.0,haco_safemarl_mappo,acoustic_degradation,21261499,3
0.0,1.0,264.0,1.0,0.15899647170745185,0.15134819795184573,1.0,0.0,0.0,6.0,0.0,4893.239999999982,2266.0431636005574,0.0,fixed_auv_ga_pso_tlbo_proxy,acoustic_degradation,21271506,3
0.0,1.0,202.0,0.9884488448844884,0.1619907212458935,0.05837505507260876,1.0,0.33333324080728194,0.0,4.0,0.06435643564356436,4966.170000000006,1815.6000000000058,0.0,independent_greedy,acoustic_degradation,21271506,3
0.0,0.0,300.0,1.0,0.4647151905340356,0.43632580897676065,1.0,0.0,0.0,43.0,0.0,7592.27059556207,2966.414978351162,0.0,communication_aware,acoustic_degradation,21271506,3
0.0,0.3333333333333333,300.0,1.0,0.269657604309328,0.15558465207907196,1.0,0.0,0.0,1.0,0.0,3093.0339211232476,1171.2807011584475,1196.0,haco_safemarl_pilot_no_acoustic,acoustic_degradation,21271506,3
0.0,0.0,300.0,1.0,0.26107413373891286,0.19444042447771884,1.0,0.0,0.0,25.0,0.0,8627.952459726292,3161.9702197447004,0.0,haco_safemarl_pilot_no_shield,acoustic_degradation,21271506,3
0.0,0.0,300.0,1.0,0.5823999871130178,0.5107554493545905,1.0,0.0,0.0,1.0,0.0,3098.9359143440747,1435.1003655889103,1192.0,haco_safemarl_pilot,acoustic_degradation,21271506,3
0.0,0.0,300.0,0.68,0.7429283279869835,0.7153051622013714,1.0,0.6097388845648339,0.0,1.0,0.0,805.1040588887314,360.0145859739582,933.0,haco_safemarl_mappo,acoustic_degradation,21271506,3
1.0,1.0,290.0,0.8195402298850575,0.5139310748966602,0.4058662380454881,1.0,0.6653440209475685,0.0,0.0,0.0,5375.149999999978,2516.3501993828245,0.0,fixed_auv_ga_pso_tlbo_proxy,acoustic_degradation,21281513,3
1.0,1.0,222.0,0.7972972972972973,0.5047465350457411,0.3941901908111993,1.0,0.9759036118823865,0.0,0.0,0.0,5457.870000000007,2137.600000000006,0.0,independent_greedy,acoustic_degradation,21281513,3
0.0,0.3333333333333333,300.0,0.8355555555555555,0.6668973286881906,0.6304971599396261,1.0,0.6655727724125934,0.0,88.0,0.0,7900.664568416429,2953.312024662966,0.0,communication_aware,acoustic_degradation,21281513,3
0.0,0.3333333333333333,300.0,0.6977777777777779,0.6507358361836936,0.5656056843432289,1.0,0.9208174634347253,0.0,0.0,0.0,9070.438269094891,3168.3281869431125,900.0,haco_safemarl_pilot_no_acoustic,acoustic_degradation,21281513,3
0.0,0.3333333333333333,300.0,0.8555555555555554,0.5252922308944026,0.4279395749451164,1.0,0.7714781306750191,0.0,0.0,0.0,9031.500583483166,3045.848678928838,0.0,haco_safemarl_pilot_no_shield,acoustic_degradation,21281513,3
0.0,0.3333333333333333,300.0,0.6755555555555556,0.7292210462180874,0.7012070945490215,1.0,0.9401076113102048,0.0,0.0,0.0,8915.855255384637,3216.3301763582513,900.0,haco_safemarl_pilot,acoustic_degradation,21281513,3
0.0,0.0,300.0,0.3333333333333333,0.7750169629079771,0.7286023294220539,0.7444444444444444,0.7559626553019511,0.0,0.0,0.0,533.0256441381342,71.35373231413867,900.0,haco_safemarl_mappo,acoustic_degradation,21281513,3
0.0,0.6666666666666666,300.0,0.8777777777777778,0.4119818306782214,0.1656077803128474,1.0,0.333333332506887,0.0,45.0,0.0,5560.499999999976,2534.0703952796357,0.0,fixed_auv_ga_pso_tlbo_proxy,acoustic_degradation,21291520,3
0.0,0.6666666666666666,300.0,1.0,0.256484713990334,0.0615475815641211,1.0,0.0,0.0,34.0,0.0,7375.50000000001,3147.8000000000143,0.0,independent_greedy,acoustic_degradation,21291520,3
0.0,0.3333333333333333,300.0,0.8444444444444443,0.6649829125953234,0.5805726893096637,1.0,0.33333333282312927,0.0,0.0,0.03666666666666667,7983.744320419486,3449.0136189841032,0.0,communication_aware,acoustic_degradation,21291520,3
0.0,0.3333333333333333,300.0,0.7222222222222223,0.4961607581515884,0.3286111174757423,1.0,0.33333333317333336,0.0,0.0,0.0,9456.414666438955,3024.0376676751243,900.0,haco_safemarl_pilot_no_acoustic,acoustic_degradation,21291520,3
0.0,0.3333333333333333,300.0,0.7477777777777778,0.48763922563396034,0.3264133920135034,1.0,0.33333333313926783,0.0,0.0,0.0,8988.882620894452,2949.6419836776276,0.0,haco_safemarl_pilot_no_shield,acoustic_degradation,21291520,3
0.0,0.3333333333333333,300.0,0.7155555555555556,0.6513091393832446,0.5506183499779058,1.0,0.33333333318074543,0.0,0.0,0.0,9377.75023991332,3503.842474248385,900.0,haco_safemarl_pilot,acoustic_degradation,21291520,3
0.0,0.0,300.0,0.9855555555555554,0.6694823474919775,0.6647107901918604,1.0,0.3333332741617462,0.0,0.0,0.0,1275.5339913800408,96.95273978204528,900.0,haco_safemarl_mappo,acoustic_degradation,21291520,3
0.0,0.6666666666666666,300.0,1.0,0.3812643370608969,0.2813096512970876,1.0,0.0,0.02666666666666667,0.0,0.06333333333333334,5560.499999999976,2676.327045203154,0.0,fixed_auv_ga_pso_tlbo_proxy,acoustic_degradation,21301527,3
0.0,0.6666666666666666,300.0,1.0,0.14695572797516857,0.08130719002963528,1.0,0.0,0.0,0.0,0.14,7375.50000000001,3349.400000000014,0.0,independent_greedy,acoustic_degradation,21301527,3
0.0,0.0,300.0,1.0,0.6802507669552041,0.6709671593370856,1.0,0.0,0.03,0.0,0.06666666666666667,7751.405669158796,2878.8154666319206,0.0,communication_aware,acoustic_degradation,21301527,3
0.0,0.6666666666666666,300.0,0.9833333333333333,0.5068137433473202,0.48800620925270827,1.0,0.3333332888888948,0.0,0.0,0.09666666666666666,9236.623434816,2500.394987549282,935.0,haco_safemarl_pilot_no_acoustic,acoustic_degradation,21301527,3
0.0,0.3333333333333333,300.0,1.0,0.4433869001089603,0.35396852538935913,1.0,0.0,0.0,0.0,0.04666666666666667,8998.598646899953,2846.3204608303195,0.0,haco_safemarl_pilot_no_shield,acoustic_degradation,21301527,3
0.0,0.0,300.0,1.0,0.6751341145179828,0.6544843162579048,1.0,0.0,0.0,0.0,0.07666666666666666,8899.490921911649,3253.542529782761,935.0,haco_safemarl_pilot,acoustic_degradation,21301527,3
0.0,0.0,300.0,0.8577777777777779,0.689091196353665,0.6343623542383227,1.0,0.33333333272298177,0.0,0.0,0.04,402.5469892349801,44.857738335722,936.0,haco_safemarl_mappo,acoustic_degradation,21301527,3
0.0,1.0,231.0,1.0,0.3212063450109815,0.1114109302969589,1.0,0.0,0.0,153.0,0.0,4281.584999999986,2173.0271162072668,0.0,fixed_auv_ga_pso_tlbo_proxy,acoustic_degradation,21311534,3
0.0,1.0,177.0,1.0,0.31883733995456237,0.11128073122987213,1.0,0.0,0.0,118.0,0.0,4351.5450000000055,2009.6000000000035,0.0,independent_greedy,acoustic_degradation,21311534,3
0.0,0.3333333333333333,300.0,1.0,0.4689233330275755,0.34402463195508026,1.0,0.0,0.0,186.0,0.02,7657.503237347577,3143.556688628895,0.0,communication_aware,acoustic_degradation,21311534,3
0.0,0.0,300.0,1.0,0.36651377906603055,0.1638995370938827,1.0,0.0,0.0,0.0,0.006666666666666667,8849.925407518198,3530.298868689292,900.0,haco_safemarl_pilot_no_acoustic,acoustic_degradation,21311534,3
0.0,0.3333333333333333,300.0,1.0,0.396947863865666,0.211575500504206,1.0,0.0,0.0,0.0,0.006666666666666667,8673.797035693768,3389.4767331675944,0.0,haco_safemarl_pilot_no_shield,acoustic_degradation,21311534,3
0.0,0.0,300.0,1.0,0.6100023465288159,0.538817381546017,1.0,0.0,0.0,0.0,0.0,8664.796835813073,3474.9890197412005,900.0,haco_safemarl_pilot,acoustic_degradation,21311534,3
0.0,0.0,300.0,1.0,0.6219306965626007,0.5465922361080636,1.0,0.0,0.0,0.0,0.0,340.31796383709883,148.9529609751523,900.0,haco_safemarl_mappo,acoustic_degradation,21311534,3
0.0,1.0,299.0,0.7212931995540691,0.6829268443915555,0.5463513154147114,1.0,0.6483671515626719,0.0,11.0,0.020066889632107024,5541.9649999999765,2978.560024459538,0.0,fixed_auv_ga_pso_tlbo_proxy,acoustic_degradation,21321541,3
0.0,1.0,229.0,0.7205240174672489,0.5547068292035567,0.22280330396474746,1.0,0.6274509798321051,0.0,9.0,0.0,5629.965000000007,2467.4000000000015,0.0,independent_greedy,acoustic_degradation,21321541,3
0.0,0.6666666666666666,300.0,0.7977777777777777,0.7084971776618646,0.6053813944475004,1.0,0.5495934951142623,0.0,0.0,0.02,8146.275026660035,3399.6293551265626,0.0,communication_aware,acoustic_degradation,21321541,3
1.0,1.0,208.0,0.42788461538461525,0.6909400582643076,0.4863972768868901,0.8095238095238095,0.65798807388695,0.0,0.0,0.0,6483.186587386236,1694.8769278954817,656.0,haco_safemarl_pilot_no_acoustic,acoustic_degradation,21321541,3
1.0,1.0,226.0,0.6312684365781712,0.6564330858598452,0.4319359011611562,1.0,0.5747126434082389,0.0,0.0,0.0,7034.68870851872,1850.3054924207197,0.0,haco_safemarl_pilot_no_shield,acoustic_degradation,21321541,3
1.0,1.0,209.0,0.416267942583732,0.7129204376195319,0.550685496116393,0.7936507936507935,0.6602785909322763,0.0,0.0,0.0,6710.79516134428,1817.7410268230076,650.0,haco_safemarl_pilot,acoustic_degradation,21321541,3
0.0,0.0,300.0,0.4222222222222222,0.7579920573196766,0.6756430914895297,0.8111111111111111,0.6595540203540716,0.0,0.0,0.0,1094.074185673639,135.9767787505491,916.0,haco_safemarl_mappo,acoustic_degradation,21321541,3
0.0,0.6666666666666666,300.0,0.8055555555555555,0.537888362384987,0.34218723204250634,1.0,0.5944408848483145,0.03,104.0,0.21333333333333335,5560.499999999976,2873.1649664812257,0.0,fixed_auv_ga_pso_tlbo_proxy,acoustic_degradation,21331548,3
0.0,1.0,257.0,0.9040207522697795,0.4448462567044162,0.313994206956802,1.0,0.33333333199316206,0.01556420233463035,80.0,0.13229571984435798,6318.345000000008,3099.400000000013,0.0,independent_greedy,acoustic_degradation,21331548,3
0.0,0.6666666666666666,300.0,0.8155555555555555,0.6769733814531014,0.585719097216121,1.0,0.6265575248660714,0.013333333333333334,92.0,0.22333333333333333,7996.6268941178305,3286.061871440097,0.0,communication_aware,acoustic_degradation,21331548,3
0.0,0.0,300.0,0.5133333333333333,0.6977984971508372,0.5886774202748741,0.7111111111111111,0.6189554375065947,0.0033333333333333335,35.0,0.10333333333333333,7686.536122334656,3153.5986986603248,1009.0,haco_safemarl_pilot_no_acoustic,acoustic_degradation,21331548,3
0.0,0.6666666666666666,300.0,0.8166666666666667,0.5252591170512202,0.3618705610993997,1.0,0.8648622866724609,0.02666666666666667,151.0,0.16,9249.081787260273,2554.290333378244,0.0,haco_safemarl_pilot_no_shield,acoustic_degradation,21331548,3
0.0,0.0,300.0,0.4955555555555555,0.753299981181924,0.7050266340687016,0.7444444444444444,0.6637298656550942,0.0033333333333333335,31.0,0.09333333333333334,7640.539556414712,3194.6995424912243,1013.0,haco_safemarl_pilot,acoustic_degradation,21331548,3
0.0,0.0,300.0,0.3311111111111111,0.769938761593826,0.7370777472883342,0.8333333333333334,0.9188509417035661,0.0033333333333333335,0.0,0.19333333333333333,710.582272859803,211.62522009797826,984.0,haco_safemarl_mappo,acoustic_degradation,21331548,3
0.0,0.3333333333333333,300.0,1.0,0.24199753389089967,0.09513197977543444,1.0,0.0,0.0,9.0,0.0,5560.499999999976,2512.872425881159,0.0,fixed_auv_ga_pso_tlbo_proxy,acoustic_degradation,21341555,3
0.0,1.0,283.0,0.938751472320377,0.19300153704452047,0.0628022867659447,1.0,0.3333333300423652,0.0,19.0,0.0,6957.555000000009,2888.4000000000124,0.0,independent_greedy,acoustic_degradation,21341555,3
0.0,0.0,300.0,1.0,0.5520658383338153,0.398358254747298,1.0,0.0,0.0,0.0,0.0,7699.474868408269,2951.324966523978,0.0,communication_aware,acoustic_degradation,21341555,3
0.0,0.0,300.0,0.9044444444444446,0.37706637312597674,0.16847612594593647,1.0,0.33333333198125115,0.0,0.0,0.0,8912.06933126693,3136.6646379888166,900.0,haco_safemarl_pilot_no_acoustic,acoustic_degradation,21341555,3
0.0,0.0,300.0,1.0,0.3416822900511267,0.2255720069148909,1.0,0.0,0.0,0.0,0.0,8789.885831480458,3121.6751244413394,0.0,haco_safemarl_pilot_no_shield,acoustic_degradation,21341555,3
0.0,0.0,300.0,0.888888888888889,0.6200906103505804,0.5044469404890309,1.0,0.3333333323333333,0.0,0.0,0.0,8730.987241012572,3210.0767741108307,900.0,haco_safemarl_pilot,acoustic_degradation,21341555,3
0.0,0.0,300.0,0.7155555555555556,0.669362196277832,0.5458908270797125,1.0,0.33333333318074543,0.0,0.0,0.0,679.6614250552044,54.7897514569735,900.0,haco_safemarl_mappo,acoustic_degradation,21341555,3
0.0,0.6666666666666666,300.0,0.9811111111111113,0.3727253260142394,0.24508621654240811,1.0,0.33333329873126083,0.0,147.0,0.0,5560.499999999976,2916.7004921380462,0.0,fixed_auv_ga_pso_tlbo_proxy,acoustic_degradation,21351562,3
0.0,1.0,269.0,0.8822800495662949,0.2973642772099924,0.1324856708026239,1.0,0.6648250424966923,0.0,112.0,0.0,6613.365000000009,3279.60000000002,0.0,independent_greedy,acoustic_degradation,21351562,3
0.0,0.0,300.0,0.9322222222222221,0.6267850200239216,0.5945309705610962,1.0,0.6456706475602362,0.0,129.0,0.0,7778.809760755826,2933.537691325678,0.0,communication_aware,acoustic_degradation,21351562,3
0.0,0.6666666666666666,300.0,0.8144444444444445,0.5365840636496303,0.39352601628028844,1.0,0.6444598484575068,0.0,0.0,0.016666666666666666,8335.5367526134,2720.8505170663952,951.0,haco_safemarl_pilot_no_acoustic,acoustic_degradation,21351562,3
0.0,0.3333333333333333,300.0,0.9888888888888889,0.4189378991387524,0.31271139795628067,1.0,0.6666662666669068,0.0,164.0,0.0,8931.315362475798,3009.647497187223,0.0,haco_safemarl_pilot_no_shield,acoustic_degradation,21351562,3
0.0,0.0,300.0,0.8033333333333333,0.6898710266533354,0.6443772328454239,1.0,0.6442716997144703,0.0,0.0,0.0,8779.921581121036,3340.069288622227,900.0,haco_safemarl_pilot,acoustic_degradation,21351562,3
0.0,0.0,300.0,0.6133333333333333,0.7586693829187671,0.7298387620112493,0.7111111111111111,0.5284184619753836,0.0,0.0,0.0,662.1686666874323,347.752138266568,922.0,haco_safemarl_mappo,acoustic_degradation,21351562,3
0.0,0.6666666666666666,300.0,0.9177777777777777,0.3194565214385985,0.04944461705168669,1.0,0.33333333150718286,0.0,0.0,0.0,5560.499999999976,2980.8770277126455,0.0,fixed_auv_ga_pso_tlbo_proxy,acoustic_degradation,21361569,3
1.0,1.0,235.0,0.9404255319148936,0.2609959521543765,0.03295995760667439,1.0,0.33333332985481234,0.0,0.0,0.0,5777.475000000008,2438.0000000000023,0.0,independent_greedy,acoustic_degradation,21361569,3
0.0,0.0,300.0,1.0,0.4836856917660824,0.257431335798972,1.0,0.0,0.0,15.0,0.0,7712.148514744738,2991.8519473161705,0.0,communication_aware,acoustic_degradation,21361569,3
0.0,0.3333333333333333,300.0,0.8977777777777777,0.41499622169478206,0.06950725041143356,1.0,0.34814083451247624,0.0,0.0,0.0,9168.033355323902,2782.146756400529,911.0,haco_safemarl_pilot_no_acoustic,acoustic_degradation,21361569,3
0.0,0.3333333333333333,300.0,0.9511111111111112,0.3536158974235094,0.1361990539436327,1.0,0.3333333281680442,0.0,0.0,0.0,8865.542508076484,2931.897330804146,0.0,haco_safemarl_pilot_no_shield,acoustic_degradation,21361569,3
0.0,0.0,300.0,0.8722222222222221,0.6051634694022324,0.4271056576689758,1.0,0.3333333325771896,0.0,0.0,0.0,8776.955074506379,3077.171504717227,921.0,haco_safemarl_pilot,acoustic_degradation,21361569,3
0.0,0.0,300.0,0.9633333333333334,0.2876053955592729,0.1165505015215906,1.0,0.33333332415059713,0.0,0.0,0.0,787.1723236666568,359.1613058386564,913.0,haco_safemarl_mappo,acoustic_degradation,21361569,3
0.0,0.6666666666666666,300.0,0.7777777777777777,0.6211588201668652,0.475348345183798,1.0,0.9582674503798557,0.0,45.0,0.0,5560.499999999976,2862.4374053611796,0.0,fixed_auv_ga_pso_tlbo_proxy,acoustic_degradation,21371576,3
0.0,1.0,241.0,0.9820193637621023,0.4779286633606464,0.44027635029405865,1.0,0.33333329514727594,0.012448132780082987,34.0,0.0954356846473029,5924.985000000008,2596.600000000007,0.0,independent_greedy,acoustic_degradation,21371576,3
0.0,0.6666666666666666,300.0,0.7988888888888888,0.7085353421462143,0.6648120338297075,1.0,0.9773859575773518,0.0,39.0,0.0,8004.394132037047,3098.1489821917858,0.0,communication_aware,acoustic_degradation,21371576,3
0.0,0.6666666666666666,300.0,0.65,0.6689462202700189,0.5594432622136457,1.0,0.7234726683355385,0.0,37.0,0.03333333333333333,9453.179306352138,2819.1759959558703,911.0,haco_safemarl_pilot_no_acoustic,acoustic_degradation,21371576,3
0.0,1.0,250.0,0.7293333333333334,0.5774034944488778,0.455014185435172,1.0,0.5343837122038646,0.0,33.0,0.056,7860.611349232682,2069.2911122314567,0.0,haco_safemarl_pilot_no_shield,acoustic_degradation,21371576,3
0.0,0.6666666666666666,300.0,0.658888888888889,0.6967701895976754,0.6428760989033145,1.0,0.7905667809863443,0.0,39.0,0.016666666666666666,9134.86301392217,2696.373089927661,928.0,haco_safemarl_pilot,acoustic_degradation,21371576,3
0.0,0.0,300.0,0.8577777777777778,0.3956503464221305,0.0804481546958436,1.0,0.33333333272298177,0.0,0.0,0.016666666666666666,669.7160129375096,228.27161090086395,912.0,haco_safemarl_mappo,acoustic_degradation,21371576,3
0.0,1.0,287.0,1.0,0.1981598362811425,0.08238271209825306,1.0,0.0,0.0,30.0,0.0,5319.544999999978,2436.847156791571,0.0,fixed_auv_ga_pso_tlbo_proxy,acoustic_degradation,21381583,3
0.0,1.0,220.0,0.9363636363636364,0.2242390386861164,0.026814330099305724,1.0,0.3333333302847065,0.0,23.0,0.0,5408.700000000007,2037.8000000000063,0.0,independent_greedy,acoustic_degradation,21381583,3
0.0,0.0,300.0,1.0,0.4893759936100531,0.306112825713605,1.0,0.0,0.0,26.0,0.0,7618.418596550855,2988.3281605551892,0.0,communication_aware,acoustic_degradation,21381583,3
0.0,0.3333333333333333,300.0,0.9322222222222223,0.35412926085829916,0.07785429499536134,1.0,0.3333333306458837,0.0,0.0,0.0,7622.7379759508885,2588.9121159469005,990.0,haco_safemarl_pilot_no_acoustic,acoustic_degradation,21381583,3
0.0,0.0,300.0,0.9866666666666667,0.29571658266449274,0.1308399294521726,1.0,0.33333326388890333,0.0,23.0,0.0,8692.750620253237,3144.577689077153,0.0,haco_safemarl_pilot_no_shield,acoustic_degradation,21381583,3
0.0,0.0,300.0,0.9322222222222221,0.6079900770031503,0.41949154785655135,1.0,0.3333333306458837,0.0,0.0,0.0,5322.105338401606,1819.2397505776964,1065.0,haco_safemarl_pilot,acoustic_degradation,21381583,3
0.0,0.0,300.0,0.3588888888888889,0.7407623576178021,0.6131497891909546,0.5888888888888888,0.6662164243163633,0.0,0.0,0.0,915.9446189794992,705.9720095966981,931.0,haco_safemarl_mappo,acoustic_degradation,21381583,3
0.0,1.0,274.0,1.0,0.2700482390389206,0.1208392347093367,1.0,0.0,0.0,47.0,0.0,5078.58999999998,2537.831483149449,0.0,fixed_auv_ga_pso_tlbo_proxy,acoustic_degradation,21391590,3
0.0,1.0,210.0,0.9380952380952381,0.36300594700046923,0.04062741607689146,1.0,0.3333333301117686,0.0,35.0,0.0,5162.850000000007,2100.0000000000023,0.0,independent_greedy,acoustic_degradation,21391590,3
0.0,0.0,300.0,1.0,0.5281922299103546,0.43042827859397564,1.0,0.0,0.0,0.0,0.0,7613.357750568534,2980.3974207126826,0.0,communication_aware,acoustic_degradation,21391590,3
0.0,0.6666666666666666,300.0,0.9655555555555556,0.47341072269769785,0.10045148237330845,1.0,0.3333333229275064,0.0,0.0,0.0,9009.27101940083,2623.5161597675265,900.0,haco_safemarl_pilot_no_acoustic,acoustic_degradation,21391590,3
0.0,0.3333333333333333,300.0,1.0,0.33056274996992546,0.15643655639036025,1.0,0.0,0.0,0.0,0.0,8773.540395431644,2936.9818876621275,0.0,haco_safemarl_pilot_no_shield,acoustic_degradation,21391590,3
0.0,0.0,300.0,1.0,0.6196738065740953,0.47622119895217857,1.0,0.0,0.0,0.0,0.0,8614.289692007724,3069.0309027666067,900.0,haco_safemarl_pilot,acoustic_degradation,21391590,3
0.0,0.0,300.0,0.8988888888888887,0.6727968008177239,0.5421535380415149,1.0,0.33333333212574967,0.0,0.0,0.0,550.9605683216093,80.87776875352374,900.0,haco_safemarl_mappo,acoustic_degradation,21391590,3
1.0,1.0,215.0,1.0,0.3395135495345016,0.13573377379242355,1.0,0.0,0.0,0.0,0.0,3985.0249999999887,1958.4382475983489,0.0,fixed_auv_ga_pso_tlbo_proxy,acoustic_degradation,21401597,3
1.0,1.0,165.0,0.9353535353535353,0.34341680718284173,0.048409884750631425,1.0,0.3333333303792318,0.0,0.0,0.0,4056.525000000005,1460.9999999999982,0.0,independent_greedy,acoustic_degradation,21401597,3
0.0,0.0,300.0,1.0,0.5355083603894479,0.43539675703375585,1.0,0.0,0.0,0.0,0.0,7640.203739969327,2959.4024232770034,0.0,communication_aware,acoustic_degradation,21401597,3
0.0,0.6666666666666666,300.0,0.8822222222222222,0.4450838361019206,0.12522085688042678,1.0,0.33333333244333685,0.0,0.0,0.0,8130.196154532832,2354.4933468452864,966.0,haco_safemarl_pilot_no_acoustic,acoustic_degradation,21401597,3
0.0,0.3333333333333333,300.0,1.0,0.37936738576282725,0.20032716780441878,1.0,0.0,0.0,5.0,0.0,8796.438401326608,3040.9595846135703,0.0,haco_safemarl_pilot_no_shield,acoustic_degradation,21401597,3
0.0,0.3333333333333333,300.0,0.96,0.6101070163351043,0.4888471216867771,1.0,0.3333333256172841,0.0,0.0,0.0,7311.471474790557,2525.541145107218,981.0,haco_safemarl_pilot,acoustic_degradation,21401597,3
0.0,0.0,300.0,0.8811111111111113,0.6827090486042524,0.6289233515095324,1.0,0.3333333324598946,0.0,1.0,0.04,1486.7652404474668,875.6843214646216,1040.0,haco_safemarl_mappo,acoustic_degradation,21401597,3
0.0,1.0,300.0,1.0,0.43297944913403374,0.06813159694146603,1.0,0.0,0.0,52.0,0.0,5560.499999999976,3399.9546126734035,0.0,fixed_auv_ga_pso_tlbo_proxy,acoustic_degradation,21411604,3
0.0,1.0,229.0,0.9184861717612809,0.45091950207266607,0.01763008347450147,1.0,0.5484435066874911,0.0,40.0,0.0,5629.965000000007,2746.600000000004,0.0,independent_greedy,acoustic_degradation,21411604,3
0.0,0.3333333333333333,300.0,1.0,0.5533167995224814,0.3224303833113033,1.0,0.0,0.0,0.0,0.0,7668.060240054354,3059.520464144404,0.0,communication_aware,acoustic_degradation,21411604,3
1.0,1.0,222.0,0.45195195195195187,0.554509316528167,0.09076134992231795,1.0,0.662484646703117,0.0,0.0,0.0,7318.007053640602,2195.7364271967535,666.0,haco_safemarl_pilot_no_acoustic,acoustic_degradation,21411604,3
0.0,1.0,228.0,0.6622807017543861,0.5323999897658378,0.05687910933362843,1.0,0.5999999996492899,0.0,87.0,0.0,7095.8015939698535,1983.0588373634496,0.0,haco_safemarl_pilot_no_shield,acoustic_degradation,21411604,3
0.0,0.3333333333333333,300.0,0.86,0.6145085242022578,0.3347748792454467,1.0,0.6352941153590848,0.0,0.0,0.0,4534.658338654241,1947.0449623766156,1138.0,haco_safemarl_pilot,acoustic_degradation,21411604,3
0.0,0.0,300.0,0.41111111111111104,0.7151562370183223,0.5666325825099557,0.9444444444444444,0.6657186869062338,0.0,0.0,0.0,1016.0626834284601,360.19691776771924,914.0,haco_safemarl_mappo,acoustic_degradation,21411604,3
0.0,1.0,142.0,1.0,0.39645398008194066,0.23105956146776332,1.0,0.0,0.0,78.0,0.0,2631.9699999999993,1235.1874222116153,0.0,fixed_auv_ga_pso_tlbo_proxy,acoustic_degradation,21421611,3
0.0,1.0,109.0,1.0,0.33738907086302405,0.259084415036103,1.0,0.0,0.0,59.0,0.22018348623853212,2679.765000000003,1027.1999999999991,0.0,independent_greedy,acoustic_degradation,21421611,3
0.0,0.3333333333333333,300.0,1.0,0.5175716050667927,0.41885591470819705,1.0,0.0,0.0,74.0,0.0,7649.531584788984,3147.4591928139916,0.0,communication_aware,acoustic_degradation,21421611,3
0.0,1.0,224.0,0.8288690476190476,0.5400350791475999,0.3077270977580176,1.0,0.33333333291177486,0.0,11.0,0.0625,6883.252040309199,2299.1261739327947,693.0,haco_safemarl_pilot_no_acoustic,acoustic_degradation,21421611,3
0.0,1.0,237.0,1.0,0.4311629288133116,0.355405708099307,1.0,0.0,0.0,38.0,0.06751054852320675,7024.997241728427,1998.8786303360796,0.0,haco_safemarl_pilot_no_shield,acoustic_degradation,21421611,3
0.0,0.3333333333333333,300.0,0.78,0.6574386560722978,0.5347098863794428,1.0,0.3333333330782573,0.0,10.0,0.05333333333333334,9056.198697666896,3570.734175054,922.0,haco_safemarl_pilot,acoustic_degradation,21421611,3
0.0,0.0,300.0,0.7211111111111111,0.6950232769180364,0.5506947885479992,1.0,0.33333333317460573,0.0,8.0,0.0,572.423741474935,31.28866989855058,900.0,haco_safemarl_mappo,acoustic_degradation,21421611,3
0.0,1.0,254.0,1.0,0.18576990469830781,0.05100113153314378,1.0,0.0,0.0,101.0,0.0,4707.889999999983,2194.207521034461,0.0,fixed_auv_ga_pso_tlbo_proxy,acoustic_degradation,21431618,3
0.0,1.0,194.0,1.0,0.2911042911415318,0.01843975767287681,1.0,0.0,0.0,77.0,0.0,4769.490000000006,1781.9999999999995,0.0,independent_greedy,acoustic_degradation,21431618,3
0.0,0.0,300.0,1.0,0.3838730708723152,0.19286079889054222,1.0,0.0,0.0,146.0,0.0,7610.800461692063,2892.112000675541,0.0,communication_aware,acoustic_degradation,21431618,3
0.0,0.6666666666666666,300.0,0.9911111111111113,0.3918236772088171,0.03183232121679373,1.0,0.3333331770834066,0.0,0.0,0.0,8944.709974567362,2677.7509417212545,900.0,haco_safemarl_pilot_no_acoustic,acoustic_degradation,21431618,3
0.0,0.3333333333333333,300.0,1.0,0.2933793766229053,0.07408064739633856,1.0,0.0,0.0,28.0,0.0,8745.102322483395,2866.3393517842364,0.0,haco_safemarl_pilot_no_shield,acoustic_degradation,21431618,3
0.0,0.0,300.0,1.0,0.5818101897787514,0.3374464159041745,1.0,0.0,0.0,0.0,0.0,8675.457816678081,2994.011898106795,900.0,haco_safemarl_pilot,acoustic_degradation,21431618,3
0.0,0.0,300.0,1.0,0.3764382942719157,0.2292138419149312,1.0,0.0,0.0,0.0,0.0,421.32582082450733,58.432993058631595,900.0,haco_safemarl_mappo,acoustic_degradation,21431618,3
0.0,0.3333333333333333,300.0,1.0,0.28113471100591114,0.17337546665510126,1.0,0.0,0.0,37.0,0.0,5560.499999999976,2801.0305876773805,0.0,fixed_auv_ga_pso_tlbo_proxy,acoustic_degradation,21441625,3
0.0,0.6666666666666666,300.0,0.9677777777777777,0.27093544604283326,0.05565143178477595,1.0,0.33333332144272737,0.0,29.0,0.0,7375.50000000001,3397.60000000002,0.0,independent_greedy,acoustic_degradation,21441625,3
0.0,0.0,300.0,1.0,0.6058332177301384,0.5542343731013298,1.0,0.0,0.0,28.0,0.0,7643.447234833517,2918.297875574689,0.0,communication_aware,acoustic_degradation,21441625,3
0.0,0.3333333333333333,300.0,0.9744444444444446,0.4392637183782838,0.2503730805583823,1.0,0.33333331442974273,0.0,0.0,0.0,8989.994197049253,3073.2563755433216,900.0,haco_safemarl_pilot_no_acoustic,acoustic_degradation,21441625,3
0.0,0.3333333333333333,300.0,1.0,0.40170552092977,0.30753638472968137,1.0,0.0,0.0,104.0,0.0,8833.79683287651,2989.1156966235417,0.0,haco_safemarl_pilot_no_shield,acoustic_degradation,21441625,3
0.0,0.0,300.0,1.0,0.6349601970348606,0.5591597785581971,1.0,0.0,0.0,0.0,0.0,8651.519770117708,3127.24949696759,900.0,haco_safemarl_pilot,acoustic_degradation,21441625,3
0.0,0.0,300.0,0.9044444444444444,0.7233895155272854,0.6470527468674501,1.0,0.3573982781402414,0.0,0.0,0.0,260.94065059619857,38.77629153018037,900.0,haco_safemarl_mappo,acoustic_degradation,21441625,3
0.0,0.6666666666666666,300.0,1.0,0.2848733434521153,0.14472283962508362,1.0,0.0,0.0,129.0,0.0,5560.499999999976,2964.407478250618,0.0,fixed_auv_ga_pso_tlbo_proxy,acoustic_degradation,21451632,3
0.0,1.0,243.0,1.0,0.23297060362583646,0.0800796139017925,1.0,0.0,0.0,98.0,0.0,5974.155000000008,2449.800000000001,0.0,independent_greedy,acoustic_degradation,21451632,3
0.0,0.0,300.0,1.0,0.5912430582922104,0.549035614264881,1.0,0.0,0.0,8.0,0.0,7709.370356391638,2965.4952026415367,0.0,communication_aware,acoustic_degradation,21451632,3
1.0,1.0,276.0,1.0,0.4910295289922245,0.22988625796358236,1.0,0.0,0.0,0.0,0.0,7921.229347121275,2168.42914041487,862.0,haco_safemarl_pilot_no_acoustic,acoustic_degradation,21451632,3
0.0,0.3333333333333333,300.0,1.0,0.3507590356378818,0.2627489300205156,1.0,0.0,0.0,81.0,0.0,8939.105012060007,2898.643744430215,0.0,haco_safemarl_pilot_no_shield,acoustic_degradation,21451632,3
0.0,0.0,300.0,1.0,0.6079388230973068,0.5523871629092229,1.0,0.0,0.0,0.0,0.0,8898.553102785361,2985.377520259457,900.0,haco_safemarl_pilot,acoustic_degradation,21451632,3
0.0,0.0,300.0,0.8377777777777778,0.7245748685691682,0.6615551905400623,1.0,0.33333333286420214,0.0,0.0,0.0,1221.2500207669,539.3772400709727,904.0,haco_safemarl_mappo,acoustic_degradation,21451632,3
1.0,1.0,281.0,0.8374851720047449,0.6947363062888376,0.6536614182568339,1.0,0.33333333286589,0.0,0.0,0.0498220640569395,5208.334999999979,1784.9850825034994,0.0,fixed_auv_ga_pso_tlbo_proxy,acoustic_degradation,21461639,3
1.0,1.0,215.0,0.8465116279069768,0.44256979407953045,0.20349616708820426,1.0,0.3333333328092939,0.0,0.0,0.0,5285.775000000007,1456.0000000000014,0.0,independent_greedy,acoustic_degradation,21461639,3
0.0,0.0,300.0,0.8488888888888889,0.7416735811456154,0.7148624020047459,1.0,0.3333333327926759,0.0,0.0,0.043333333333333335,8107.236878812277,2818.718789703199,0.0,communication_aware,acoustic_degradation,21461639,3
1.0,1.0,272.0,0.5857843137254902,0.7209805666539326,0.605491339480238,1.0,0.5714142806440414,0.0,0.0,0.029411764705882353,8616.584541332692,2439.299422568897,816.0,haco_safemarl_pilot_no_acoustic,acoustic_degradation,21461639,3
1.0,1.0,226.0,0.8112094395280236,0.6854256689430889,0.5791711080774457,1.0,0.42029654657362203,0.0,0.0,0.05309734513274336,7187.530830173234,1782.095715685487,0.0,haco_safemarl_pilot_no_shield,acoustic_degradation,21461639,3
0.0,0.0,300.0,0.5666666666666667,0.7337784383648033,0.6634073496988003,0.8666666666666667,0.5559942095815257,0.0,0.0,0.03,9255.628396587806,2957.294888070225,900.0,haco_safemarl_pilot,acoustic_degradation,21461639,3
0.0,0.0,300.0,0.7055555555555556,0.7197716540693768,0.6622937674626207,1.0,0.3333333331909339,0.0,0.0,0.0,810.5397878949088,42.752920901517925,912.0,haco_safemarl_mappo,acoustic_degradation,21461639,3
0.0,1.0,299.0,0.9342251950947604,0.29415374145145845,0.1190562774394872,1.0,0.3333333304797153,0.0,21.0,0.0,5541.9649999999765,2992.801630560349,0.0,fixed_auv_ga_pso_tlbo_proxy,acoustic_degradation,21471646,3
0.0,1.0,229.0,0.9417758369723435,0.31923247987751346,0.039391844230314776,1.0,0.33333332969159724,0.0,16.0,0.0,5629.965000000007,2543.000000000004,0.0,independent_greedy,acoustic_degradation,21471646,3
0.0,0.3333333333333333,300.0,0.9433333333333334,0.5500407871772148,0.377762460068266,1.0,0.3333333294886583,0.0,66.0,0.0,7697.471585481457,2934.5609169342747,0.0,communication_aware,acoustic_degradation,21471646,3
0.0,0.6666666666666666,300.0,0.918888888888889,0.4866990868316736,0.11158449822981883,1.0,0.33333333145680866,0.0,9.0,0.0,6219.7530262757855,1553.9604684837273,1048.0,haco_safemarl_pilot_no_acoustic,acoustic_degradation,21471646,3
0.0,0.0,300.0,0.9511111111111112,0.3543108770470998,0.16014506231920453,1.0,0.3650075352845629,0.0,21.0,0.0,8806.210480752045,3025.2882577276214,0.0,haco_safemarl_pilot_no_shield,acoustic_degradation,21471646,3
0.0,0.0,300.0,0.9322222222222223,0.6229699048702244,0.4392854006720155,1.0,0.3333333306458837,0.0,9.0,0.0,3380.2510543205235,1210.7375140988026,1187.0,haco_safemarl_pilot,acoustic_degradation,21471646,3
0.0,0.0,300.0,0.7166666666666667,0.6785662785820086,0.5180588170699212,1.0,0.35490314851657695,0.0,13.0,0.0,514.6052343305648,200.94304679562347,911.0,haco_safemarl_mappo,acoustic_degradation,21471646,3
0.0,0.6666666666666666,300.0,0.9566666666666667,0.4699733851060115,0.3522671857407773,1.0,0.33333332675871147,0.0,26.0,0.0,5560.499999999976,2378.4614446897294,0.0,fixed_auv_ga_pso_tlbo_proxy,acoustic_degradation,21481653,3
0.0,1.0,269.0,0.9603469640644361,0.24092645696258244,0.09824858930030507,1.0,0.3333333254816625,0.0,20.0,0.0,6613.365000000009,2469.800000000005,0.0,independent_greedy,acoustic_degradation,21481653,3
0.0,0.0,300.0,1.0,0.7098803054430479,0.6993876201773684,1.0,0.0,0.0,94.0,0.0,7797.540999740675,3022.6260392908466,0.0,communication_aware,acoustic_degradation,21481653,3
0.0,0.6666666666666666,300.0,0.9166666666666666,0.5651900428199294,0.4374453050195608,1.0,0.33333333155555556,0.0,0.0,0.0,7850.104971571205,2777.4844331066715,1003.0,haco_safemarl_pilot_no_acoustic,acoustic_degradation,21481653,3
0.0,0.3333333333333333,300.0,0.9444444444444444,0.4995703106518379,0.365595697700708,1.0,0.3333333293333334,0.0,22.0,0.0,9052.927623617157,3025.4163833017237,0.0,haco_safemarl_pilot_no_shield,acoustic_degradation,21481653,3
0.0,0.3333333333333333,300.0,0.9133333333333333,0.6768875114469823,0.6463335329253761,1.0,0.3333333316896778,0.0,14.0,0.0,7841.127877901828,2989.614083390343,1022.0,haco_safemarl_pilot,acoustic_degradation,21481653,3
0.0,0.0,300.0,0.3433333333333333,0.7739837560524478,0.7217974252239094,0.43333333333333324,0.6666189528951776,0.0,0.0,0.0,2048.3954559962676,1428.1855053875308,1001.0,haco_safemarl_mappo,acoustic_degradation,21481653,3
1.0,1.0,203.0,0.9293924466338259,0.531680642293272,0.22889905338916913,1.0,0.33333333085697975,0.0,0.0,0.0,3762.6049999999905,1739.9667781678618,0.0,fixed_auv_ga_pso_tlbo_proxy,acoustic_degradation,21491660,3
1.0,1.0,156.0,1.0,0.5197052673840977,0.2479744094902518,1.0,0.0,0.0,0.0,0.0,3835.2600000000048,1394.600000000002,0.0,independent_greedy,acoustic_degradation,21491660,3
0.0,0.3333333333333333,300.0,0.9355555555555556,0.6082655965589384,0.4141862668922635,1.0,0.33333333036068175,0.0,0.0,0.0,7824.71362434084,3071.9231754309308,0.0,communication_aware,acoustic_degradation,21491660,3
1.0,1.0,290.0,0.7298850574712643,0.5548280625414943,0.37615647683125064,1.0,0.5797352476012161,0.0,0.0,0.0,8909.376701905312,2638.433322546394,870.0,haco_safemarl_pilot_no_acoustic,acoustic_degradation,21491660,3
1.0,1.0,288.0,0.9421296296296298,0.5062285794106655,0.41798632891695076,1.0,0.3333333296469334,0.0,0.0,0.0,8644.690870694494,2536.851634867709,0.0,haco_safemarl_pilot_no_shield,acoustic_degradation,21491660,3
0.0,0.3333333333333333,300.0,0.6677777777777777,0.6891303438670616,0.5743337301580316,1.0,0.5537757292237946,0.0,0.0,0.0,9003.67288939732,3349.658605694926,900.0,haco_safemarl_pilot,acoustic_degradation,21491660,3
0.0,0.0,300.0,0.9133333333333333,0.671749140106414,0.5788941184537556,1.0,0.36926438254225574,0.0,0.0,0.0,778.1543183175799,279.5583847653121,900.0,haco_safemarl_mappo,acoustic_degradation,21491660,3
0.0,1.0,279.0,0.7921146953405018,0.5098780570173719,0.39254328496233987,1.0,0.5828135819402712,0.0,15.0,0.035842293906810034,5171.264999999979,2206.931468984877,0.0,fixed_auv_ga_pso_tlbo_proxy,acoustic_degradation,21501667,3
0.0,1.0,214.0,0.8364485981308412,0.46407860655197913,0.19706825909032397,1.0,0.7686676402982707,0.0,11.0,0.0,5261.190000000007,1818.8000000000034,0.0,independent_greedy,acoustic_degradation,21501667,3
0.0,0.0,300.0,0.8422222222222222,0.6695862746902869,0.6116203013714441,1.0,0.6305190726470694,0.0,13.0,0.03333333333333333,7862.518666710555,2967.443868148211,0.0,communication_aware,acoustic_degradation,21501667,3
0.0,0.3333333333333333,300.0,0.698888888888889,0.5951438549497641,0.4079696709520874,1.0,0.9150500245161978,0.0,6.0,0.04,8917.856967720303,2948.289651289256,931.0,haco_safemarl_pilot_no_acoustic,acoustic_degradation,21501667,3
0.0,0.3333333333333333,300.0,0.8922222222222222,0.4974721413262191,0.36807436866301424,1.0,0.5738944768740163,0.0,11.0,0.04,9039.071735863985,2962.124272319747,0.0,haco_safemarl_pilot_no_shield,acoustic_degradation,21501667,3
0.0,0.0,300.0,0.6866666666666665,0.7100023107401734,0.6406393157935283,1.0,0.9299094917597248,0.0,6.0,0.03,8746.998061208113,2996.8163011545184,928.0,haco_safemarl_pilot,acoustic_degradation,21501667,3
0.0,0.0,300.0,0.6133333333333333,0.729556860317344,0.6787392597929301,1.0,0.8308908277431515,0.0,7.0,0.0,327.9076321351179,82.39410850847669,911.0,haco_safemarl_mappo,acoustic_degradation,21501667,3
0.0,0.6666666666666666,300.0,1.0,0.47922773916714834,0.3385565639146296,1.0,0.0,0.0,160.0,0.0,5560.499999999976,2514.163157641597,0.0,fixed_auv_ga_pso_tlbo_proxy,acoustic_degradation,21511674,3
0.0,1.0,243.0,0.8422496570644717,0.36417582353686323,0.05277454243928368,1.0,0.3333333328372275,0.0,136.0,0.09465020576131687,5974.155000000008,2148.0000000000027,0.0,independent_greedy,acoustic_degradation,21511674,3
0.0,0.3333333333333333,300.0,1.0,0.6989343383348816,0.677541873704874,1.0,0.0,0.0,148.0,0.0,7800.493914044023,3080.855379588993,0.0,communication_aware,acoustic_degradation,21511674,3
1.0,1.0,290.0,0.671264367816092,0.5936182069838107,0.25780548802280817,0.7126436781609196,0.3333333332190925,0.0,0.0,0.1,8498.27268054135,2235.9760508547174,935.0,haco_safemarl_pilot_no_acoustic,acoustic_degradation,21511674,3
0.0,1.0,259.0,0.8301158301158301,0.5399523345406877,0.2088402141398236,1.0,0.3333333329055645,0.0,28.0,0.08494208494208494,8138.60611902861,2204.156242050141,0.0,haco_safemarl_pilot_no_shield,acoustic_degradation,21511674,3
0.0,0.0,300.0,0.6811111111111111,0.6892488107810975,0.5656619461435412,0.8111111111111111,0.33333333321192843,0.0,0.0,0.013333333333333334,8259.457744385021,2915.792966303956,950.0,haco_safemarl_pilot,acoustic_degradation,21511674,3
0.0,0.0,300.0,0.74,0.7619485402403633,0.7304306141814245,1.0,0.33333333315070496,0.0,0.0,0.0,1157.6660946803502,398.31674455567685,914.0,haco_safemarl_mappo,acoustic_degradation,21511674,3
0.0,0.6666666666666666,300.0,1.0,0.2644772181538969,0.21479546834245838,1.0,0.0,0.0,39.0,0.0,5560.499999999976,3134.0675046333313,0.0,fixed_auv_ga_pso_tlbo_proxy,acoustic_degradation,21521681,3
0.0,1.0,256.0,0.9856770833333333,0.18720801242548246,0.04824288234932168,1.0,0.33333327315336253,0.0,30.0,0.00390625,6293.760000000008,3025.4000000000083,0.0,independent_greedy,acoustic_degradation,21521681,3
0.0,0.3333333333333333,300.0,1.0,0.6158044094911668,0.5986064214472543,1.0,0.0,0.0,119.0,0.0,7660.552238995297,3021.273687837071,0.0,communication_aware,acoustic_degradation,21521681,3
0.0,0.6666666666666666,300.0,0.96,0.5458778235954557,0.4603089488533472,1.0,0.6646153539408298,0.03333333333333333,0.0,0.10666666666666667,8847.250749522209,2356.1291265456093,942.0,haco_safemarl_pilot_no_acoustic,acoustic_degradation,21521681,3
0.0,0.6666666666666666,300.0,1.0,0.37502469049610593,0.21518658080892442,1.0,0.0,0.013333333333333334,50.0,0.07,9136.125136086683,2443.1318405238158,0.0,haco_safemarl_pilot_no_shield,acoustic_degradation,21521681,3
0.0,0.0,300.0,0.9877777777777778,0.6381804048792615,0.5360012157555937,1.0,0.3333332506887257,0.0,0.0,0.0,8714.955880718553,3173.8713100424584,900.0,haco_safemarl_pilot,acoustic_degradation,21521681,3
0.0,0.0,300.0,0.84,0.7478012454100788,0.7049552221926657,1.0,0.33333333285108024,0.0,0.0,0.0,601.4497764850466,166.58172656622142,900.0,haco_safemarl_mappo,acoustic_degradation,21521681,3
1.0,1.0,223.0,1.0,0.4686584171973331,0.36015620413703636,1.0,0.0,0.0,0.0,0.06726457399103139,4133.304999999988,1793.666232113736,0.0,fixed_auv_ga_pso_tlbo_proxy,acoustic_degradation,21531688,3
1.0,1.0,170.0,1.0,0.3928699430384059,0.12497495950469771,1.0,0.0,0.0,0.0,0.0,4179.450000000005,1342.6000000000029,0.0,independent_greedy,acoustic_degradation,21531688,3
0.0,0.6666666666666666,300.0,1.0,0.6699059506698875,0.5871355792334352,1.0,0.0,0.01,0.0,0.06333333333333334,7742.562218734084,2855.428528083654,0.0,communication_aware,acoustic_degradation,21531688,3
1.0,1.0,232.0,1.0,0.6089699066287111,0.3886092036438827,1.0,0.0,0.0,0.0,0.04741379310344827,7592.661225767967,2121.592351152145,725.0,haco_safemarl_pilot_no_acoustic,acoustic_degradation,21531688,3
1.0,1.0,197.0,1.0,0.5000697935649416,0.29774082653498674,1.0,0.0,0.0,0.0,0.06598984771573604,6148.712588141972,1405.1245600866482,0.0,haco_safemarl_pilot_no_shield,acoustic_degradation,21531688,3
1.0,1.0,265.0,1.0,0.6558338599595134,0.5043925654928099,1.0,0.0,0.0,0.0,0.13584905660377358,7643.078166919038,2154.6206069030313,887.0,haco_safemarl_pilot,acoustic_degradation,21531688,3
0.0,0.3333333333333333,300.0,0.6866666666666666,0.6939883014481332,0.5885879371620781,0.8666666666666667,0.3333333332075851,0.0,0.0,0.0,1201.0682859454273,141.93205133481024,939.0,haco_safemarl_mappo,acoustic_degradation,21531688,3
0.0,1.0,220.0,1.0,0.3031063900581937,0.06177738337851845,1.0,0.0,0.0,14.0,0.03636363636363636,4077.699999999988,2059.704912621942,0.0,fixed_auv_ga_pso_tlbo_proxy,acoustic_degradation,21541695,3
0.0,1.0,168.0,0.871031746031746,0.4006338919418426,0.020145226120770892,1.0,0.33333333259108483,0.0,10.0,0.0,4130.280000000005,1660.399999999999,0.0,independent_greedy,acoustic_degradation,21541695,3
0.0,0.0,300.0,1.0,0.41463669529711916,0.2112201246301216,1.0,0.0,0.0,10.0,0.10333333333333333,7605.819990139431,2974.1974895548733,0.0,communication_aware,acoustic_degradation,21541695,3
0.0,0.6666666666666666,300.0,0.7822222222222223,0.47952640006857006,0.03808832097829073,1.0,0.3333333330730251,0.0,2.0,0.04,9037.16157564036,2926.37043702962,900.0,haco_safemarl_pilot_no_acoustic,acoustic_degradation,21541695,3
0.0,0.3333333333333333,300.0,0.9733333333333334,0.3593225127172348,0.12276111230308068,1.0,0.3333333159722231,0.0,7.0,0.08333333333333333,8719.935344661131,3018.5374610721847,0.0,haco_safemarl_pilot_no_shield,acoustic_degradation,21541695,3
0.0,0.0,300.0,0.91,0.6000357925395163,0.3915456745285612,1.0,0.33333333180917546,0.0,2.0,0.13666666666666666,8530.98867760972,3019.92064889514,945.0,haco_safemarl_pilot,acoustic_degradation,21541695,3
0.0,0.0,300.0,1.0,0.5434660440169996,0.34113005423826287,1.0,0.0,0.0,2.0,0.11666666666666667,335.155298586666,42.45980406985184,948.0,haco_safemarl_mappo,acoustic_degradation,21541695,3
0.0,0.6666666666666666,300.0,0.9677777777777777,0.5438489260963655,0.44265744325958517,1.0,0.33333332144272737,0.02666666666666667,0.0,0.07666666666666666,5560.499999999976,2666.5149422269405,0.0,fixed_auv_ga_pso_tlbo_proxy,acoustic_degradation,21551702,3
1.0,1.0,270.0,0.9506172839506174,0.2956131523405015,0.20495088556490168,1.0,0.6410256223033781,0.0,0.0,0.0962962962962963,6637.950000000009,2411.600000000009,0.0,independent_greedy,acoustic_degradation,21551702,3
0.0,0.0,300.0,1.0,0.7299770129164806,0.719634398095027,1.0,0.0,0.03666666666666667,0.0,0.08333333333333333,7950.65179306088,2973.661415739268,0.0,communication_aware,acoustic_degradation,21551702,3
0.0,0.6666666666666666,300.0,0.8155555555555556,0.63970303526045,0.5488440515967393,1.0,0.7594950645401424,0.013333333333333334,0.0,0.10666666666666667,9306.831439008169,2522.017720282278,937.0,haco_safemarl_pilot_no_acoustic,acoustic_degradation,21551702,3
0.0,1.0,281.0,0.9323843416370107,0.5747103164306829,0.47201767052450827,1.0,0.3452342973902831,0.03202846975088968,0.0,0.10320284697508897,8835.92333099185,2512.2739943280526,0.0,haco_safemarl_pilot_no_shield,acoustic_degradation,21551702,3
0.0,0.3333333333333333,300.0,0.831111111111111,0.6992814780171408,0.6815220605223342,1.0,0.6662053039227659,0.0,0.0,0.1,9095.880038381447,2947.05137928135,936.0,haco_safemarl_pilot,acoustic_degradation,21551702,3
0.0,0.0,300.0,0.7755555555555556,0.6451180853910602,0.4957082383686255,1.0,0.33333333308825935,0.0,0.0,0.0,455.2424925266564,31.98342823346289,940.0,haco_safemarl_mappo,acoustic_degradation,21551702,3
0.0,1.0,214.0,1.0,0.30095400113501364,0.2054062661777597,1.0,0.0,0.0,4.0,0.06542056074766354,3966.4899999999884,2069.905834939222,0.0,fixed_auv_ga_pso_tlbo_proxy,acoustic_degradation,21561709,3
0.0,1.0,164.0,0.8841463414634146,0.2868216704967193,0.08786762253404236,1.0,0.3333333324135289,0.0,3.0,0.0,4031.940000000005,1588.9999999999975,0.0,independent_greedy,acoustic_degradation,21561709,3
0.0,0.3333333333333333,300.0,1.0,0.5342563835335893,0.446205759882947,1.0,0.0,0.04,0.0,0.11,7614.124471826699,2952.4128630777955,0.0,communication_aware,acoustic_degradation,21561709,3
0.0,0.6666666666666666,300.0,0.8222222222222223,0.5075210067401235,0.3113894893231009,1.0,0.42666666602666664,0.0,0.0,0.03333333333333333,7808.422638427688,2056.0743282669973,1021.0,haco_safemarl_pilot_no_acoustic,acoustic_degradation,21561709,3
1.0,1.0,243.0,0.9890260631001372,0.37850826522935277,0.24559225355982475,1.0,0.33333323081773986,0.0,0.0,0.08641975308641975,7295.782784160262,1940.0522668804415,0.0,haco_safemarl_pilot_no_shield,acoustic_degradation,21561709,3
0.0,0.0,300.0,0.94,0.6057673556627545,0.5362921618082138,1.0,0.33333332990397807,0.0,0.0,0.09666666666666666,6652.322073886631,2436.9874188725685,1068.0,haco_safemarl_pilot,acoustic_degradation,21561709,3
0.0,0.0,300.0,0.8688888888888887,0.6202357921754991,0.505578411763856,1.0,0.6442716982239287,0.0,0.0,0.0,1435.0261175779037,767.8855555703168,1038.0,haco_safemarl_mappo,acoustic_degradation,21561709,3
0.0,0.6666666666666666,300.0,1.0,0.16171482809762702,0.07016614818306746,1.0,0.0,0.0,57.0,0.07666666666666666,5560.499999999976,3319.4831392884744,0.0,fixed_auv_ga_pso_tlbo_proxy,acoustic_degradation,21571716,3
0.0,1.0,235.0,1.0,0.15639290834215722,0.02509272798033067,1.0,0.0,0.01276595744680851,43.0,0.17872340425531916,5777.475000000008,3010.8000000000075,0.0,independent_greedy,acoustic_degradation,21571716,3
0.0,0.3333333333333333,300.0,1.0,0.3457547242055672,0.27582778778751915,1.0,0.0,0.0,93.0,0.07,7609.565280585435,3002.141509169084,0.0,communication_aware,acoustic_degradation,21571716,3
0.0,0.6666666666666666,300.0,0.8955555555555554,0.3575905953096589,0.0935555695399275,1.0,0.3333333322015995,0.0,0.0,0.08,4954.014040564148,1427.9081544720198,1219.0,haco_safemarl_pilot_no_acoustic,acoustic_degradation,21571716,3
0.0,0.3333333333333333,300.0,0.9244444444444444,0.350912998999626,0.16630967695978818,1.0,0.3333333311707036,0.0,43.0,0.09333333333333334,8657.590544504657,2989.6223381800537,0.0,haco_safemarl_pilot_no_shield,acoustic_degradation,21571716,3
0.0,0.3333333333333333,300.0,1.0,0.5129044695346003,0.46236652496282865,1.0,0.0,0.0,0.0,0.08333333333333333,7829.193205680483,2918.5514703752347,968.0,haco_safemarl_pilot,acoustic_degradation,21571716,3
0.0,0.0,300.0,0.8811111111111111,0.6610491665930859,0.5067637473072129,1.0,0.3333333324598946,0.0,0.0,0.023333333333333334,1225.349933354728,821.5445932135134,980.0,haco_safemarl_mappo,acoustic_degradation,21571716,3
1.0,1.0,208.0,1.0,0.33394424629069813,0.13526833992048587,1.0,0.0,0.0,0.0,0.20192307692307693,3855.2799999999897,1831.4952660341717,0.0,fixed_auv_ga_pso_tlbo_proxy,acoustic_degradation,21581723,3
1.0,1.0,159.0,0.9203354297693919,0.33024044875557457,0.07396032028486406,1.0,0.3333333313880425,0.0,0.0,0.11320754716981132,3909.015000000005,1462.2000000000019,0.0,independent_greedy,acoustic_degradation,21581723,3
0.0,0.0,300.0,1.0,0.49917654335630873,0.3891156451006162,1.0,0.0,0.0,29.0,0.0,7699.368386722289,2978.337014973129,0.0,communication_aware,acoustic_degradation,21581723,3
0.0,0.6666666666666666,300.0,0.8633333333333333,0.41576664822334536,0.15625040457775696,1.0,0.3333333326723511,0.0,0.0,0.10666666666666667,9225.659968063734,2593.362980242086,953.0,haco_safemarl_pilot_no_acoustic,acoustic_degradation,21581723,3
0.0,0.3333333333333333,300.0,1.0,0.36660564757381653,0.211938082732675,1.0,0.0,0.0,0.0,0.09,8827.950303124575,3135.5587901715203,0.0,haco_safemarl_pilot_no_shield,acoustic_degradation,21581723,3
0.0,0.0,300.0,0.9477777777777779,0.5875086679392005,0.5267368746633995,1.0,0.33333332880639815,0.0,0.0,0.16333333333333333,8359.12438327428,3130.0514747958664,969.0,haco_safemarl_pilot,acoustic_degradation,21581723,3
0.0,0.0,300.0,0.7977777777777778,0.4500590433366921,0.24457498971195463,1.0,0.33333333303143736,0.0,0.0,0.0,599.2365004179335,245.37693781567643,914.0,haco_safemarl_mappo,acoustic_degradation,21581723,3
1.0,1.0,198.0,0.8787878787878789,0.6505668133733146,0.5390498423835801,1.0,0.3333333324930555,0.0,0.0,0.0707070707070707,3669.929999999991,1827.1437801163645,0.0,fixed_auv_ga_pso_tlbo_proxy,acoustic_degradation,21591730,3
1.0,1.0,151.0,0.9624724061810157,0.5419028869391492,0.4769661097173175,1.0,0.3333333245670898,0.0,0.0,0.0,3712.3350000000046,1384.800000000001,0.0,independent_greedy,acoustic_degradation,21591730,3
0.0,0.6666666666666666,300.0,0.7688888888888888,0.7247145999519203,0.687694086269735,1.0,0.33333333310219426,0.0,0.0,0.15,7958.265607246591,3482.569628271716,0.0,communication_aware,acoustic_degradation,21591730,3
1.0,1.0,172.0,0.9127906976744188,0.7181758180108182,0.6993278678143412,1.0,0.33333333171006857,0.0,0.0,0.0,5618.584112909842,1685.1786086881677,516.0,haco_safemarl_pilot_no_acoustic,acoustic_degradation,21591730,3
1.0,1.0,149.0,1.0,0.6860933377636672,0.6633313520777284,1.0,0.0,0.0,0.0,0.0,4669.798499449065,1216.908692214476,0.0,haco_safemarl_pilot_no_shield,acoustic_degradation,21591730,3
1.0,1.0,171.0,0.8947368421052632,0.7246230745055223,0.717665239543875,1.0,0.3333333322191358,0.0,0.0,0.0,5627.6547824445,1586.8842244055902,513.0,haco_safemarl_pilot,acoustic_degradation,21591730,3
0.0,0.3333333333333333,300.0,0.8477777777777777,0.7364056381750499,0.7217407042601878,1.0,0.3333333328005399,0.0,0.0,0.043333333333333335,768.7127275031405,83.17423416886564,900.0,haco_safemarl_mappo,acoustic_degradation,21591730,3
0.0,0.6666666666666666,300.0,0.9555555555555554,0.3954472265444916,0.22646707499215296,1.0,0.33333332708333346,0.0,92.0,0.02,5560.499999999976,2517.5809124665866,0.0,fixed_auv_ga_pso_tlbo_proxy,acoustic_degradation,21601737,3
0.0,1.0,245.0,0.8761904761904761,0.33902132699547566,0.05973397471725061,1.0,0.5449818997885794,0.0,70.0,0.0,6023.325000000008,2250.600000000005,0.0,independent_greedy,acoustic_degradation,21601737,3
0.0,0.0,300.0,0.9511111111111112,0.6381956117290052,0.5721862834948727,1.0,0.3333333281680442,0.0,264.0,0.04,7799.045271972398,2922.056196564243,0.0,communication_aware,acoustic_degradation,21601737,3
0.0,0.0,300.0,0.7255555555555556,0.6107128250600261,0.37924416132438454,1.0,0.55800063977482,0.0,0.0,0.04,9062.454510198588,3522.240516156376,910.0,haco_safemarl_pilot_no_acoustic,acoustic_degradation,21601737,3
0.0,0.3333333333333333,300.0,0.9488888888888888,0.43150066398115966,0.3145233659934262,1.0,0.3333333286074355,0.0,145.0,0.043333333333333335,8966.111199268367,2996.404734935109,0.0,haco_safemarl_pilot_no_shield,acoustic_degradation,21601737,3
0.0,0.0,300.0,0.6955555555555555,0.7150689608699097,0.6335762496120488,1.0,0.5410882879373121,0.0,0.0,0.04,8912.250790296324,3429.746472536735,913.0,haco_safemarl_pilot,acoustic_degradation,21601737,3
0.0,0.0,300.0,0.36111111111111116,0.7781020966770241,0.7305179101240129,0.611111111111111,0.6666646501686703,0.0,0.0,0.0,553.8235089100256,78.73415006558218,900.0,haco_safemarl_mappo,acoustic_degradation,21601737,3
0.0,0.6666666666666666,300.0,0.7088888888888889,0.4414643915086284,0.1507097661851924,1.0,0.3333333331876541,0.0,29.0,0.0,5560.499999999976,3404.375216580356,0.0,fixed_auv_ga_pso_tlbo_proxy,acoustic_degradation,21611744,3
0.0,1.0,237.0,0.6751054852320675,0.42493493579377395,0.05845254855563738,0.75,0.3333333332163752,0.0,22.0,0.0,5826.645000000008,3120.000000000008,0.0,independent_greedy,acoustic_degradation,21611744,3
0.0,0.3333333333333333,300.0,0.778888888888889,0.6384408007103253,0.4827936430743499,1.0,0.3333333330808144,0.0,28.0,0.0,7959.998902144398,3681.548025622148,0.0,communication_aware,acoustic_degradation,21611744,3
0.0,0.6666666666666666,300.0,0.6077777777777778,0.5934547744013283,0.23320391296577067,0.7888888888888889,0.6550542243795314,0.0,14.0,0.04666666666666667,9431.873882996006,3090.3831069750695,900.0,haco_safemarl_pilot_no_acoustic,acoustic_degradation,21611744,3
0.0,1.0,289.0,0.7139561707035755,0.5007298113201282,0.22801664353880793,1.0,0.6174728424836661,0.0,21.0,0.0,8694.837798751534,2433.3646581163493,0.0,haco_safemarl_pilot_no_shield,acoustic_degradation,21611744,3
0.0,0.3333333333333333,300.0,0.64,0.6926604780424098,0.560472236187028,0.8444444444444444,0.4254036178180059,0.0,13.0,0.0,9079.87266810412,3796.802053783727,900.0,haco_safemarl_pilot,acoustic_degradation,21611744,3
0.0,0.0,300.0,0.6322222222222222,0.7572909080776551,0.72627592859583,0.7666666666666667,0.4232720218893519,0.0,14.0,0.0,695.3689974890856,35.745440308528565,900.0,haco_safemarl_mappo,acoustic_degradation,21611744,3
1.0,1.0,229.0,1.0,0.3360809488430671,0.10159980460927179,1.0,0.0,0.0,0.0,0.0,4244.514999999987,2096.1540016450626,0.0,fixed_auv_ga_pso_tlbo_proxy,acoustic_degradation,21621751,3
1.0,1.0,175.0,0.8685714285714285,0.33635026747700963,0.05110091864590368,1.0,0.3333333326186142,0.0,0.0,0.0,4302.3750000000055,1545.4000000000028,0.0,independent_greedy,acoustic_degradation,21621751,3
0.0,0.3333333333333333,300.0,1.0,0.5410153627487417,0.33695069664992017,1.0,0.0,0.0,0.0,0.02666666666666667,7648.067432071565,2984.151080101625,0.0,communication_aware,acoustic_degradation,21621751,3
0.0,0.6666666666666666,300.0,0.827777777777778,0.5201705309880612,0.09381407677528068,1.0,0.3376621547077399,0.0,0.0,0.03333333333333333,9019.16351550712,2420.8245877677664,933.0,haco_safemarl_pilot_no_acoustic,acoustic_degradation,21621751,3
0.0,0.3333333333333333,300.0,1.0,0.34618238130378354,0.1400128784041685,1.0,0.0,0.016666666666666666,0.0,0.04666666666666667,8814.246687923387,2798.409433857938,0.0,haco_safemarl_pilot_no_shield,acoustic_degradation,21621751,3
0.0,0.0,300.0,0.9022222222222223,0.6254276088197556,0.4258804856729582,1.0,0.33333333204201104,0.01,0.0,0.08,8412.21936246349,2892.7268607108713,936.0,haco_safemarl_pilot,acoustic_degradation,21621751,3
0.0,0.0,300.0,0.8244444444444444,0.6505883940129139,0.47114943070744914,1.0,0.6516314262947837,0.0,0.0,0.0,231.56403701054396,54.938450148047096,900.0,haco_safemarl_mappo,acoustic_degradation,21621751,3
0.0,0.3333333333333333,300.0,0.7422222222222222,0.530540138715885,0.4691047230886252,1.0,0.9830867563748344,0.0,0.0,0.0,5560.499999999976,2581.503122875111,0.0,fixed_auv_ga_pso_tlbo_proxy,acoustic_degradation,21631758,3
0.0,0.6666666666666666,300.0,0.9833333333333333,0.26972959753737374,0.10564737908575922,1.0,0.3333332888888948,0.0,0.0,0.0,7375.50000000001,2975.200000000014,0.0,independent_greedy,acoustic_degradation,21631758,3
0.0,0.3333333333333333,300.0,0.7777777777777778,0.6687816682010481,0.6237267558546923,1.0,0.9785214519284963,0.0,0.0,0.04666666666666667,7927.95786285048,3010.058524887894,0.0,communication_aware,acoustic_degradation,21631758,3
0.0,0.3333333333333333,300.0,0.7122222222222221,0.6135656779201992,0.38403678786299705,1.0,0.8497827426686372,0.0,0.0,0.0,9184.436259985161,2854.0899645556015,900.0,haco_safemarl_pilot_no_acoustic,acoustic_degradation,21631758,3
0.0,0.3333333333333333,300.0,0.8266666666666667,0.49792452283817046,0.34221562707404063,1.0,0.9170246407968866,0.0,0.0,0.0,9256.490304590372,2862.4293486290835,0.0,haco_safemarl_pilot_no_shield,acoustic_degradation,21631758,3
0.0,0.0,300.0,0.6988888888888889,0.7040982336578171,0.6225017317476393,1.0,0.8604989035649186,0.0,0.0,0.0,8884.68359975201,3137.2659601043506,900.0,haco_safemarl_pilot,acoustic_degradation,21631758,3
0.0,0.0,300.0,0.32444444444444437,0.7816370479653061,0.7550666358137269,0.7888888888888889,0.8343467445005142,0.0,0.0,0.0,767.4352201392825,147.44409864086833,900.0,haco_safemarl_mappo,acoustic_degradation,21631758,3
0.0,1.0,288.0,0.8854166666666666,0.4603367615088277,0.30735166085109505,1.0,0.3333333323930211,0.0,35.0,0.0,5338.079999999978,2712.1219227847905,0.0,fixed_auv_ga_pso_tlbo_proxy,acoustic_degradation,21641765,3
0.0,1.0,220.0,0.9045454545454545,0.4271685880790909,0.3237476732470942,1.0,0.33333333197838805,0.0,27.0,0.0,5408.700000000007,2418.4000000000083,0.0,independent_greedy,acoustic_degradation,21641765,3
0.0,0.3333333333333333,300.0,0.9044444444444446,0.6648512519747061,0.5758448813754633,1.0,0.33333333198125115,0.0,65.0,0.0,7817.910565563484,3022.101129277047,0.0,communication_aware,acoustic_degradation,21641765,3
0.0,0.6666666666666666,300.0,0.8533333333333334,0.5467098854963175,0.504135530121066,1.0,0.33333333275941235,0.0,0.0,0.0,9108.740462984311,2758.4006481358942,900.0,haco_safemarl_pilot_no_acoustic,acoustic_degradation,21641765,3
0.0,1.0,294.0,0.9297052154195012,0.456282508525553,0.3211050984251787,1.0,0.33333333083489425,0.0,34.0,0.05102040816326531,9055.97713449085,2475.220986947859,0.0,haco_safemarl_pilot_no_shield,acoustic_degradation,21641765,3
0.0,0.0,300.0,0.8466666666666667,0.6883779484484304,0.6146423976285936,1.0,0.3333333328082336,0.0,0.0,0.0,8799.335435329507,3151.25922180825,900.0,haco_safemarl_pilot,acoustic_degradation,21641765,3
0.0,0.0,300.0,0.4411111111111111,0.7571461696988567,0.6990140007479798,0.9555555555555555,0.6613732546522593,0.0,0.0,0.0,476.5634812571145,122.0957861353989,900.0,haco_safemarl_mappo,acoustic_degradation,21641765,3
0.0,0.6666666666666666,300.0,0.6644444444444444,0.6685823204936524,0.5910173858082081,1.0,0.9261357858267609,0.0,0.0,0.03,5560.499999999976,3119.0538290217205,0.0,fixed_auv_ga_pso_tlbo_proxy,acoustic_degradation,21651772,3
1.0,1.0,245.0,0.8598639455782311,0.5530928009004045,0.3708037474748434,1.0,0.5436331010693528,0.0,0.0,0.0,6023.325000000008,2831.2000000000057,0.0,independent_greedy,acoustic_degradation,21651772,3
0.0,0.6666666666666666,300.0,0.7044444444444444,0.7136243676223397,0.674967617686932,1.0,0.9303879015945441,0.0,0.0,0.013333333333333334,7999.466240161833,3178.9024302679263,0.0,communication_aware,acoustic_degradation,21651772,3
0.0,0.6666666666666666,300.0,0.4,0.7270070046887223,0.5992339721621233,0.7111111111111111,0.8658934200475991,0.0,0.0,0.0,9459.636841806054,2693.723893001391,900.0,haco_safemarl_pilot_no_acoustic,acoustic_degradation,21651772,3
1.0,1.0,242.0,0.5426997245179063,0.6613262479633044,0.4924189532405429,0.7466666666666666,0.7705493334652735,0.0,0.0,0.0,7558.535174202508,1924.8565571457461,0.0,haco_safemarl_pilot_no_shield,acoustic_degradation,21651772,3
0.0,0.6666666666666666,300.0,0.4522222222222223,0.7400506436660309,0.6466252766326612,0.7111111111111111,0.8955544498586933,0.0,0.0,0.0,9378.758507903014,2867.426275582541,900.0,haco_safemarl_pilot,acoustic_degradation,21651772,3
0.0,0.3333333333333333,300.0,0.37888888888888883,0.7490414743456092,0.6374111540777041,0.7555555555555554,0.6653359138015448,0.0,0.0,0.013333333333333334,604.3813348554517,121.3029044913448,900.0,haco_safemarl_mappo,acoustic_degradation,21651772,3
0.0,0.6666666666666666,300.0,0.89,0.3311150250467463,0.2461790306037772,1.0,0.5690646199143113,0.0,0.0,0.013333333333333334,5560.499999999976,2744.1952062078194,0.0,fixed_auv_ga_pso_tlbo_proxy,emergency,21161779,3
0.0,1.0,254.0,0.8700787401574803,0.3299337410728256,0.08013664551245935,1.0,0.6905516772668474,0.0,10.0,0.0,6244.590000000008,2625.200000000009,0.0,independent_greedy,emergency,21161779,3
0.0,0.0,300.0,0.91,0.5813059399510551,0.5417593546739233,1.0,0.6585365794170137,0.0,0.0,0.0033333333333333335,7744.40185229124,2915.783793268266,0.0,communication_aware,emergency,21161779,3
0.0,0.3333333333333333,300.0,0.8233333333333334,0.47984878873512643,0.29661798970141595,1.0,0.71155956925215,0.0,0.0,0.0,8907.371439187178,2978.768591555252,902.0,haco_safemarl_pilot_no_acoustic,emergency,21161779,3
0.0,0.0,300.0,0.9311111111111112,0.3864514213409644,0.26962832750535887,1.0,0.4495906385423208,0.0,0.0,0.0,8861.681177571336,2964.9811118970565,0.0,haco_safemarl_pilot_no_shield,emergency,21161779,3
0.0,0.0,300.0,0.8233333333333334,0.655395550713911,0.5898584037962256,1.0,0.7019575159467951,0.0,0.0,0.0,8728.13311333756,3042.997231709241,902.0,haco_safemarl_pilot,emergency,21161779,3
0.0,0.0,300.0,0.37444444444444447,0.7660000759598491,0.6815356751492962,0.6666666666666669,0.6928693058118004,0.0,0.0,0.0,546.160012815372,286.66767626190295,893.0,haco_safemarl_mappo,emergency,21161779,3
1.0,1.0,209.0,0.6666666666666666,0.4447352676514439,0.2244145226693682,0.6666666666666665,0.3333333332222222,0.0,0.0,0.023923444976076555,3873.814999999989,2088.7819531285695,0.0,fixed_auv_ga_pso_tlbo_proxy,emergency,21171786,3
0.0,1.0,160.0,0.6791666666666668,0.4427618783536217,0.11784392985581801,0.7916666666666666,0.3333333332133956,0.01875,0.0,0.16875,3933.600000000005,1801.5999999999965,0.0,independent_greedy,emergency,21171786,3
0.0,0.3333333333333333,300.0,0.6666666666666666,0.5978478032739821,0.459252287234897,0.6666666666666669,0.3333333332222222,0.0,0.0,0.0,7897.0615195115615,3666.5057053258165,0.0,communication_aware,emergency,21171786,3
0.0,0.6666666666666666,300.0,0.6933333333333334,0.5687998501643541,0.20224698547959383,0.9333333333333333,0.3333333332020584,0.0,0.0,0.08,8899.31970039534,2872.2203737294576,692.0,haco_safemarl_pilot_no_acoustic,emergency,21171786,3
0.0,0.3333333333333333,300.0,0.6666666666666666,0.4657994564543886,0.22917404572641695,0.6666666666666669,0.3333333332222222,0.0,0.0,0.09333333333333334,8692.477705662159,3156.2625795828662,0.0,haco_safemarl_pilot_no_shield,emergency,21171786,3
0.0,0.3333333333333333,300.0,0.6666666666666666,0.6798657289215814,0.5403459035566806,0.6666666666666669,0.3333333332222222,0.0,0.0,0.08,8678.511150195915,3530.860987385143,636.0,haco_safemarl_pilot,emergency,21171786,3
0.0,0.0,300.0,0.6666666666666666,0.681003604844955,0.5730213882379973,0.6666666666666669,0.3333333332222222,0.0,0.0,0.0,400.7153519398614,119.34250214066552,851.0,haco_safemarl_mappo,emergency,21171786,3
0.0,1.0,276.0,0.9045893719806763,0.36064407740629734,0.3238930226631904,1.0,0.33333333197714043,0.0,39.0,0.0,5115.65999999998,2633.9785223140398,0.0,fixed_auv_ga_pso_tlbo_proxy,emergency,21181793,3
0.0,1.0,211.0,0.8262243285939967,0.3565749760633092,0.21926727365419216,1.0,0.5372047583059453,0.0,29.0,0.0,5187.435000000007,2257.2000000000007,0.0,independent_greedy,emergency,21181793,3
0.0,0.0,300.0,0.912222222222222,0.5951720794467139,0.574528656407215,1.0,0.33333333173102603,0.0,0.0,0.0,7757.617392699938,3023.642440481187,0.0,communication_aware,emergency,21181793,3
0.0,0.6666666666666666,300.0,0.8233333333333334,0.49070787864192944,0.3863759244066799,1.0,0.585492946740444,0.0,0.0,0.0,8959.739252178959,2897.5458559959525,840.0,haco_safemarl_pilot_no_acoustic,emergency,21181793,3
0.0,0.0,300.0,0.9255555555555555,0.3768014348706425,0.3363221285398117,1.0,0.39827876534068946,0.0,126.0,0.0,8830.315252028415,3141.5776165905822,0.0,haco_safemarl_pilot_no_shield,emergency,21181793,3
0.0,0.0,300.0,0.7911111111111111,0.6557306723709198,0.6253131513681137,1.0,0.7976528984024202,0.0,0.0,0.0,8700.028141686416,3178.2458537152365,845.0,haco_safemarl_pilot,emergency,21181793,3
0.0,0.0,300.0,0.4388888888888889,0.7797191238001258,0.7331164884846412,1.0,0.7546703595491351,0.0,0.0,0.0,372.28002619085635,108.34572719576546,803.0,haco_safemarl_mappo,emergency,21181793,3
0.0,0.3333333333333333,300.0,0.6744444444444444,0.47474312438633737,0.3251292575098904,1.0,0.6504451258965788,0.0,0.0,0.0,5560.499999999976,2462.2779828781945,0.0,fixed_auv_ga_pso_tlbo_proxy,emergency,21191800,3
0.0,0.6666666666666666,300.0,0.8344444444444444,0.297567528423468,0.06886730512015053,1.0,0.5545397764478935,0.0,0.0,0.0,7375.50000000001,2793.0000000000127,0.0,independent_greedy,emergency,21191800,3
0.0,0.0,300.0,0.7177777777777777,0.6359204690501269,0.5371110166748078,1.0,0.6526656544386451,0.0,0.0,0.0,7916.132722886619,2887.0992258712945,0.0,communication_aware,emergency,21191800,3
0.0,0.0,300.0,0.7199999999999999,0.5115463105689556,0.3204897661305991,1.0,0.6028364749648261,0.0,0.0,0.0,9102.72050864969,2973.194941326805,734.0,haco_safemarl_pilot_no_acoustic,emergency,21191800,3
0.0,0.0,300.0,0.77,0.46974684303807623,0.31657391205003615,1.0,0.5781420758006774,0.0,0.0,0.0,9040.7240970323,3026.7903655341356,0.0,haco_safemarl_pilot_no_shield,emergency,21191800,3
0.0,0.0,300.0,0.7144444444444444,0.6763515864975173,0.5803184025860927,1.0,0.5952773642145468,0.0,0.0,0.0,8959.227534641754,3049.078316643391,737.0,haco_safemarl_pilot,emergency,21191800,3
0.0,0.0,300.0,0.19111111111111106,0.8016198115943813,0.7887212330092439,0.6666666666666669,0.9645191816138773,0.0,0.0,0.0,428.45207325143025,79.75172616348631,765.0,haco_safemarl_mappo,emergency,21191800,3
1.0,1.0,284.0,0.6690140845070423,0.4831066592651232,0.29246137085606055,1.0,0.4230450046062288,0.0,0.0,0.0,5263.939999999979,2759.6912622312134,0.0,fixed_auv_ga_pso_tlbo_proxy,emergency,21201807,3
1.0,1.0,217.0,0.6282642089093701,0.48239178076322753,0.06494867524531825,0.8636363636363636,0.6583035449855122,0.0,0.0,0.0,5334.945000000007,2281.400000000003,0.0,independent_greedy,emergency,21201807,3
0.0,0.3333333333333333,300.0,0.8144444444444444,0.6446122604946335,0.5458777955782734,1.0,0.5036752082257722,0.0,0.0,0.0,7809.875548863749,3002.673172457025,0.0,communication_aware,emergency,21201807,3
1.0,1.0,214.0,0.3317757009345794,0.6569586083241158,0.2861127520207742,0.33333333333333326,0.6697782580522048,0.0,0.0,0.0,6783.128397765387,1680.7811354978242,361.0,haco_safemarl_pilot_no_acoustic,emergency,21201807,3
1.0,1.0,211.0,0.4881516587677725,0.6196939862874258,0.24477699263485062,0.6666666666666665,0.6131847333070505,0.0,0.0,0.0,6641.659062142936,1647.740951387753,0.0,haco_safemarl_pilot_no_shield,emergency,21201807,3
0.0,0.0,300.0,0.6977777777777777,0.6814074007668385,0.5202724370320576,1.0,0.611427909827701,0.0,0.0,0.0,8768.389106172524,3016.4110026592716,794.0,haco_safemarl_pilot,emergency,21201807,3
0.0,0.0,300.0,0.3311111111111111,0.7167585147287526,0.4962340773646249,0.3333333333333334,0.6711036049932236,0.0,0.0,0.0,726.3491307087938,349.3777661508589,702.0,haco_safemarl_mappo,emergency,21201807,3
0.0,1.0,187.0,0.926916221033868,0.4671840056207017,0.17720353159989846,1.0,0.3333333310219446,0.0,26.0,0.0,3466.044999999993,1868.2512691025559,0.0,fixed_auv_ga_pso_tlbo_proxy,emergency,21211814,3
0.0,1.0,143.0,0.993006993006993,0.4165319374856483,0.19747326518362757,1.0,0.3333330808767344,0.0,19.0,0.0,3515.6550000000043,1596.5999999999979,0.0,independent_greedy,emergency,21211814,3
0.0,0.3333333333333333,300.0,0.981111111111111,0.5436065581450645,0.41431404970390856,1.0,0.33333329873126083,0.0,179.0,0.0,7676.915630801905,3095.5340116184957,0.0,communication_aware,emergency,21211814,3
1.0,1.0,296.0,0.768018018018018,0.5451551667897636,0.2609176883159369,1.0,0.6375792533450202,0.0,0.0,0.25675675675675674,7156.397341325834,2348.353625737591,1054.0,haco_safemarl_pilot_no_acoustic,emergency,21211814,3
0.0,0.3333333333333333,300.0,0.8166666666666667,0.44894833775232973,0.25607557309002466,1.0,0.33333333296602385,0.0,207.0,0.0,8729.919286730365,3080.932253651983,0.0,haco_safemarl_pilot_no_shield,emergency,21211814,3
0.0,0.3333333333333333,300.0,0.7866666666666666,0.6351271652494382,0.4880016396138648,1.0,0.3333333330620659,0.0,0.0,0.0,7363.269188662099,3018.1541419650785,837.0,haco_safemarl_pilot,emergency,21211814,3
0.0,0.0,300.0,0.7766666666666666,0.6910484410485844,0.621150764168191,1.0,0.3333333330858147,0.0,0.0,0.0,864.2929368346367,324.1068004963408,916.0,haco_safemarl_mappo,emergency,21211814,3
0.0,1.0,273.0,0.8058608058608059,0.5419955057770387,0.4055420170109056,1.0,0.5293009224829204,0.0,55.0,0.20512820512820512,5060.05499999998,2654.2169498749477,0.0,fixed_auv_ga_pso_tlbo_proxy,emergency,21221821,3
0.0,1.0,209.0,0.8277511961722488,0.5396290504815577,0.3897057996421293,1.0,0.5932255098203295,0.0,42.0,0.0,5138.265000000007,2338.0000000000073,0.0,independent_greedy,emergency,21221821,3
0.0,0.3333333333333333,300.0,0.8455555555555555,0.6483694656336717,0.5992220776051661,1.0,0.5325670484872506,0.0,47.0,0.17333333333333334,7944.22773684799,3305.1352485177827,0.0,communication_aware,emergency,21221821,3
0.0,0.6666666666666666,300.0,0.6577777777777777,0.6138172998430537,0.45542539590496084,1.0,0.8015547099945929,0.0,2.0,0.03,9274.638247460402,3820.6352691366205,825.0,haco_safemarl_pilot_no_acoustic,emergency,21221821,3
0.0,0.3333333333333333,300.0,0.8266666666666667,0.5379632148156331,0.39632636825310325,1.0,0.8282621988107141,0.0,42.0,0.05333333333333334,8963.354245588898,3254.505839399939,0.0,haco_safemarl_pilot_no_shield,emergency,21221821,3
0.0,0.3333333333333333,300.0,0.65,0.7083259412315005,0.6509548836805876,1.0,0.8349953289477705,0.0,2.0,0.06333333333333334,9196.25643479392,3810.1474909334224,835.0,haco_safemarl_pilot,emergency,21221821,3
0.0,0.0,300.0,0.6077777777777778,0.6762156968373756,0.485946756073696,0.6666666666666669,0.44754639442195204,0.0,2.0,0.29,398.3510312667202,131.04830835806442,814.0,haco_safemarl_mappo,emergency,21221821,3
1.0,1.0,213.0,0.046948356807511735,0.831108748756807,0.8116134014393772,0.33333333333333326,0.9951701319757386,0.0,0.0,0.0,3947.954999999989,1691.344058763857,0.0,fixed_auv_ga_pso_tlbo_proxy,emergency,21231828,3
1.0,1.0,163.0,0.4110429447852761,0.7297264136095412,0.6423012246140374,0.6666666666666666,0.8040481589274437,0.0,0.0,0.03680981595092025,4007.355000000005,1371.0000000000005,0.0,independent_greedy,emergency,21231828,3
1.0,1.0,185.0,0.028828828828828826,0.8328955003589926,0.8175653044877879,0.28070175438596484,0.9982407492134405,0.0,0.0,0.07027027027027027,5249.375,2017.8514969847402,0.0,communication_aware,emergency,21231828,3
1.0,1.0,150.0,0.13555555555555557,0.832495530462877,0.8051928000312045,0.6666666666666665,0.9862221786281488,0.0,0.0,0.0,4837.514209134591,1255.5244893825727,152.0,haco_safemarl_pilot_no_acoustic,emergency,21231828,3
1.0,1.0,159.0,0.1488469601677149,0.8306261160057056,0.8043209278935809,0.6666666666666666,0.9829570525788034,0.0,0.0,0.0,5040.63233671416,1342.6418925488163,0.0,haco_safemarl_pilot_no_shield,emergency,21231828,3
1.0,1.0,151.0,0.11479028697571743,0.8349056958112804,0.8094030356039014,0.6666666666666666,0.9898674643263957,0.0,0.0,0.0,4870.167158431915,1269.0499772021274,150.0,haco_safemarl_pilot,emergency,21231828,3
0.0,0.0,300.0,0.2422222222222222,0.7995460993306975,0.7563004965143467,0.3333333333333334,0.9365000743276414,0.0,0.0,0.0,606.4512284177088,110.79527937215684,651.0,haco_safemarl_mappo,emergency,21231828,3
0.0,0.6666666666666666,300.0,0.9055555555555554,0.2737777510345249,0.08028163202326483,1.0,0.3333333319492503,0.0,0.0,0.0,5560.499999999976,2870.398643055249,0.0,fixed_auv_ga_pso_tlbo_proxy,emergency,21241835,3
1.0,1.0,259.0,0.8043758043758042,0.2908643203015059,0.019602840682871575,1.0,0.48223752802444214,0.0,0.0,0.0,6367.5150000000085,2946.000000000015,0.0,independent_greedy,emergency,21241835,3
0.0,0.3333333333333333,300.0,0.9866666666666667,0.480315002444338,0.3359892776690932,1.0,0.33333326388890333,0.0,0.0,0.0,7697.612807157302,2994.4310117152795,0.0,communication_aware,emergency,21241835,3
0.0,0.3333333333333333,300.0,0.8266666666666667,0.4439496093855222,0.20266609493251964,1.0,0.33333333292241946,0.0,0.0,0.0,7398.185059780128,2184.5014768509773,927.0,haco_safemarl_pilot_no_acoustic,emergency,21241835,3
0.0,0.0,300.0,0.94,0.32883820243858064,0.15479660658665959,1.0,0.33333332990397807,0.0,0.0,0.0,8757.237673492631,3093.7213054361755,0.0,haco_safemarl_pilot_no_shield,emergency,21241835,3
0.0,0.0,300.0,0.8533333333333334,0.6011988075167661,0.458207342819845,1.0,0.33333333275941235,0.0,0.0,0.0,5617.23968209055,2112.072654938613,1046.0,haco_safemarl_pilot,emergency,21241835,3
0.0,0.0,300.0,0.5488888888888889,0.7285558712635306,0.6449386720632672,1.0,0.662550745369068,0.0,0.0,0.0,664.2860930731811,215.95974886855078,860.0,haco_safemarl_mappo,emergency,21241835,3
0.0,1.0,267.0,0.4307116104868913,0.6183766745288711,0.4997041540176158,0.6666666666666669,0.7765006383628869,0.0,36.0,0.0,4948.844999999981,2588.6128910608427,0.0,fixed_auv_ga_pso_tlbo_proxy,emergency,21251842,3
0.0,1.0,204.0,0.5049019607843138,0.6122009396837345,0.4836522152413248,0.6666666666666665,0.7057073674670917,0.0,28.0,0.0,5015.3400000000065,2217.2000000000085,0.0,independent_greedy,emergency,21251842,3
0.0,0.3333333333333333,300.0,0.48444444444444446,0.6996984373749153,0.6319984649285827,0.6666666666666669,0.6932509013962113,0.0,0.0,0.0,8098.70583828601,3663.5521642546864,0.0,communication_aware,emergency,21251842,3
0.0,0.3333333333333333,300.0,0.4722222222222222,0.6326640175500801,0.5211671611552013,0.6666666666666669,0.7025336357902846,0.0,0.0,0.0,5689.83393700583,2469.0309463538956,951.0,haco_safemarl_pilot_no_acoustic,emergency,21251842,3
0.0,0.3333333333333333,300.0,0.5033333333333333,0.5876983256219054,0.44349929327829474,0.6666666666666669,0.6575800955745925,0.0,105.0,0.0,8931.57514240406,3139.70896318181,0.0,haco_safemarl_pilot_no_shield,emergency,21251842,3
0.0,0.3333333333333333,300.0,0.44333333333333336,0.7292128586395616,0.6681063882497972,0.6666666666666669,0.747420515964458,0.0,0.0,0.0,4790.291302134612,2524.6441882462855,997.0,haco_safemarl_pilot,emergency,21251842,3
0.0,0.0,300.0,0.5633333333333334,0.7412019500309555,0.6835841802281483,1.0,0.9215609052600587,0.0,6.0,0.0,2360.0225464544574,1616.0589771954915,1063.0,haco_safemarl_mappo,emergency,21251842,3
0.0,0.6666666666666666,300.0,0.8311111111111111,0.37937937740479016,0.24027463126718757,1.0,0.6804500188124963,0.0,53.0,0.0,5560.499999999976,3059.416419973314,0.0,fixed_auv_ga_pso_tlbo_proxy,emergency,21261849,3
0.0,1.0,256.0,0.9348958333333333,0.27728964543748436,0.13158287047518663,1.0,0.9600614197701286,0.0,41.0,0.0625,6293.760000000008,2834.4000000000074,0.0,independent_greedy,emergency,21261849,3
0.0,0.3333333333333333,300.0,0.8711111111111113,0.5561933575641045,0.4496432483399925,1.0,0.699958382074685,0.0,182.0,0.0,7777.32870875638,2944.8639301284743,0.0,communication_aware,emergency,21261849,3
0.0,0.3333333333333333,300.0,0.6477777777777777,0.6271042877793588,0.40845259228719283,1.0,0.7258930179121581,0.0,0.0,0.09666666666666666,8985.242917495587,3001.6541976895846,902.0,haco_safemarl_pilot_no_acoustic,emergency,21261849,3
0.0,0.6666666666666666,300.0,0.86,0.4254760462410657,0.2529659048053993,1.0,0.6851372319324033,0.0,146.0,0.22666666666666666,9134.67251943795,2458.856613243933,0.0,haco_safemarl_pilot_no_shield,emergency,21261849,3
0.0,0.0,300.0,0.7355555555555554,0.6904781570705187,0.5972168337336148,1.0,0.851891955774074,0.0,0.0,0.06666666666666667,8820.264512515605,3329.5538963951726,881.0,haco_safemarl_pilot,emergency,21261849,3
0.0,0.0,300.0,0.2011111111111111,0.7934405380473782,0.764390513790531,0.46666666666666656,0.9616895013783666,0.0,0.0,0.08333333333333333,633.3264299942094,140.01006143325557,821.0,haco_safemarl_mappo,emergency,21261849,3
0.0,1.0,212.0,0.9544025157232704,0.5046115493030734,0.3245034723146922,1.0,0.5828135646611415,0.0,10.0,0.0,3929.419999999989,2223.761869145557,0.0,fixed_auv_ga_pso_tlbo_proxy,emergency,21271856,3
0.0,1.0,163.0,0.8813905930470347,0.43073423492920115,0.2111492561386072,1.0,0.3695891002175771,0.0,8.0,0.09815950920245399,4007.355000000005,1875.9999999999964,0.0,independent_greedy,emergency,21271856,3
0.0,0.6666666666666666,300.0,0.9866666666666667,0.6169283479092964,0.5683600462721126,1.0,0.5999997750000844,0.0,9.0,0.0,7828.924776728198,3397.439197280527,0.0,communication_aware,emergency,21271856,3
0.0,1.0,182.0,0.6593406593406593,0.5315356481008877,0.2707177756104211,0.6666666666666665,0.3479782738732002,0.0,6.0,0.0,5868.640534636609,1415.7105974243964,407.0,haco_safemarl_pilot_no_acoustic,emergency,21271856,3
0.0,1.0,165.0,0.7393939393939394,0.5020256166089319,0.2995739628206273,1.0,0.33854134860712465,0.0,52.0,0.0,5165.551757392381,1204.1076735851454,0.0,haco_safemarl_pilot_no_shield,emergency,21271856,3
0.0,1.0,194.0,0.6786941580756015,0.5818112244533061,0.33145786172170116,0.8,0.3369174590024161,0.0,6.0,0.0,6322.088280017252,1484.8234106392947,448.0,haco_safemarl_pilot,emergency,21271856,3
0.0,0.0,300.0,0.5711111111111111,0.7057937321895746,0.5580732611604656,0.6666666666666669,0.5099319614566858,0.0,6.0,0.0,294.7549598618338,181.72862332110822,769.0,haco_safemarl_mappo,emergency,21271856,3
0.0,0.3333333333333333,300.0,0.81,0.5212304199094858,0.3476121411498864,1.0,0.3412217745409889,0.0,49.0,0.2,5560.499999999976,2289.321492231055,0.0,fixed_auv_ga_pso_tlbo_proxy,emergency,21281863,3
0.0,1.0,286.0,0.8543123543123543,0.29176488287346874,0.04763535203923428,1.0,0.3333333327516729,0.0,37.0,0.08391608391608392,7031.3100000000095,2099.000000000005,0.0,independent_greedy,emergency,21281863,3
0.0,0.0,300.0,0.808888888888889,0.6911817876812425,0.5816787324882603,1.0,0.3372318351417952,0.0,11.0,0.20333333333333334,7998.253492064364,2812.121553526872,0.0,communication_aware,emergency,21281863,3
0.0,0.0,300.0,0.6422222222222221,0.5606136285431194,0.236578533969919,1.0,0.47305411058228447,0.0,7.0,0.1,9506.291125444113,2851.027501497776,806.0,haco_safemarl_pilot_no_acoustic,emergency,21281863,3
0.0,0.3333333333333333,300.0,0.8944444444444444,0.5012535402938675,0.29221346985824587,1.0,0.3333333322253001,0.0,49.0,0.14666666666666667,9265.390006712116,2647.977493411204,0.0,haco_safemarl_pilot_no_shield,emergency,21281863,3
0.0,0.0,300.0,0.6155555555555555,0.6765995946338617,0.5159881638592506,0.9666666666666667,0.4997036404410606,0.0,7.0,0.06666666666666667,9341.117873779807,2873.681627043532,813.0,haco_safemarl_pilot,emergency,21281863,3
0.0,0.0,300.0,0.6666666666666666,0.43624166534310516,0.1937003361274477,0.6666666666666669,0.3333333332222222,0.0,9.0,0.10333333333333333,860.2846503831016,191.1593032215389,812.0,haco_safemarl_mappo,emergency,21281863,3
0.0,0.6666666666666666,300.0,0.75,0.41068513912416216,0.31849618730000884,1.0,0.8787689409798957,0.0,0.0,0.0033333333333333335,5560.499999999976,2729.2801706496957,0.0,fixed_auv_ga_pso_tlbo_proxy,emergency,21291870,3
0.0,0.6666666666666666,300.0,0.8766666666666667,0.30902071900880984,0.13788931036094793,1.0,0.41564618839496137,0.0,0.0,0.006666666666666667,7375.50000000001,3482.200000000018,0.0,independent_greedy,emergency,21291870,3
0.0,0.0,300.0,0.7822222222222222,0.5986450948254962,0.5432930830629137,1.0,0.8896299365460911,0.0,0.0,0.0,7829.842180586098,2896.71107304176,0.0,communication_aware,emergency,21291870,3
0.0,0.3333333333333333,300.0,0.6844444444444445,0.5408242333290527,0.403764603570105,1.0,0.8758578742200157,0.0,0.0,0.0,9026.807844741772,2955.189547136571,789.0,haco_safemarl_pilot_no_acoustic,emergency,21291870,3
0.0,0.3333333333333333,300.0,0.8188888888888889,0.4461049581850532,0.32950369276160185,1.0,0.8607574407144146,0.0,0.0,0.013333333333333334,8959.541292079413,2957.786505746527,0.0,haco_safemarl_pilot_no_shield,emergency,21291870,3
0.0,0.0,300.0,0.6788888888888889,0.6782414324205044,0.6117201923833835,1.0,0.9273619568139793,0.0,0.0,0.0,8766.544877681756,3198.2657158374236,792.0,haco_safemarl_pilot,emergency,21291870,3
0.0,0.0,300.0,0.0022222222222222222,0.819619373221825,0.8172818969930489,0.02222222222222222,0.9999900794011012,0.0,0.0,0.0,290.100520801713,145.38522154268037,755.0,haco_safemarl_mappo,emergency,21291870,3
0.0,1.0,233.0,0.7424892703862661,0.5742633715796527,0.35324674841772313,1.0,0.4965517237247925,0.0,36.0,0.0,4318.654999999986,1795.2654308034016,0.0,fixed_auv_ga_pso_tlbo_proxy,emergency,21301877,3
0.0,1.0,178.0,0.8670411985018726,0.47166453703299577,0.15677302039489338,1.0,0.7033626311866412,0.05056179775280899,28.0,0.12359550561797752,4376.130000000006,1416.2000000000025,0.0,independent_greedy,emergency,21301877,3
0.0,0.3333333333333333,300.0,0.821111111111111,0.6632766864167687,0.5241360051634678,1.0,0.4831050220206979,0.0,0.0,0.0,7932.091026462175,3153.8475486058533,0.0,communication_aware,emergency,21301877,3
0.0,0.6666666666666666,300.0,0.5855555555555556,0.6549071997390534,0.4342421085861045,1.0,0.6387132905586351,0.0,0.0,0.023333333333333334,9260.527442733626,2768.0984084398688,683.0,haco_safemarl_pilot_no_acoustic,emergency,21301877,3
0.0,0.6666666666666666,300.0,0.8166666666666667,0.5246941776750855,0.37471842008020045,1.0,0.5315410287620084,0.0,90.0,0.0,9033.13916833792,2836.9187890656494,0.0,haco_safemarl_pilot_no_shield,emergency,21301877,3
0.0,0.3333333333333333,300.0,0.6022222222222223,0.7244088728197732,0.6293443503172678,1.0,0.6542918692943391,0.0,0.0,0.016666666666666666,9092.933252059072,3016.4656534963306,716.0,haco_safemarl_pilot,emergency,21301877,3
0.0,0.0,300.0,0.33888888888888885,0.7545801821664981,0.66254803953609,0.7555555555555554,0.9109165899081106,0.0,0.0,0.0,610.9811575230334,42.43977165567468,812.0,haco_safemarl_mappo,emergency,21301877,3
0.0,1.0,291.0,0.6746849942726231,0.42553266545399554,0.21625697703490152,0.8555555555555555,0.3576318681924877,0.0,51.0,0.0,5393.684999999978,3299.6021318136727,0.0,fixed_auv_ga_pso_tlbo_proxy,emergency,21311884,3
0.0,1.0,223.0,0.9461883408071748,0.3792325807593752,0.050388167979824046,1.0,0.5999999861863893,0.0,39.0,0.0,5482.455000000007,2843.2000000000053,0.0,independent_greedy,emergency,21311884,3
0.0,0.3333333333333333,300.0,0.6577777777777778,0.6358197929866226,0.5286428404935086,0.6666666666666669,0.35109847800231364,0.0,0.0,0.0,7939.666817764658,3703.491573014437,0.0,communication_aware,emergency,21311884,3
0.0,0.6666666666666666,300.0,0.5622222222222222,0.5719881805648273,0.1631062271336636,0.6666666666666669,0.6645945711969625,0.0,0.0,0.03666666666666667,9248.244883821299,2475.3501632815523,635.0,haco_safemarl_pilot_no_acoustic,emergency,21311884,3
0.0,0.3333333333333333,300.0,0.66,0.48639887059841425,0.21983387285964553,0.6666666666666669,0.3466613353503061,0.0,0.0,0.0,8733.83694300782,3226.549729686395,0.0,haco_safemarl_pilot_no_shield,emergency,21311884,3
0.0,0.3333333333333333,300.0,0.5866666666666667,0.6862559329560983,0.5155271454835388,0.6666666666666669,0.48461926358906343,0.0,0.0,0.0,8698.054915757624,3272.33261375656,605.0,haco_safemarl_pilot,emergency,21311884,3
0.0,0.3333333333333333,300.0,0.36666666666666664,0.7892900083061487,0.7056635188839457,0.6666666666666669,0.6648250459180801,0.0,0.0,0.0,306.8302764971987,136.73490147204245,613.0,haco_safemarl_mappo,emergency,21311884,3
0.0,1.0,213.0,0.971830985915493,0.3703185267837111,0.1730956917297143,1.0,0.3333333177746921,0.0,84.0,0.1643192488262911,3947.954999999989,1569.9405435688177,0.0,fixed_auv_ga_pso_tlbo_proxy,emergency,21321891,3
0.0,1.0,163.0,1.0,0.31993927885486734,0.1677004438966282,1.0,0.0,0.0,64.0,0.09202453987730061,4007.355000000005,1305.0000000000023,0.0,independent_greedy,emergency,21321891,3
0.0,0.3333333333333333,300.0,0.9522222222222223,0.530416915152608,0.4122498770183978,1.0,0.33333332792500464,0.0,22.0,0.11666666666666667,7708.114459501759,2929.348030555451,0.0,communication_aware,emergency,21321891,3
0.0,0.3333333333333333,300.0,0.91,0.4377201044566281,0.23704300652910631,1.0,0.33333333180917546,0.0,6.0,0.08333333333333333,9052.193177480553,2993.8412319169092,908.0,haco_safemarl_pilot_no_acoustic,emergency,21321891,3
0.0,0.3333333333333333,300.0,0.9922222222222223,0.39250518416261987,0.27683565930129633,1.0,0.3333331292518257,0.0,186.0,0.04666666666666667,8823.119419267596,2992.8025134750405,0.0,haco_safemarl_pilot_no_shield,emergency,21321891,3
0.0,0.3333333333333333,300.0,0.9677777777777777,0.6114087866565896,0.5570680281635338,1.0,0.33333332144272737,0.0,7.0,0.08,8837.890727887934,2999.937037709542,917.0,haco_safemarl_pilot,emergency,21321891,3
0.0,0.0,300.0,0.7711111111111112,0.6868714282997721,0.652517573824024,1.0,0.6860006456233421,0.0,3.0,0.17666666666666667,744.3920476136697,92.25921657844324,962.0,haco_safemarl_mappo,emergency,21321891,3
0.0,0.6666666666666666,300.0,0.6077777777777778,0.44747822645405894,0.21346165140558562,0.6666666666666669,0.45422202766369585,0.0,0.0,0.056666666666666664,5560.499999999976,3132.813534313424,0.0,fixed_auv_ga_pso_tlbo_proxy,emergency,21331898,3
1.0,1.0,255.0,0.6117647058823529,0.43940215791118764,0.06538948033076555,0.6666666666666667,0.5961074503209199,0.0,0.0,0.0,6269.175000000008,3063.600000000008,0.0,independent_greedy,emergency,21331898,3
0.0,0.3333333333333333,300.0,0.6155555555555555,0.609073463179827,0.451622824274594,0.6666666666666669,0.43815421538263327,0.0,0.0,0.08666666666666667,7952.8590577311725,3518.0570469301106,0.0,communication_aware,emergency,21331898,3
0.0,0.6666666666666666,300.0,0.5711111111111111,0.5685732379439303,0.2280417014823812,0.6666666666666669,0.6697232033393785,0.0,0.0,0.0,9160.543785312859,2621.279420740736,596.0,haco_safemarl_pilot_no_acoustic,emergency,21331898,3
0.0,0.3333333333333333,300.0,0.6211111111111111,0.49358635372102727,0.23189205925203907,0.6666666666666669,0.42689942530454705,0.0,0.0,0.05333333333333334,8807.780935747282,3282.050429959227,0.0,haco_safemarl_pilot_no_shield,emergency,21331898,3
0.0,0.3333333333333333,300.0,0.5788888888888889,0.6924589666081031,0.5279953285093959,0.6666666666666669,0.5053600012472693,0.0,0.0,0.056666666666666664,8736.372797231457,3350.4609913822605,609.0,haco_safemarl_pilot,emergency,21331898,3
0.0,0.0,300.0,0.2811111111111111,0.7833257030092093,0.6835784608328175,0.3333333333333334,0.76580373807199,0.0,0.0,0.1,181.66823537342628,181.85095393864066,658.0,haco_safemarl_mappo,emergency,21331898,3
0.0,0.6666666666666666,300.0,0.8966666666666666,0.31938879319242564,0.13249299274089435,1.0,0.475350368629759,0.0,28.0,0.0,5560.499999999976,2463.468064512347,0.0,fixed_auv_ga_pso_tlbo_proxy,emergency,21341905,3
0.0,1.0,273.0,0.9975579975579975,0.29511969972042,0.05070734730145716,1.0,0.33333126309619104,0.0,21.0,0.0,6711.705000000009,2485.600000000005,0.0,independent_greedy,emergency,21341905,3
0.0,0.0,300.0,0.9455555555555555,0.5318480153805858,0.4481337865763994,1.0,0.4081250999946865,0.0,0.0,0.0,7731.414629938451,2905.8402103199364,0.0,communication_aware,emergency,21341905,3
0.0,0.0,300.0,0.8855555555555554,0.4558094681531057,0.17379447508870066,1.0,0.3465294779948504,0.0,0.0,0.0,8962.127757390546,3069.9017815198135,900.0,haco_safemarl_pilot_no_acoustic,emergency,21341905,3
0.0,0.0,300.0,0.9311111111111112,0.38983575164888734,0.19474675275703188,1.0,0.3555308886424546,0.0,0.0,0.0,8881.965646625638,2896.3251661793925,0.0,haco_safemarl_pilot_no_shield,emergency,21341905,3
0.0,0.0,300.0,0.8844444444444444,0.6300974888269353,0.47739936566729296,1.0,0.3464002039720721,0.0,0.0,0.0,8770.150802926479,2993.08274428509,900.0,haco_safemarl_pilot,emergency,21341905,3
0.0,0.0,300.0,0.7533333333333333,0.7031079552457509,0.6684210527332405,1.0,0.45008219141089123,0.0,0.0,0.06666666666666667,189.59030651896734,18.24785547777102,913.0,haco_safemarl_mappo,emergency,21341905,3
0.0,0.3333333333333333,300.0,0.43333333333333335,0.6205082513044987,0.49711147962804964,1.0,0.9252144957980492,0.006666666666666667,68.0,0.06333333333333334,5560.499999999976,2355.6938027529845,0.0,fixed_auv_ga_pso_tlbo_proxy,emergency,21351912,3
0.0,1.0,250.0,0.78,0.4784348354429448,0.31766140709218854,1.0,0.8141203896150677,0.012,52.0,0.208,6146.250000000008,2161.200000000006,0.0,independent_greedy,emergency,21351912,3
0.0,0.0,300.0,0.5311111111111111,0.6875054410397016,0.6275721797665879,1.0,0.9461481240827044,0.03333333333333333,124.0,0.08,8051.935958684618,2925.67682965929,0.0,communication_aware,emergency,21351912,3
0.0,0.3333333333333333,300.0,0.47,0.6362425689871015,0.5625605424260283,1.0,0.8870837570135498,0.016666666666666666,0.0,0.14,8959.504842191047,2835.9459787394244,689.0,haco_safemarl_pilot_no_acoustic,emergency,21351912,3
0.0,0.3333333333333333,300.0,0.6177777777777778,0.5479867862098614,0.48627064947584575,1.0,0.9603479891055873,0.03,66.0,0.10333333333333333,9234.669042751742,2880.797062720337,0.0,haco_safemarl_pilot_no_shield,emergency,21351912,3
0.0,0.0,300.0,0.4544444444444444,0.7312156050725999,0.6798847941042206,1.0,0.8784182122031501,0.02666666666666667,0.0,0.14,8742.526986174493,3086.1663716736666,697.0,haco_safemarl_pilot,emergency,21351912,3
0.0,0.0,300.0,0.17444444444444443,0.8073020659931434,0.7717604077298348,0.3333333333333334,0.9391607164811061,0.0,0.0,0.17,815.6048113934588,71.93754951163868,577.0,haco_safemarl_mappo,emergency,21351912,3
1.0,1.0,255.0,0.7633986928104575,0.46886942039238694,0.3421051668950443,1.0,0.5321540530090588,0.0,0.0,0.0,4726.424999999983,2391.90504077914,0.0,fixed_auv_ga_pso_tlbo_proxy,emergency,21361919,3
1.0,1.0,195.0,0.7777777777777777,0.482196046902579,0.10214583180087866,1.0,0.37115122734411593,0.0,0.0,0.0,4794.075000000006,1919.9999999999975,0.0,independent_greedy,emergency,21361919,3
0.0,0.3333333333333333,300.0,0.86,0.5805857516231607,0.511294055133823,1.0,0.6163521991042901,0.0,0.0,0.0,7788.396568063865,2974.2072073083295,0.0,communication_aware,emergency,21361919,3
1.0,1.0,224.0,0.6770833333333333,0.6259530040476448,0.35694377206655586,0.7971014492753623,0.35553089146723504,0.0,0.0,0.0,7002.735209687253,1829.4958492765402,528.0,haco_safemarl_pilot_no_acoustic,emergency,21361919,3
1.0,1.0,199.0,0.747068676716918,0.5887679669589654,0.3709367186526415,1.0,0.360872386333493,0.0,0.0,0.0,6177.672756975762,1589.907013487573,0.0,haco_safemarl_pilot_no_shield,emergency,21361919,3
0.0,0.0,300.0,0.85,0.6467458247449954,0.5791453495355121,1.0,0.3696829543546225,0.0,0.0,0.0,8808.740692558624,3046.1875692542008,832.0,haco_safemarl_pilot,emergency,21361919,3
0.0,0.0,300.0,0.3488888888888889,0.7580998011779021,0.5982314672946675,0.48888888888888876,0.6662863705403195,0.0,0.0,0.0,1103.6577323370652,211.16163931306608,525.0,haco_safemarl_mappo,emergency,21361919,3
0.0,1.0,213.0,0.6932707355242568,0.5625771181712099,0.3513561082676398,1.0,0.4796364269263537,0.0,159.0,0.0,3947.954999999989,1962.494694947304,0.0,fixed_auv_ga_pso_tlbo_proxy,emergency,21371926,3
0.0,1.0,163.0,0.6012269938650306,0.5605992711132851,0.17610892118073637,1.0,0.5912674345647029,0.0,121.0,0.0,4007.355000000005,1587.0,0.0,independent_greedy,emergency,21371926,3
0.0,0.3333333333333333,300.0,0.8266666666666667,0.613137176197968,0.5000666858170368,1.0,0.5227477757647616,0.0,281.0,0.0,7795.377591107595,2901.3234840055106,0.0,communication_aware,emergency,21371926,3
0.0,0.6666666666666666,300.0,0.5766666666666665,0.6253824300578509,0.5480291560724931,1.0,0.9707493223167324,0.0,0.0,0.0,8814.639337319884,2692.203611581867,788.0,haco_safemarl_pilot_no_acoustic,emergency,21371926,3
0.0,1.0,234.0,0.7891737891737892,0.5567831234882624,0.44121857099533784,1.0,0.6467080001354846,0.0,255.0,0.0,7067.4250802078695,2111.292908564381,0.0,haco_safemarl_pilot_no_shield,emergency,21371926,3
0.0,0.3333333333333333,300.0,0.6333333333333333,0.7010910796446643,0.6212362239650944,1.0,0.8875739638459774,0.0,0.0,0.0,8848.467230364413,3040.743933132029,785.0,haco_safemarl_pilot,emergency,21371926,3
0.0,0.0,300.0,0.1633333333333333,0.8026531580330803,0.7673809188722657,0.3333333333333334,0.9318342050300743,0.0,0.0,0.0,477.4672228150173,337.6257391845809,742.0,haco_safemarl_mappo,emergency,21371926,3
0.0,1.0,272.0,0.5575980392156863,0.5104365739120519,0.32245315119799667,0.6666666666666669,0.5550983722816344,0.0,49.0,0.0,5041.51999999998,2158.7581849131984,0.0,fixed_auv_ga_pso_tlbo_proxy,emergency,21381933,3
0.0,1.0,208.0,0.7291666666666666,0.4102565944139158,0.23728755179174799,1.0,0.5682084944875565,0.0,38.0,0.0673076923076923,5113.680000000007,1750.8000000000022,0.0,independent_greedy,emergency,21381933,3
0.0,0.3333333333333333,300.0,0.6855555555555555,0.6519477089622081,0.5519461544280223,1.0,0.5739048802828253,0.0,43.0,0.0,7925.912216556016,2962.897843296402,0.0,communication_aware,emergency,21381933,3
0.0,0.6666666666666666,300.0,0.5444444444444444,0.5896254979474851,0.4335776086596528,0.6666666666666669,0.5806563037918512,0.0,0.0,0.0,7649.867439195731,2327.9920502472387,796.0,haco_safemarl_pilot_no_acoustic,emergency,21381933,3
0.0,0.3333333333333333,300.0,0.6577777777777777,0.51524463280491,0.3488524014729488,1.0,0.5015278876810071,0.0,36.0,0.0,9021.558630077525,3024.113215642129,0.0,haco_safemarl_pilot_no_shield,emergency,21381933,3
0.0,0.3333333333333333,300.0,0.52,0.7156548397509861,0.6412411580362772,0.7222222222222222,0.6451639665288532,0.0,34.0,0.0,7790.1644477213185,2737.07729252408,822.0,haco_safemarl_pilot,emergency,21381933,3
0.0,0.3333333333333333,300.0,0.15555555555555553,0.8127147417089149,0.7997678072652661,0.3333333333333334,0.9833163090083444,0.0,0.0,0.0,1017.5110185064808,341.9959863657248,595.0,haco_safemarl_mappo,emergency,21381933,3
0.0,1.0,140.0,0.5952380952380951,0.6241699672961726,0.3596339892190926,0.6666666666666666,0.4699186990372291,0.0,49.0,0.0,2594.8999999999996,1387.2577714475358,0.0,fixed_auv_ga_pso_tlbo_proxy,emergency,21391940,3
0.0,1.0,107.0,0.6666666666666667,0.5970392921667477,0.48517892905785387,0.6666666666666667,0.3333333332222222,0.0,37.0,0.0,2630.595000000003,1176.599999999998,0.0,independent_greedy,emergency,21391940,3
0.0,0.6666666666666666,300.0,0.64,0.6497679499547598,0.4824213462761972,0.7777777777777778,0.4104344560815306,0.0,0.0,0.0,7988.150605011844,3848.5397836219013,0.0,communication_aware,emergency,21391940,3
1.0,1.0,167.0,0.5449101796407185,0.6971685517182408,0.49184689431210915,0.6666666666666666,0.7210986264376374,0.0,0.0,0.041916167664670656,4571.519184587464,1224.4326987067277,421.0,haco_safemarl_pilot_no_acoustic,emergency,21391940,3
0.0,1.0,117.0,0.6837606837606839,0.6006400528451568,0.4087540552811417,0.8888888888888888,0.6731683325566846,0.0,36.0,0.0,3618.778258999604,798.8643265434526,0.0,haco_safemarl_pilot_no_shield,emergency,21391940,3
1.0,1.0,202.0,0.49834983498349833,0.7287221893763901,0.5726074234719616,0.6666666666666665,0.7337048855178863,0.0,0.0,0.13366336633663367,5278.245149117946,1540.1662703473064,558.0,haco_safemarl_pilot,emergency,21391940,3
0.0,0.0,300.0,0.3733333333333333,0.7747337307652611,0.6984180945305489,0.6666666666666669,0.8058612511082883,0.0,0.0,0.0,571.6934828916745,221.04482388474264,771.0,haco_safemarl_mappo,emergency,21391940,3
0.0,1.0,290.0,0.6827586206896552,0.6648419621329456,0.538881515495786,1.0,0.6598752593945295,0.0,60.0,0.0,5375.149999999978,2826.5916082054996,0.0,fixed_auv_ga_pso_tlbo_proxy,emergency,21401947,3
0.0,1.0,222.0,0.7912912912912913,0.5333092736253267,0.4067277999638279,1.0,0.33333333304991114,0.0,45.0,0.0,5457.870000000007,2303.599999999999,0.0,independent_greedy,emergency,21401947,3
0.0,0.6666666666666666,300.0,0.6877777777777777,0.7471250309431161,0.7150135694807496,1.0,0.6642355410323347,0.0,55.0,0.0,8146.433945133438,3422.2246983367495,0.0,communication_aware,emergency,21401947,3
0.0,1.0,222.0,0.6366366366366367,0.6633956395769416,0.4499482101940734,0.6666666666666664,0.3929098568327552,0.0,20.0,0.0,6544.6921379729565,1398.4246328169743,506.0,haco_safemarl_pilot_no_acoustic,emergency,21401947,3
0.0,1.0,217.0,0.6466973886328724,0.5867911085167726,0.4566334153521764,0.6666666666666665,0.37312906444361965,0.0,44.0,0.0,6843.579295395697,1504.3627215609085,0.0,haco_safemarl_pilot_no_shield,emergency,21401947,3
0.0,1.0,225.0,0.5674074074074074,0.7029846637989389,0.5373767489395411,0.6666666666666664,0.5156826455098739,0.0,22.0,0.0,6756.3617584840285,1486.2009288817865,519.0,haco_safemarl_pilot,emergency,21401947,3
0.0,0.0,300.0,0.6522222222222221,0.5260747619513831,0.23122048843966875,0.6666666666666669,0.3621680768608756,0.0,0.0,0.0,648.0457632552236,141.4708474663474,839.0,haco_safemarl_mappo,emergency,21401947,3
0.0,1.0,266.0,0.9285714285714286,0.3950910761825784,0.22168879944559178,1.0,0.33333333091358025,0.0,76.0,0.0,4930.309999999981,2536.901885252801,0.0,fixed_auv_ga_pso_tlbo_proxy,emergency,21411954,3
0.0,1.0,203.0,0.9474548440065681,0.33496556685355566,0.11387960050272362,1.0,0.6274509645486356,0.13793103448275862,59.0,0.35467980295566504,4990.7550000000065,1947.0000000000027,0.0,independent_greedy,emergency,21411954,3
0.0,0.3333333333333333,300.0,0.9322222222222221,0.5921451273626634,0.4804227582295906,1.0,0.3333333306458837,0.0,83.0,0.0,7752.15963039231,3026.4186917734346,0.0,communication_aware,emergency,21411954,3
0.0,0.6666666666666666,300.0,0.9333333333333333,0.5595860547935394,0.3536987282693617,1.0,0.8230452505546247,0.0,0.0,0.006666666666666667,9286.512155511073,2562.8998578133105,909.0,haco_safemarl_pilot_no_acoustic,emergency,21411954,3
0.0,1.0,262.0,0.9872773536895673,0.44597503283091106,0.23442910756750082,1.0,0.33333325706223965,0.0,68.0,0.04580152671755725,8093.399284125105,2038.6683241091198,0.0,haco_safemarl_pilot_no_shield,emergency,21411954,3
0.0,0.0,300.0,0.91,0.6356616824210922,0.5720864816131325,1.0,0.8915613425410356,0.0,0.0,0.0,8694.06710254986,3016.7073821084987,899.0,haco_safemarl_pilot,emergency,21411954,3
0.0,0.0,300.0,0.3933333333333333,0.7634962253787767,0.7052735749338254,0.6666666666666669,0.8574091008842062,0.0,0.0,0.0,616.0252240844368,124.68321697441334,770.0,haco_safemarl_mappo,emergency,21411954,3
0.0,0.6666666666666666,300.0,0.778888888888889,0.5371723261386114,0.357064128420152,1.0,0.603168074719593,0.0,48.0,0.0,5560.499999999976,2659.0911079983875,0.0,fixed_auv_ga_pso_tlbo_proxy,emergency,21421961,3
0.0,1.0,250.0,0.9573333333333333,0.43634362084295497,0.120583581945014,1.0,0.37758111224232316,0.0,37.0,0.0,6146.250000000008,2553.4000000000115,0.0,independent_greedy,emergency,21421961,3
0.0,0.3333333333333333,300.0,0.8077777777777777,0.6706760350930095,0.5913940311134985,1.0,0.5972064241494847,0.0,42.0,0.0,7861.184884035138,3020.9240420936007,0.0,communication_aware,emergency,21421961,3
0.0,0.3333333333333333,300.0,0.5388888888888889,0.6557765625305587,0.5773695812332262,0.6666666666666669,0.7638861164613089,0.0,0.0,0.0,8287.997845917615,2883.888375909384,755.0,haco_safemarl_pilot_no_acoustic,emergency,21421961,3
0.0,0.3333333333333333,300.0,0.7155555555555556,0.5665226651545177,0.4430001298954714,1.0,0.6074898029785495,0.0,36.0,0.0,8983.104378653676,3124.6791208567333,0.0,haco_safemarl_pilot_no_shield,emergency,21421961,3
0.0,0.3333333333333333,300.0,0.4888888888888889,0.7357475208609549,0.6840162987124712,0.688888888888889,0.8101878438400569,0.0,0.0,0.0,8209.227149731814,3087.0260411577033,769.0,haco_safemarl_pilot,emergency,21421961,3
0.0,0.0,300.0,0.30333333333333334,0.7918173575518914,0.7714271917139894,0.8333333333333334,0.9227145661659253,0.0,0.0,0.0,654.537756518808,245.3194342722851,786.0,haco_safemarl_mappo,emergency,21421961,3
0.0,1.0,235.0,0.17872340425531913,0.8029082224149648,0.7183203557643085,0.5277777777777778,0.9381438104582154,0.0,66.0,0.0,4355.724999999986,2148.739936116108,0.0,fixed_auv_ga_pso_tlbo_proxy,emergency,21431968,3
0.0,1.0,180.0,0.5333333333333332,0.7510476969012966,0.7450137618122508,0.6666666666666665,0.8074458342721843,0.0,51.0,0.0,4425.300000000006,1677.9999999999986,0.0,independent_greedy,emergency,21431968,3
0.0,1.0,224.0,0.24553571428571427,0.8158759293910309,0.7726380224931846,0.9855072463768115,0.9423066346736423,0.0,34.0,0.0,6241.903432160108,2506.317888402584,0.0,communication_aware,emergency,21431968,3
1.0,1.0,248.0,0.06989247311827956,0.8228443207520078,0.7864873713654568,0.33333333333333337,0.9888327219809997,0.0,0.0,0.0,7135.740773868812,2153.341184272354,374.0,haco_safemarl_pilot_no_acoustic,emergency,21431968,3
0.0,1.0,176.0,0.09280303030303029,0.7998943401405951,0.7438187101592644,0.33333333333333326,0.9807056911355675,0.0,30.0,0.0,5552.695239461816,1310.6897620205852,0.0,haco_safemarl_pilot_no_shield,emergency,21431968,3
1.0,1.0,256.0,0.07161458333333333,0.8257057601026444,0.7936100781316526,0.33333333333333337,0.9882391590031371,0.0,0.0,0.0,7339.690107243663,2269.19614353949,386.0,haco_safemarl_pilot,emergency,21431968,3
0.0,0.3333333333333333,300.0,0.04444444444444445,0.8353089265799447,0.8146415989864476,0.3333333333333334,0.9956919761852284,0.0,0.0,0.0,950.2002718286724,430.70291666028845,457.0,haco_safemarl_mappo,emergency,21431968,3
0.0,1.0,264.0,0.6022727272727273,0.6072195784802218,0.4967078111050454,1.0,0.627216353809351,0.0,29.0,0.0,4893.239999999982,2077.5588348896586,0.0,fixed_auv_ga_pso_tlbo_proxy,emergency,21441975,3
0.0,1.0,202.0,0.6501650165016503,0.5789495972159339,0.3166967140042583,1.0,0.6246386476333146,0.0,22.0,0.0,4966.170000000006,1660.0000000000043,0.0,independent_greedy,emergency,21441975,3
0.0,0.3333333333333333,300.0,0.7188888888888888,0.6516108278508492,0.5874659629440729,1.0,0.6527068222873789,0.0,0.0,0.023333333333333334,7932.440888179191,2930.862212471662,0.0,communication_aware,emergency,21441975,3
0.0,0.6666666666666666,300.0,0.5733333333333334,0.63005056054907,0.4142182444080476,1.0,0.7043246493404158,0.0,0.0,0.0,9153.499902327803,2841.6701356040917,653.0,haco_safemarl_pilot_no_acoustic,emergency,21441975,3
0.0,0.6666666666666666,300.0,0.73,0.5298369215174168,0.42107874327008993,1.0,0.5909213720697818,0.0,18.0,0.0,9128.848593900884,2548.262688642461,0.0,haco_safemarl_pilot_no_shield,emergency,21441975,3
0.0,0.0,300.0,0.6511111111111111,0.6963022741579293,0.6483402698618949,1.0,0.818563718774008,0.0,0.0,0.01,8918.047000523693,3053.1673983104056,720.0,haco_safemarl_pilot,emergency,21441975,3
0.0,0.0,300.0,0.5488888888888889,0.7407968628461519,0.6053629471491672,0.6666666666666669,0.5427450049098242,0.0,0.0,0.0,1064.2924810962527,317.62130584915303,614.0,haco_safemarl_mappo,emergency,21441975,3
0.0,0.6666666666666666,300.0,0.3722222222222221,0.7111706869247015,0.5792414246680138,0.6666666666666669,0.8220859051791276,0.1,0.0,0.14333333333333334,5560.499999999976,3500.698985228579,0.0,fixed_auv_ga_pso_tlbo_proxy,emergency,21451982,3
1.0,1.0,268.0,0.48383084577114416,0.5751103808841729,0.22072368072973245,0.6666666666666669,0.648176374553344,0.0,0.0,0.0,6588.780000000009,3644.0000000000155,0.0,independent_greedy,emergency,21451982,3
0.0,0.6666666666666666,300.0,0.4244444444444444,0.7522120677766179,0.6721595369277886,0.6666666666666669,0.7714450000878901,0.09666666666666666,0.0,0.13666666666666666,8171.647412620952,3908.01767438865,0.0,communication_aware,emergency,21451982,3
1.0,1.0,257.0,0.25162127107652393,0.7445234340592058,0.5434835609684107,0.33333333333333337,0.8360617862007301,0.0,0.0,0.19066147859922178,7752.069107390328,2041.0091658403928,435.0,haco_safemarl_pilot_no_acoustic,emergency,21451982,3
0.0,1.0,260.0,0.3807692307692307,0.6786665219466479,0.39869700753439447,0.6666666666666667,0.8148268453045449,0.0038461538461538464,0.0,0.16923076923076924,7998.475385137079,2085.4225572268365,0.0,haco_safemarl_pilot_no_shield,emergency,21451982,3
1.0,1.0,257.0,0.23735408560311283,0.7673286593625107,0.6131407228893089,0.3589743589743589,0.853120141988433,0.0,0.0,0.1867704280155642,7700.163393934022,1915.0669629805266,445.0,haco_safemarl_pilot,emergency,21451982,3
0.0,0.3333333333333333,300.0,0.15,0.8119887120501843,0.7650923215107736,0.3333333333333334,0.9413680780396135,0.0,0.0,0.23666666666666666,594.0946014353518,180.83265614944605,551.0,haco_safemarl_mappo,emergency,21451982,3
0.0,0.6666666666666666,300.0,0.6788888888888889,0.4693226972591853,0.2767803791708194,1.0,0.4878021712315679,0.0,113.0,0.0,5560.499999999976,2775.1419717483022,0.0,fixed_auv_ga_pso_tlbo_proxy,emergency,21461989,3
0.0,1.0,277.0,0.927797833935018,0.35480878982747044,0.10218345337719542,1.0,0.5747126366383898,0.0,87.0,0.0,6810.045000000009,2799.800000000014,0.0,independent_greedy,emergency,21461989,3
0.0,0.3333333333333333,300.0,0.7855555555555556,0.638889514729046,0.5748694127436482,1.0,0.5410402770099841,0.0,53.0,0.0,7845.948632848747,2974.6752820424194,0.0,communication_aware,emergency,21461989,3
0.0,0.6666666666666666,300.0,0.688888888888889,0.6085965730466345,0.31362586585227586,0.9333333333333333,0.6094243112506553,0.0,27.0,0.0,6728.732228169142,1922.1742530482757,930.0,haco_safemarl_pilot_no_acoustic,emergency,21461989,3
0.0,1.0,272.0,0.7328431372549019,0.5736954112404246,0.28369311430066824,1.0,0.5054346666092987,0.0,127.0,0.0,8513.129669650218,2227.5252070726583,0.0,haco_safemarl_pilot_no_shield,emergency,21461989,3
0.0,0.0,300.0,0.7133333333333334,0.6779081073367136,0.5940558286992993,1.0,0.8347001721074037,0.0,34.0,0.0,7552.402439715192,2484.0424108913835,995.0,haco_safemarl_pilot,emergency,21461989,3
0.0,0.0,300.0,0.30999999999999994,0.7852737010111779,0.7523704312983288,0.6666666666666669,0.9494360858502056,0.0,5.0,0.0,871.7086829851047,507.40690534837955,789.0,haco_safemarl_mappo,emergency,21461989,3
1.0,1.0,209.0,0.5629984051036683,0.6329647425581562,0.4058780557986855,0.6666666666666665,0.5438634616728496,0.0,0.0,0.0,3873.8149999999896,1735.4212254395618,0.0,fixed_auv_ga_pso_tlbo_proxy,emergency,21471996,3
1.0,1.0,160.0,0.84375,0.5154323862783571,0.45646592946208076,1.0,0.9709994778426398,0.0,0.0,0.0,3933.600000000005,1391.0000000000018,0.0,independent_greedy,emergency,21471996,3
0.0,0.6666666666666666,300.0,0.6044444444444443,0.7030265159773461,0.5996347896546766,0.6666666666666669,0.46086153338759733,0.0,0.0,0.0,8016.085255649467,3401.540698575906,0.0,communication_aware,emergency,21471996,3
1.0,1.0,228.0,0.4298245614035088,0.7292156454090498,0.6757040169119434,0.6666666666666664,0.9065550903746236,0.0,0.0,0.0,7219.264467560515,1710.1187504028144,553.0,haco_safemarl_pilot_no_acoustic,emergency,21471996,3
1.0,1.0,182.0,0.8534798534798537,0.6505028709429558,0.5923309926078585,1.0,0.651996737816143,0.0,0.0,0.0,5683.965760758492,1430.1625707765538,0.0,haco_safemarl_pilot_no_shield,emergency,21471996,3
1.0,1.0,234.0,0.42592592592592593,0.737031241972381,0.6818934902701125,0.6666666666666666,0.9023474175658586,0.0,0.0,0.0,7457.886922553418,1870.6722201342554,550.0,haco_safemarl_pilot,emergency,21471996,3
0.0,0.3333333333333333,300.0,0.05222222222222221,0.8264509054561147,0.8153563381374369,0.3333333333333334,0.9939647033655086,0.0,0.0,0.0,827.9708153310288,221.1531054335391,461.0,haco_safemarl_mappo,emergency,21471996,3
0.0,0.6666666666666666,300.0,0.6144444444444443,0.7120502506028867,0.5310751335864542,1.0,0.5461542995135151,0.0,38.0,0.0,5560.499999999976,2227.751690212315,0.0,fixed_auv_ga_pso_tlbo_proxy,emergency,21482003,3
0.0,0.6666666666666666,300.0,0.8633333333333333,0.4474692586464183,0.3504399234464745,1.0,0.6057657635828261,0.0,70.0,0.0,7375.50000000001,2852.800000000007,0.0,independent_greedy,emergency,21482003,3
0.0,0.3333333333333333,300.0,0.4355555555555554,0.7838028164780051,0.7234368790710942,0.6777777777777779,0.6744337988890308,0.0,33.0,0.0,8271.047762843069,3130.8051524412326,0.0,communication_aware,emergency,21482003,3
0.0,0.6666666666666666,300.0,0.35333333333333333,0.7602213484147645,0.7195716921357079,0.6666666666666669,0.9827145018061739,0.0,0.0,0.0,9445.042695187582,2537.646119950959,625.0,haco_safemarl_pilot_no_acoustic,emergency,21482003,3
0.0,0.6666666666666666,300.0,0.6555555555555556,0.6624884804809403,0.518022420882206,1.0,0.5401911183326745,0.0,72.0,0.0,9463.756155828743,2295.8648470283106,0.0,haco_safemarl_pilot_no_shield,emergency,21482003,3
0.0,0.3333333333333333,300.0,0.3355555555555555,0.7838224838884178,0.7739597036226677,0.6666666666666669,0.9919226883431721,0.0,0.0,0.0,9380.628432906326,2913.550449918607,622.0,haco_safemarl_pilot,emergency,21482003,3
0.0,0.0,300.0,0.5233333333333333,0.6277035665567595,0.33168060296170326,0.7222222222222222,0.6049701689448341,0.0,0.0,0.0,915.3764998149497,166.9170260578998,719.0,haco_safemarl_mappo,emergency,21482003,3
0.0,1.0,203.0,0.9622331691297208,0.48835309934257326,0.3483382892438323,1.0,0.333333324677799,0.0,61.0,0.0,3762.6049999999905,2197.781028545663,0.0,fixed_auv_ga_pso_tlbo_proxy,emergency,21492010,3
0.0,1.0,155.0,0.9440860215053762,0.42873098477919264,0.4259413876811234,1.0,0.3333333293844511,0.0,47.0,0.0,3810.6750000000047,1863.5999999999965,0.0,independent_greedy,emergency,21492010,3
0.0,0.6666666666666666,300.0,0.9788888888888888,0.6135995356140352,0.5566979799096162,1.0,0.33333330563250463,0.0,20.0,0.0,7776.1072702519605,3391.1310470729677,0.0,communication_aware,emergency,21492010,3
0.0,0.6666666666666666,300.0,0.5766666666666667,0.6385016808167671,0.3653158518729636,0.8,0.8370149972303542,0.0,0.0,0.04666666666666667,8482.031626526605,2847.522132964712,826.0,haco_safemarl_pilot_no_acoustic,emergency,21492010,3
0.0,1.0,171.0,0.8343079922027291,0.515482654742219,0.382260007415564,1.0,0.5408338935687907,0.0,72.0,0.0,5270.652573601246,1278.2597666869337,0.0,haco_safemarl_pilot_no_shield,emergency,21492010,3
0.0,0.3333333333333333,300.0,0.6355555555555557,0.6890573432636095,0.5932218370010303,0.6777777777777779,0.6293007635990296,0.0,0.0,0.0,8852.097922122734,3394.826250434347,687.0,haco_safemarl_pilot,emergency,21492010,3
0.0,0.0,300.0,0.27777777777777773,0.7955713471656319,0.7684428129451317,0.6666666666666669,0.9181868361723522,0.0,0.0,0.0,774.0510872591751,680.782595077758,798.0,haco_safemarl_mappo,emergency,21492010,3
0.0,0.3333333333333333,300.0,0.8488888888888888,0.3640963784384083,0.2108446633174129,1.0,0.6575654131406111,0.0,0.0,0.006666666666666667,5560.499999999976,1995.3090584350957,0.0,fixed_auv_ga_pso_tlbo_proxy,emergency,21502017,3
0.0,1.0,267.0,0.9425717852684143,0.21221293226106203,0.06655598022844451,1.0,0.33333332958994966,0.0,38.0,0.07865168539325842,6564.195000000009,2081.600000000003,0.0,independent_greedy,emergency,21502017,3
0.0,0.0,300.0,0.8222222222222222,0.640626238278223,0.6343132812472114,1.0,0.6440251557745342,0.0,0.0,0.0,7828.586039722288,2910.7039948228607,0.0,communication_aware,emergency,21502017,3
0.0,0.0,300.0,0.9422222222222223,0.553052514280062,0.4633283663605234,1.0,0.33333332963510853,0.0,0.0,0.05,9069.195155347808,3068.3345541182503,913.0,haco_safemarl_pilot_no_acoustic,emergency,21502017,3
0.0,0.0,300.0,1.0,0.42066418737716516,0.3832247086959697,1.0,0.0,0.0,0.0,0.05,8975.430234225529,2899.8900293021175,0.0,haco_safemarl_pilot_no_shield,emergency,21502017,3
0.0,0.0,300.0,0.8344444444444444,0.6797851274730773,0.6271537893932646,1.0,0.452315464810456,0.0,0.0,0.05333333333333334,8913.143055694662,3042.5176121266595,913.0,haco_safemarl_pilot,emergency,21502017,3
0.0,0.0,300.0,0.42111111111111105,0.7579255341007971,0.6962217263808906,0.8333333333333334,0.8505949188968581,0.0,0.0,0.11,421.742923798673,36.52271862255299,915.0,haco_safemarl_mappo,emergency,21502017,3
0.0,1.0,221.0,0.0030165912518853692,0.8528264200986354,0.8461383491082928,0.02898550724637681,0.999981690277276,0.0,14.0,0.10407239819004525,4096.234999999988,1491.8051077831374,0.0,fixed_auv_ga_pso_tlbo_proxy,emergency,21512024,3
0.0,1.0,169.0,0.3727810650887574,0.7569436050692451,0.657419722713919,1.0,0.9156796694361193,0.0,11.0,0.14201183431952663,4154.865000000005,1156.600000000001,0.0,independent_greedy,emergency,21512024,3
0.0,1.0,191.0,0.0,0.8531336719038795,0.8466258843554888,0.0,0.9999999998888889,0.0,12.0,0.13089005235602094,5419.625,1654.0268419053918,0.0,communication_aware,emergency,21512024,3
1.0,1.0,164.0,0.014227642276422762,0.8498431220977063,0.8437382949209329,0.13725490196078433,0.9995835510048537,0.0,0.0,0.12804878048780488,4819.9940575638375,1137.4224512694798,156.0,haco_safemarl_pilot_no_acoustic,emergency,21512024,3
0.0,1.0,164.0,0.0934959349593496,0.8432744292182246,0.8332242099471809,0.3333333333333333,0.9928028827064435,0.0,11.0,0.17682926829268292,5307.060545347548,1203.0432756534406,0.0,haco_safemarl_pilot_no_shield,emergency,21512024,3
1.0,1.0,164.0,0.014227642276422762,0.8501618390628062,0.8444584264326757,0.13725490196078433,0.9995835510048537,0.0,0.0,0.1402439024390244,4823.659899521518,1118.4381277460566,151.0,haco_safemarl_pilot,emergency,21512024,3
0.0,0.0,300.0,0.73,0.6633288341208665,0.6301524467945878,1.0,0.8354059664249323,0.0,0.0,0.08666666666666667,1203.3618624119617,203.7723321810628,784.0,haco_safemarl_mappo,emergency,21512024,3
0.0,0.6666666666666666,300.0,0.5477777777777777,0.589342733509357,0.38311073320902395,1.0,0.7305970508410681,0.0,8.0,0.0,5560.499999999976,2307.8200003852494,0.0,fixed_auv_ga_pso_tlbo_proxy,emergency,21522031,3
0.0,1.0,281.0,0.697508896797153,0.46741203716586016,0.11074908317617926,1.0,0.7127355227135104,0.0,6.0,0.0,6908.385000000009,2604.4000000000124,0.0,independent_greedy,emergency,21522031,3
0.0,0.0,300.0,0.6511111111111111,0.6580297066815521,0.5084157332801452,1.0,0.8022979520863295,0.0,8.0,0.0,7979.543125264397,2934.1635247398476,0.0,communication_aware,emergency,21522031,3
0.0,0.3333333333333333,300.0,0.5288888888888889,0.621036488245266,0.3169328530631495,1.0,0.7936499524478033,0.0,5.0,0.0,9188.184001897343,2903.1991731514636,723.0,haco_safemarl_pilot_no_acoustic,emergency,21522031,3
0.0,0.0,300.0,0.6877777777777777,0.5463836036033046,0.33087386892340237,1.0,0.7735586571675702,0.0,6.0,0.0,9172.843516166273,2854.7832643586335,0.0,haco_safemarl_pilot_no_shield,emergency,21522031,3
0.0,0.0,300.0,0.5377777777777777,0.7044495138743863,0.5299918336106172,1.0,0.7957914869972905,0.0,5.0,0.0,9153.032769190386,2922.1202125749423,731.0,haco_safemarl_pilot,emergency,21522031,3
0.0,0.0,300.0,0.2522222222222222,0.7940254392032814,0.7221885604091572,0.45555555555555544,0.8942241437291236,0.0,8.0,0.0,1062.841512570255,274.997696102341,598.0,haco_safemarl_mappo,emergency,21522031,3
0.0,0.6666666666666666,300.0,0.7277777777777777,0.552357733999379,0.3852990932151,1.0,0.7608599197820104,0.0,0.0,0.0,5560.499999999976,2794.9670171839693,0.0,fixed_auv_ga_pso_tlbo_proxy,emergency,21532038,3
1.0,1.0,243.0,0.7009602194787379,0.48969772113215204,0.1842231250014245,1.0,0.4257278507109306,0.0,0.0,0.0,5974.155000000008,2571.800000000005,0.0,independent_greedy,emergency,21532038,3
0.0,0.6666666666666666,300.0,0.7822222222222222,0.6479645792544206,0.5917545831458519,1.0,0.7654114351686186,0.0,0.0,0.0,7890.570830451175,2989.7361051169787,0.0,communication_aware,emergency,21532038,3
0.0,0.6666666666666666,300.0,0.5177777777777778,0.6413713379264706,0.3971896763189874,0.8555555555555555,0.6826718855371663,0.0,0.0,0.0,9329.434633649784,2700.214842715733,727.0,haco_safemarl_pilot_no_acoustic,emergency,21532038,3
1.0,1.0,264.0,0.5946969696969697,0.6274159412745205,0.362275665491563,1.0,0.6708005387265582,0.0,0.0,0.0,8205.960423557284,2191.3444826215296,0.0,haco_safemarl_pilot_no_shield,emergency,21532038,3
0.0,0.3333333333333333,300.0,0.62,0.7201632924487252,0.6679925506823252,1.0,0.5121239982219398,0.0,0.0,0.0,8961.958826503618,3117.384275126974,691.0,haco_safemarl_pilot,emergency,21532038,3
0.0,0.0,300.0,0.39888888888888885,0.7867179534017911,0.7498673982108854,0.6666666666666669,0.8177388484036809,0.0,0.0,0.0,1037.0409132291406,706.8594010132271,663.0,haco_safemarl_mappo,emergency,21532038,3
0.0,1.0,298.0,0.9519015659955256,0.20554874784136154,0.07298660971995415,1.0,0.6494555470058833,0.0,128.0,0.0,5523.429999999977,2146.645779212596,0.0,fixed_auv_ga_pso_tlbo_proxy,emergency,21542045,3
0.0,1.0,228.0,0.8216374269005847,0.23647698600241374,0.01908838670970016,1.0,0.36772408293517717,0.0,97.0,0.0,5605.380000000007,1761.6000000000017,0.0,independent_greedy,emergency,21542045,3
0.0,0.0,300.0,0.9888888888888888,0.47365195404181626,0.2789976956112987,1.0,0.641025271203369,0.0,142.0,0.10666666666666667,7637.820926088023,2926.424419737787,0.0,communication_aware,emergency,21542045,3
0.0,0.0,300.0,0.8255555555555554,0.37079916437574034,0.0855084048501314,1.0,0.40802171729118947,0.0,0.0,0.0,7588.453817537887,2773.074002157094,930.0,haco_safemarl_pilot_no_acoustic,emergency,21542045,3
0.0,0.0,300.0,0.9477777777777777,0.2917844164512985,0.1275371381159683,1.0,0.41158933537487613,0.0,159.0,0.0,8750.50100807728,3075.0544999718427,0.0,haco_safemarl_pilot_no_shield,emergency,21542045,3
0.0,0.0,300.0,0.8155555555555555,0.5825174649481748,0.3768191687253253,1.0,0.36700229032776344,0.0,0.0,0.0,6800.059875310933,2595.4534719172843,984.0,haco_safemarl_pilot,emergency,21542045,3
0.0,0.0,300.0,0.44,0.725714621016627,0.5493999571527874,0.6666666666666669,0.6433260392406716,0.0,0.0,0.15666666666666668,461.0043485689539,167.19471578458464,898.0,haco_safemarl_mappo,emergency,21542045,3
0.0,0.6666666666666666,300.0,0.7333333333333333,0.4506161177712572,0.39097338921800107,1.0,0.8629989200876499,0.0,0.0,0.0,5560.499999999976,2740.349065834864,0.0,fixed_auv_ga_pso_tlbo_proxy,emergency,21552052,3
0.0,0.6666666666666666,300.0,0.8022222222222222,0.3205501015401175,0.22282567377021845,1.0,0.610481694509762,0.0,0.0,0.0,7375.50000000001,3527.2000000000226,0.0,independent_greedy,emergency,21552052,3
0.0,0.3333333333333333,300.0,0.7588888888888888,0.6518176454468807,0.6498059556429158,1.0,0.8545012416407152,0.0,114.0,0.0,7868.063733703367,2968.0765833121295,0.0,communication_aware,emergency,21552052,3
0.0,0.3333333333333333,300.0,0.6455555555555555,0.6197070217615106,0.5737288698455856,1.0,0.9938859416776571,0.0,0.0,0.0,5353.490546044961,1781.0857372532787,1002.0,haco_safemarl_pilot_no_acoustic,emergency,21552052,3
0.0,0.3333333333333333,300.0,0.7911111111111111,0.46249917028352594,0.4334837105501791,1.0,0.8951020594499522,0.0,19.0,0.0,9059.591506364104,2949.455877659117,0.0,haco_safemarl_pilot_no_shield,emergency,21552052,3
0.0,0.0,300.0,0.6277777777777778,0.7157045382068459,0.6987322332557395,1.0,0.9978482569126379,0.0,0.0,0.0,3977.6286782163693,1906.268750123417,1074.0,haco_safemarl_pilot,emergency,21552052,3
0.0,0.0,300.0,0.0811111111111111,0.8300569980006492,0.8162737902083647,0.3333333333333334,0.9852684197496608,0.0,0.0,0.0,461.88392332059715,320.7174461716348,525.0,haco_safemarl_mappo,emergency,21552052,3
0.0,0.6666666666666666,300.0,0.5477777777777777,0.6153895182579667,0.4680597631870888,1.0,0.9506126074686226,0.05333333333333334,0.0,0.12,5560.499999999976,3328.2741003555275,0.0,fixed_auv_ga_pso_tlbo_proxy,emergency,21562059,3
0.0,0.6666666666666666,300.0,0.7811111111111111,0.4963457200527231,0.15679612095881168,1.0,0.5704605245940609,0.0,44.0,0.10333333333333333,7375.50000000001,3937.6000000000204,0.0,independent_greedy,emergency,21562059,3
0.0,0.6666666666666666,300.0,0.6633333333333332,0.6968653120230952,0.6250615906136454,1.0,0.9668277879188439,0.04666666666666667,0.0,0.11,8055.576336003134,3609.1758004878448,0.0,communication_aware,emergency,21562059,3
0.0,0.6666666666666666,300.0,0.3933333333333333,0.6777062241772478,0.40205681871934706,0.6666666666666669,0.8511520340425304,0.0,0.0,0.05,9276.120770356923,2550.867275107988,484.0,haco_safemarl_pilot_no_acoustic,emergency,21562059,3
0.0,1.0,297.0,0.45454545454545453,0.5970390400089823,0.34508582945142124,0.6666666666666669,0.7937173617019411,0.0,42.0,0.0,9216.402562348942,2251.9680017823366,0.0,haco_safemarl_pilot_no_shield,emergency,21562059,3
0.0,0.3333333333333333,300.0,0.4166666666666667,0.7568454118027398,0.6544603115131222,0.6666666666666669,0.7903293789734976,0.0,0.0,0.08,8868.064698195896,3179.7464333274233,484.0,haco_safemarl_pilot,emergency,21562059,3
0.0,0.0,300.0,0.13111111111111107,0.808709074381498,0.7524279496848822,0.6666666666666669,0.9812801872810616,0.0,0.0,0.24333333333333335,914.9880947791263,135.63878656104737,572.0,haco_safemarl_mappo,emergency,21562059,3
1.0,1.0,236.0,1.0,0.36251826363316403,0.14718322795624467,1.0,0.0,0.0,0.0,0.06779661016949153,4374.259999999986,1902.440317710851,0.0,fixed_auv_ga_pso_tlbo_proxy,emergency,21572066,3
1.0,1.0,180.0,1.0,0.31119072690412913,0.09875128819823098,1.0,0.0,0.0,0.0,0.0,4425.300000000006,1520.7999999999981,0.0,independent_greedy,emergency,21572066,3
0.0,0.0,300.0,0.9722222222222223,0.5541192791075428,0.4378995788044983,1.0,0.3333333173333341,0.0,0.0,0.0,7754.8369556522575,2966.4714215518507,0.0,communication_aware,emergency,21572066,3
1.0,1.0,253.0,0.8287220026350459,0.5327419138031388,0.20783551525872995,1.0,0.33333333291249834,0.0,0.0,0.007905138339920948,6822.449730156668,1864.6067164522074,752.0,haco_safemarl_pilot_no_acoustic,emergency,21572066,3
0.0,0.3333333333333333,300.0,0.9966666666666667,0.4038950655526364,0.2549645361693082,1.0,0.3333322222259259,0.04,0.0,0.09,8892.120105482183,2943.626466481072,0.0,haco_safemarl_pilot_no_shield,emergency,21572066,3
0.0,0.3333333333333333,300.0,0.8244444444444445,0.6615263189488254,0.5988524373929792,1.0,0.3333333329327565,0.0,0.0,0.10333333333333333,8928.081780805012,3087.813720969674,936.0,haco_safemarl_pilot,emergency,21572066,3
0.0,0.3333333333333333,300.0,0.3466666666666666,0.7674300943793985,0.6692661752835904,0.7444444444444444,0.7238195725357387,0.0,0.0,0.06333333333333334,878.4096863315802,365.17804558871194,771.0,haco_safemarl_mappo,emergency,21572066,3
0.0,0.6666666666666666,300.0,0.2666666666666667,0.7732306888899825,0.7113810867235792,0.7111111111111111,0.9429061248098138,0.0,0.0,0.0,5560.499999999976,2933.4285814685786,0.0,fixed_auv_ga_pso_tlbo_proxy,emergency,21582073,3
1.0,1.0,255.0,0.6627450980392157,0.5791988381427188,0.3409457893743299,1.0,0.7842499640534913,0.0,0.0,0.0,6269.175000000008,2695.4000000000115,0.0,independent_greedy,emergency,21582073,3
0.0,0.3333333333333333,300.0,0.3744444444444444,0.7745936160344937,0.7374438215954703,1.0,0.9678590510172451,0.0,0.0,0.0,8223.761935258675,3291.60611339678,0.0,communication_aware,emergency,21582073,3
1.0,1.0,243.0,0.10836762688614539,0.8345298496065925,0.8141034970120993,0.4133333333333333,0.9789746368923813,0.0,0.0,0.0,7837.564320276035,2099.834722046218,244.0,haco_safemarl_pilot_no_acoustic,emergency,21582073,3
1.0,1.0,248.0,0.2970430107526882,0.797581013058857,0.7547973703844797,0.6666666666666667,0.9254131775119119,0.0,0.0,0.0,7785.264522467244,2070.8441312926607,0.0,haco_safemarl_pilot_no_shield,emergency,21582073,3
1.0,1.0,243.0,0.10836762688614539,0.8353464772526101,0.8157755960376822,0.3999999999999999,0.9781043526042901,0.0,0.0,0.0,7843.596648972285,2113.6320155663584,237.0,haco_safemarl_pilot,emergency,21582073,3
0.0,0.3333333333333333,300.0,0.3111111111111111,0.7959823379797071,0.7440432884694799,0.6666666666666669,0.9061763317266479,0.0,0.0,0.13333333333333333,973.0063094578728,95.25708162488941,493.0,haco_safemarl_mappo,emergency,21582073,3
1.0,1.0,214.0,0.2757009345794392,0.7398592316946959,0.636321255251331,0.8939393939393938,0.9539155867151707,0.0,0.0,0.0,3966.489999999989,1668.5709633544002,0.0,fixed_auv_ga_pso_tlbo_proxy,emergency,21592080,3
1.0,1.0,164.0,0.42073170731707316,0.7203006789881631,0.6262867794243996,1.0,0.9834368526818189,0.0,0.0,0.0,4031.940000000005,1345.6000000000024,0.0,independent_greedy,emergency,21592080,3
0.0,0.6666666666666666,300.0,0.5866666666666667,0.6789117887134595,0.6147101877539989,1.0,0.979446236848493,0.0,0.0,0.0,8125.050841506432,3258.2268035679804,0.0,communication_aware,emergency,21592080,3
1.0,1.0,254.0,0.37532808398950124,0.7154494828118532,0.5923276041014136,0.7051282051282051,0.8939390350366792,0.0,0.0,0.0,7644.33139329902,2059.210666810407,462.0,haco_safemarl_pilot_no_acoustic,emergency,21592080,3
1.0,1.0,204.0,0.4199346405228758,0.7007327572655916,0.6273324601278948,1.0,0.9415320017094918,0.0,0.0,0.0,6361.933589958203,1817.22915622049,0.0,haco_safemarl_pilot_no_shield,emergency,21592080,3
0.0,0.3333333333333333,300.0,0.4066666666666667,0.739451360391963,0.6570604199472474,0.7000000000000001,0.8135366916208245,0.0,0.0,0.0,8984.34531384878,3125.3898327697407,519.0,haco_safemarl_pilot,emergency,21592080,3
0.0,0.0,300.0,0.2922222222222222,0.7971828637550882,0.7743159385062972,0.6666666666666669,0.9184553920196901,0.0,0.0,0.0,1525.263111914428,604.3604361068834,656.0,haco_safemarl_mappo,emergency,21592080,3
1.0,1.0,276.0,0.32850241545893716,0.7956393629155335,0.7657171577661039,0.6666666666666669,0.8615254273247398,0.0,0.0,0.09782608695652174,5115.65999999998,2342.3484772267147,0.0,fixed_auv_ga_pso_tlbo_proxy,emergency,21602087,3
0.0,1.0,211.0,0.674565560821485,0.6129311813364258,0.4685993492364578,1.0,0.5495894523730376,0.03317535545023697,0.0,0.10426540284360189,5187.435000000007,1779.8000000000045,0.0,independent_greedy,emergency,21602087,3
1.0,1.0,260.0,0.39615384615384613,0.7949615284608128,0.7704124232629049,1.0,0.8980580753180525,0.0,0.0,0.011538461538461539,7234.305139170737,2739.799078972792,0.0,communication_aware,emergency,21602087,3
1.0,1.0,205.0,0.13495934959349593,0.8257243663680286,0.7815080633086016,0.33333333333333326,0.9551618236301823,0.0,0.0,0.24878048780487805,6675.462770718883,1517.4044598656303,233.0,haco_safemarl_pilot_no_acoustic,emergency,21602087,3
1.0,1.0,205.0,0.33658536585365845,0.7976061848115928,0.7704145658868224,0.42857142857142855,0.8808457946417249,0.0,0.0,0.25365853658536586,6529.753929940562,1718.463133927102,0.0,haco_safemarl_pilot_no_shield,emergency,21602087,3
1.0,1.0,205.0,0.1154471544715447,0.8301544965470902,0.796090100856959,0.33333333333333326,0.9683833008046642,0.0,0.0,0.2682926829268293,6678.314808210756,1735.0706751888642,229.0,haco_safemarl_pilot,emergency,21602087,3
0.0,0.0,300.0,0.0,0.8305254529547881,0.8296636072244371,0.0,0.9999999998888889,0.0,0.0,0.13333333333333333,1196.2443127039562,435.16518551937685,502.0,haco_safemarl_mappo,emergency,21602087,3
0.0,1.0,271.0,0.7121771217712177,0.5090468941741674,0.4704636969301313,1.0,0.8268551227579192,0.0,52.0,0.0,5022.984999999981,2694.7674466377716,0.0,fixed_auv_ga_pso_tlbo_proxy,emergency,21612094,3
0.0,1.0,207.0,0.6876006441223832,0.47806799484691925,0.2991332668940402,1.0,0.6388294797947311,0.0,39.0,0.0,5089.095000000007,2383.2000000000057,0.0,independent_greedy,emergency,21612094,3
0.0,0.3333333333333333,300.0,0.77,0.6203292140207926,0.5843120256120328,1.0,0.8241301699426515,0.0,45.0,0.0,7858.9779806288325,3072.801475691235,0.0,communication_aware,emergency,21612094,3
0.0,1.0,287.0,0.6236933797909406,0.622820232448078,0.5488422233738935,1.0,0.8936105004204694,0.0,8.0,0.0,8831.69793351838,2490.29560508036,662.0,haco_safemarl_pilot_no_acoustic,emergency,21612094,3
0.0,1.0,219.0,0.6316590563165905,0.5777243099949002,0.40751123173933607,1.0,0.6784365511394719,0.0,40.0,0.0,6849.567458004717,1730.3760161820912,0.0,haco_safemarl_pilot_no_shield,emergency,21612094,3
0.0,0.0,300.0,0.6622222222222222,0.6873583525780055,0.6681506536600201,1.0,0.9770785747278915,0.0,8.0,0.0,8797.796126800506,3222.642168228266,740.0,haco_safemarl_pilot,emergency,21612094,3
0.0,0.0,300.0,0.0988888888888889,0.8275749034855296,0.8223716719084444,0.3888888888888888,0.9801473227673736,0.0,4.0,0.0,774.8783693634047,171.0983498302076,512.0,haco_safemarl_mappo,emergency,21612094,3
0.0,0.6666666666666666,300.0,0.6366666666666667,0.5226452770882692,0.32542475227332557,1.0,0.6496017784270159,0.0,110.0,0.08333333333333333,5560.499999999976,2539.1915284030533,0.0,fixed_auv_ga_pso_tlbo_proxy,emergency,21622101,3
0.0,1.0,237.0,0.6765119549929676,0.4735793875340569,0.21166693162100367,1.0,0.6569306803156851,0.0,84.0,0.0970464135021097,5826.645000000008,2158.600000000005,0.0,independent_greedy,emergency,21622101,3
0.0,0.0,300.0,0.6733333333333333,0.6343396715883466,0.49690966931185176,1.0,0.678408287724223,0.0,195.0,0.09,7957.155145295982,2925.3931905589307,0.0,communication_aware,emergency,21622101,3
0.0,0.0,300.0,0.6377777777777777,0.5784245750437377,0.3690222955958938,1.0,0.6657645802172597,0.0,0.0,0.09333333333333334,9095.395157547866,3306.86167790454,729.0,haco_safemarl_pilot_no_acoustic,emergency,21622101,3
0.0,0.3333333333333333,300.0,0.7466666666666667,0.48850241177610215,0.3546163337338133,1.0,0.644786782044221,0.0,110.0,0.07666666666666666,9078.246295280602,2880.006561929018,0.0,haco_safemarl_pilot_no_shield,emergency,21622101,3
0.0,0.0,300.0,0.6333333333333333,0.7089126188693426,0.6158422849657876,1.0,0.6657862877375447,0.0,0.0,0.09333333333333334,9021.821342520485,3433.4957217562874,737.0,haco_safemarl_pilot,emergency,21622101,3
0.0,0.0,300.0,0.32444444444444437,0.8014379320008296,0.7618432272978768,0.6666666666666669,0.8236720140950745,0.0,0.0,0.30666666666666664,529.2750484623696,127.69773049969893,608.0,haco_safemarl_mappo,emergency,21622101,3
0.0,1.0,270.0,0.6358024691358024,0.47457974421749166,0.2632143542923811,0.6666666666666669,0.3945370054232721,0.0,47.0,0.0,5004.449999999981,2779.3981109636597,0.0,fixed_auv_ga_pso_tlbo_proxy,emergency,21632108,3
0.0,1.0,206.0,0.6553398058252429,0.38355541042052776,0.0950115528082078,0.6666666666666665,0.3559609272676195,0.0,37.0,0.0,5064.510000000007,2197.000000000003,0.0,independent_greedy,emergency,21632108,3
0.0,0.3333333333333333,300.0,0.6466666666666666,0.7054000100354566,0.614697194891817,0.6666666666666669,0.3731898497498373,0.0,103.0,0.0,7986.706196526299,3697.1435099557675,0.0,communication_aware,emergency,21632108,3
0.0,0.6666666666666666,300.0,0.6,0.5883588659796598,0.26825567838807257,0.6666666666666669,0.538062973095084,0.0,1.0,0.03666666666666667,9201.993389800942,2805.628583012342,619.0,haco_safemarl_pilot_no_acoustic,emergency,21632108,3
0.0,0.3333333333333333,300.0,0.6622222222222223,0.5274925439868025,0.2976845318246626,0.6666666666666669,0.3422206421421383,0.0,117.0,0.0,8851.459085422493,3254.7648162871074,0.0,haco_safemarl_pilot_no_shield,emergency,21632108,3
0.0,0.3333333333333333,300.0,0.6411111111111112,0.7001187975674584,0.569006391797041,0.6666666666666669,0.38414578004627203,0.0,1.0,0.0,8951.190828261866,3504.0223047466125,608.0,haco_safemarl_pilot,emergency,21632108,3
0.0,0.0,300.0,0.3644444444444444,0.7707058313663523,0.6637535747311342,0.6444444444444445,0.665073015131849,0.0,1.0,0.0,190.3833168663832,59.125748008624825,776.0,haco_safemarl_mappo,emergency,21632108,3
1.0,1.0,251.0,0.7397078353253653,0.5811727848545603,0.5029617857634582,1.0,0.6449100181199641,0.0,0.0,0.0,4652.2849999999835,2553.279908460982,0.0,fixed_auv_ga_pso_tlbo_proxy,emergency,21642115,3
0.0,1.0,192.0,0.8454861111111112,0.48205381876145154,0.20829636315404976,1.0,0.33333333281622696,0.046875,0.0,0.11979166666666667,4720.320000000006,2080.5999999999985,0.0,independent_greedy,emergency,21642115,3
0.0,0.6666666666666666,300.0,0.82,0.6430484660967919,0.5651956634222294,1.0,0.663028647878516,0.0,0.0,0.0,7871.508410909455,3058.832848371664,0.0,communication_aware,emergency,21642115,3
1.0,1.0,212.0,0.5172955974842768,0.7068289957090487,0.6177025125345976,0.9242424242424242,0.6473723613434201,0.0,0.0,0.04716981132075472,6786.1428584502855,1639.993973941186,495.0,haco_safemarl_pilot_no_acoustic,emergency,21642115,3
0.0,1.0,193.0,0.6666666666666667,0.5935716252279613,0.41399540800105633,1.0,0.658866188652302,0.0,11.0,0.0,6067.973025156872,1575.4548984866653,0.0,haco_safemarl_pilot_no_shield,emergency,21642115,3
1.0,1.0,252.0,0.5052910052910051,0.729836418210909,0.6668588201840507,0.8717948717948717,0.811524581685435,0.0,0.0,0.0,7934.891196096321,2314.2591432691806,631.0,haco_safemarl_pilot,emergency,21642115,3
0.0,0.0,300.0,0.18444444444444444,0.8018957228120778,0.7326685261653114,0.47777777777777763,0.9258025822802544,0.0,0.0,0.0,892.3310713048229,195.0019556579859,533.0,haco_safemarl_mappo,emergency,21642115,3
0.0,0.6666666666666666,300.0,0.5988888888888888,0.4800773495083081,0.22894646726881093,0.6666666666666669,0.4635069335520121,0.0,0.0,0.016666666666666666,5560.499999999976,2807.1683426873306,0.0,fixed_auv_ga_pso_tlbo_proxy,emergency,21652122,3
1.0,1.0,235.0,0.7957446808510639,0.3325294868063687,0.17064630480488688,1.0,0.4913976959301996,0.0,0.0,0.02553191489361702,5777.475000000008,2143.000000000005,0.0,independent_greedy,emergency,21652122,3
0.0,0.3333333333333333,300.0,0.7233333333333333,0.6352298291332534,0.5471441506869007,1.0,0.4874177492365148,0.0,0.0,0.01,7912.103398302706,2961.720402143279,0.0,communication_aware,emergency,21652122,3
1.0,1.0,283.0,0.6395759717314488,0.6136444074281221,0.381954302812342,0.7816091954022988,0.6386740328002813,0.0,0.0,0.02120141342756184,7659.761031694905,1802.6728869113413,728.0,haco_safemarl_pilot_no_acoustic,emergency,21652122,3
1.0,1.0,248.0,0.8064516129032256,0.5587448977045033,0.3309104400642853,1.0,0.5422877756851073,0.0,0.0,0.020161290322580645,7747.426057484912,2094.977852144123,0.0,haco_safemarl_pilot_no_shield,emergency,21652122,3
0.0,0.3333333333333333,300.0,0.6977777777777778,0.6804635353014082,0.5810063897615322,1.0,0.49528706054134636,0.0,0.0,0.016666666666666666,9031.918190550969,2971.7043417679633,749.0,haco_safemarl_pilot,emergency,21652122,3
0.0,0.0,300.0,0.054444444444444455,0.8268818441106169,0.8076642171035359,0.3333333333333334,0.9945425205623529,0.0,0.0,0.013333333333333334,1182.4802429988179,298.46620439528635,425.0,haco_safemarl_mappo,emergency,21652122,3
0.0,0.5,300.0,0.20333333333333334,0.831147326726311,0.7951093773072341,1.0,0.9834544261194907,0.0,120.0,0.056666666666666664,5306.999999999984,2824.0917572266676,0.0,fixed_auv_ga_pso_tlbo_proxy,generalization,21162029,2
0.0,1.0,242.0,0.6694214876033058,0.6855554491452619,0.6468943036595638,1.0,0.7999999985359001,0.0,92.0,0.02066115702479339,5599.880000000014,2506.50000000001,0.0,independent_greedy,generalization,21162029,2
0.0,0.5,300.0,0.27666666666666667,0.8291920511731121,0.8029891705263935,1.0,0.9812457016800096,0.0,103.0,0.07333333333333333,8080.505880215016,3590.4574357672736,0.0,communication_aware,generalization,21162029,2
0.0,1.0,253.0,0.04743083003952569,0.85485601684131,0.8531771161695714,0.46153846153846156,0.9975268352775841,0.0,3.0,0.15019762845849802,7248.50591918001,2239.5551881901574,200.0,haco_safemarl_pilot_no_acoustic,generalization,21162029,2
0.0,1.0,235.0,0.2957446808510638,0.8063306267685683,0.7452351170929199,0.5,0.8537442527300861,0.0,90.0,0.14468085106382977,7034.843044596438,1867.8881578094993,0.0,haco_safemarl_pilot_no_shield,generalization,21162029,2
0.0,1.0,253.0,0.04743083003952569,0.8552923854340347,0.8530103879676465,0.46153846153846156,0.9975268352775841,0.0,3.0,0.1541501976284585,7268.555137557933,2070.8357171746875,200.0,haco_safemarl_pilot,generalization,21162029,2
0.0,0.5,300.0,0.725,0.7323626432816458,0.66415719654236,1.0,0.6807271075344943,0.0,4.0,0.18666666666666668,758.2117788832912,1069.9072707696146,522.0,haco_safemarl_mappo,generalization,21162029,2
0.0,0.5,300.0,0.0,0.8816609436103556,0.8793828015097593,0.0,0.99999999975,0.0,42.0,0.0,5306.999999999984,2290.9322531107173,0.0,fixed_auv_ga_pso_tlbo_proxy,generalization,21172036,2
0.0,1.0,250.0,0.302,0.7295315188736813,0.5865897043135992,0.62,0.8630900918783524,0.0,32.0,0.0,5785.000000000016,1969.500000000012,0.0,independent_greedy,generalization,21172036,2
0.0,1.0,283.0,0.0,0.8820473826622446,0.8801493505068769,0.0,0.99999999975,0.0,37.0,0.0,7711.75,2787.829112737735,0.0,communication_aware,generalization,21172036,2
1.0,1.0,261.0,0.02681992337164751,0.8792078586421106,0.8693067509639206,0.25925925925925924,0.9992410746222051,0.0,0.0,0.0,7434.765694527116,2098.851531103034,169.0,haco_safemarl_pilot_no_acoustic,generalization,21172036,2
0.0,1.0,243.0,0.06995884773662552,0.8658331968800219,0.8562021484389296,0.5,0.9943736004150844,0.0,32.0,0.0,7403.011817543584,1846.787178146033,0.0,haco_safemarl_pilot_no_shield,generalization,21172036,2
1.0,1.0,267.0,0.003745318352059925,0.880583136042724,0.8722330634742146,0.037037037037037035,0.9999858668708114,0.0,0.0,0.0,7590.203584924116,2010.7686596119784,178.0,haco_safemarl_pilot,generalization,21172036,2
0.0,0.0,300.0,0.7416666666666667,0.5559889169379622,0.36114220768211797,1.0,0.6772565805673706,0.0,0.0,0.0,1366.3089832634967,594.2742620806149,571.0,haco_safemarl_mappo,generalization,21172036,2
0.0,0.5,300.0,0.03333333333333333,0.8575808087351849,0.8496900285451645,0.3333333333333333,0.9990377873572617,0.0,181.0,0.0,5306.999999999984,2781.6010019785244,0.0,fixed_auv_ga_pso_tlbo_proxy,generalization,21182043,2
0.0,1.0,279.0,0.6953405017921147,0.627343444194628,0.6216134138862552,1.0,0.8620689635155617,0.0,138.0,0.0,6456.060000000026,2661.100000000011,0.0,independent_greedy,generalization,21182043,2
0.0,0.5,300.0,0.155,0.8432250170104282,0.8351959826742498,1.0,0.9995294937591568,0.0,157.0,0.0,8139.67393213853,3438.6791723009555,0.0,communication_aware,generalization,21182043,2
0.0,1.0,299.0,0.03177257525083612,0.8606071630724004,0.855619858522316,0.31666666666666665,0.9989243208046887,0.0,12.0,0.010033444816053512,8475.58401610111,2362.808726766492,195.0,haco_safemarl_pilot_no_acoustic,generalization,21182043,2
0.0,1.0,272.0,0.3952205882352941,0.8204180708426838,0.7726769405658935,0.5,0.775531990704471,0.0,136.0,0.0,8217.180805626112,2147.6927993403856,0.0,haco_safemarl_pilot_no_shield,generalization,21182043,2
0.0,1.0,300.0,0.01,0.8619507930360104,0.8556015888644096,0.1,0.9998979797490568,0.0,9.0,0.013333333333333334,8435.190099093617,2419.77790671158,199.0,haco_safemarl_pilot,generalization,21182043,2
0.0,0.0,300.0,0.0,0.8408557556064064,0.8329842541612574,0.0,0.99999999975,0.0,0.0,0.0,613.2905426868803,227.89463039159006,365.0,haco_safemarl_mappo,generalization,21182043,2
0.0,0.5,300.0,0.5166666666666667,0.7585234331635231,0.6959604434892332,0.6666666666666666,0.49999999973246134,0.0,164.0,0.0,5306.999999999984,2228.611198934522,0.0,fixed_auv_ga_pso_tlbo_proxy,generalization,21192050,2
0.0,0.5,300.0,0.7983333333333333,0.48550631572944136,0.43457688313384857,1.0,0.930769225443787,0.0,124.0,0.0,6942.000000000033,2475.7000000000103,0.0,independent_greedy,generalization,21192050,2
0.0,0.5,300.0,0.5216666666666666,0.781051472448334,0.7487374889322833,0.8,0.5177249239676474,0.0,173.0,0.0,8044.249057451511,3073.683121671532,0.0,communication_aware,generalization,21192050,2
0.0,0.5,300.0,0.235,0.7884176963925476,0.7592270212434694,0.5,0.999881350839609,0.0,0.0,0.0,6370.972069470538,1739.404784563589,568.0,haco_safemarl_pilot_no_acoustic,generalization,21192050,2
0.0,0.5,300.0,0.5783333333333334,0.7227936276212982,0.6422007653382299,1.0,0.8482732105761537,0.0,153.0,0.0,9124.396070408675,2323.8188545798803,0.0,haco_safemarl_pilot_no_shield,generalization,21192050,2
0.0,0.5,300.0,0.18666666666666668,0.8040668875037308,0.7815328989006584,0.5,0.9999328178955577,0.0,0.0,0.0,6567.595673956097,1906.466317846838,549.0,haco_safemarl_pilot,generalization,21192050,2
0.0,0.0,300.0,0.008333333333333333,0.8750871175310037,0.8477615616933518,0.08333333333333333,0.9999293882502651,0.0,0.0,0.0,1434.4273658215777,552.0723644494319,224.0,haco_safemarl_mappo,generalization,21192050,2
1.0,1.0,270.0,0.7888888888888889,0.36851218381045425,0.3262035928771006,1.0,0.9093198946061138,0.0,0.0,0.0,4776.299999999996,2017.9167390242105,0.0,fixed_auv_ga_pso_tlbo_proxy,generalization,21202057,2
1.0,1.0,207.0,0.8091787439613527,0.32810042597263234,0.18038858207670494,1.0,0.5394122711224479,0.0,0.0,0.0,4789.980000000002,1708.9,0.0,independent_greedy,generalization,21202057,2
0.0,0.0,300.0,0.8383333333333334,0.5794514651816483,0.5518506419209899,1.0,0.9552284176679638,0.0,0.0,0.0,7684.815319785301,2932.4456113536075,0.0,communication_aware,generalization,21202057,2
0.0,0.0,300.0,0.8183333333333334,0.4280702881613476,0.3680170118066194,1.0,0.7734018962631055,0.0,0.0,0.0,8748.863814055083,3108.535675125918,535.0,haco_safemarl_pilot_no_acoustic,generalization,21202057,2
0.0,0.0,300.0,0.8716666666666667,0.382304401281126,0.3440536736771622,1.0,0.8605224851310561,0.0,0.0,0.0,8700.048370836055,3109.1678675011985,0.0,haco_safemarl_pilot_no_shield,generalization,21202057,2
0.0,0.0,300.0,0.78,0.6602299653912844,0.6328921978770106,1.0,0.9444926233193659,0.0,0.0,0.0,8626.710596888654,3136.6623212778695,543.0,haco_safemarl_pilot,generalization,21202057,2
0.0,0.0,300.0,0.0,0.838957456613273,0.8380947389069071,0.0,0.99999999975,0.0,0.0,0.0,460.09273853760556,261.87911722468783,270.0,haco_safemarl_mappo,generalization,21202057,2
0.0,1.0,215.0,0.44651162790697674,0.7741216723800171,0.7223121314748713,1.0,0.8499489820645687,0.0,58.0,0.0,3803.35000000001,1853.7740935440572,0.0,fixed_auv_ga_pso_tlbo_proxy,generalization,21212064,2
0.0,1.0,164.0,0.7804878048780488,0.7083630213659624,0.6788488181899932,1.0,0.9635687684170733,0.0,45.0,0.08536585365853659,3794.959999999994,1434.700000000002,0.0,independent_greedy,generalization,21212064,2
0.0,0.5,300.0,0.5516666666666666,0.7725391144068872,0.7408457898546598,1.0,0.7892607047072112,0.0,59.0,0.0,7961.721708919942,3537.6354612005393,0.0,communication_aware,generalization,21212064,2
1.0,1.0,169.0,0.21005917159763313,0.8231574642451774,0.7724663861504233,0.5,0.9339578144022693,0.0,0.0,0.1242603550295858,5298.052871518705,1472.3112355288567,181.0,haco_safemarl_pilot_no_acoustic,generalization,21212064,2
0.0,1.0,160.0,0.3375,0.7154487611674492,0.5626765227856343,0.5,0.793951384604205,0.0,43.0,0.13125,4863.239418421007,1144.2708759317686,0.0,haco_safemarl_pilot_no_shield,generalization,21212064,2
1.0,1.0,170.0,0.17352941176470588,0.8284680504783246,0.7834184790750637,0.5,0.9577763757832202,0.0,0.0,0.12352941176470589,5326.585835030474,1550.3792699703556,165.0,haco_safemarl_pilot,generalization,21212064,2
0.0,0.0,300.0,0.33,0.8057525349430205,0.7830967561699521,0.5,0.8047687339526853,0.0,0.0,0.0,206.16455415359988,131.07930689226453,503.0,haco_safemarl_mappo,generalization,21212064,2
0.0,1.0,246.0,0.7621951219512195,0.5640994128730036,0.482103891511322,1.0,0.8403314885909451,0.0,25.0,0.0,4351.740000000005,2263.4213490822344,0.0,fixed_auv_ga_pso_tlbo_proxy,generalization,21222071,2
0.0,1.0,188.0,0.9069148936170213,0.4805615013838113,0.2781740439045289,1.0,0.9991843105096493,0.0,20.0,0.0,4350.319999999996,1768.900000000005,0.0,independent_greedy,generalization,21222071,2
0.0,0.5,300.0,0.8183333333333334,0.6504623863652358,0.6131877289866561,1.0,0.8543793990439993,0.0,95.0,0.0,7729.034036754216,2972.21856775225,0.0,communication_aware,generalization,21222071,2
1.0,1.0,219.0,0.4292237442922374,0.6553146124062232,0.44764414606737823,0.8409090909090909,0.714579712404281,0.0,0.0,0.0,6473.734059112649,1821.0517127960686,275.0,haco_safemarl_pilot_no_acoustic,generalization,21222071,2
0.0,1.0,185.0,0.4810810810810811,0.6082376860978547,0.3532662594058839,1.0,0.6989761087614248,0.0,20.0,0.0,5643.620742447439,1296.4472219452514,0.0,haco_safemarl_pilot_no_shield,generalization,21222071,2
1.0,1.0,300.0,0.405,0.7214884635094304,0.5754359337288442,0.5,0.6833799822973747,0.0,0.0,0.0,9094.77477315543,2688.6477839887452,409.0,haco_safemarl_pilot,generalization,21222071,2
0.0,0.0,300.0,0.0,0.8335285849022095,0.8118701194014586,0.0,0.99999999975,0.0,0.0,0.0,143.8253216372779,104.34996471394945,460.0,haco_safemarl_mappo,generalization,21222071,2
1.0,1.0,272.0,0.7702205882352942,0.3835710995286571,0.37641249937309196,1.0,0.9968737990460184,0.0,0.0,0.0,4811.679999999995,2179.5185145411506,0.0,fixed_auv_ga_pso_tlbo_proxy,generalization,21232078,2
1.0,1.0,208.0,0.8413461538461539,0.32550748736918994,0.2748151513416819,1.0,0.7313633257821184,0.0,0.0,0.0,4813.120000000003,1686.9000000000024,0.0,independent_greedy,generalization,21232078,2
0.0,0.0,300.0,0.82,0.6123966665914738,0.6116332169293112,1.0,0.999657174325579,0.0,0.0,0.04,7693.813118957229,2920.3628398543383,0.0,communication_aware,generalization,21232078,2
0.0,0.0,300.0,0.805,0.4507370937675235,0.4493644979169353,1.0,0.9494381963206106,0.0,0.0,0.0,3813.3160508672922,1292.6998695184313,811.0,haco_safemarl_pilot_no_acoustic,generalization,21232078,2
0.0,0.0,300.0,0.8516666666666667,0.3957616412496975,0.3950779885593322,1.0,0.9898775194840068,0.0,0.0,0.0,8720.707103728038,3062.3284197542966,0.0,haco_safemarl_pilot_no_shield,generalization,21232078,2
0.0,0.0,300.0,0.7533333333333333,0.6695144555090534,0.6673250259431552,1.0,0.9970866674372815,0.0,0.0,0.0,4160.873452492822,1915.7038585679177,820.0,haco_safemarl_pilot,generalization,21232078,2
0.0,0.0,300.0,0.0,0.8613158512631524,0.84485023705377,0.0,0.99999999975,0.0,0.0,0.0,1283.8380991008523,410.06580815813976,240.0,haco_safemarl_mappo,generalization,21232078,2
0.0,1.0,260.0,0.011538461538461539,0.8589099459105947,0.8122078384852842,0.11538461538461539,0.9998637558373296,0.0,75.0,0.0,4599.4,1948.0429722121717,0.0,fixed_auv_ga_pso_tlbo_proxy,generalization,21242085,2
0.0,1.0,199.0,0.5226130653266332,0.6232480246507679,0.36979665841922343,0.95,0.5496011201850564,0.0,57.0,0.0,4604.86,1116.1000000000004,0.0,independent_greedy,generalization,21242085,2
0.0,1.0,225.0,0.0022222222222222222,0.8592279957217587,0.813073736525211,0.021739130434782608,0.9999950394806363,0.0,66.0,0.0,6131.25,2146.1104453154812,0.0,communication_aware,generalization,21242085,2
1.0,1.0,188.0,0.34574468085106386,0.8159282118170055,0.7207282278799085,0.5,0.781698873260975,0.0,0.0,0.0,4368.4369643849805,1051.3283373167726,279.0,haco_safemarl_pilot_no_acoustic,generalization,21242085,2
0.0,1.0,194.0,0.3556701030927835,0.817959344865864,0.7261350585943706,0.5,0.7664573723530069,0.0,58.0,0.0,6021.090283432526,1506.4380957136143,0.0,haco_safemarl_pilot_no_shield,generalization,21242085,2
1.0,1.0,188.0,0.31648936170212766,0.8291612114620062,0.7483838579974215,0.5,0.8234509409162942,0.0,0.0,0.0,4513.665175239299,1124.2809002017586,275.0,haco_safemarl_pilot,generalization,21242085,2
0.0,0.0,300.0,0.2966666666666667,0.8092311134761888,0.7884103492120091,0.5,0.8489569425441148,0.0,0.0,0.0,651.8701232144588,362.177549921643,541.0,haco_safemarl_mappo,generalization,21242085,2
1.0,1.0,277.0,0.8375451263537906,0.4970394226939949,0.49280183425590474,1.0,0.9995064071210356,0.0,0.0,0.0,4900.129999999993,2670.470833202392,0.0,fixed_auv_ga_pso_tlbo_proxy,generalization,21252092,2
1.0,1.0,212.0,0.6792452830188679,0.4189954384036489,0.1512652706497742,1.0,0.6045234662318703,0.0,0.0,0.0,4905.680000000004,2085.500000000007,0.0,independent_greedy,generalization,21252092,2
0.0,0.5,300.0,0.8716666666666667,0.7013272125761892,0.6959923755076378,1.0,0.999831350761413,0.0,0.0,0.0,7729.5265212038685,3145.252151710345,0.0,communication_aware,generalization,21252092,2
1.0,1.0,206.0,0.46601941747572817,0.6022430099769845,0.3083386067843735,0.5,0.5676487142980772,0.0,0.0,0.0,6368.329617537048,1342.2697693004852,197.0,haco_safemarl_pilot_no_acoustic,generalization,21252092,2
1.0,1.0,206.0,0.4563106796116505,0.538257988967221,0.17829479944323567,0.5,0.5867165572392667,0.0,0.0,0.0,6270.922911688737,1361.5535721181964,0.0,haco_safemarl_pilot_no_shield,generalization,21252092,2
1.0,1.0,212.0,0.4363207547169811,0.6546335772519095,0.41883185685958646,0.5,0.6253256844513756,0.0,0.0,0.0,6613.488735205739,1436.945483923897,222.0,haco_safemarl_pilot,generalization,21252092,2
0.0,0.0,300.0,0.011666666666666667,0.8620971508303198,0.839711795551275,0.11666666666666667,0.9998606756649526,0.0,0.0,0.0,881.7309903605425,101.03864169538384,179.0,haco_safemarl_mappo,generalization,21252092,2
0.0,1.0,255.0,0.6019607843137255,0.6578960492602778,0.6561738502945771,1.0,0.9999757324672792,0.0,48.0,0.0,4510.950000000002,1847.2025432848923,0.0,fixed_auv_ga_pso_tlbo_proxy,generalization,21262099,2
0.0,1.0,195.0,0.8333333333333334,0.5260006592358367,0.3551938905881952,1.0,0.9054864906920008,0.0,37.0,0.0,4512.299999999998,1478.700000000003,0.0,independent_greedy,generalization,21262099,2
0.0,0.5,300.0,0.7066666666666667,0.7288138785594211,0.7283673581465322,1.0,0.9998708815368503,0.0,41.0,0.0,7798.768986187839,2836.0029351811954,0.0,communication_aware,generalization,21262099,2
1.0,1.0,244.0,0.39344262295081966,0.7433432430150746,0.672646215003358,1.0,0.9654442870958359,0.0,0.0,0.0,6371.458596384512,1716.454466408471,403.0,haco_safemarl_pilot_no_acoustic,generalization,21262099,2
0.0,1.0,197.0,0.47715736040609136,0.6726600725467051,0.5150305183417492,1.0,0.863222131133019,0.0,37.0,0.0,6033.149909905177,1458.4702310842265,0.0,haco_safemarl_pilot_no_shield,generalization,21262099,2
0.0,0.0,300.0,0.5033333333333333,0.7438264663680726,0.730154271282214,1.0,0.9977977517999799,0.0,0.0,0.0,7796.576241899778,2792.0985878905776,541.0,haco_safemarl_pilot,generalization,21262099,2
0.0,0.0,300.0,0.465,0.6996899099768541,0.4984193255658997,0.5,0.5696586722212864,0.0,0.0,0.0,885.2035005639154,293.55814031167324,318.0,haco_safemarl_mappo,generalization,21262099,2
0.0,1.0,127.0,0.0,0.8507411837668811,0.8456976728399848,0.0,0.99999999975,0.0,14.0,0.2440944881889764,2246.6300000000047,876.4946401562801,0.0,fixed_auv_ga_pso_tlbo_proxy,generalization,21272106,2
0.0,1.0,97.0,0.4536082474226804,0.7834883840579918,0.6741646317948261,0.5,0.5919915697802925,0.0,10.0,0.2268041237113402,2244.5800000000027,714.1000000000001,0.0,independent_greedy,generalization,21272106,2
0.0,1.0,110.0,0.004545454545454545,0.8506787204172156,0.8456444131458011,0.045454545454545456,0.999979149908266,0.0,12.0,0.3090909090909091,2997.5,985.1959833139866,0.0,communication_aware,generalization,21272106,2
0.0,1.0,94.0,0.22872340425531915,0.7811411320680514,0.6636515956656653,0.5,0.919165864819369,0.1702127659574468,0.0,0.3191489361702128,2347.624628387019,393.6123931639775,142.0,haco_safemarl_pilot_no_acoustic,generalization,21272106,2
0.0,1.0,94.0,0.22340425531914893,0.7615834757814605,0.6264137434249893,0.5,0.9235701902876662,0.18085106382978725,10.0,0.3404255319148936,2880.9047221187966,550.9042370565489,0.0,haco_safemarl_pilot_no_shield,generalization,21272106,2
0.0,1.0,94.0,0.21808510638297873,0.7924547785475913,0.689153683636805,0.5,0.9278230996909297,0.1276595744680851,0.0,0.3617021276595745,2324.838690412142,416.29729774543836,139.0,haco_safemarl_pilot,generalization,21272106,2
0.0,0.0,300.0,0.0,0.8357071069971841,0.827231951441542,0.0,0.99999999975,0.0,0.0,0.11333333333333333,227.67540885055558,162.00565437133935,303.0,haco_safemarl_mappo,generalization,21272106,2
1.0,1.0,239.0,0.4456066945606695,0.7549978027261426,0.7420593846779816,1.0,0.9959015222950495,0.0,0.0,0.0,4227.910000000008,2422.38376963297,0.0,fixed_auv_ga_pso_tlbo_proxy,generalization,21282113,2
1.0,1.0,183.0,0.5956284153005464,0.6345701880188688,0.46580494808329004,1.0,0.5797776596237116,0.0,0.0,0.0,4234.619999999994,1942.7000000000066,0.0,independent_greedy,generalization,21282113,2
0.0,0.5,300.0,0.615,0.756025894013327,0.7463867240946404,1.0,0.9984843364794805,0.0,0.0,0.0,7882.979319878848,3456.628420600143,0.0,communication_aware,generalization,21282113,2
1.0,1.0,179.0,0.15083798882681565,0.8441429959050496,0.7908550284290317,0.5,0.9694121592848053,0.0,0.0,0.0,5639.198277196448,1595.4604533756858,145.0,haco_safemarl_pilot_no_acoustic,generalization,21282113,2
1.0,1.0,178.0,0.47191011235955055,0.7257333344977785,0.5533818588293209,0.5,0.5560030201104893,0.0,0.0,0.0,5344.065826546981,1327.5218157255729,0.0,haco_safemarl_pilot_no_shield,generalization,21282113,2
1.0,1.0,179.0,0.13687150837988826,0.8466472060598182,0.795854004525794,0.5,0.9754704641174572,0.0,0.0,0.0,5639.123116603701,1556.4858688811917,141.0,haco_safemarl_pilot,generalization,21282113,2
0.0,0.5,300.0,0.0,0.8408065982573061,0.8169888431448715,0.0,0.99999999975,0.0,0.0,0.0,335.1259671282037,34.696451036571034,384.0,haco_safemarl_mappo,generalization,21282113,2
1.0,1.0,232.0,0.0,0.886254868210131,0.8835370684890276,0.0,0.99999999975,0.0,0.0,0.125,4104.080000000011,1960.655785529246,0.0,fixed_auv_ga_pso_tlbo_proxy,generalization,21292120,2
1.0,1.0,178.0,0.25280898876404495,0.7987498298506648,0.702314994465887,0.5,0.8972811196557082,0.0,0.0,0.07303370786516854,4118.919999999993,1355.9000000000021,0.0,independent_greedy,generalization,21292120,2
1.0,1.0,201.0,0.0,0.8862360596776697,0.8832202358075544,0.0,0.99999999975,0.0,0.0,0.17412935323383086,5477.25,1865.366039004252,0.0,communication_aware,generalization,21292120,2
1.0,1.0,177.0,0.12429378531073447,0.8678763564948628,0.828386891367236,0.5,0.980252151957339,0.0,0.0,0.1807909604519774,5564.813493172029,1362.7889109412492,141.0,haco_safemarl_pilot_no_acoustic,generalization,21292120,2
1.0,1.0,172.0,0.1569767441860465,0.8437282931734462,0.7808933444784321,0.5,0.9664889212490506,0.0,0.0,0.19767441860465115,5281.137386483931,1243.400326408279,0.0,haco_safemarl_pilot_no_shield,generalization,21292120,2
1.0,1.0,177.0,0.1016949152542373,0.8689533359975041,0.8306853807762417,0.5,0.987346221139108,0.0,0.0,0.2033898305084746,5534.667219384893,1340.777447742586,135.0,haco_safemarl_pilot,generalization,21292120,2
0.0,0.0,300.0,0.47333333333333333,0.5069904231944156,0.15551769147940314,0.5,0.5531820596426476,0.0,0.0,0.09,484.597181605298,70.4678808050952,456.0,haco_safemarl_mappo,generalization,21292120,2
0.0,1.0,251.0,0.6932270916334662,0.50125686294123,0.45776234185031445,1.0,0.948184868873477,0.0,78.0,0.0,4440.190000000003,1704.015216162368,0.0,fixed_auv_ga_pso_tlbo_proxy,generalization,21302127,2
0.0,1.0,192.0,0.765625,0.4102299391235102,0.28906289056888085,1.0,0.6641521790354782,0.0,58.0,0.0,4442.879999999997,1402.9,0.0,independent_greedy,generalization,21302127,2
0.0,0.0,300.0,0.78,0.6592902111816052,0.631592624755554,1.0,0.9729729680831155,0.0,178.0,0.0,7744.80033104132,2871.8779624671306,0.0,communication_aware,generalization,21302127,2
0.0,0.0,300.0,0.6116666666666667,0.5996064161038871,0.5601740753931619,1.0,0.9508038795479289,0.0,0.0,0.0,8862.496818931142,3151.7350571555285,527.0,haco_safemarl_pilot_no_acoustic,generalization,21302127,2
0.0,0.0,300.0,0.815,0.4475561772605814,0.4390261461574832,1.0,0.9934687881460897,0.0,93.0,0.0,8786.533596185995,3003.96019143589,0.0,haco_safemarl_pilot_no_shield,generalization,21302127,2
0.0,0.0,300.0,0.565,0.7194601602094163,0.7104619467294478,1.0,0.9842652783039465,0.0,0.0,0.0,8791.579025658966,3201.1831134965078,524.0,haco_safemarl_pilot,generalization,21302127,2
0.0,0.0,300.0,0.125,0.8150410531386738,0.7969423426556455,0.5,0.9799999996864,0.0,0.0,0.0,146.0278599209336,219.369186433187,424.0,haco_safemarl_mappo,generalization,21302127,2
0.0,0.0,300.0,0.5166666666666667,0.5764751523242723,0.5347193925340599,1.0,0.9894117636582699,0.0,0.0,0.07666666666666666,5306.999999999984,2357.9285021779674,0.0,fixed_auv_ga_pso_tlbo_proxy,generalization,21312134,2
0.0,0.5,300.0,0.6633333333333333,0.43173623976834724,0.35883800961990825,1.0,0.9622677085509835,0.0,0.0,0.07333333333333333,6942.000000000033,2768.7000000000044,0.0,independent_greedy,generalization,21312134,2
0.0,0.0,300.0,0.5883333333333334,0.7004356222416462,0.6683708212975905,1.0,0.9941176456009354,0.0,0.0,0.07333333333333333,7833.291204081425,2949.4027991068533,0.0,communication_aware,generalization,21312134,2
0.0,0.0,300.0,0.585,0.6092826565883699,0.6090032229800342,1.0,0.9992103128133936,0.0,0.0,0.06333333333333334,8691.846730333713,3109.104757478992,449.0,haco_safemarl_pilot_no_acoustic,generalization,21312134,2
0.0,0.0,300.0,0.6383333333333333,0.5325199054292649,0.5266779094163043,1.0,0.9999787621576113,0.0,0.0,0.07,8873.189294603224,3192.1578617928567,0.0,haco_safemarl_pilot_no_shield,generalization,21312134,2
0.0,0.0,300.0,0.575,0.7290433654347824,0.7238548438139799,1.0,0.9998616094660094,0.0,0.0,0.06333333333333334,8603.493025425401,3134.604859191445,446.0,haco_safemarl_pilot,generalization,21312134,2
0.0,0.0,300.0,0.0,0.8611630639180823,0.8500196955854016,0.0,0.99999999975,0.0,0.0,0.08666666666666667,418.4856791793171,69.36546621773698,51.0,haco_safemarl_mappo,generalization,21312134,2
1.0,1.0,236.0,0.7161016949152542,0.44644652985534083,0.44031040522824466,1.0,0.9991097231445352,0.0,0.0,0.0,4174.840000000009,1866.281433627347,0.0,fixed_auv_ga_pso_tlbo_proxy,generalization,21322141,2
1.0,1.0,181.0,0.7403314917127072,0.41347067821147887,0.23534294409232445,1.0,0.6047084574451921,0.0,0.0,0.11602209944751381,4188.339999999994,1593.9000000000035,0.0,independent_greedy,generalization,21322141,2
0.0,0.0,300.0,0.805,0.5869536176527869,0.5792237963515238,1.0,0.9993429632106245,0.0,0.0,0.0,7693.232211530656,2938.8828221823396,0.0,communication_aware,generalization,21322141,2
1.0,1.0,297.0,0.7239057239057239,0.5053287232823038,0.4032321797769783,1.0,0.8678368586554264,0.0,0.0,0.0,8750.748043841983,2543.840279959988,485.0,haco_safemarl_pilot_no_acoustic,generalization,21322141,2
0.0,0.0,300.0,0.8333333333333334,0.39025304501208385,0.3704037775777485,1.0,0.993640690637156,0.0,0.0,0.0,8705.911433741165,3110.9147783093345,0.0,haco_safemarl_pilot_no_shield,generalization,21322141,2
0.0,0.0,300.0,0.76,0.6627316513340874,0.6525889283461508,1.0,0.9931034439952438,0.0,0.0,0.0,8617.370503528386,3188.667711455355,522.0,haco_safemarl_pilot,generalization,21322141,2
0.0,0.0,300.0,0.14,0.8224857211640471,0.8077447492398103,0.5,0.9741833505748868,0.0,0.0,0.0,255.14587904570786,159.63214696269094,384.0,haco_safemarl_mappo,generalization,21322141,2
0.0,0.0,300.0,0.585,0.6215408468739492,0.6163239471499837,1.0,0.9986952725446576,0.0,33.0,0.0,5306.999999999984,2336.117035584192,0.0,fixed_auv_ga_pso_tlbo_proxy,generalization,21332148,2
0.0,1.0,245.0,1.0,0.3562354802058596,0.2629612243286403,1.0,0.0,0.0,25.0,0.0,5669.300000000015,1721.3000000000004,0.0,independent_greedy,generalization,21332148,2
0.0,0.0,300.0,0.6283333333333333,0.7368415348560657,0.7296777176637526,1.0,0.9983738187140407,0.0,38.0,0.0,7859.471915251095,2972.4885355457473,0.0,communication_aware,generalization,21332148,2
0.0,0.0,300.0,0.5733333333333334,0.7227061543615546,0.6906742418272448,1.0,0.941176469371756,0.0,14.0,0.0,5909.280998129967,2164.9692706449314,772.0,haco_safemarl_pilot_no_acoustic,generalization,21332148,2
0.0,0.0,300.0,0.8266666666666667,0.5584618385653726,0.5482568031604952,1.0,0.639999996591716,0.0,27.0,0.0,8955.813240108837,2981.671198303513,0.0,haco_safemarl_pilot_no_shield,generalization,21332148,2
0.0,0.0,300.0,0.5533333333333333,0.7620085551463288,0.7427910601920621,1.0,0.9460484709543682,0.0,14.0,0.0,5787.0596614217075,2138.912344542375,776.0,haco_safemarl_pilot,generalization,21332148,2
0.0,0.0,300.0,0.6516666666666666,0.6504943876329653,0.5051135869125125,1.0,0.5449090585434269,0.0,0.0,0.0,1365.5930804064158,560.0110029860406,643.0,haco_safemarl_mappo,generalization,21332148,2
0.0,0.5,300.0,0.4066666666666667,0.6846326012783027,0.6844761447225328,1.0,0.9999999992898624,0.0,0.0,0.0,5306.999999999984,2531.107450247796,0.0,fixed_auv_ga_pso_tlbo_proxy,generalization,21342155,2
1.0,1.0,241.0,0.44398340248962653,0.6295413474972026,0.49960242591583853,1.0,0.9255670096165225,0.0,0.0,0.0,5576.740000000013,2205.300000000005,0.0,independent_greedy,generalization,21342155,2
0.0,0.5,300.0,0.4866666666666667,0.7504185966487339,0.7484057633486898,1.0,0.9999999990512733,0.0,0.0,0.0,7885.009851476787,2998.5473226767926,0.0,communication_aware,generalization,21342155,2
1.0,1.0,298.0,0.4278523489932886,0.6976653019418542,0.5787673177555401,1.0,0.9415008170970718,0.0,0.0,0.0,8992.809053551102,2625.0079374884085,296.0,haco_safemarl_pilot_no_acoustic,generalization,21342155,2
1.0,1.0,253.0,0.3695652173913043,0.7081032042336725,0.5917271869143634,1.0,0.957750587658309,0.0,0.0,0.0,7734.695260877232,2106.8863713384567,0.0,haco_safemarl_pilot_no_shield,generalization,21342155,2
0.0,0.0,300.0,0.5083333333333333,0.7560359857501845,0.7417910828701746,1.0,0.9974212024095369,0.0,0.0,0.0,8838.423060317638,3145.312377683595,353.0,haco_safemarl_pilot,generalization,21342155,2
0.0,0.0,300.0,0.3283333333333333,0.7965278497682873,0.7381921562477588,1.0,0.9611706214919492,0.0,0.0,0.0,1067.0057458541512,48.312349028642515,252.0,haco_safemarl_mappo,generalization,21342155,2
0.0,0.5,300.0,0.0,0.8807070212035508,0.8537254603417889,0.0,0.99999999975,0.0,33.0,0.0,5306.999999999984,2041.5131475398787,0.0,fixed_auv_ga_pso_tlbo_proxy,generalization,21352162,2
0.0,1.0,275.0,0.45636363636363636,0.664027123582806,0.5152299051799757,1.0,0.8632606548223859,0.0,26.0,0.0,6363.500000000025,2003.5000000000075,0.0,independent_greedy,generalization,21352162,2
0.0,0.5,300.0,0.0,0.8793637712424891,0.851598099485905,0.0,0.99999999975,0.0,29.0,0.0,8175.0,3055.965672726634,0.0,communication_aware,generalization,21352162,2
1.0,1.0,264.0,0.16477272727272727,0.8494025709877664,0.7956300155287855,0.5,0.9625389751690911,0.0,0.0,0.0,8097.4100599015555,2022.1351464121537,131.0,haco_safemarl_pilot_no_acoustic,generalization,21352162,2
0.0,1.0,267.0,0.15355805243445692,0.8538937163135704,0.8063661271019548,0.5,0.9681369293694795,0.0,25.0,0.0,8195.690649701846,2081.118276389372,0.0,haco_safemarl_pilot_no_shield,generalization,21352162,2
1.0,1.0,265.0,0.15660377358490565,0.855529796219969,0.8084032683942286,0.5,0.9666711817826754,0.0,0.0,0.0,8091.252950905815,2122.204317650615,132.0,haco_safemarl_pilot,generalization,21352162,2
0.0,0.0,300.0,0.8416666666666667,0.4880696843173601,0.2976411428116847,1.0,0.6811320708451406,0.0,0.0,0.0,880.7808134831536,318.6175873913219,587.0,haco_safemarl_mappo,generalization,21352162,2
0.0,1.0,201.0,0.7338308457711443,0.5938081917041647,0.5840172625419803,1.0,0.992974844742656,0.0,98.0,0.0,3555.690000000009,1701.0199056594383,0.0,fixed_auv_ga_pso_tlbo_proxy,generalization,21362169,2
0.0,1.0,153.0,0.6601307189542484,0.5202737684946733,0.29085917040005255,1.0,0.5609958499412679,0.0,76.0,0.0,3540.4199999999955,1344.9000000000015,0.0,independent_greedy,generalization,21362169,2
0.0,0.5,300.0,0.84,0.6535899961032753,0.6463031926548595,1.0,0.9892657697473252,0.0,150.0,0.0,7719.364435715473,3017.569860109733,0.0,communication_aware,generalization,21362169,2
0.0,1.0,197.0,0.48984771573604063,0.6662805315609421,0.46802988519125294,0.5,0.5202962006414401,0.0,41.0,0.0,5761.0358536931635,1518.4267458444924,279.0,haco_safemarl_pilot_no_acoustic,generalization,21362169,2
0.0,1.0,154.0,0.5681818181818182,0.6274578575122505,0.42246716836824455,1.0,0.5637389249356354,0.0,77.0,0.0,4703.03041264653,1063.4896750870862,0.0,haco_safemarl_pilot_no_shield,generalization,21362169,2
0.0,1.0,235.0,0.4574468085106383,0.7361999057209413,0.6032136867010303,0.5,0.5844943817323262,0.0,45.0,0.0,6796.1695461207155,1999.8254999137323,356.0,haco_safemarl_pilot,generalization,21362169,2
0.0,0.0,300.0,0.5416666666666666,0.5618849556647053,0.3039687792526761,1.0,0.5376821894888631,0.0,12.0,0.0,796.7162789336496,356.1632076858896,529.0,haco_safemarl_mappo,generalization,21362169,2
0.0,0.5,300.0,0.0,0.9021408032716094,0.9001408327976292,0.0,0.99999999975,0.0,75.0,0.09666666666666666,5306.999999999984,2326.7362639196126,0.0,fixed_auv_ga_pso_tlbo_proxy,generalization,21372176,2
0.0,1.0,278.0,0.38489208633093525,0.6929888432158028,0.5261732222434116,1.0,0.8804878043657961,0.03237410071942446,106.0,0.05755395683453238,6432.9200000000255,2008.1000000000072,0.0,independent_greedy,generalization,21372176,2
0.0,0.5,300.0,0.0,0.9035216448244088,0.9015860200189778,0.0,0.99999999975,0.0,105.0,0.09333333333333334,8175.0,2999.0314115380634,0.0,communication_aware,generalization,21372176,2
0.0,0.5,300.0,0.06,0.8890801320738401,0.865881576986821,0.5,0.9959422900710261,0.0,0.0,0.13333333333333333,7881.952889134342,2196.446842598428,298.0,haco_safemarl_pilot_no_acoustic,generalization,21372176,2
0.0,1.0,270.0,0.07222222222222222,0.8824402518016705,0.8537766412189065,0.5,0.9939767621337511,0.018518518518518517,15.0,0.12222222222222222,8284.703652745817,2199.2684394024404,0.0,haco_safemarl_pilot_no_shield,generalization,21372176,2
0.0,0.5,300.0,0.041666666666666664,0.8911158899576841,0.8699257772206431,0.4166666666666667,0.9981132072759843,0.0,0.0,0.13,7843.8661779401955,2171.1720598442575,300.0,haco_safemarl_pilot,generalization,21372176,2
0.0,0.5,300.0,0.0,0.8889352941405275,0.8701175572892538,0.0,0.99999999975,0.0,0.0,0.11666666666666667,1642.7180389678417,256.5071835415007,157.0,haco_safemarl_mappo,generalization,21372176,2
0.0,0.5,300.0,0.5466666666666666,0.604154528420925,0.5201602375224182,1.0,0.967313423891818,0.0,122.0,0.07,5306.999999999984,2611.373002750819,0.0,fixed_auv_ga_pso_tlbo_proxy,generalization,21382183,2
0.0,1.0,251.0,0.5896414342629482,0.4830646910831927,0.1873709178711645,1.0,0.6062978620671309,0.01593625498007968,94.0,0.03187250996015936,5808.140000000017,2286.500000000009,0.0,independent_greedy,generalization,21382183,2
0.0,0.5,300.0,0.6083333333333333,0.6888910524023224,0.6444945583332032,1.0,0.97319634709781,0.0,106.0,0.07666666666666666,7819.51997349623,2891.28746743459,0.0,communication_aware,generalization,21382183,2
0.0,0.0,300.0,0.435,0.6945078199883888,0.5935012304246843,1.0,0.9579783590952294,0.03,0.0,0.08,4959.9633085179175,1650.2524001020636,680.0,haco_safemarl_pilot_no_acoustic,generalization,21382183,2
0.0,1.0,249.0,0.4357429718875502,0.652850454769992,0.4335079724846713,1.0,0.7620982526083305,0.01606425702811245,94.0,0.10040160642570281,7606.649080485441,1879.803095118344,0.0,haco_safemarl_pilot_no_shield,generalization,21382183,2
0.0,0.0,300.0,0.43,0.7717510735105422,0.7216781610003752,1.0,0.9701403396759181,0.03333333333333333,0.0,0.07,5333.067038125826,2051.880313923701,686.0,haco_safemarl_pilot,generalization,21382183,2
0.0,0.0,300.0,0.44,0.7654529828676087,0.6950175519484466,0.5,0.6658959534037359,0.0,0.0,0.0,960.4170371271146,293.6100997570498,410.0,haco_safemarl_mappo,generalization,21382183,2
0.0,1.0,177.0,0.4887005649717514,0.7428606844267329,0.7358777774779138,1.0,0.9992374784571122,0.0,39.0,0.0,3131.130000000008,1575.5018260110546,0.0,fixed_auv_ga_pso_tlbo_proxy,generalization,21392190,2
0.0,1.0,135.0,0.5333333333333333,0.651710653139243,0.46015770031372644,1.0,0.6522596544006806,0.0,30.0,0.0,3123.8999999999983,1221.9000000000003,0.0,independent_greedy,generalization,21392190,2
0.0,0.5,300.0,0.7366666666666667,0.6986663749281189,0.6935188340702051,1.0,0.9993594839894971,0.0,34.0,0.0,7785.692228204201,3134.5045331851907,0.0,communication_aware,generalization,21392190,2
0.0,0.5,300.0,0.14833333333333334,0.8542132699270015,0.8000226097152678,0.5,0.970558499835155,0.0,0.0,0.0,4293.74295965888,2124.7315668281035,885.0,haco_safemarl_pilot_no_acoustic,generalization,21392190,2
0.0,1.0,132.0,0.3939393939393939,0.6219031667790581,0.33588187641052214,0.5,0.7029876973789307,0.0,65.0,0.0,4016.4714844298865,774.0274918103007,0.0,haco_safemarl_pilot_no_shield,generalization,21392190,2
0.0,0.5,300.0,0.13833333333333334,0.8555794457712428,0.8030477883055388,0.5,0.9748739866519609,0.0,0.0,0.0,4466.742116285913,2188.2588273346023,874.0,haco_safemarl_pilot,generalization,21392190,2
0.0,0.0,300.0,0.155,0.8193434856792495,0.8056325475461922,0.5,0.9674480045500141,0.0,0.0,0.0,140.5125375304449,91.65415359707032,433.0,haco_safemarl_mappo,generalization,21392190,2
0.0,1.0,205.0,0.4853658536585366,0.8387051953829261,0.7756231886796104,0.5,0.5292432416937133,0.0,67.0,0.0,3626.4500000000094,1149.9073007258346,0.0,fixed_auv_ga_pso_tlbo_proxy,generalization,21402197,2
0.0,1.0,157.0,0.6114649681528662,0.7034290108220325,0.5709950630385279,1.0,0.49999999958598157,0.0,51.0,0.0,3632.979999999995,893.5000000000027,0.0,independent_greedy,generalization,21402197,2
0.0,1.0,177.0,0.2401129943502825,0.840718410090386,0.780802340543999,0.5,0.909217701247897,0.0,57.0,0.0,4823.25,1699.8125069154946,0.0,communication_aware,generalization,21402197,2
1.0,1.0,163.0,0.13190184049079753,0.8508771134891189,0.7991429805876679,0.5,0.9774341572168047,0.0,0.0,0.0,3902.2741697934516,852.605233903007,214.0,haco_safemarl_pilot_no_acoustic,generalization,21402197,2
0.0,1.0,152.0,0.3848684210526316,0.8232938332594522,0.7516387856818283,0.5,0.7186690777137544,0.0,52.0,0.0,4703.976014812269,1226.4782329959155,0.0,haco_safemarl_pilot_no_shield,generalization,21402197,2
1.0,1.0,164.0,0.09451219512195122,0.8528303415920598,0.8050138776941583,0.5,0.9892228324929222,0.0,0.0,0.0,3935.211586331413,961.8784743920793,210.0,haco_safemarl_pilot,generalization,21402197,2
0.0,0.0,300.0,0.39166666666666666,0.7615852985941363,0.6961880012692606,0.5,0.7069514456692724,0.0,0.0,0.06333333333333334,1463.0334534264978,453.89593456592655,430.0,haco_safemarl_mappo,generalization,21402197,2
0.0,0.5,300.0,0.0,0.9057652620138846,0.9030891147764555,0.0,0.99999999975,0.0,0.0,0.15333333333333332,5306.999999999984,2312.732621168501,0.0,fixed_auv_ga_pso_tlbo_proxy,generalization,21412204,2
1.0,1.0,300.0,0.33,0.7285454650535315,0.6062332093438797,1.0,0.9255670098321818,0.0,0.0,0.0,6942.000000000033,2486.70000000001,0.0,independent_greedy,generalization,21412204,2
0.0,0.5,300.0,0.0,0.9058528486002186,0.9032681864351034,0.0,0.99999999975,0.0,0.0,0.13666666666666666,8175.0,2987.0360529735904,0.0,communication_aware,generalization,21412204,2
1.0,1.0,284.0,0.04225352112676056,0.8890796977835351,0.8691849180590769,0.41379310344827586,0.9980574139309731,0.0,0.0,0.0,8699.556249999998,2197.3009112993836,57.0,haco_safemarl_pilot_no_acoustic,generalization,21412204,2
1.0,1.0,292.0,0.039383561643835614,0.8881207922534272,0.8666145562304587,0.38333333333333336,0.9983219664230898,0.0,0.0,0.0,8889.245911553893,2345.7189419860956,0.0,haco_safemarl_pilot_no_shield,generalization,21412204,2
1.0,1.0,284.0,0.028169014084507043,0.8902550498595919,0.871516552884311,0.27586206896551724,0.9991605453810721,0.0,0.0,0.0,8699.553818408274,2253.014404529956,57.0,haco_safemarl_pilot,generalization,21412204,2
0.0,0.0,300.0,0.21333333333333335,0.8370511536413826,0.8048105867088665,0.75,0.9586725644771652,0.0,0.0,0.04666666666666667,1194.6729208829051,63.1173231095341,215.0,haco_safemarl_mappo,generalization,21412204,2
0.0,1.0,269.0,0.0,0.8920899538011055,0.8917429508586879,0.0,0.99999999975,0.048327137546468404,0.0,0.13011152416356878,4758.609999999996,1802.405256730007,0.0,fixed_auv_ga_pso_tlbo_proxy,generalization,21422211,2
1.0,1.0,206.0,0.22815533980582525,0.8077858629259594,0.7783431942489619,1.0,0.981214825910743,0.0,0.0,0.06796116504854369,4766.840000000002,1442.100000000003,0.0,independent_greedy,generalization,21422211,2
0.0,1.0,234.0,0.0,0.891862468728759,0.8915490100804446,0.0,0.99999999975,0.04700854700854701,0.0,0.13247863247863248,6376.5,2049.550747709073,0.0,communication_aware,generalization,21422211,2
0.0,1.0,200.0,0.0375,0.8829983145750876,0.8754638356595079,0.375,0.9984843378919545,0.05,0.0,0.11,5800.735849730342,1384.029794594218,86.0,haco_safemarl_pilot_no_acoustic,generalization,21422211,2
0.0,1.0,200.0,0.095,0.8761864260389409,0.8619731891347786,0.5,0.9891008994055005,0.055,0.0,0.11,6169.7141814402,1447.0200540350856,0.0,haco_safemarl_pilot_no_shield,generalization,21422211,2
0.0,1.0,200.0,0.0325,0.8832174861485779,0.8758834275609729,0.325,0.9988728671854039,0.04,0.0,0.115,5795.428574998663,1420.6359585485989,87.0,haco_safemarl_pilot,generalization,21422211,2
0.0,0.5,300.0,0.115,0.8558322691712772,0.827526595910097,0.5,0.9833950652949354,0.0,0.0,0.06333333333333334,1282.2895656837984,72.15174551151088,206.0,haco_safemarl_mappo,generalization,21422211,2
0.0,0.5,300.0,0.89,0.2563075735903191,0.21727159274522895,1.0,0.7902757490702436,0.0,40.0,0.0,5306.999999999984,2624.4139779406332,0.0,fixed_auv_ga_pso_tlbo_proxy,generalization,21432218,2
0.0,1.0,253.0,0.9387351778656127,0.196198402287607,0.10660038112004258,1.0,0.9907215841081465,0.0,54.0,0.0,5854.420000000017,2305.5000000000095,0.0,independent_greedy,generalization,21432218,2
0.0,0.0,300.0,0.9066666666666666,0.5293265762925867,0.5012159004066411,1.0,0.8226652481532338,0.0,36.0,0.0,7638.493385186129,2974.6712902681816,0.0,communication_aware,generalization,21432218,2
0.0,0.5,300.0,0.8483333333333334,0.40995225861942575,0.38688166477882796,1.0,0.9855986564265794,0.0,0.0,0.0,6528.859149908388,2082.5292019843887,706.0,haco_safemarl_pilot_no_acoustic,generalization,21432218,2
0.0,0.0,300.0,0.93,0.3319687803214354,0.31825367478386385,1.0,0.9910111858477493,0.0,32.0,0.0,8644.609444719415,3086.4971237435616,0.0,haco_safemarl_pilot_no_shield,generalization,21432218,2
0.0,0.0,300.0,0.82,0.6474148715038245,0.6390613346311954,1.0,0.9986301292913772,0.0,0.0,0.0,6851.210128077129,2726.6689081471854,695.0,haco_safemarl_pilot,generalization,21432218,2
0.0,0.0,300.0,0.41833333333333333,0.7939278707763467,0.6848040855739446,0.5,0.6590891870254757,0.0,0.0,0.0,717.4745866331215,123.20629412045247,306.0,haco_safemarl_mappo,generalization,21432218,2
0.0,1.0,267.0,0.0,0.9013061068044642,0.8922557943700838,0.0,0.99999999975,0.0,21.0,0.0,4723.229999999997,1676.9302431672477,0.0,fixed_auv_ga_pso_tlbo_proxy,generalization,21442225,2
0.0,1.0,204.0,0.3137254901960784,0.7846264283157545,0.7332077582622926,1.0,0.9759012143918901,0.0,17.0,0.03431372549019608,4720.560000000001,1293.5000000000023,0.0,independent_greedy,generalization,21442225,2
0.0,1.0,232.0,0.0,0.9013097716227242,0.8922622095572676,0.0,0.99999999975,0.0,19.0,0.0,6322.0,1847.4230534643673,0.0,communication_aware,generalization,21442225,2
1.0,1.0,199.0,0.0,0.8952546582937988,0.8944824673381454,0.0,0.99999999975,0.0,0.0,0.0,6347.174825276485,1742.655966144883,39.0,haco_safemarl_pilot_no_acoustic,generalization,21442225,2
0.0,1.0,199.0,0.0,0.8950739312417971,0.8940258241871135,0.0,0.99999999975,0.0,16.0,0.0,6138.893434376346,1614.172752205353,0.0,haco_safemarl_pilot_no_shield,generalization,21442225,2
1.0,1.0,199.0,0.0,0.8952759349995745,0.8945295293886733,0.0,0.99999999975,0.0,0.0,0.0,6332.689710576341,1761.0133733757875,39.0,haco_safemarl_pilot,generalization,21442225,2
0.0,0.0,300.0,0.0,0.8635125814275455,0.8495737352683717,0.0,0.99999999975,0.0,0.0,0.0,1078.3047782128144,332.1307659091211,180.0,haco_safemarl_mappo,generalization,21442225,2
0.0,1.0,281.0,0.6637010676156584,0.47935846349465544,0.40185328533989434,1.0,0.899999998209501,0.0,43.0,0.0,4970.889999999991,2197.2426824632184,0.0,fixed_auv_ga_pso_tlbo_proxy,generalization,21452232,2
0.0,1.0,215.0,0.7348837209302326,0.4472631542545778,0.29788467361684623,1.0,0.5553846142874935,0.0,33.0,0.0,4975.100000000005,1780.9,0.0,independent_greedy,generalization,21452232,2
0.0,0.0,300.0,0.72,0.6378293353252719,0.5865357331916875,1.0,0.9245282991611784,0.0,63.0,0.0,7758.554858110648,2938.4714187765717,0.0,communication_aware,generalization,21452232,2
0.0,0.0,300.0,0.675,0.568107107196171,0.5025794055467507,1.0,0.8651089757960636,0.0,0.0,0.0,8847.173329981364,3129.271321512927,486.0,haco_safemarl_pilot_no_acoustic,generalization,21452232,2
0.0,0.0,300.0,0.7866666666666666,0.45678793224607744,0.4003980414652732,1.0,0.8767123245449426,0.0,0.0,0.0,8786.163132167125,3067.5933893806646,0.0,haco_safemarl_pilot_no_shield,generalization,21452232,2
0.0,0.0,300.0,0.6483333333333333,0.7090327310754942,0.6723753570711666,1.0,0.9488299713269961,0.0,0.0,0.0,8739.989235976996,3100.8190352376587,497.0,haco_safemarl_pilot,generalization,21452232,2
0.0,0.0,300.0,0.043333333333333335,0.8372504005887396,0.832396735368973,0.43333333333333335,0.9979524579896056,0.0,0.0,0.0,601.3571969831589,183.50230547145597,309.0,haco_safemarl_mappo,generalization,21452232,2
0.0,0.5,300.0,0.6783333333333333,0.6571981817622707,0.5954237362084169,1.0,0.9347302362829176,0.0,93.0,0.0,5306.999999999984,2512.4263754934814,0.0,fixed_auv_ga_pso_tlbo_proxy,generalization,21462239,2
0.0,0.5,300.0,0.9016666666666666,0.35834112630195036,0.22582607419752415,1.0,0.9392876188516227,0.0,70.0,0.09,6942.000000000033,2722.7000000000116,0.0,independent_greedy,generalization,21462239,2
0.0,0.5,300.0,0.7116666666666667,0.736185232937737,0.7076161847192958,1.0,0.9516375171495268,0.0,79.0,0.0,7831.645482934465,2880.4062147932004,0.0,communication_aware,generalization,21462239,2
0.0,0.5,300.0,0.38,0.686116988679993,0.5031140889963759,0.5,0.8068661515928239,0.0,0.0,0.0,7858.626913362094,1953.2076169842699,397.0,haco_safemarl_pilot_no_acoustic,generalization,21462239,2
0.0,1.0,300.0,0.5283333333333333,0.6041996843500508,0.35166709197450774,1.0,0.746305234478563,0.0,71.0,0.0,9149.462175006498,2198.080367466584,0.0,haco_safemarl_pilot_no_shield,generalization,21462239,2
0.0,0.5,300.0,0.34,0.71609387372721,0.5668824756696201,0.5,0.816069941333023,0.0,0.0,0.0,8393.120283141905,2130.860387711845,402.0,haco_safemarl_pilot,generalization,21462239,2
0.0,0.0,300.0,0.0,0.8657178248391555,0.8306163747435289,0.0,0.99999999975,0.0,0.0,0.0,1162.9804746004547,352.7649924237151,280.0,haco_safemarl_mappo,generalization,21462239,2
0.0,0.5,300.0,0.0,0.8849289890635924,0.882613248202761,0.0,0.99999999975,0.0,0.0,0.0,5306.999999999984,2222.3228353370264,0.0,fixed_auv_ga_pso_tlbo_proxy,generalization,21472246,2
1.0,1.0,250.0,0.336,0.6927195829415863,0.4898077349895209,0.5,0.7961400666693722,0.0,0.0,0.0,5785.000000000016,1902.5000000000064,0.0,independent_greedy,generalization,21472246,2
1.0,1.0,283.0,0.0,0.8869610732846451,0.8841628812929321,0.0,0.99999999975,0.0,0.0,0.0,7711.75,2502.8040460070065,0.0,communication_aware,generalization,21472246,2
1.0,1.0,228.0,0.1513157894736842,0.8634643248054734,0.8198541227333207,0.5,0.9691904481305739,0.0,0.0,0.0,7036.575000000012,1700.6249504815096,103.0,haco_safemarl_pilot_no_acoustic,generalization,21472246,2
1.0,1.0,243.0,0.15432098765432098,0.8659081476507379,0.8276644488570033,0.5,0.9677735378802947,0.0,0.0,0.0,7435.677747920034,1871.4521975292157,0.0,haco_safemarl_pilot_no_shield,generalization,21472246,2
1.0,1.0,228.0,0.1206140350877193,0.871423395165683,0.8361979388692216,0.5,0.981535287127659,0.0,0.0,0.0,7036.104000063759,1785.1018092402155,102.0,haco_safemarl_pilot,generalization,21472246,2
0.0,0.0,300.0,0.345,0.7818504095402633,0.7356520970564788,0.8166666666666667,0.9807904791376916,0.0,0.0,0.12,1209.2981203174968,174.5877303691984,382.0,haco_safemarl_mappo,generalization,21472246,2
1.0,1.0,297.0,0.4208754208754209,0.8157916910630024,0.7376897166121195,0.5,0.6543829765216966,0.0,0.0,0.04040404040404041,5253.929999999985,2405.408117596268,0.0,fixed_auv_ga_pso_tlbo_proxy,generalization,21482253,2
1.0,1.0,227.0,0.473568281938326,0.6206553489162376,0.3413364714659304,0.5,0.5527161183937365,0.0,0.0,0.0,5252.780000000009,1639.9000000000042,0.0,independent_greedy,generalization,21482253,2
1.0,1.0,289.0,0.39792387543252594,0.8178903346143311,0.7527208908884632,0.5,0.695984000033739,0.0,0.0,0.058823529411764705,7816.279701728794,2832.852779770278,0.0,communication_aware,generalization,21482253,2
1.0,1.0,202.0,0.33910891089108913,0.7770801865278788,0.6464036065962884,0.5,0.7915898639510092,0.0,0.0,0.0,6275.53250000001,1442.9079661781648,147.0,haco_safemarl_pilot_no_acoustic,generalization,21482253,2
1.0,1.0,223.0,0.3116591928251121,0.7949399384111461,0.6914665015653335,0.5,0.8298758471315585,0.0,0.0,0.0,6829.376632694936,1752.670378260728,0.0,haco_safemarl_pilot_no_shield,generalization,21482253,2
1.0,1.0,202.0,0.3341584158415842,0.8046445476126526,0.7040649417554251,0.5,0.7988099702758192,0.0,0.0,0.0,6276.462592295083,1540.5817451814783,149.0,haco_safemarl_pilot,generalization,21482253,2
0.0,0.0,300.0,0.045,0.833025040991113,0.8189784999062284,0.45,0.9977845848154411,0.0,0.0,0.0,1387.7376666087787,186.02295276317543,232.0,haco_safemarl_mappo,generalization,21482253,2
0.0,1.0,255.0,0.08823529411764706,0.8390687310595233,0.8036836729675707,0.5,0.9907216491893622,0.0,108.0,0.08235294117647059,4510.950000000002,1530.5451207798205,0.0,fixed_auv_ga_pso_tlbo_proxy,generalization,21492260,2
0.0,1.0,195.0,0.4794871794871795,0.6157942998040181,0.34077727205080677,0.5,0.5409567063906918,0.0,82.0,0.0,4512.299999999998,1177.1000000000022,0.0,independent_greedy,generalization,21492260,2
0.0,1.0,222.0,0.05855855855855856,0.8391485503207159,0.8059932872432254,0.5,0.9961459518295661,0.0,94.0,0.08558558558558559,6048.451303855048,1746.2186924893342,0.0,communication_aware,generalization,21492260,2
0.0,0.0,300.0,0.15166666666666667,0.8436008620674216,0.7819263953221242,0.5,0.969027011739842,0.0,0.0,0.04,5242.912676441769,2104.6762303769283,653.0,haco_safemarl_pilot_no_acoustic,generalization,21492260,2
0.0,1.0,190.0,0.35,0.8063554156247096,0.7264226796044574,0.5,0.7752293574425553,0.0,82.0,0.03684210526315789,5883.47633343509,1425.5318848256613,0.0,haco_safemarl_pilot_no_shield,generalization,21492260,2
0.0,0.0,300.0,0.14333333333333334,0.8542041198971427,0.8046736377404167,0.5,0.9727679751702953,0.0,0.0,0.04666666666666667,5246.413457118668,2026.3445458663427,657.0,haco_safemarl_pilot,generalization,21492260,2
0.0,0.0,300.0,0.07666666666666666,0.8664931265689868,0.8399692355473202,0.5,0.993152812364468,0.0,0.0,0.0,1510.802213141579,1286.7807862600005,554.0,haco_safemarl_mappo,generalization,21492260,2
1.0,1.0,286.0,0.45454545454545453,0.7545599868156564,0.699791120271556,1.0,0.9068415554276341,0.0,0.0,0.0,5059.339999999989,2243.8758069618266,0.0,fixed_auv_ga_pso_tlbo_proxy,generalization,21502267,2
1.0,1.0,219.0,0.860730593607306,0.5336075365053036,0.3884640592195527,1.0,0.7098435646614256,0.0,0.0,0.0,5067.660000000006,1430.5000000000023,0.0,independent_greedy,generalization,21502267,2
0.0,0.5,300.0,0.45666666666666667,0.7806899219973822,0.7456898130471032,1.0,0.8627979470217264,0.0,0.0,0.0,7983.586597649437,2769.040548711074,0.0,communication_aware,generalization,21502267,2
1.0,1.0,237.0,0.2869198312236287,0.7932793432296572,0.7696975100331517,0.625,0.9921836999259191,0.0,0.0,0.0,7290.31826947558,1884.5460244650294,303.0,haco_safemarl_pilot_no_acoustic,generalization,21502267,2
1.0,1.0,217.0,0.5967741935483871,0.7442335964508516,0.7264968210127148,1.0,0.8517828325051564,0.0,0.0,0.0,6685.994971342414,1621.8062300931063,0.0,haco_safemarl_pilot_no_shield,generalization,21502267,2
1.0,1.0,247.0,0.242914979757085,0.8000060668426465,0.7775561960376182,0.6,0.9908197088626007,0.0,0.0,0.0,7583.968684932316,2073.2652389577092,321.0,haco_safemarl_pilot,generalization,21502267,2
0.0,0.0,300.0,0.0,0.8592012303738159,0.8334240215294751,0.0,0.99999999975,0.0,0.0,0.0,1097.035143970813,125.85846778779481,116.0,haco_safemarl_mappo,generalization,21502267,2
1.0,1.0,255.0,0.3352941176470588,0.7891346660742966,0.7824686248519821,1.0,0.9997825060027246,0.0,0.0,0.0,4510.950000000002,2147.175502652648,0.0,fixed_auv_ga_pso_tlbo_proxy,generalization,21512274,2
1.0,1.0,195.0,0.33589743589743587,0.7509033129672106,0.6563474721036089,1.0,0.9337295727359333,0.0,0.0,0.0,4512.299999999998,1835.100000000005,0.0,independent_greedy,generalization,21512274,2
0.0,0.5,300.0,0.5116666666666667,0.7685972395465596,0.7660863352463904,1.0,0.9999883507280263,0.0,0.0,0.0,7889.164433461549,3036.3855620820113,0.0,communication_aware,generalization,21512274,2
1.0,1.0,200.0,0.1975,0.788387223740656,0.6904721018944104,0.5,0.9428908691484815,0.0,0.0,0.0,6153.0202120801005,1726.326358704462,111.0,haco_safemarl_pilot_no_acoustic,generalization,21512274,2
1.0,1.0,190.0,0.18421052631578946,0.7698564527281057,0.6447657601981537,0.5,0.951485148174766,0.0,0.0,0.0,5858.196102237196,1575.3847692352956,0.0,haco_safemarl_pilot_no_shield,generalization,21512274,2
1.0,1.0,210.0,0.2,0.7939107458815223,0.708650140352431,0.6428571428571429,0.9560975606185308,0.0,0.0,0.0,6452.480431351304,1815.9021184030307,137.0,haco_safemarl_pilot,generalization,21512274,2
0.0,0.0,300.0,0.013333333333333334,0.8652543644664578,0.8445365718190859,0.13333333333333333,0.9998174180379783,0.0,0.0,0.0,927.3313161923771,96.0482429938834,209.0,haco_safemarl_mappo,generalization,21512274,2
0.0,0.5,300.0,0.9916666666666667,0.230855491194645,0.2083980150965222,1.0,0.49999910000161996,0.0,35.0,0.0,5306.999999999984,2779.5546730407345,0.0,fixed_auv_ga_pso_tlbo_proxy,generalization,21522281,2
0.0,1.0,243.0,0.8662551440329218,0.2685541661714987,0.051510477976982084,1.0,0.5156211825180722,0.0,26.0,0.0,5623.020000000014,2492.1000000000095,0.0,independent_greedy,generalization,21522281,2
0.0,0.5,300.0,0.9966666666666667,0.5342696613859257,0.5199665851007984,1.0,0.49999437506328054,0.0,55.0,0.0,7593.579974228603,3045.264483434053,0.0,communication_aware,generalization,21522281,2
1.0,1.0,289.0,0.5795847750865052,0.49484663053658484,0.16845778187907487,1.0,0.5041321604874446,0.0,0.0,0.0,8775.827554799589,2257.769443545561,424.0,haco_safemarl_pilot_no_acoustic,generalization,21522281,2
0.0,1.0,252.0,0.6607142857142857,0.4710890757167765,0.1502533756413476,1.0,0.49999999945706375,0.0,33.0,0.0,7605.765133479403,1891.882172002352,0.0,haco_safemarl_pilot_no_shield,generalization,21522281,2
0.0,0.0,300.0,0.9483333333333334,0.6017194618764983,0.5300684444473462,1.0,0.5332963107676647,0.0,0.0,0.0,8503.709274940753,3084.529361946573,600.0,haco_safemarl_pilot,generalization,21522281,2
0.0,0.0,300.0,0.7533333333333333,0.6872033628024403,0.6112177996649755,1.0,0.5136960589532681,0.0,0.0,0.0,381.2944592897041,37.35558040972718,589.0,haco_safemarl_mappo,generalization,21522281,2
0.0,0.5,300.0,0.4,0.6789489871995222,0.6529286373881691,1.0,0.9975062337229798,0.0,45.0,0.0,5306.999999999984,2283.072516403312,0.0,fixed_auv_ga_pso_tlbo_proxy,generalization,21532288,2
0.0,1.0,276.0,0.5615942028985508,0.5314550981225404,0.46454320517380027,1.0,0.9707598449484717,0.0,34.0,0.09057971014492754,6386.640000000025,2340.9000000000033,0.0,independent_greedy,generalization,21532288,2
0.0,0.0,300.0,0.4866666666666667,0.7546775140220294,0.7389011739155533,1.0,0.9989469684311397,0.0,38.0,0.0,7890.877396697868,2966.00799844408,0.0,communication_aware,generalization,21532288,2
0.0,0.0,300.0,0.49,0.6883801646185566,0.6801171893578466,1.0,0.9989331730615346,0.0,0.0,0.04,7626.712501326869,2752.9545468780543,445.0,haco_safemarl_pilot_no_acoustic,generalization,21532288,2
0.0,0.0,300.0,0.555,0.5955147998757465,0.593053478428704,1.0,0.9999859715247756,0.0,33.0,0.04,8948.812802523467,3056.4462281868537,0.0,haco_safemarl_pilot_no_shield,generalization,21532288,2
0.0,0.0,300.0,0.4716666666666667,0.7670549412710999,0.7654458105381322,1.0,0.9999104450835644,0.0,0.0,0.03333333333333333,7563.647592842371,2732.9376827382703,443.0,haco_safemarl_pilot,generalization,21532288,2
0.0,0.0,300.0,0.08,0.8411196991466445,0.8360704781574358,0.5,0.9991605453504573,0.0,0.0,0.03666666666666667,1141.8740808293394,146.03645221547066,365.0,haco_safemarl_mappo,generalization,21532288,2
0.0,1.0,238.0,0.0,0.8987897479123523,0.8945227040538039,0.0,0.99999999975,0.0,31.0,0.0,4210.220000000008,1713.349004654215,0.0,fixed_auv_ga_pso_tlbo_proxy,generalization,21542295,2
0.0,1.0,182.0,0.16758241758241757,0.8324436212333158,0.8053765588418026,0.7105263157894737,0.9784193359293095,0.0,24.0,0.0,4211.479999999994,1235.9000000000021,0.0,independent_greedy,generalization,21542295,2
0.0,1.0,206.0,0.0,0.8988546008833315,0.8945492627028527,0.0,0.99999999975,0.0,27.0,0.0,5613.5,1818.157526600966,0.0,communication_aware,generalization,21542295,2
1.0,1.0,185.0,0.0,0.8906112820895985,0.8845892872000839,0.0,0.99999999975,0.0,0.0,0.0,5731.959361207451,1419.4251817946154,41.0,haco_safemarl_pilot_no_acoustic,generalization,21542295,2
0.0,1.0,177.0,0.059322033898305086,0.8886616543530673,0.8787200159973723,0.5,0.9960388032767006,0.0,23.0,0.0,5465.959567007,1306.4506396695526,0.0,haco_safemarl_pilot_no_shield,generalization,21542295,2
1.0,1.0,185.0,0.0,0.890643374931544,0.884653299871935,0.0,0.99999999975,0.0,0.0,0.0,5731.2645094837135,1416.9160091312942,40.0,haco_safemarl_pilot,generalization,21542295,2
0.0,0.0,300.0,0.0,0.8855501919691631,0.8847584470621515,0.0,0.99999999975,0.0,0.0,0.0,1055.115366821871,73.12972953718636,42.0,haco_safemarl_mappo,generalization,21542295,2
1.0,1.0,13.0,0.0,0.8911155985367556,0.889687413179336,0.0,0.99999999975,0.0,0.0,0.0,229.96999999999997,68.89814304667924,0.0,fixed_auv_ga_pso_tlbo_proxy,generalization,21552302,2
1.0,1.0,10.0,0.0,0.8899424800070428,0.8850747487348277,0.0,0.99999999975,0.0,0.0,0.0,231.39999999999998,43.900000000000404,0.0,independent_greedy,generalization,21552302,2
1.0,1.0,11.0,0.0,0.8911067294391016,0.8899666062277537,0.0,0.99999999975,0.0,0.0,0.0,299.75,75.08460335736687,0.0,communication_aware,generalization,21552302,2
1.0,1.0,10.0,0.0,0.8866397704922582,0.8768636623107435,0.0,0.99999999975,0.0,0.0,0.0,299.94874999999996,11.04310244103427,0.0,haco_safemarl_pilot_no_acoustic,generalization,21552302,2
1.0,1.0,10.0,0.0,0.8866397704922582,0.8768636623107435,0.0,0.99999999975,0.0,0.0,0.0,299.94874999999996,11.04310244103427,0.0,haco_safemarl_pilot_no_shield,generalization,21552302,2
1.0,1.0,10.0,0.0,0.8866397704922582,0.8768636623107435,0.0,0.99999999975,0.0,0.0,0.0,299.94874999999996,11.04310244103427,0.0,haco_safemarl_pilot,generalization,21552302,2
0.0,0.5,300.0,0.006666666666666667,0.8370122970141088,0.8327590199595654,0.06666666666666667,0.9999549587593575,0.0,0.0,0.0033333333333333335,652.3216953586043,423.46693593211984,384.0,haco_safemarl_mappo,generalization,21552302,2
0.0,1.0,201.0,0.0,0.8760991074937842,0.8739269443560812,0.0,0.99999999975,0.0,201.0,0.01990049751243781,3555.690000000009,2012.0104584593141,0.0,fixed_auv_ga_pso_tlbo_proxy,generalization,21562309,2
0.0,1.0,154.0,0.00974025974025974,0.8410836228117763,0.8177392681101753,0.09375,0.9999032609184415,0.0,154.0,0.13636363636363635,3563.5599999999954,1558.300000000003,0.0,independent_greedy,generalization,21562309,2
0.0,1.0,174.0,0.0,0.8760029297665,0.8735407595056257,0.0,0.99999999975,0.0,174.0,0.16666666666666666,4741.5,2154.0569598550164,0.0,communication_aware,generalization,21562309,2
0.0,1.0,150.0,0.06666666666666667,0.8694192677028514,0.8276005864238638,0.5,0.9949238575839366,0.0,19.0,0.29333333333333333,4640.563390081912,1199.8040129994074,101.0,haco_safemarl_pilot_no_acoustic,generalization,21562309,2
0.0,1.0,150.0,0.07333333333333333,0.8565983442634939,0.8012961018150542,0.5,0.9937763601692219,0.0,77.0,0.29333333333333333,4484.116250567754,1142.9757407457623,0.0,haco_safemarl_pilot_no_shield,generalization,21562309,2
0.0,1.0,150.0,0.06333333333333334,0.8700572923370486,0.8288836820137647,0.5,0.9954489293966667,0.0,19.0,0.3,4621.7168005846515,1198.6239710452292,96.0,haco_safemarl_pilot,generalization,21562309,2
0.0,0.5,300.0,0.3933333333333333,0.6414638649619792,0.3844358204149304,0.5,0.7040469304573828,0.0,11.0,0.05333333333333334,591.7899333938722,48.29482434628249,330.0,haco_safemarl_mappo,generalization,21562309,2
0.0,1.0,248.0,0.7681451612903226,0.48570508687760716,0.4278239449033126,1.0,0.8568744296552283,0.0846774193548387,112.0,0.16532258064516128,4387.120000000004,1942.6929397933427,0.0,fixed_auv_ga_pso_tlbo_proxy,generalization,21572316,2
0.0,1.0,190.0,0.8605263157894737,0.3549534024514432,0.2503695812797003,1.0,0.7695890334843385,0.0,85.0,0.1736842105263158,4396.599999999997,1316.500000000001,0.0,independent_greedy,generalization,21572316,2
0.0,0.0,300.0,0.8183333333333334,0.6740215958086355,0.6397376981845486,1.0,0.8653313854421102,0.0,250.0,0.14333333333333334,7739.423535675994,2902.814147121447,0.0,communication_aware,generalization,21572316,2
0.0,0.5,300.0,0.685,0.624539714682824,0.6044014338383873,1.0,0.9899950088936437,0.09,16.0,0.21666666666666667,7817.559390495437,2996.271855024089,714.0,haco_safemarl_pilot_no_acoustic,generalization,21572316,2
0.0,0.0,300.0,0.9,0.44610840939851326,0.4319425538675479,1.0,0.7999999840000004,0.09,222.0,0.28,8795.819698446998,2983.9612132976636,0.0,haco_safemarl_pilot_no_shield,generalization,21572316,2
0.0,0.0,300.0,0.25166666666666665,0.7937749024651393,0.7845896839282298,1.0,0.978218253733613,0.0,16.0,0.11,8763.753049761675,3311.001498974315,626.0,haco_safemarl_pilot,generalization,21572316,2
0.0,0.0,300.0,0.0,0.8202144990760841,0.8117326175225876,0.0,0.99999999975,0.0,12.0,0.0,113.42313261601919,165.91571705938478,546.0,haco_safemarl_mappo,generalization,21572316,2
1.0,1.0,296.0,0.0,0.9082478889592365,0.9077457692779107,0.0,0.99999999975,0.0,0.0,0.0,5236.239999999985,2661.48196801106,0.0,fixed_auv_ga_pso_tlbo_proxy,generalization,21582323,2
1.0,1.0,227.0,0.22026431718061673,0.8027690482358091,0.7041182897025382,0.5,0.9260989088672371,0.0,0.0,0.0,5252.780000000009,1904.3000000000056,0.0,independent_greedy,generalization,21582323,2
1.0,1.0,257.0,0.0,0.9082612900032471,0.9077241865808668,0.0,0.99999999975,0.0,0.0,0.0,7003.25,2884.002151585918,0.0,communication_aware,generalization,21582323,2
1.0,1.0,218.0,0.0,0.8998768833881724,0.8867505155610401,0.0,0.99999999975,0.0,0.0,0.0,6634.573750000006,1744.5637960430213,17.0,haco_safemarl_pilot_no_acoustic,generalization,21582323,2
1.0,1.0,220.0,0.0,0.8993594939373886,0.8858137181131774,0.0,0.99999999975,0.0,0.0,0.0,6686.308396486985,1994.884907393052,0.0,haco_safemarl_pilot_no_shield,generalization,21582323,2
1.0,1.0,218.0,0.0,0.9000894048971946,0.8872678458673771,0.0,0.99999999975,0.0,0.0,0.0,6634.571832505521,1962.2520824747955,17.0,haco_safemarl_pilot,generalization,21582323,2
0.0,0.0,300.0,0.22666666666666666,0.820983198367408,0.8146027616321752,0.6833333333333333,0.9998328158843788,0.0,0.0,0.0,401.95051886347767,73.42012718762976,478.0,haco_safemarl_mappo,generalization,21582323,2
1.0,1.0,262.0,0.20801526717557253,0.8429890265305726,0.8286501279259926,1.0,0.9969378418535386,0.0,0.0,0.06870229007633588,4634.779999999999,2267.4838888522963,0.0,fixed_auv_ga_pso_tlbo_proxy,generalization,21592330,2
1.0,1.0,200.0,0.4625,0.7706083056729883,0.6767384505618658,0.975,0.6814429338199468,0.0,0.0,0.0,4628.0,1817.1000000000051,0.0,independent_greedy,generalization,21592330,2
0.0,0.5,300.0,0.395,0.8132872416257043,0.8016018038731123,1.0,0.9978115669644926,0.0,0.0,0.03666666666666667,7994.752685982328,3163.4749810777143,0.0,communication_aware,generalization,21592330,2
1.0,1.0,200.0,0.2225,0.8508330751233849,0.7956384851712728,0.5,0.9243038164697528,0.0,0.0,0.02,5537.992436091865,1477.3441644910033,160.0,haco_safemarl_pilot_no_acoustic,generalization,21592330,2
1.0,1.0,195.0,0.25384615384615383,0.7881126023925363,0.6702862239171657,0.5,0.8962659550593709,0.0,0.0,0.0,5956.612437308884,1472.1740010214342,0.0,haco_safemarl_pilot_no_shield,generalization,21592330,2
1.0,1.0,200.0,0.19,0.8559458362677423,0.8058762895159675,0.5,0.9478474425932364,0.0,0.0,0.03,5499.828653034558,1467.938621881946,161.0,haco_safemarl_pilot,generalization,21592330,2
0.0,0.5,300.0,0.3383333333333333,0.6586107720832207,0.500507052692443,0.5,0.8736156527984843,0.0,0.0,0.09333333333333334,1231.1650881147668,375.72112269283883,499.0,haco_safemarl_mappo,generalization,21592330,2
0.0,1.0,278.0,0.5593525179856115,0.6601902494692308,0.6178605656611125,1.0,0.9752867761450938,0.0,42.0,0.0,4917.819999999992,2659.537533817809,0.0,fixed_auv_ga_pso_tlbo_proxy,generalization,21602337,2
0.0,1.0,213.0,0.5938967136150235,0.5115873642037895,0.20466316554088504,1.0,0.5358818258851848,0.0,33.0,0.0,4928.820000000004,2065.7000000000094,0.0,independent_greedy,generalization,21602337,2
0.0,0.5,300.0,0.6516666666666666,0.723861266805449,0.7073581811496279,1.0,0.9948754136214005,0.0,0.0,0.0,7831.409840756495,3244.274786039672,0.0,communication_aware,generalization,21602337,2
1.0,1.0,250.0,0.396,0.7498386816995699,0.5921470216309656,0.5,0.6993742711818991,0.0,0.0,0.0,6182.964172869508,1664.7757771879712,393.0,haco_safemarl_pilot_no_acoustic,generalization,21602337,2
0.0,1.0,206.0,0.4538834951456311,0.6139361406324751,0.32417420203793795,0.5,0.5914550082354021,0.0,32.0,0.0,6283.2481160591715,1462.9588484170665,0.0,haco_safemarl_pilot_no_shield,generalization,21602337,2
1.0,1.0,250.0,0.254,0.7768081725041928,0.6476432566017557,0.5,0.8961148536242436,0.0,0.0,0.0,6249.699516138753,1672.163674787435,373.0,haco_safemarl_pilot,generalization,21602337,2
0.0,0.0,300.0,0.495,0.654730378529058,0.45275466348990157,0.5,0.509998999845016,0.0,0.0,0.0,655.0499366810513,82.15206259503088,400.0,haco_safemarl_mappo,generalization,21602337,2
1.0,1.0,218.0,0.48623853211009177,0.7609496059133629,0.6698459905266255,0.5,0.5275021023436816,0.0,0.0,0.12844036697247707,3856.42000000001,1361.3658891807258,0.0,fixed_auv_ga_pso_tlbo_proxy,generalization,21612344,2
1.0,1.0,167.0,0.5598802395209581,0.6188917284649863,0.4193432058794409,1.0,0.5424762761678685,0.0,0.0,0.0,3864.379999999994,1060.5000000000002,0.0,independent_greedy,generalization,21612344,2
0.0,0.5,300.0,0.475,0.7843157784675211,0.7304275964322549,0.5,0.5498753114464463,0.0,0.0,0.10333333333333333,7993.742534228061,3343.326939135835,0.0,communication_aware,generalization,21612344,2
1.0,1.0,165.0,0.4666666666666667,0.7879944274762265,0.7508270142514454,0.5,0.8144720229760727,0.0,0.0,0.05454545454545454,4919.215669654026,1026.4374416316696,212.0,haco_safemarl_pilot_no_acoustic,generalization,21612344,2
1.0,1.0,168.0,0.49702380952380953,0.7478080251919486,0.7409968533648216,0.6176470588235294,0.8354589591183527,0.0,0.0,0.07142857142857142,5162.54432770873,1332.1595770103236,0.0,haco_safemarl_pilot_no_shield,generalization,21612344,2
1.0,1.0,166.0,0.40963855421686746,0.7985877349047267,0.7804924988947631,0.5,0.9090392800508876,0.0,0.0,0.060240963855421686,5200.423987119147,1338.2282890594843,205.0,haco_safemarl_pilot,generalization,21612344,2
0.0,0.0,300.0,0.49333333333333335,0.5810694382947088,0.2768368216147321,0.5,0.5133309631276675,0.0,0.0,0.06666666666666667,772.9177056034143,25.82076723422853,364.0,haco_safemarl_mappo,generalization,21612344,2
1.0,1.0,213.0,0.16901408450704225,0.8422849713025334,0.8315621592423635,1.0,0.999202653207463,0.0,0.0,0.0,3767.97000000001,1633.721563737334,0.0,fixed_auv_ga_pso_tlbo_proxy,generalization,21622351,2
1.0,1.0,163.0,0.5122699386503068,0.7694750557541677,0.673909821845011,1.0,0.5956599591012183,0.0,0.0,0.0,3771.8199999999943,1159.9000000000003,0.0,independent_greedy,generalization,21622351,2
1.0,1.0,259.0,0.40733590733590735,0.794283761624093,0.7834727112693981,1.0,0.9991413117033459,0.0,0.0,0.0,6867.901145805047,2547.1391671245788,0.0,communication_aware,generalization,21622351,2
1.0,1.0,187.0,0.16844919786096257,0.8194124485754157,0.7786615813332537,1.0,0.9935796022975316,0.0,0.0,0.0,5720.049878541751,1618.9591906827404,126.0,haco_safemarl_pilot_no_acoustic,generalization,21622351,2
1.0,1.0,162.0,0.16666666666666666,0.8361306715438952,0.8161242970242311,1.0,0.9997805690625067,0.0,0.0,0.0,5014.742769060601,1369.9765335547052,0.0,haco_safemarl_pilot_no_shield,generalization,21622351,2
1.0,1.0,192.0,0.17708333333333334,0.8155351882720057,0.7722862863475933,0.95,0.9932757725240112,0.0,0.0,0.0,5858.405352963053,1644.9081203299986,129.0,haco_safemarl_pilot,generalization,21622351,2
0.0,0.5,300.0,0.27,0.791429282834451,0.7147364770931472,0.5,0.9323315574632117,0.0,0.0,0.0,1573.4580306633818,219.6973482139553,283.0,haco_safemarl_mappo,generalization,21622351,2
0.0,1.0,182.0,0.6181318681318682,0.7235891298491985,0.7068078673485144,1.0,0.9937763587636124,0.0,21.0,0.0,3219.5800000000077,1666.9839114307283,0.0,fixed_auv_ga_pso_tlbo_proxy,generalization,21632358,2
0.0,1.0,140.0,0.5785714285714286,0.6541659979588252,0.5234158743012912,1.0,0.6959216306657304,0.0,16.0,0.0,3239.599999999997,1344.3000000000018,0.0,independent_greedy,generalization,21632358,2
0.0,0.5,300.0,0.79,0.7240142671938742,0.7149668208800141,1.0,0.995984937914765,0.0,17.0,0.0,7791.283233677716,3227.9718392455197,0.0,communication_aware,generalization,21632358,2
1.0,1.0,142.0,0.34507042253521125,0.740463730228428,0.5832739695061961,0.5,0.7827149317696231,0.0,0.0,0.0,4410.564428684497,1016.7960935064536,115.0,haco_safemarl_pilot_no_acoustic,generalization,21632358,2
0.0,1.0,136.0,0.3492647058823529,0.6624811863608172,0.43085553264388965,0.5,0.7763542644010644,0.0,15.0,0.0,4144.705010781148,991.3063777249566,0.0,haco_safemarl_pilot_no_shield,generalization,21632358,2
1.0,1.0,142.0,0.34507042253521125,0.7636034156858307,0.6298446045781295,0.5,0.7827149317696231,0.0,0.0,0.0,4447.184790031653,1004.5350100116079,113.0,haco_safemarl_pilot,generalization,21632358,2
0.0,0.0,300.0,0.0,0.8436735950913481,0.8398514795312083,0.0,0.99999999975,0.0,0.0,0.0,202.35955890847868,363.8534756699826,353.0,haco_safemarl_mappo,generalization,21632358,2
0.0,0.5,300.0,0.0,0.8314327604451921,0.8127117759728633,0.0,0.99999999975,0.0,0.0,0.0,5306.999999999984,2233.6719880877986,0.0,fixed_auv_ga_pso_tlbo_proxy,generalization,21642365,2
1.0,1.0,272.0,0.6525735294117647,0.5211790471337298,0.3817171474305535,1.0,0.8118040075437366,0.0,0.0,0.0,6294.080000000024,1830.7000000000053,0.0,independent_greedy,generalization,21642365,2
0.0,0.5,300.0,0.0,0.8337838018131875,0.8147361042057552,0.0,0.99999999975,0.0,0.0,0.0,8175.0,2400.391852520338,0.0,communication_aware,generalization,21642365,2
1.0,1.0,246.0,0.2032520325203252,0.8103304457513061,0.7759231728372751,0.5,0.943418467232982,0.0,0.0,0.0,7732.942652899365,1907.295174008668,176.0,haco_safemarl_pilot_no_acoustic,generalization,21642365,2
1.0,1.0,265.0,0.30377358490566037,0.7968308347244898,0.7701767359508743,0.5,0.9170202444444594,0.0,0.0,0.0,8161.92722779678,2382.6662115160434,0.0,haco_safemarl_pilot_no_shield,generalization,21642365,2
1.0,1.0,246.0,0.18495934959349594,0.8200465190116476,0.7962282185757767,0.5,0.9550454353044157,0.0,0.0,0.0,7728.541397725352,1994.563832697576,178.0,haco_safemarl_pilot,generalization,21642365,2
0.0,0.0,300.0,0.37,0.7926613699126102,0.7544654155373808,0.5,0.7435369048597148,0.0,0.0,0.0,425.89967519100435,83.3988548948323,571.0,haco_safemarl_mappo,generalization,21642365,2
0.0,0.5,300.0,0.09,0.8486687087818898,0.7949543828190031,0.5,0.9903133218756536,0.0,0.0,0.0,5306.999999999984,2377.523881392894,0.0,fixed_auv_ga_pso_tlbo_proxy,generalization,21652372,2
0.0,0.5,300.0,0.73,0.5710928888356974,0.5500555874693378,1.0,0.7561369117191332,0.0,0.0,0.0,6942.000000000033,2268.500000000009,0.0,independent_greedy,generalization,21652372,2
0.0,0.5,300.0,0.06166666666666667,0.8508503912463923,0.7990522661172768,0.5,0.9956995392016883,0.0,0.0,0.0,8169.63284285396,3143.390293422614,0.0,communication_aware,generalization,21652372,2
1.0,1.0,289.0,0.07958477508650519,0.8468664596522795,0.8266675892721045,0.5,0.9996467975745911,0.0,0.0,0.0,8983.542089266957,2304.230496939372,197.0,haco_safemarl_pilot_no_acoustic,generalization,21652372,2
1.0,1.0,297.0,0.265993265993266,0.8274509333172746,0.7923266575795471,0.5,0.9591313644846312,0.0,0.0,0.0,9096.896961457023,2321.526104817796,0.0,haco_safemarl_pilot_no_shield,generalization,21652372,2
1.0,1.0,289.0,0.0726643598615917,0.8481242824490446,0.8265991614953149,0.5,0.9999443111199101,0.0,0.0,0.0,8980.372628344185,2386.8823573143095,192.0,haco_safemarl_pilot,generalization,21652372,2
0.0,0.0,300.0,0.24666666666666667,0.7820911993895667,0.7317671076842887,0.5,0.9031687646710763,0.0,0.0,0.0,1502.6910895736976,68.44523166611398,431.0,haco_safemarl_mappo,generalization,21652372,2
0.0,0.8333333333333334,300.0,0.6805555555555556,0.6025124421685562,0.42915659792354405,1.0,0.7058211968090503,0.0,207.0,0.0,6320.999999999983,4110.598048845884,0.0,fixed_auv_ga_pso_tlbo_proxy,generalization,21162779,6
0.0,1.0,244.0,0.6885245901639344,0.5525994283890825,0.3584118076152414,1.0,0.6726708073238609,0.0,173.0,0.0,7056.480000000014,4164.899999999994,0.0,independent_greedy,generalization,21162779,6
0.0,0.6666666666666666,300.0,0.7133333333333334,0.6844708510143521,0.5769063120897836,1.0,0.7481286666123486,0.0,105.0,0.0,8359.743760393254,3389.9878266092855,0.0,communication_aware,generalization,21162779,6
0.0,0.8333333333333334,300.0,0.455,0.7053682383398799,0.4378090626804041,0.811111111111111,0.8975824728533883,0.0,0.0,0.09333333333333334,10067.180454017756,2978.9406851496688,1186.0,haco_safemarl_pilot_no_acoustic,generalization,21162779,6
0.0,1.0,240.0,0.6006944444444445,0.6157226334860184,0.44089613903501346,0.9791666666666666,0.630374268267632,0.0,22.0,0.058333333333333334,8204.373792458582,1898.7456416212106,0.0,haco_safemarl_pilot_no_shield,generalization,21162779,6
0.0,0.3333333333333333,300.0,0.4655555555555555,0.7489874072702996,0.6083536983014686,0.6777777777777778,0.8222572883023573,0.0,0.0,0.0,9449.620668814625,3230.680860000778,1140.0,haco_safemarl_pilot,generalization,21162779,6
0.0,0.16666666666666666,300.0,0.07444444444444444,0.8343196689302212,0.8023359235233029,0.17222222222222225,0.9862794260723718,0.0,0.0,0.0,984.2277782616069,652.3110300921614,997.0,haco_safemarl_mappo,generalization,21162779,6
0.0,0.6666666666666666,300.0,0.5355555555555556,0.6362525464659035,0.41177063109471795,1.0,0.9313248900848854,0.0,398.0,0.10666666666666667,6320.999999999983,3600.7644129740415,0.0,fixed_auv_ga_pso_tlbo_proxy,generalization,21172786,6
0.0,1.0,261.0,0.6500638569604088,0.5493754141808634,0.4208144636783848,1.0,0.8089388844304755,0.07279693486590039,368.0,0.17624521072796934,7548.120000000015,3947.49999999999,0.0,independent_greedy,generalization,21172786,6
0.0,0.5,300.0,0.6088888888888888,0.7225503366712309,0.5971207022391483,1.0,0.9210618257047207,0.0,385.0,0.12333333333333334,8624.677722284576,3818.44129996038,0.0,communication_aware,generalization,21172786,6
0.0,0.3333333333333333,300.0,0.46888888888888886,0.6903255720923519,0.5650800322720088,0.8444444444444443,0.8827536113531146,0.05,10.0,0.12666666666666668,9157.741601198552,3648.077179629763,1301.0,haco_safemarl_pilot_no_acoustic,generalization,21172786,6
0.0,0.3333333333333333,300.0,0.49166666666666664,0.6353181387620725,0.4128767120042082,0.8333333333333331,0.8063374380263905,0.04666666666666667,175.0,0.11666666666666667,9640.119096963319,3178.041205865851,0.0,haco_safemarl_pilot_no_shield,generalization,21172786,6
0.0,0.16666666666666666,300.0,0.46388888888888874,0.7653053714614136,0.7009894373183465,0.8333333333333331,0.8995517816858806,0.05,10.0,0.12333333333333334,8951.554730589607,3717.6412644990146,1296.0,haco_safemarl_pilot,generalization,21172786,6
0.0,0.0,300.0,0.0,0.8521773601602451,0.8227414635492043,0.0,0.9999999999722223,0.0,11.0,0.0033333333333333335,1220.5009015473356,746.8421219527122,1119.0,haco_safemarl_mappo,generalization,21172786,6
0.0,1.0,293.0,0.5733788395904437,0.5377814584097446,0.15512705533894092,0.8333333333333331,0.6478205588237022,0.0,37.0,0.0,6173.509999999985,3363.1848200333466,0.0,fixed_auv_ga_pso_tlbo_proxy,generalization,21182793,6
0.0,1.0,224.0,0.5729166666666666,0.5308046633406632,0.12649975382899142,0.8333333333333333,0.6489171452014842,0.0,28.0,0.049107142857142856,6478.080000000013,3087.4999999999936,0.0,independent_greedy,generalization,21182793,6
0.0,0.5,300.0,0.6116666666666666,0.6630028975722495,0.3976269492268129,0.8333333333333331,0.6016468292881124,0.0,51.0,0.0,8434.572298050001,3572.1258008293794,0.0,communication_aware,generalization,21182793,6
0.0,0.6666666666666666,300.0,0.5594444444444444,0.617357072711922,0.3052436420438451,0.8333333333333331,0.649123730541306,0.0,0.0,0.03666666666666667,9697.709393387684,2982.51749457735,1140.0,haco_safemarl_pilot_no_acoustic,generalization,21182793,6
0.0,0.6666666666666666,300.0,0.6511111111111111,0.5646161889494569,0.33078561086280367,0.8333333333333331,0.5413495853940572,0.0,46.0,0.0,9577.703386310946,2843.3526708754907,0.0,haco_safemarl_pilot_no_shield,generalization,21182793,6
0.0,0.3333333333333333,300.0,0.565,0.727290762959612,0.5813945196727177,0.8333333333333331,0.6530045564593646,0.0,0.0,0.016666666666666666,9280.354434297931,3292.7818688238845,1175.0,haco_safemarl_pilot,generalization,21182793,6
0.0,0.0,300.0,0.017777777777777778,0.8281650581948967,0.818521273499045,0.1666666666666667,0.998364710422846,0.0,0.0,0.006666666666666667,641.112468495611,425.79630236901323,1294.0,haco_safemarl_mappo,generalization,21182793,6
0.0,0.6666666666666666,300.0,0.675,0.4722786488652641,0.17880631875081626,1.0,0.684748550244652,0.0,72.0,0.09333333333333334,6320.999999999983,3217.33158151957,0.0,fixed_auv_ga_pso_tlbo_proxy,generalization,21192800,6
0.0,0.8333333333333334,300.0,0.7405555555555555,0.377262735013343,0.08772479402731993,1.0,0.6738754269926869,0.0,153.0,0.0,8676.000000000018,4559.2999999999965,0.0,independent_greedy,generalization,21192800,6
0.0,0.16666666666666666,300.0,0.72,0.6452786856778087,0.475388555702651,1.0,0.6812125891385373,0.0,0.0,0.09666666666666666,8234.933782696611,3048.363164827619,0.0,communication_aware,generalization,21192800,6
0.0,0.16666666666666666,300.0,0.6661111111111111,0.5703020013425295,0.2657687640463296,1.0,0.8217891837327123,0.0,0.0,0.0,9653.04205580004,3342.6166500022177,1321.0,haco_safemarl_pilot_no_acoustic,generalization,21192800,6
0.0,0.3333333333333333,300.0,0.7072222222222221,0.5285998813615986,0.26442163763245036,1.0,0.8218341823826704,0.0,30.0,0.11333333333333333,9589.130827089424,3056.535198049052,0.0,haco_safemarl_pilot_no_shield,generalization,21192800,6
0.0,0.0,300.0,0.7127777777777777,0.6908159570293939,0.5871330657186593,1.0,0.6933243063556069,0.0,0.0,0.06333333333333334,9191.25117336295,3251.343543651312,1406.0,haco_safemarl_pilot,generalization,21192800,6
0.0,0.0,300.0,0.1722222222222222,0.8286424139583458,0.7674310213027726,0.3333333333333334,0.9076421663045714,0.0,0.0,0.0,1245.943394401818,290.2749361942524,948.0,haco_safemarl_mappo,generalization,21192800,6
0.0,0.6666666666666666,300.0,0.5477777777777777,0.5429377157712376,0.21236983553679206,0.8333333333333331,0.6384350634031135,0.0,174.0,0.0,6320.999999999983,3429.0681852339876,0.0,fixed_auv_ga_pso_tlbo_proxy,generalization,21202807,6
0.0,1.0,259.0,0.5746460746460746,0.4979258785610543,0.09025578839836419,0.8333333333333333,0.5940478423600754,0.0,163.0,0.04247104247104247,7490.280000000015,3615.5,0.0,independent_greedy,generalization,21202807,6
0.0,0.16666666666666666,300.0,0.5999999999999999,0.6878706688147975,0.4843404001138028,0.8333333333333331,0.6081252286866052,0.0,51.0,0.0,8456.053646114797,3771.375957239428,0.0,communication_aware,generalization,21202807,6
0.0,0.3333333333333333,300.0,0.5205555555555554,0.6282113226659322,0.279501771829348,0.8333333333333331,0.7040695552271717,0.0,6.0,0.0,7491.597506868132,2663.7566599783117,1351.0,haco_safemarl_pilot_no_acoustic,generalization,21202807,6
0.0,0.16666666666666666,300.0,0.6244444444444444,0.5401708527080834,0.2646820543265755,0.8333333333333331,0.574214528702585,0.0,42.0,0.0,9465.801670530345,3314.256382838575,0.0,haco_safemarl_pilot_no_shield,generalization,21202807,6
0.0,0.16666666666666666,300.0,0.5188888888888887,0.7393335949263385,0.586135279637765,0.8333333333333331,0.7237476500319073,0.0,6.0,0.0,8774.000940323449,3379.672041176594,1262.0,haco_safemarl_pilot,generalization,21202807,6
0.0,0.0,300.0,0.18388888888888885,0.8270078360576054,0.7488148161089084,0.3333333333333334,0.9030039861436722,0.0,6.0,0.0,822.4647759196795,425.25570028364297,782.0,haco_safemarl_mappo,generalization,21202807,6
0.0,0.8333333333333334,300.0,0.6566666666666666,0.4883413694224809,0.3563635050046673,1.0,0.8701369711423563,0.0,48.0,0.0,6320.999999999983,3140.043094908105,0.0,fixed_auv_ga_pso_tlbo_proxy,generalization,21212814,6
0.0,1.0,234.0,0.6794871794871795,0.4748818306732532,0.2819132314087176,1.0,0.8188170215082602,0.0,37.0,0.0,6767.280000000013,2826.4999999999995,0.0,independent_greedy,generalization,21212814,6
0.0,0.16666666666666666,300.0,0.6944444444444444,0.6658548561195105,0.6018413121415092,1.0,0.8679957760079664,0.0,0.0,0.0,8301.167794820132,2993.746093521138,0.0,communication_aware,generalization,21212814,6
0.0,0.5,300.0,0.6433333333333333,0.6141432722156952,0.4571053945259689,1.0,0.9510979423716326,0.0,0.0,0.0,9751.691548667832,3202.3170542183384,1411.0,haco_safemarl_pilot_no_acoustic,generalization,21212814,6
0.0,0.5,300.0,0.7355555555555555,0.5338721839311206,0.3808894921285903,1.0,0.8823052956409367,0.0,119.0,0.0,9709.869857189417,2971.292561496886,0.0,haco_safemarl_pilot_no_shield,generalization,21212814,6
0.0,0.0,300.0,0.6366666666666667,0.7058547134408785,0.6657041271271444,1.0,0.9655686187559795,0.0,0.0,0.0,9270.232950192833,3231.254008995464,1413.0,haco_safemarl_pilot,generalization,21212814,6
0.0,0.0,300.0,0.1211111111111111,0.8300997773671515,0.797719139191072,0.3333333333333334,0.9802840512607518,0.0,0.0,0.0,888.659073306477,298.6104310887604,1108.0,haco_safemarl_mappo,generalization,21212814,6
0.0,0.8333333333333334,300.0,0.19944444444444442,0.7874804447135625,0.4506426780094576,0.5,0.9213350584029633,0.0,522.0,0.0,6320.999999999983,3747.6957111549546,0.0,fixed_auv_ga_pso_tlbo_proxy,generalization,21222821,6
0.0,0.8333333333333334,300.0,0.5105555555555557,0.6804776639903473,0.16973838362315008,0.6888888888888888,0.7014698890866947,0.0,542.0,0.0,8676.000000000018,4999.7,0.0,independent_greedy,generalization,21222821,6
0.0,0.6666666666666666,300.0,0.31111111111111106,0.7847462236548146,0.5755963718818937,0.6666666666666669,0.9055679234357511,0.0,571.0,0.0,9054.472084339643,4280.63908246659,0.0,communication_aware,generalization,21222821,6
0.0,0.5,300.0,0.16277777777777777,0.8110949425093892,0.4905261426044633,0.3333333333333334,0.9096458025090349,0.0,0.0,0.0,9891.612166172641,3447.78423512892,710.0,haco_safemarl_pilot_no_acoustic,generalization,21222821,6
0.0,0.6666666666666666,300.0,0.27055555555555555,0.7639285467662043,0.48060602010057685,0.5166666666666666,0.8664928623236781,0.0,213.0,0.0,9816.317432503514,3098.3085536420976,0.0,haco_safemarl_pilot_no_shield,generalization,21222821,6
0.0,0.5,300.0,0.14944444444444444,0.8461749328599402,0.7177563127270145,0.3333333333333334,0.9160384429578985,0.0,0.0,0.0,9814.432182592589,3388.001790165952,738.0,haco_safemarl_pilot,generalization,21222821,6
0.0,0.0,300.0,0.03666666666666667,0.8526645506732646,0.8112652814136121,0.1666666666666667,0.9958269246522689,0.0,0.0,0.0,1965.082645147161,663.4197461927125,789.0,haco_safemarl_mappo,generalization,21222821,6
0.0,0.8333333333333334,300.0,0.44444444444444436,0.6750115526007047,0.4324935157617812,0.8333333333333331,0.82055725678367,0.0,37.0,0.1,6320.999999999983,3990.0235792731046,0.0,fixed_auv_ga_pso_tlbo_proxy,generalization,21232828,6
0.0,1.0,231.0,0.5692640692640691,0.6392509855415605,0.3736492843755142,0.8333333333333334,0.6742278922852087,0.0,28.0,0.10822510822510822,6680.520000000013,3616.1000000000004,0.0,independent_greedy,generalization,21232828,6
0.0,0.8333333333333334,300.0,0.4866666666666667,0.7338832000739873,0.6206546893353365,0.8333333333333331,0.7820008352656019,0.0,0.0,0.10333333333333333,8777.542519019522,4192.525974987314,0.0,communication_aware,generalization,21232828,6
0.0,0.8333333333333334,300.0,0.3411111111111111,0.7397301632986831,0.5530749582979375,0.5777777777777777,0.8465840422870757,0.0,0.0,0.08666666666666667,9927.582473537184,2514.2150305881128,956.0,haco_safemarl_pilot_no_acoustic,generalization,21232828,6
0.0,1.0,281.0,0.43831553973902726,0.6733716627935566,0.4594072716557473,0.6666666666666669,0.760640634782454,0.0,37.0,0.1387900355871886,9316.357188525433,2377.718443517472,0.0,haco_safemarl_pilot_no_shield,generalization,21232828,6
0.0,0.6666666666666666,300.0,0.32666666666666666,0.7895190444639503,0.6839150947638418,0.5333333333333332,0.81403947434361,0.0,0.0,0.09,9358.12174938553,3083.902191918866,907.0,haco_safemarl_pilot,generalization,21232828,6
0.0,0.0,300.0,0.17055555555555554,0.8190946405710438,0.78246558338991,0.3333333333333334,0.9444218477022975,0.0,0.0,0.0,1028.5725823353034,795.1816612343857,1242.0,haco_safemarl_mappo,generalization,21232828,6
0.0,0.6666666666666666,300.0,0.5672222222222222,0.5938453593035996,0.2559074370854859,1.0,0.8266124527339914,0.0,43.0,0.0,6320.999999999983,3134.950405370191,0.0,fixed_auv_ga_pso_tlbo_proxy,generalization,21242835,6
0.0,0.8333333333333334,300.0,0.6733333333333333,0.4778973760278561,0.18945266008149503,1.0,0.8342840594684484,0.0,33.0,0.0,8676.000000000018,4568.099999999991,0.0,independent_greedy,generalization,21242835,6
0.0,0.3333333333333333,300.0,0.6349999999999999,0.6840532087050489,0.49456203714208763,1.0,0.8223859439141306,0.0,93.0,0.0,8431.7505525947,3055.4780796191817,0.0,communication_aware,generalization,21242835,6
0.0,0.3333333333333333,300.0,0.4427777777777778,0.651573872898979,0.3549610449742641,0.8333333333333331,0.8055276638845804,0.0,0.0,0.0,9747.146429971408,3284.996693307139,1142.0,haco_safemarl_pilot_no_acoustic,generalization,21242835,6
0.0,0.3333333333333333,300.0,0.6177777777777778,0.588146282777202,0.38075779892763484,1.0,0.8728388503891628,0.0,39.0,0.0,9716.019180230667,3105.1746334808267,0.0,haco_safemarl_pilot_no_shield,generalization,21242835,6
0.0,0.16666666666666666,300.0,0.45,0.7555911426632596,0.6477040802629679,0.8333333333333331,0.837005533856553,0.0,0.0,0.0,9510.64073703034,3482.0981368715957,1206.0,haco_safemarl_pilot,generalization,21242835,6
0.0,0.0,300.0,0.04,0.8390955085599981,0.8117647394753921,0.1666666666666667,0.99706288939764,0.0,51.0,0.0,1065.2167145546916,290.805216656612,1099.0,haco_safemarl_mappo,generalization,21242835,6
0.0,0.6666666666666666,300.0,0.39666666666666656,0.6904616854521612,0.36048568343669274,0.6666666666666669,0.7784360470640181,0.0,56.0,0.0,6320.999999999983,3316.4078595257583,0.0,fixed_auv_ga_pso_tlbo_proxy,generalization,21252842,6
0.0,1.0,259.0,0.7162162162162162,0.5347438615432026,0.22183700267231607,0.8333333333333333,0.39251504614504434,0.0,42.0,0.0,7490.280000000015,3454.099999999993,0.0,independent_greedy,generalization,21252842,6
0.0,0.3333333333333333,300.0,0.475,0.7696264536581391,0.6364183206476839,0.8333333333333331,0.7575931100250741,0.0,116.0,0.0,8866.85807095935,4024.713500140009,0.0,communication_aware,generalization,21252842,6
0.0,0.5,300.0,0.27055555555555555,0.7866667336586336,0.6333137688835407,0.4888888888888888,0.8069361244872897,0.0,0.0,0.0,6730.70565180049,2274.7106875676823,1183.0,haco_safemarl_pilot_no_acoustic,generalization,21252842,6
0.0,0.8333333333333334,300.0,0.5083333333333333,0.6914000988740079,0.5260915657527208,0.7222222222222219,0.6788468638474479,0.0,238.0,0.0,9934.441925032168,2717.7325072174003,0.0,haco_safemarl_pilot_no_shield,generalization,21252842,6
0.0,0.5,300.0,0.325,0.8096892103813151,0.739923058635293,0.6666666666666669,0.8076839744728195,0.0,0.0,0.0,6031.36935484493,2249.254652972225,1298.0,haco_safemarl_pilot,generalization,21252842,6
0.0,0.0,300.0,0.1877777777777778,0.8102578765879485,0.7468900906531197,0.3333333333333334,0.9039347035095346,0.0,0.0,0.0,850.867401904518,242.31647637824378,1355.0,haco_safemarl_mappo,generalization,21252842,6
0.0,0.6666666666666666,300.0,0.6827777777777777,0.5681195779531213,0.43290295852270827,1.0,0.706312688062286,0.0,39.0,0.11,6320.999999999983,3288.1404127505807,0.0,fixed_auv_ga_pso_tlbo_proxy,generalization,21262849,6
0.0,1.0,249.0,0.7188755020080321,0.44328851423252924,0.12912348564932097,1.0,0.5472414562271067,0.0,30.0,0.008032128514056224,7201.0800000000145,3050.9000000000015,0.0,independent_greedy,generalization,21262849,6
0.0,0.3333333333333333,300.0,0.6877777777777778,0.7224960149863455,0.6317079632743555,1.0,0.7081831062805242,0.03,0.0,0.11333333333333333,8489.512700154974,3587.3894831467815,0.0,communication_aware,generalization,21262849,6
0.0,0.3333333333333333,300.0,0.4805555555555555,0.6742044375961644,0.33587483390311695,0.6666666666666669,0.6383226510752683,0.0,0.0,0.0,9896.248854266341,3008.3287148106815,1069.0,haco_safemarl_pilot_no_acoustic,generalization,21262849,6
0.0,0.3333333333333333,300.0,0.5816666666666667,0.6136652915941313,0.3632709185089203,0.8333333333333331,0.5422177212980127,0.0,104.0,0.0,9679.676370377772,2801.755020034758,0.0,haco_safemarl_pilot_no_shield,generalization,21262849,6
0.0,0.3333333333333333,300.0,0.4533333333333333,0.7617535298263387,0.6224203864871857,0.6666666666666669,0.6873440041812824,0.0,0.0,0.02,9646.45284668232,2888.2386783625698,1109.0,haco_safemarl_pilot,generalization,21262849,6
0.0,0.0,300.0,0.3938888888888889,0.7804837291726389,0.695302524209763,0.5,0.6940907749341538,0.0,0.0,0.0,1254.2893562693584,568.5949927659135,1249.0,haco_safemarl_mappo,generalization,21262849,6
0.0,0.8333333333333334,300.0,0.716111111111111,0.4758997029357826,0.2994042742925085,1.0,0.681077429325193,0.0,56.0,0.0,6320.999999999983,3853.376557261659,0.0,fixed_auv_ga_pso_tlbo_proxy,generalization,21272856,6
0.0,0.8333333333333334,300.0,0.775,0.3585515281084611,0.16268224993123612,1.0,0.6087038808058035,0.0,72.0,0.0,8676.000000000018,5250.9,0.0,independent_greedy,generalization,21272856,6
0.0,0.3333333333333333,300.0,0.7472222222222222,0.6381912811129982,0.555879522682564,1.0,0.7204127081294597,0.0,48.0,0.0,8231.533980719036,3090.885193562963,0.0,communication_aware,generalization,21272856,6
0.0,0.6666666666666666,300.0,0.6072222222222222,0.60323851046469,0.4575921812369281,0.8333333333333331,0.64616540101743,0.0,0.0,0.0,9447.919339399625,2510.900999895243,1446.0,haco_safemarl_pilot_no_acoustic,generalization,21272856,6
0.0,1.0,298.0,0.7209172259507829,0.5006276290009267,0.31353001499683875,0.9944444444444446,0.48105538095430256,0.0,72.0,0.0,9978.829839945773,2339.307924846242,0.0,haco_safemarl_pilot_no_shield,generalization,21272856,6
0.0,0.16666666666666666,300.0,0.646111111111111,0.7067569405576133,0.6095040010877862,1.0,0.8432965478398557,0.0,0.0,0.0,7299.25693986682,2477.239893608939,1540.0,haco_safemarl_pilot,generalization,21272856,6
0.0,0.0,300.0,0.05444444444444444,0.822606248325444,0.806833142588364,0.1666666666666667,0.9932657715733977,0.0,0.0,0.0,1222.5130711302745,713.1196652580984,1226.0,haco_safemarl_mappo,generalization,21272856,6
0.0,0.8333333333333334,300.0,0.45833333333333326,0.6654565610648193,0.2851787614880789,0.8333333333333331,0.7830299645063706,0.0,173.0,0.0,6320.999999999983,4213.50279441742,0.0,fixed_auv_ga_pso_tlbo_proxy,generalization,21282863,6
0.0,1.0,234.0,0.5170940170940171,0.6307694984883776,0.15751805737644795,1.0,0.783919289412331,0.0,131.0,0.1452991452991453,6767.280000000013,3784.0999999999995,0.0,independent_greedy,generalization,21282863,6
0.0,0.6666666666666666,300.0,0.5366666666666665,0.7032949153934605,0.4570728441149191,0.8333333333333331,0.7325682796975058,0.0,226.0,0.0,8582.450147259218,3858.0035488563803,0.0,communication_aware,generalization,21282863,6
0.0,0.8333333333333334,300.0,0.23888888888888885,0.768865471776004,0.31891944064357525,0.4611111111111111,0.8568535500931695,0.0,17.0,0.05,4778.013620678119,1443.2827847986593,1111.0,haco_safemarl_pilot_no_acoustic,generalization,21282863,6
0.0,1.0,234.0,0.43091168091168097,0.7221062376419556,0.3572968869974052,0.6666666666666666,0.807609787390198,0.0,180.0,0.0,7857.232021426954,1905.6755555868529,0.0,haco_safemarl_pilot_no_shield,generalization,21282863,6
0.0,0.6666666666666666,300.0,0.31277777777777777,0.7923361141763454,0.618422978213488,0.5,0.8267599667201523,0.0,17.0,0.0,4835.083065522319,1805.209491584414,1288.0,haco_safemarl_pilot,generalization,21282863,6
0.0,0.0,300.0,0.175,0.8181634046511321,0.7450642292177169,0.5,0.943204360587709,0.0,19.0,0.0,2493.8382641462554,1018.6129013293565,1259.0,haco_safemarl_mappo,generalization,21282863,6
0.0,0.8333333333333334,300.0,0.7527777777777778,0.4507311017610497,0.3503831067131726,1.0,0.7562997927386551,0.043333333333333335,59.0,0.24666666666666667,6320.999999999983,3781.0956381224078,0.0,fixed_auv_ga_pso_tlbo_proxy,generalization,21292870,6
0.0,1.0,231.0,0.7546897546897547,0.4247067272857291,0.2747445180341996,1.0,0.6587795479999935,0.0,46.0,0.19047619047619047,6680.520000000013,3462.099999999997,0.0,independent_greedy,generalization,21292870,6
0.0,0.3333333333333333,300.0,0.7872222222222222,0.632651343498461,0.5858904726055284,1.0,0.7642201448908557,0.08333333333333333,78.0,0.23666666666666666,8149.569702020664,3113.3184611648476,0.0,communication_aware,generalization,21292870,6
0.0,0.6666666666666666,300.0,0.606111111111111,0.6137629198190117,0.4620954318365355,0.9,0.9264130773790066,0.0,0.0,0.15666666666666668,9464.019185258327,3013.1880823439233,1426.0,haco_safemarl_pilot_no_acoustic,generalization,21292870,6
0.0,0.5,300.0,0.7322222222222222,0.5121973761301933,0.3163679959465254,1.0,0.8257062023772991,0.0,47.0,0.19,9531.013477928811,2897.453460089526,0.0,haco_safemarl_pilot_no_shield,generalization,21292870,6
0.0,0.16666666666666666,300.0,0.6422222222222221,0.7089804457921904,0.6743668916201124,1.0,0.9785201960927077,0.04,0.0,0.20666666666666667,8490.648378379998,3126.2198239939207,1576.0,haco_safemarl_pilot,generalization,21292870,6
0.0,0.16666666666666666,300.0,0.3105555555555556,0.7456559806054724,0.608445428322312,0.7277777777777775,0.8710737285094242,0.0,0.0,0.19,1482.4568533742217,573.0265930000941,1200.0,haco_safemarl_mappo,generalization,21292870,6
0.0,1.0,238.0,0.5294117647058822,0.6147415232407126,0.35506966464063194,0.8333333333333334,0.7632956065960201,0.0,30.0,0.0,5014.660000000001,2436.101288588277,0.0,fixed_auv_ga_pso_tlbo_proxy,generalization,21302877,6
0.0,1.0,182.0,0.5247252747252745,0.6050119451808379,0.3433712764673674,0.8333333333333335,0.774814034892779,0.0,23.0,0.0,5263.44000000001,2234.500000000002,0.0,independent_greedy,generalization,21302877,6
0.0,0.5,300.0,0.6249999999999998,0.661132933414586,0.48588061306885777,0.8333333333333331,0.6240190317331579,0.0,127.0,0.016666666666666666,8417.971301329584,3438.9040283173035,0.0,communication_aware,generalization,21302877,6
0.0,0.8333333333333334,300.0,0.5144444444444444,0.6437298308061784,0.44457613614546887,0.8333333333333331,0.783761599224998,0.0,0.0,0.0,9671.157082628453,3395.1485802473544,1213.0,haco_safemarl_pilot_no_acoustic,generalization,21302877,6
0.0,0.8333333333333334,300.0,0.6644444444444443,0.5500988918061751,0.4417595052070079,0.9666666666666667,0.6059422253206723,0.0,91.0,0.0,9718.353505842293,2674.428970489038,0.0,haco_safemarl_pilot_no_shield,generalization,21302877,6
0.0,0.16666666666666666,300.0,0.5377777777777776,0.7381764827166151,0.6428983346292448,0.8333333333333331,0.7581695909528429,0.0,0.0,0.016666666666666666,9308.111984607314,3716.7190320870577,1246.0,haco_safemarl_pilot,generalization,21302877,6
0.0,0.0,300.0,0.048888888888888885,0.8376622270234669,0.807994120253817,0.1666666666666667,0.9886193604144742,0.0,0.0,0.0,911.3091989791242,519.3163095360059,928.0,haco_safemarl_mappo,generalization,21302877,6
0.0,0.8333333333333334,300.0,0.4605555555555556,0.6557558521260731,0.353722195240229,1.0,0.894839993014197,0.0,255.0,0.0,6320.999999999983,3314.6903253168944,0.0,fixed_auv_ga_pso_tlbo_proxy,generalization,21312884,6
0.0,1.0,251.0,0.5750332005312085,0.6117534749494753,0.37428297925390736,1.0,0.9619087876083765,0.0,192.0,0.0,7258.920000000015,3589.699999999992,0.0,independent_greedy,generalization,21312884,6
0.0,0.5,300.0,0.4922222222222221,0.7376378368489539,0.5839520081420214,0.8388888888888887,0.8164127701939724,0.0,220.0,0.0,8803.186212459204,3941.577536855668,0.0,communication_aware,generalization,21312884,6
0.0,0.5,300.0,0.2138888888888889,0.8017097089549604,0.6012737015172416,0.5,0.9240120135368882,0.0,58.0,0.0,10091.594591696121,4212.376606009416,971.0,haco_safemarl_pilot_no_acoustic,generalization,21312884,6
0.0,0.5,300.0,0.5127777777777778,0.6395020618119364,0.5050872526551855,1.0,0.8158875133146316,0.0,305.0,0.0,9824.53239021519,2967.9105928706917,0.0,haco_safemarl_pilot_no_shield,generalization,21312884,6
0.0,0.5,300.0,0.215,0.8236495948844635,0.7440881068203637,0.5166666666666666,0.9201889813042787,0.0,63.0,0.0,9947.133059411597,4138.046634360174,986.0,haco_safemarl_pilot,generalization,21312884,6
0.0,0.0,300.0,0.13944444444444445,0.8195253332523773,0.7350478914436289,0.3333333333333334,0.9412006756037514,0.0,16.0,0.0,1269.9506485757925,1046.0596144150402,1238.0,haco_safemarl_mappo,generalization,21312884,6
0.0,0.8333333333333334,300.0,0.5672222222222222,0.6109288209027129,0.4314897493465229,1.0,0.9254377535962913,0.0,166.0,0.03333333333333333,6320.999999999983,3206.7598553639796,0.0,fixed_auv_ga_pso_tlbo_proxy,generalization,21322891,6
0.0,1.0,235.0,0.6843971631205674,0.5824910488749175,0.37784296607393414,1.0,0.7014551584495623,0.0,125.0,0.0,6796.2000000000135,2929.099999999997,0.0,independent_greedy,generalization,21322891,6
0.0,0.3333333333333333,300.0,0.6383333333333333,0.6996250362496007,0.5797700764034344,1.0,0.946664790127726,0.0,92.0,0.0,8456.873825529005,3126.648362409103,0.0,communication_aware,generalization,21322891,6
0.0,0.5,300.0,0.44666666666666677,0.7036783259425036,0.5487735714716868,0.9,0.8671771739588398,0.0,37.0,0.0,6717.232119524433,2255.019945770842,1440.0,haco_safemarl_pilot_no_acoustic,generalization,21322891,6
0.0,0.5,300.0,0.666111111111111,0.5939184257311354,0.4358967467748778,1.0,0.9246911302520053,0.0,201.0,0.0,9821.216482414547,2860.098551793367,0.0,haco_safemarl_pilot_no_shield,generalization,21322891,6
0.0,0.3333333333333333,300.0,0.4116666666666666,0.7697485285479975,0.6906760513025952,0.6833333333333333,0.8656809391983641,0.0,36.0,0.0,7091.3792529043785,2744.813182234261,1346.0,haco_safemarl_pilot,generalization,21322891,6
0.0,0.0,300.0,0.26111111111111107,0.8057134235480773,0.6996986541702714,0.5,0.8764237116096399,0.0,2.0,0.06,1880.5379546749778,1211.890056056075,1187.0,haco_safemarl_mappo,generalization,21322891,6
0.0,1.0,291.0,0.6517754868270332,0.5303619247157326,0.298874354138725,1.0,0.8107733472196845,0.0,144.0,0.0,6131.369999999985,3183.748268587695,0.0,fixed_auv_ga_pso_tlbo_proxy,generalization,21332898,6
0.0,1.0,223.0,0.6711509715994022,0.5132021360694983,0.2704950159672982,1.0,0.6838186466536488,0.0,111.0,0.0,6449.160000000013,2808.900000000003,0.0,independent_greedy,generalization,21332898,6
0.0,0.16666666666666666,300.0,0.6838888888888889,0.6745149290336284,0.5612487108627006,1.0,0.8327571747793155,0.0,231.0,0.0,8385.468841623995,3387.3118260487195,0.0,communication_aware,generalization,21332898,6
0.0,0.3333333333333333,300.0,0.4355555555555554,0.665058124593357,0.3952496238165353,0.8333333333333331,0.840914348961596,0.0,0.0,0.0,9628.047498930822,3529.1570299852915,1270.0,haco_safemarl_pilot_no_acoustic,generalization,21332898,6
0.0,0.3333333333333333,300.0,0.6316666666666666,0.5544006304828383,0.3830272204335605,0.8333333333333331,0.6436214605528187,0.0,126.0,0.0,9542.369133403346,3177.6529390819655,0.0,haco_safemarl_pilot_no_shield,generalization,21332898,6
0.0,0.16666666666666666,300.0,0.4255555555555554,0.7622852977495015,0.6316599578752051,0.8333333333333331,0.8414840699567642,0.0,0.0,0.0,9432.42469140054,3688.60036769039,1261.0,haco_safemarl_pilot,generalization,21332898,6
0.0,0.0,300.0,0.019444444444444445,0.8494248418625178,0.8183334863635661,0.1666666666666667,0.9980377080142169,0.0,0.0,0.0,1292.5597154282852,1019.8658008482165,1007.0,haco_safemarl_mappo,generalization,21332898,6
0.0,1.0,256.0,0.35221354166666663,0.6805719704994077,0.3272292047437186,0.5,0.7519158178972123,0.0,207.0,0.11328125,5393.9199999999955,2519.523496528206,0.0,fixed_auv_ga_pso_tlbo_proxy,generalization,21342905,6
0.0,1.0,196.0,0.3741496598639456,0.64579488491473,0.1235829351731955,0.5916666666666666,0.7345428904235913,0.0,159.0,0.15306122448979592,5668.320000000011,2132.8999999999987,0.0,independent_greedy,generalization,21342905,6
0.0,0.5,300.0,0.42388888888888887,0.7360366673249897,0.48837052929801983,0.6055555555555556,0.6680962125667534,0.0,329.0,0.1,8840.122150696934,4224.695097112106,0.0,communication_aware,generalization,21342905,6
0.0,0.6666666666666666,300.0,0.33833333333333326,0.7689603677224568,0.537927620944896,0.5,0.740548676357021,0.0,0.0,0.16333333333333333,7097.925638017586,2568.425033743347,955.0,haco_safemarl_pilot_no_acoustic,generalization,21342905,6
0.0,0.6666666666666666,300.0,0.41333333333333333,0.6815756852868764,0.3394304079288131,0.5166666666666666,0.658190909893004,0.0,434.0,0.18,9619.170186474366,3044.884454306073,0.0,haco_safemarl_pilot_no_shield,generalization,21342905,6
0.0,0.6666666666666666,300.0,0.345,0.8039480293803495,0.649809437954032,0.5,0.7567344658602475,0.0,0.0,0.17333333333333334,7392.504660080477,2739.773021322029,983.0,haco_safemarl_pilot,generalization,21342905,6
0.0,0.0,300.0,0.11055555555555555,0.8373350045249468,0.7811101967985764,0.42777777777777776,0.9749800112105358,0.0,0.0,0.043333333333333335,2057.4460900082045,1069.3030475370977,1001.0,haco_safemarl_mappo,generalization,21342905,6
0.0,0.6666666666666666,300.0,0.611111111111111,0.6069469806874446,0.36204565263033944,1.0,0.8066959051579106,0.0033333333333333335,342.0,0.12666666666666668,6320.999999999983,3177.057452896857,0.0,fixed_auv_ga_pso_tlbo_proxy,generalization,21352912,6
0.0,0.8333333333333334,300.0,0.6499999999999999,0.4815446937133664,0.09542996398320275,0.8333333333333331,0.49312678906699586,0.0,403.0,0.0,8676.000000000018,4283.900000000001,0.0,independent_greedy,generalization,21352912,6
0.0,0.3333333333333333,300.0,0.6222222222222221,0.7251443026022858,0.5831347823955149,0.8444444444444443,0.6000487928248435,0.02666666666666667,234.0,0.11,8550.507640493266,3551.720315252512,0.0,communication_aware,generalization,21352912,6
0.0,0.16666666666666666,300.0,0.34388888888888886,0.7108120934461426,0.4574506626228783,0.5,0.768338902641032,0.0,16.0,0.09333333333333334,9677.712404572803,3526.8701120286382,1238.0,haco_safemarl_pilot_no_acoustic,generalization,21352912,6
0.0,0.6666666666666666,300.0,0.545,0.628225540519267,0.4414827926329744,0.6666666666666669,0.6817050935098536,0.0,147.0,0.12,9789.507990348415,2617.6266750919704,0.0,haco_safemarl_pilot_no_shield,generalization,21352912,6
0.0,0.16666666666666666,300.0,0.3461111111111111,0.7712500684402503,0.6442856839150464,0.5,0.7726017388782732,0.0,0.0,0.1,9299.441541435512,3567.8954700106187,1253.0,haco_safemarl_pilot,generalization,21352912,6
0.0,0.0,300.0,0.14166666666666666,0.8176581026578601,0.788201370872405,0.43333333333333335,0.9732717980477709,0.0,0.0,0.2,1642.1357116740346,591.9994433188126,1305.0,haco_safemarl_mappo,generalization,21352912,6
0.0,0.5,300.0,0.5766666666666667,0.5689611547939929,0.16067445051050028,0.8333333333333331,0.6046485472722916,0.0,182.0,0.01,6320.999999999983,3231.6212314285467,0.0,fixed_auv_ga_pso_tlbo_proxy,generalization,21362919,6
0.0,0.6666666666666666,300.0,0.741111111111111,0.3831939717130062,0.07533014925784116,0.8333333333333331,0.34376226835521295,0.0,186.0,0.0,8676.000000000018,4072.499999999986,0.0,independent_greedy,generalization,21362919,6
0.0,0.16666666666666666,300.0,0.6772222222222222,0.7088478187950384,0.5093486055647448,1.0,0.5714883097983071,0.0,57.0,0.04666666666666667,8469.5083266967,3225.5583078851437,0.0,communication_aware,generalization,21362919,6
0.0,0.3333333333333333,300.0,0.4944444444444444,0.65048711313603,0.3255809966179817,0.6666666666666669,0.6453357522256092,0.0,0.0,0.0,6525.697579160199,1953.5238832482792,1422.0,haco_safemarl_pilot_no_acoustic,generalization,21362919,6
0.0,0.16666666666666666,300.0,0.6461111111111111,0.574661984841865,0.2860747035542048,0.8333333333333331,0.47934342176330946,0.0,137.0,0.0,9760.02790898139,3023.284180550195,0.0,haco_safemarl_pilot_no_shield,generalization,21362919,6
0.0,0.16666666666666666,300.0,0.4894444444444444,0.7477239027675289,0.5936820898799509,0.6666666666666669,0.6547136754661549,0.0,0.0,0.0,5158.871625608413,2087.7135711638252,1519.0,haco_safemarl_pilot,generalization,21362919,6
0.0,0.0,300.0,0.3138888888888889,0.7525436431334556,0.5428364892726267,0.45555555555555555,0.7800712751745792,0.0,0.0,0.023333333333333334,1963.8750994407003,487.5431124891865,1002.0,haco_safemarl_mappo,generalization,21362919,6
0.0,0.8333333333333334,300.0,0.4622222222222222,0.587324504820356,0.23902979878568634,0.6666666666666669,0.657987354565895,0.0,88.0,0.0,6320.999999999983,4451.521214508422,0.0,fixed_auv_ga_pso_tlbo_proxy,generalization,21372926,6
0.0,1.0,287.0,0.478513356562137,0.5400453602946738,0.08240340321502143,0.6666666666666669,0.6492095847675811,0.0,135.0,0.0,8300.040000000017,5494.699999999997,0.0,independent_greedy,generalization,21372926,6
0.0,0.5,300.0,0.5038888888888888,0.6989663474238175,0.43055967929996436,0.6666666666666669,0.6185256198017899,0.0,0.0,0.0,8625.023424786057,4498.917372477386,0.0,communication_aware,generalization,21372926,6
0.0,0.6666666666666666,300.0,0.395,0.6793368261391146,0.2874253997588512,0.6666666666666669,0.7355123562732988,0.0,0.0,0.0,8602.662763572884,2629.5032065009414,942.0,haco_safemarl_pilot_no_acoustic,generalization,21372926,6
0.0,0.5,300.0,0.5194444444444444,0.5938830115299532,0.25117953571516183,0.6666666666666669,0.598448819975573,0.0,0.0,0.0,9336.647080043465,3173.975819259294,0.0,haco_safemarl_pilot_no_shield,generalization,21372926,6
0.0,0.3333333333333333,300.0,0.4672222222222222,0.7583872038991919,0.5458579315607451,0.6666666666666669,0.6809516193305657,0.0,0.0,0.0,9119.507044871047,3420.2496682333376,958.0,haco_safemarl_pilot,generalization,21372926,6
0.0,0.16666666666666666,300.0,0.15166666666666664,0.8284944593025477,0.7426071592359343,0.5,0.9308455470775253,0.0,0.0,0.0,1262.710944006734,363.77155731640255,829.0,haco_safemarl_mappo,generalization,21372926,6
0.0,0.8333333333333334,300.0,0.5449999999999999,0.5716388709666606,0.335788071786743,0.8333333333333331,0.7055933197597567,0.0,94.0,0.09333333333333334,6320.999999999983,3807.9004697030737,0.0,fixed_auv_ga_pso_tlbo_proxy,generalization,21382933,6
0.0,1.0,230.0,0.6181159420289853,0.5230762990546206,0.19563793233661378,0.8333333333333333,0.5640977206294795,0.0,72.0,0.0,6651.600000000013,3412.4999999999977,0.0,independent_greedy,generalization,21382933,6
0.0,0.3333333333333333,300.0,0.5955555555555554,0.6916079954818641,0.5438865489688354,0.8333333333333331,0.6606434112424235,0.0,171.0,0.09333333333333334,8494.225855448409,3633.829993337225,0.0,communication_aware,generalization,21382933,6
0.0,1.0,281.0,0.44128113879003555,0.6834125841183074,0.3676278620870299,0.6666666666666669,0.7501217284952741,0.0,16.0,0.03914590747330961,8657.651023627888,2545.7735156296035,1099.0,haco_safemarl_pilot_no_acoustic,generalization,21382933,6
0.0,0.5,300.0,0.5533333333333333,0.5989126379674101,0.32925450805421597,0.7166666666666665,0.6565585158944474,0.0,75.0,0.056666666666666664,9582.285961870783,3127.9647034661944,0.0,haco_safemarl_pilot_no_shield,generalization,21382933,6
0.0,0.3333333333333333,300.0,0.45666666666666667,0.7551694071644282,0.5863883856008271,0.6666666666666669,0.7732837905448443,0.0,16.0,0.04666666666666667,9480.5390792026,3475.8326560925498,1148.0,haco_safemarl_pilot,generalization,21382933,6
0.0,0.0,300.0,0.13999999999999999,0.8196285154784925,0.7736699429223063,0.3333333333333334,0.9513854479974112,0.0,30.0,0.09666666666666666,1274.158255131018,509.4855407567949,1296.0,haco_safemarl_mappo,generalization,21382933,6
0.0,0.6666666666666666,300.0,0.49555555555555564,0.6117677703395863,0.2288249523709798,0.8333333333333331,0.702875050671227,0.0,0.0,0.06666666666666667,6320.999999999983,3044.4092844079323,0.0,fixed_auv_ga_pso_tlbo_proxy,generalization,21392940,6
0.0,1.0,288.0,0.6481481481481483,0.4657957664531737,0.04306873997404476,0.8333333333333331,0.5316856233220858,0.03125,0.0,0.0798611111111111,8328.960000000017,3762.4999999999986,0.0,independent_greedy,generalization,21392940,6
0.0,0.16666666666666666,300.0,0.6072222222222222,0.7040220984993389,0.41962524007598323,1.0,0.7452002062337416,0.0,0.0,0.07333333333333333,8528.280165301701,2911.449800264808,0.0,communication_aware,generalization,21392940,6
0.0,0.5,300.0,0.5005555555555555,0.6544680032853369,0.22317290653700458,0.8333333333333331,0.6991636344846555,0.03333333333333333,0.0,0.06,8467.698402202403,2057.8568924779615,1245.0,haco_safemarl_pilot_no_acoustic,generalization,21392940,6
0.0,0.3333333333333333,300.0,0.5788888888888888,0.5812378854326435,0.23494401930948106,0.8333333333333331,0.6350092615293,0.006666666666666667,0.0,0.07333333333333333,9889.166579907745,2914.9386711370485,0.0,haco_safemarl_pilot_no_shield,generalization,21392940,6
0.0,0.16666666666666666,300.0,0.5022222222222222,0.7365809719621073,0.48172542532795937,0.8333333333333331,0.7054200627172647,0.02666666666666667,0.0,0.08333333333333333,9382.933150832325,2909.0945040352303,1149.0,haco_safemarl_pilot,generalization,21392940,6
0.0,0.0,300.0,0.13888888888888887,0.832807878679178,0.7833255541332712,0.3333333333333334,0.9489176216726057,0.0,0.0,0.0,1101.7329494710063,407.1068544873654,1067.0,haco_safemarl_mappo,generalization,21392940,6
0.0,1.0,253.0,0.5296442687747036,0.5851816186970995,0.3509749628376109,0.8333333333333333,0.6840181618527628,0.0,188.0,0.11462450592885376,5330.709999999996,2735.691357958095,0.0,fixed_auv_ga_pso_tlbo_proxy,generalization,21402947,6
0.0,1.0,193.0,0.5397236614853195,0.579145110634831,0.2939131098298587,0.8333333333333334,0.6833234714814981,0.0,144.0,0.11917098445595854,5581.56000000001,2370.099999999998,0.0,independent_greedy,generalization,21402947,6
0.0,0.3333333333333333,300.0,0.606111111111111,0.6636134783388637,0.5222726213775241,0.8333333333333331,0.6165610610408827,0.0,491.0,0.09666666666666666,8452.22768890497,3521.431829476981,0.0,communication_aware,generalization,21402947,6
0.0,0.6666666666666666,300.0,0.5477777777777777,0.6595901008289505,0.5157295414702731,0.8333333333333331,0.7115506872164521,0.0,0.0,0.13666666666666666,4539.328355196775,2084.944451714493,1596.0,haco_safemarl_pilot_no_acoustic,generalization,21402947,6
0.0,0.8333333333333334,300.0,0.6394444444444443,0.570440793233462,0.4187305145407733,0.888888888888889,0.6198854420635285,0.0,280.0,0.09,9715.358991682075,2568.1986356016764,0.0,haco_safemarl_pilot_no_shield,generalization,21402947,6
0.0,0.16666666666666666,300.0,0.5427777777777777,0.747553766215101,0.6828534584947179,0.8333333333333331,0.7248082919042468,0.0,0.0,0.12333333333333334,3525.6933686488023,1776.4319997706564,1628.0,haco_safemarl_pilot,generalization,21402947,6
0.0,0.0,300.0,0.2644444444444444,0.7956082596552289,0.6757485643828706,0.5,0.8543367565380365,0.0,0.0,0.14666666666666667,1223.015225103678,932.1824602060794,1434.0,haco_safemarl_mappo,generalization,21402947,6
0.0,1.0,265.0,0.5138364779874215,0.6106921139362906,0.21222543349704073,0.6666666666666669,0.6236929178604468,0.0,111.0,0.0,5583.549999999993,3211.84979769225,0.0,fixed_auv_ga_pso_tlbo_proxy,generalization,21412954,6
0.0,1.0,202.0,0.528052805280528,0.5943262833363842,0.10389136420228437,0.8095238095238095,0.649607674905281,0.0,85.0,0.0,5841.840000000011,2732.8999999999933,0.0,independent_greedy,generalization,21412954,6
0.0,0.6666666666666666,300.0,0.7316666666666666,0.6480645007484626,0.34852423570108926,1.0,0.6553761354892267,0.0,44.0,0.056666666666666664,8423.01404687583,3636.3913946056464,0.0,communication_aware,generalization,21412954,6
0.0,0.6666666666666666,300.0,0.3805555555555556,0.6773508178268817,0.21396683862454874,0.5,0.787887487422756,0.023333333333333334,0.0,0.08333333333333333,7407.372137145954,2295.8879921399157,1123.0,haco_safemarl_pilot_no_acoustic,generalization,21412954,6
0.0,0.6666666666666666,300.0,0.5272222222222223,0.6418055003255759,0.28889302381980453,0.6722222222222224,0.6881619581877719,0.03333333333333333,214.0,0.08333333333333333,9477.677655105184,3037.9510451081883,0.0,haco_safemarl_pilot_no_shield,generalization,21412954,6
0.0,0.6666666666666666,300.0,0.4138888888888889,0.7671652546195672,0.5740237333184856,0.5833333333333334,0.7751723378548854,0.0,0.0,0.08,8111.688085097738,2838.6809459770975,1142.0,haco_safemarl_pilot,generalization,21412954,6
0.0,0.0,300.0,0.2683333333333333,0.7874294410414098,0.6214702604306496,0.5,0.8544188190685136,0.0,0.0,0.016666666666666666,990.2412714039162,835.7874497995213,1314.0,haco_safemarl_mappo,generalization,21412954,6
0.0,0.6666666666666666,300.0,0.39888888888888874,0.7068364653105484,0.3965804474247804,0.8333333333333331,0.8878322381984473,0.0,54.0,0.06666666666666667,6320.999999999983,3702.244296634207,0.0,fixed_auv_ga_pso_tlbo_proxy,generalization,21422961,6
0.0,1.0,258.0,0.4696382428940568,0.6711489609748565,0.3346339549877037,0.8333333333333333,0.8178818875002227,0.0,42.0,0.09689922480620156,7461.360000000015,3947.099999999986,0.0,independent_greedy,generalization,21422961,6
0.0,0.5,300.0,0.45444444444444426,0.762033451610874,0.5983590254023239,0.8333333333333331,0.8524938559055814,0.0,0.0,0.07333333333333333,8870.784123310503,4292.606143438906,0.0,communication_aware,generalization,21422961,6
0.0,0.5,300.0,0.2994444444444444,0.7556339740284569,0.55024001860802,0.5,0.8362024991216553,0.0,0.0,0.07,9620.101821095806,3458.022701500271,653.0,haco_safemarl_pilot_no_acoustic,generalization,21422961,6
0.0,0.5,300.0,0.34888888888888886,0.7071236415540958,0.4509978881517529,0.6333333333333334,0.8102249025117972,0.0,147.0,0.043333333333333335,9646.91761731229,3348.2364127058518,0.0,haco_safemarl_pilot_no_shield,generalization,21422961,6
0.0,0.5,300.0,0.295,0.8122835745042744,0.6948552060025674,0.5,0.8451342202230121,0.0,0.0,0.06333333333333334,9510.742801252702,3406.622672786286,659.0,haco_safemarl_pilot,generalization,21422961,6
0.0,0.16666666666666666,300.0,0.029444444444444436,0.8485389688049466,0.8149962703012115,0.1666666666666667,0.9954191935009664,0.0,0.0,0.0,1573.8903295989728,468.2336347783439,707.0,haco_safemarl_mappo,generalization,21422961,6
0.0,1.0,265.0,0.540880503144654,0.6001444640813015,0.1730977822995618,0.8333333333333331,0.590701303952919,0.0,115.0,0.11320754716981132,5583.549999999993,3614.0686801275715,0.0,fixed_auv_ga_pso_tlbo_proxy,generalization,21432968,6
0.0,1.0,203.0,0.5985221674876846,0.5945318778076244,0.07717375060481652,0.8333333333333334,0.5587435332505568,0.0,88.0,0.10837438423645321,5870.760000000011,3146.699999999993,0.0,independent_greedy,generalization,21432968,6
0.0,0.3333333333333333,300.0,0.5666666666666667,0.7111277745455209,0.4082016726313244,0.6666666666666669,0.5188930281666629,0.0,281.0,0.08666666666666667,8538.132431372505,4460.299747247986,0.0,communication_aware,generalization,21432968,6
0.0,0.6666666666666666,300.0,0.34222222222222226,0.6995334300834796,0.16765188505677606,0.6666666666666669,0.7803435645267743,0.03,6.0,0.11666666666666667,9310.457172668068,3418.154796279302,1099.0,haco_safemarl_pilot_no_acoustic,generalization,21432968,6
0.0,0.6666666666666666,300.0,0.5983333333333334,0.613234425926805,0.24299157681960187,0.6666666666666669,0.4522761369950312,0.043333333333333335,216.0,0.12333333333333334,9411.566234587906,3127.7418061029202,0.0,haco_safemarl_pilot_no_shield,generalization,21432968,6
0.0,0.3333333333333333,300.0,0.28944444444444445,0.7864248747140161,0.5176533138035192,0.4388888888888889,0.7635631993659753,0.04,6.0,0.14,8701.548715612304,3768.521617666647,1125.0,haco_safemarl_pilot,generalization,21432968,6
0.0,0.16666666666666666,300.0,0.45777777777777773,0.7866606168810404,0.7534296010426005,0.6666666666666669,0.7638916955609202,0.0,6.0,0.11666666666666667,436.61281731331934,322.7125707560813,1557.0,haco_safemarl_mappo,generalization,21432968,6
0.0,0.8333333333333334,300.0,0.5444444444444443,0.6021780352914162,0.38330007414890777,0.8333333333333331,0.6788216527741495,0.0,0.0,0.0,6320.999999999983,3498.3738379481892,0.0,fixed_auv_ga_pso_tlbo_proxy,generalization,21442975,6
1.0,1.0,234.0,0.5790598290598291,0.5615133076015074,0.24629230199873667,0.8333333333333334,0.675620625951212,0.0,0.0,0.06837606837606838,6767.280000000013,3160.499999999989,0.0,independent_greedy,generalization,21442975,6
0.0,0.5,300.0,0.5705555555555555,0.6854495446142549,0.4925938000864369,0.8333333333333331,0.6463784012369037,0.0,66.0,0.0,8548.625889826619,3497.3326344744387,0.0,communication_aware,generalization,21442975,6
0.0,0.6666666666666666,300.0,0.3655555555555555,0.7480579037035561,0.5325906902023028,0.638888888888889,0.903343335299589,0.0,0.0,0.0033333333333333335,9859.175895611303,2956.248662704161,970.0,haco_safemarl_pilot_no_acoustic,generalization,21442975,6
0.0,0.6666666666666666,300.0,0.43444444444444436,0.6948231571820515,0.4256937405819581,0.6722222222222224,0.8262091089981127,0.0,6.0,0.06,9757.681745573043,2932.2374701114786,0.0,haco_safemarl_pilot_no_shield,generalization,21442975,6
0.0,0.16666666666666666,300.0,0.5161111111111111,0.7405479881787336,0.5953982231813155,0.8333333333333331,0.7502309114155113,0.0,0.0,0.0,9438.799376630723,3453.621288572379,1176.0,haco_safemarl_pilot,generalization,21442975,6
0.0,0.16666666666666666,300.0,0.07333333333333332,0.8337625490878475,0.7989866553273166,0.1666666666666667,0.9696376593091429,0.0,0.0,0.0,945.3341574866156,387.17321709540255,919.0,haco_safemarl_mappo,generalization,21442975,6
0.0,0.8333333333333334,300.0,0.7677777777777778,0.3843805934712112,0.3131039590260155,1.0,0.945967601756664,0.0,100.0,0.0,6320.999999999983,3033.927583859511,0.0,fixed_auv_ga_pso_tlbo_proxy,generalization,21452982,6
0.0,1.0,235.0,0.8333333333333333,0.3529854719466415,0.16714249925622465,1.0,0.570447267518821,0.0,77.0,0.0,6796.2000000000135,2846.1000000000026,0.0,independent_greedy,generalization,21452982,6
0.0,0.0,300.0,0.7961111111111111,0.6246398751342359,0.58299511987062,1.0,0.930571100307097,0.0,110.0,0.0,8132.877550486106,2982.1915524348037,0.0,communication_aware,generalization,21452982,6
0.0,0.3333333333333333,300.0,0.6444444444444444,0.5679416438220327,0.4033819629991727,1.0,0.7945930425163277,0.0,0.0,0.0,8932.45504211095,2954.4726246520863,1621.0,haco_safemarl_pilot_no_acoustic,generalization,21452982,6
0.0,0.16666666666666666,300.0,0.8277777777777778,0.41874424678991823,0.34323926988563147,1.0,0.9369759361537393,0.0,149.0,0.0,9404.945193506854,3065.4036608225815,0.0,haco_safemarl_pilot_no_shield,generalization,21452982,6
0.0,0.0,300.0,0.6299999999999999,0.702295305598715,0.6499224642670893,1.0,0.8298646189752367,0.0,0.0,0.0,9175.026315034927,3343.2291735582107,1567.0,haco_safemarl_pilot,generalization,21452982,6
0.0,0.0,300.0,0.031111111111111107,0.8338929850106307,0.8231270949860823,0.1666666666666667,0.9948711507170123,0.0,0.0,0.0,1080.5731468762212,396.9142596572632,1128.0,haco_safemarl_mappo,generalization,21452982,6
0.0,0.8333333333333334,300.0,0.5827777777777777,0.5610922991304844,0.35923775986605366,0.8333333333333331,0.648433529865417,0.0,124.0,0.0,6320.999999999983,3920.1867378907336,0.0,fixed_auv_ga_pso_tlbo_proxy,generalization,21462989,6
0.0,1.0,253.0,0.6146245059288538,0.5197999171045549,0.2661156281515095,0.8333333333333333,0.5616193542079829,0.0,95.0,0.0,7316.760000000015,4122.899999999991,0.0,independent_greedy,generalization,21462989,6
0.0,0.5,300.0,0.7227777777777779,0.6683632364821601,0.5211760026180974,1.0,0.7487355739158824,0.0,107.0,0.0,8318.192595199467,3335.4069422511775,0.0,communication_aware,generalization,21462989,6
0.0,0.5,300.0,0.415,0.7249722025492827,0.6097572384819737,0.6666666666666669,0.872203002595429,0.0,0.0,0.0,7313.08255467415,2544.3751702179147,1261.0,haco_safemarl_pilot_no_acoustic,generalization,21462989,6
0.0,0.6666666666666666,300.0,0.5738888888888889,0.6316863026528856,0.46710475785536515,0.8333333333333331,0.7171614843502216,0.0,180.0,0.0,9682.156158995438,2862.3720714184174,0.0,haco_safemarl_pilot_no_shield,generalization,21462989,6
0.0,0.3333333333333333,300.0,0.475,0.7524323525113666,0.6058270281123771,0.6666666666666669,0.7476378486152868,0.0,0.0,0.0,9767.32958505506,3674.118798377816,1291.0,haco_safemarl_pilot,generalization,21462989,6
0.0,0.0,300.0,0.125,0.8216847595227409,0.7666607912631587,0.2833333333333333,0.9314445543057455,0.0,0.0,0.0,887.8062320320876,463.4124707309632,1369.0,haco_safemarl_mappo,generalization,21462989,6
1.0,1.0,249.0,0.5542168674698794,0.6245262293444022,0.3991245434944096,0.8333333333333333,0.6466698157185887,0.0,0.0,0.0,5246.429999999998,2837.4946223628417,0.0,fixed_auv_ga_pso_tlbo_proxy,generalization,21472996,6
1.0,1.0,191.0,0.7530541012216403,0.5611961314383371,0.2049820861836474,0.8333333333333334,0.34279685314421027,0.0,0.0,0.0,5523.72000000001,2288.2999999999975,0.0,independent_greedy,generalization,21472996,6
0.0,0.6666666666666666,300.0,0.6238888888888887,0.6973103314433118,0.5134085518790149,0.8333333333333331,0.5648215926753646,0.0,23.0,0.0,8501.675449228094,3772.348784354271,0.0,communication_aware,generalization,21472996,6
0.0,0.6666666666666666,300.0,0.4322222222222223,0.7334290765286267,0.4255640179332822,0.8333333333333331,0.8119661308361572,0.0,0.0,0.05,9687.315313360972,2996.11594798962,1192.0,haco_safemarl_pilot_no_acoustic,generalization,21472996,6
1.0,1.0,248.0,0.5813172043010754,0.6497160439916095,0.46610299285728324,0.8333333333333333,0.5829075617093172,0.0,0.0,0.0,8173.9175810348615,2148.6454602103477,0.0,haco_safemarl_pilot_no_shield,generalization,21472996,6
0.0,0.5,300.0,0.46888888888888886,0.7683392105179614,0.637134308689792,0.8333333333333331,0.7899487966084315,0.0,0.0,0.0,9515.743109303081,3375.384489045988,1196.0,haco_safemarl_pilot,generalization,21472996,6
0.0,0.0,300.0,0.03666666666666667,0.8432020954035975,0.8118778731994485,0.1666666666666667,0.9944357350923414,0.0,0.0,0.0,1491.3848683600534,489.218156502861,991.0,haco_safemarl_mappo,generalization,21472996,6
0.0,1.0,243.0,0.6015089163237313,0.5542946616863756,0.19854366984018954,0.8333333333333333,0.6456963269136362,0.0,77.0,0.0,5120.009999999999,2492.3067494126503,0.0,fixed_auv_ga_pso_tlbo_proxy,generalization,21483003,6
0.0,1.0,186.0,0.6173835125448027,0.534154460943574,0.08625796290896605,0.8333333333333335,0.5917736103143951,0.0,58.0,0.0,5379.12000000001,2108.899999999998,0.0,independent_greedy,generalization,21483003,6
0.0,0.16666666666666666,300.0,0.6783333333333332,0.631676319689233,0.36449951322403956,0.8333333333333331,0.5126808767634382,0.0,118.0,0.0,8335.033880426909,3640.3848134351747,0.0,communication_aware,generalization,21483003,6
0.0,0.6666666666666666,300.0,0.5422222222222222,0.6021573783731146,0.20515952880498822,0.8333333333333331,0.6431304795347684,0.0,6.0,0.0,9650.917955579482,3033.611364910268,1223.0,haco_safemarl_pilot_no_acoustic,generalization,21483003,6
0.0,0.3333333333333333,300.0,0.6777777777777777,0.5182209844728896,0.23275477753586585,0.8333333333333331,0.5002736335495268,0.0,62.0,0.0,9362.457849712328,3270.7192936485335,0.0,haco_safemarl_pilot_no_shield,generalization,21483003,6
0.0,0.16666666666666666,300.0,0.5972222222222221,0.7124882480319029,0.5171217918879788,0.8333333333333331,0.628162473073076,0.0,6.0,0.0,9211.15107940721,3556.5097592382704,1301.0,haco_safemarl_pilot,generalization,21483003,6
0.0,0.0,300.0,0.18944444444444442,0.8012252775933247,0.652677363274189,0.3333333333333334,0.8597750759222138,0.0,5.0,0.0,833.0779266587012,590.031565947312,1212.0,haco_safemarl_mappo,generalization,21483003,6
0.0,0.6666666666666666,300.0,0.7516666666666667,0.46034881253559506,0.3376772109991214,1.0,0.6192517245422992,0.0,0.0,0.0,6320.999999999983,2986.723057682635,0.0,fixed_auv_ga_pso_tlbo_proxy,generalization,21493010,6
1.0,1.0,295.0,0.7983050847457627,0.3725936856480597,0.12815359765761786,1.0,0.6927856231026949,0.0,0.0,0.0847457627118644,8531.400000000018,4087.899999999997,0.0,independent_greedy,generalization,21493010,6
0.0,0.0,300.0,0.7927777777777777,0.6522751306852574,0.5808138601036661,1.0,0.6440262923762331,0.0,0.0,0.0,8190.501425106652,3034.83879189998,0.0,communication_aware,generalization,21493010,6
0.0,0.3333333333333333,300.0,0.6377777777777778,0.5731337826069147,0.4453158929534723,1.0,0.8606737931700262,0.0,0.0,0.0,9622.771843365494,3059.8887321076963,1494.0,haco_safemarl_pilot_no_acoustic,generalization,21493010,6
0.0,0.16666666666666666,300.0,0.7677777777777777,0.49214532220822327,0.3956586929772926,1.0,0.7285995460302659,0.0,0.0,0.0,9499.852238094687,3113.3759999582862,0.0,haco_safemarl_pilot_no_shield,generalization,21493010,6
0.0,0.16666666666666666,300.0,0.6694444444444444,0.6969900240939054,0.6520407915157589,1.0,0.9447468841965487,0.0,0.0,0.0,9257.583625328054,3202.317575152286,1567.0,haco_safemarl_pilot,generalization,21493010,6
0.0,0.0,300.0,0.26944444444444443,0.8137412498661969,0.7600372367848801,0.33888888888888896,0.7871527350700133,0.0,0.0,0.0,621.8046606119466,255.2849631743559,1374.0,haco_safemarl_mappo,generalization,21493010,6
0.0,0.8333333333333334,300.0,0.5566666666666666,0.6158999613367239,0.2901676295294091,0.888888888888889,0.6416031918170473,0.0,331.0,0.0,6320.999999999983,4970.826798095534,0.0,fixed_auv_ga_pso_tlbo_proxy,generalization,21503017,6
0.0,1.0,268.0,0.8190298507462687,0.5683213517302962,0.23941191537712517,1.0,0.5185164772325587,0.0,291.0,0.0,7750.560000000016,5588.3,0.0,independent_greedy,generalization,21503017,6
0.0,0.8333333333333334,300.0,0.616111111111111,0.7003919337067641,0.5199844477358572,0.8333333333333331,0.5208501047775292,0.0,291.0,0.0,8772.235267091735,4976.657184924456,0.0,communication_aware,generalization,21503017,6
0.0,0.8333333333333334,300.0,0.35333333333333333,0.7472795725169544,0.3887006763906021,0.7999999999999997,0.8322620591590844,0.0,25.0,0.0,7759.790536629112,1987.7936161227522,1083.0,haco_safemarl_pilot_no_acoustic,generalization,21503017,6
0.0,1.0,261.0,0.6040868454661559,0.6121290393356557,0.2617179262993463,0.8333333333333331,0.6370102278862764,0.0,67.0,0.0,8564.821192293875,2266.967822073913,0.0,haco_safemarl_pilot_no_shield,generalization,21503017,6
0.0,0.6666666666666666,300.0,0.39499999999999996,0.7699377696276094,0.5466680861153729,0.5,0.6903502858437728,0.0,26.0,0.0,9244.20044431638,3204.8852632646053,862.0,haco_safemarl_pilot,generalization,21503017,6
0.0,0.0,300.0,0.3138888888888889,0.8079380447458941,0.6929430071401458,0.3333333333333334,0.7650461116467213,0.0,6.0,0.0,1448.320607826151,1311.4410885801447,1259.0,haco_safemarl_mappo,generalization,21503017,6
0.0,0.8333333333333334,300.0,0.5394444444444444,0.5826516455813329,0.2348434115782069,0.8333333333333331,0.6189118895177582,0.0,173.0,0.0,6320.999999999983,3195.6772243519536,0.0,fixed_auv_ga_pso_tlbo_proxy,generalization,21513024,6
0.0,0.8333333333333334,300.0,0.5555555555555555,0.5300240655774138,0.07237163636058135,0.8333333333333331,0.700160599268535,0.0,245.0,0.10666666666666667,8676.000000000018,4445.099999999997,0.0,independent_greedy,generalization,21513024,6
0.0,0.16666666666666666,300.0,0.6827777777777778,0.6656453534818564,0.41392539691940844,1.0,0.7233107492088997,0.0,200.0,0.0,8357.756063349723,3067.600156769857,0.0,communication_aware,generalization,21513024,6
0.0,0.5,300.0,0.28388888888888886,0.7355959048768993,0.23177497974961606,0.38333333333333336,0.7744957101125979,0.0,1.0,0.0,6814.362966445261,2995.2790169223435,1551.0,haco_safemarl_pilot_no_acoustic,generalization,21513024,6
0.0,0.6666666666666666,300.0,0.5633333333333334,0.607015542339845,0.21875026786469248,0.8333333333333331,0.670046202836919,0.0,181.0,0.0,9933.684198574554,2693.2791317308825,0.0,haco_safemarl_pilot_no_shield,generalization,21513024,6
0.0,0.16666666666666666,300.0,0.3533333333333333,0.7897109617582188,0.544496061687288,0.6666666666666669,0.7953003824358502,0.0,0.0,0.0,7923.182948572677,3592.870034169847,1560.0,haco_safemarl_pilot,generalization,21513024,6
0.0,0.0,300.0,0.455,0.7281372488518386,0.4428262453148403,0.6666666666666669,0.7014037388847881,0.0,0.0,0.0,2954.821237507249,2233.5397225424604,1711.0,haco_safemarl_mappo,generalization,21513024,6
0.0,0.8333333333333334,300.0,0.633888888888889,0.5693012150022654,0.2921574525074339,1.0,0.7984133986508242,0.0,111.0,0.06333333333333334,6320.999999999983,3631.521904511363,0.0,fixed_auv_ga_pso_tlbo_proxy,generalization,21523031,6
0.0,1.0,282.0,0.6832151300236408,0.5095433095539964,0.2547708714261161,1.0,0.818983112506617,0.0,87.0,0.0,8155.440000000017,4579.899999999999,0.0,independent_greedy,generalization,21523031,6
0.0,0.5,300.0,0.6822222222222223,0.680674927326358,0.576869588086765,1.0,0.7988904839679349,0.0,86.0,0.10666666666666667,8348.270937601095,3180.4239907845267,0.0,communication_aware,generalization,21523031,6
0.0,0.6666666666666666,300.0,0.42333333333333334,0.6882068573460028,0.431323241855042,0.6777777777777778,0.8176279890894401,0.0,0.0,0.0,5693.820525510214,1612.4878780980864,1342.0,haco_safemarl_pilot_no_acoustic,generalization,21523031,6
0.0,0.6666666666666666,300.0,0.5505555555555556,0.6356884917281054,0.4138059703146442,1.0,0.7683054527567676,0.0,169.0,0.0,9702.488848551915,2902.9141642289005,0.0,haco_safemarl_pilot_no_shield,generalization,21523031,6
0.0,0.5,300.0,0.45888888888888885,0.7641238685391202,0.6624215895237638,0.8333333333333331,0.8634185942515201,0.0,0.0,0.0,4521.886974821433,1703.6193296600245,1457.0,haco_safemarl_pilot,generalization,21523031,6
0.0,0.0,300.0,0.37444444444444447,0.7923169402402113,0.709678143681001,0.5055555555555555,0.7384681693363256,0.0,0.0,0.0,1580.1101808741523,1064.6269634888108,1385.0,haco_safemarl_mappo,generalization,21523031,6
0.0,0.5,300.0,0.4988888888888889,0.6431148649914691,0.33646496001631226,0.8277777777777776,0.67433495114851,0.0,19.0,0.0033333333333333335,6320.999999999983,3289.7825693339046,0.0,fixed_auv_ga_pso_tlbo_proxy,generalization,21533038,6
0.0,1.0,287.0,0.6207897793263647,0.5480700548528916,0.09836741558835178,0.8333333333333331,0.5441458340737072,0.0,13.0,0.17073170731707318,8300.040000000017,4027.899999999999,0.0,independent_greedy,generalization,21533038,6
0.0,0.3333333333333333,300.0,0.5505555555555556,0.7391826575385959,0.5267104172553949,0.8333333333333331,0.6591384723865609,0.0,16.0,0.05,8627.642691486582,3583.751649110558,0.0,communication_aware,generalization,21533038,6
0.0,0.5,300.0,0.4111111111111111,0.7247167270863509,0.2954749637133369,0.6666666666666669,0.778584356753178,0.0,11.0,0.12333333333333334,9556.657676144094,3069.7332746401466,1088.0,haco_safemarl_pilot_no_acoustic,generalization,21533038,6
0.0,0.5,300.0,0.5188888888888888,0.6670085712399161,0.31833347984280974,0.6722222222222224,0.708808262671596,0.0,13.0,0.13,9819.631027398904,2843.2164923438713,0.0,haco_safemarl_pilot_no_shield,generalization,21533038,6
0.0,0.5,300.0,0.38611111111111107,0.7949803956563871,0.6281456859435712,0.6666666666666669,0.8008412267560261,0.0,11.0,0.12,9476.002581900702,3157.1033354815872,1114.0,haco_safemarl_pilot,generalization,21533038,6
0.0,0.0,300.0,0.051666666666666666,0.8308818399558972,0.8016929566016153,0.21666666666666662,0.9889959168409515,0.0,11.0,0.11333333333333333,1810.9231904894016,505.3859234197586,951.0,haco_safemarl_mappo,generalization,21533038,6
1.0,1.0,281.0,0.6476868327402135,0.5110527822888346,0.2879429017064357,1.0,0.7668814061958176,0.0,0.0,0.0,5920.669999999988,3135.747678985016,0.0,fixed_auv_ga_pso_tlbo_proxy,generalization,21543045,6
1.0,1.0,215.0,0.6883720930232559,0.4696100377371771,0.15744312152004317,1.0,0.6220898003327634,0.0,0.0,0.0,6217.800000000012,2623.4999999999964,0.0,independent_greedy,generalization,21543045,6
0.0,0.16666666666666666,300.0,0.6872222222222222,0.6660152359252104,0.5129492292361916,1.0,0.7065328356725025,0.0,0.0,0.0,8373.75229869808,3443.432135588179,0.0,communication_aware,generalization,21543045,6
0.0,0.6666666666666666,300.0,0.5616666666666666,0.6091175503413261,0.2981298684863837,0.8333333333333331,0.7117665620901806,0.0,0.0,0.0,9019.890228625974,2383.7269158291588,1319.0,haco_safemarl_pilot_no_acoustic,generalization,21543045,6
0.0,0.5,300.0,0.6649999999999999,0.5294937176277915,0.27366163871041366,0.8333333333333331,0.5034727125578264,0.0,0.0,0.0,9570.907104532129,2941.0385081471477,0.0,haco_safemarl_pilot_no_shield,generalization,21543045,6
0.0,0.16666666666666666,300.0,0.5427777777777777,0.7267347690890111,0.5717226109795427,0.8333333333333331,0.7136194009517758,0.0,0.0,0.0,9337.69054089157,3184.4857624801275,1254.0,haco_safemarl_pilot,generalization,21543045,6
0.0,0.16666666666666666,300.0,0.18166666666666667,0.8136802850266746,0.7012584614335532,0.3444444444444445,0.9073906791886894,0.0,0.0,0.0,1537.9526000580515,378.71612612500644,922.0,haco_safemarl_mappo,generalization,21543045,6
0.0,0.6666666666666666,300.0,0.6205555555555556,0.5363922400687372,0.14992386720172401,1.0,0.7584373058041589,0.0,182.0,0.12666666666666668,6320.999999999983,3454.9643726652143,0.0,fixed_auv_ga_pso_tlbo_proxy,generalization,21553052,6
0.0,1.0,253.0,0.7727272727272727,0.4874684387165419,0.07458029094385432,1.0,0.6733935297469744,0.0,140.0,0.04743083003952569,7316.760000000015,3494.4999999999886,0.0,independent_greedy,generalization,21553052,6
0.0,0.3333333333333333,300.0,0.6216666666666666,0.6615622907169867,0.3848108683884737,0.8333333333333331,0.6142155576543954,0.0,233.0,0.11333333333333333,8444.460162208801,3654.4259490410436,0.0,communication_aware,generalization,21553052,6
0.0,0.3333333333333333,300.0,0.5244444444444444,0.6677633943784528,0.4396046832831114,0.8333333333333331,0.6867382705750751,0.0,0.0,0.12,9645.833725199125,3274.725106742437,1221.0,haco_safemarl_pilot_no_acoustic,generalization,21553052,6
0.0,0.5,300.0,0.6005555555555555,0.5818220216498101,0.28047512118484685,0.8333333333333331,0.6196656189622756,0.0,176.0,0.15333333333333332,9524.26884207857,3071.218343251667,0.0,haco_safemarl_pilot_no_shield,generalization,21553052,6
0.0,0.3333333333333333,300.0,0.5327777777777777,0.7486643395020751,0.6317144346150976,0.8333333333333331,0.6906622840588171,0.0,0.0,0.11666666666666667,9437.32691355881,3373.2853417033307,1250.0,haco_safemarl_pilot,generalization,21553052,6
0.0,0.0,300.0,0.026111111111111106,0.8288682734152404,0.803050727432147,0.1666666666666667,0.9972335206784183,0.0,0.0,0.21666666666666667,1024.7502126543163,1009.9594507140193,1277.0,haco_safemarl_mappo,generalization,21553052,6
0.0,0.5,300.0,0.6144444444444445,0.5142007220750724,0.322047648850122,1.0,0.8296230456832755,0.0,286.0,0.0,6320.999999999983,2534.551063602684,0.0,fixed_auv_ga_pso_tlbo_proxy,generalization,21563059,6
0.0,1.0,297.0,0.7570145903479237,0.36283135433780345,0.09532879136254602,1.0,0.5691729960893056,0.0,286.0,0.0,8589.240000000018,3473.2999999999965,0.0,independent_greedy,generalization,21563059,6
0.0,0.0,300.0,0.6833333333333333,0.6767409091326418,0.6002740729472994,1.0,0.844141672185226,0.0,145.0,0.0,8334.714190984705,2970.4857050979813,0.0,communication_aware,generalization,21563059,6
0.0,0.0,300.0,0.58,0.6179918142197459,0.41707465360927604,1.0,0.7901390224306373,0.0,10.0,0.0,6526.842461748701,2249.8221925128555,1606.0,haco_safemarl_pilot_no_acoustic,generalization,21563059,6
0.0,0.16666666666666666,300.0,0.7333333333333333,0.4974373282000377,0.3688940118845007,1.0,0.7952615662525594,0.0,167.0,0.0,9681.175798458207,2976.734610691849,0.0,haco_safemarl_pilot_no_shield,generalization,21563059,6
0.0,0.0,300.0,0.5633333333333334,0.7291244440565995,0.6427918600641669,1.0,0.8164388339921455,0.0,10.0,0.0,6224.385724416955,2221.4036849432,1636.0,haco_safemarl_pilot,generalization,21563059,6
0.0,0.0,300.0,0.175,0.8114094081186967,0.7381949881055401,0.4166666666666667,0.9381628688414362,0.0,12.0,0.0,1086.5503445168447,545.051352877603,989.0,haco_safemarl_mappo,generalization,21563059,6
0.0,0.8333333333333334,300.0,0.7027777777777777,0.4313936160196337,0.1810899802303078,1.0,0.5239970414746066,0.0,60.0,0.0,6320.999999999983,3331.6165489157092,0.0,fixed_auv_ga_pso_tlbo_proxy,generalization,21573066,6
0.0,0.8333333333333334,300.0,0.7627777777777777,0.32411925189752444,0.05563415280052298,1.0,0.5217837988090439,0.0,45.0,0.0,8676.000000000018,4652.5,0.0,independent_greedy,generalization,21573066,6
0.0,0.16666666666666666,300.0,0.7655555555555555,0.6113242825906378,0.4812865449313576,1.0,0.5723008495253201,0.0,137.0,0.0,8158.315110179282,2996.0967116223956,0.0,communication_aware,generalization,21573066,6
0.0,0.16666666666666666,300.0,0.6616666666666666,0.5533902590684235,0.2706599714555194,0.8333333333333331,0.6833014601522222,0.0,0.0,0.0,9662.851303282896,3205.0890218409654,1335.0,haco_safemarl_pilot_no_acoustic,generalization,21573066,6
0.0,0.16666666666666666,300.0,0.746111111111111,0.491244182828926,0.3118205157035221,1.0,0.639444597356021,0.0,83.0,0.0,9502.040679573878,2984.1711975099197,0.0,haco_safemarl_pilot_no_shield,generalization,21573066,6
0.0,0.0,300.0,0.7216666666666667,0.6759951924296687,0.5637029994834393,1.0,0.6110023805750939,0.0,0.0,0.0,9160.513260066571,3132.3830741393167,1452.0,haco_safemarl_pilot,generalization,21573066,6
0.0,0.0,300.0,0.3261111111111111,0.7909115396442539,0.6888451095832057,0.5,0.7327921692748962,0.0,0.0,0.0,518.6611384790535,288.2554117928777,1160.0,haco_safemarl_mappo,generalization,21573066,6
0.0,0.8333333333333334,300.0,0.4422222222222222,0.6561019323310534,0.39849803723958027,0.6666666666666669,0.7246866929611452,0.0,36.0,0.0,6320.999999999983,2973.5843112656926,0.0,fixed_auv_ga_pso_tlbo_proxy,generalization,21583073,6
0.0,1.0,232.0,0.7140804597701149,0.4971430796897258,0.23525126887496928,1.0,0.6341740730477469,0.0,28.0,0.0,6709.440000000013,2256.1000000000026,0.0,independent_greedy,generalization,21583073,6
0.0,0.3333333333333333,300.0,0.5288888888888889,0.7676776099576552,0.6805256927892119,1.0,0.7369892551783387,0.0,39.0,0.0,8697.59465832696,3445.825821839682,0.0,communication_aware,generalization,21583073,6
0.0,0.5,300.0,0.2772222222222222,0.7708019335071328,0.4727831743488365,0.5,0.8604681073487762,0.0,0.0,0.0,10174.22635305521,3025.6571351555517,831.0,haco_safemarl_pilot_no_acoustic,generalization,21583073,6
0.0,0.6666666666666666,300.0,0.47833333333333333,0.6831392301826642,0.421788278625586,0.6666666666666669,0.6712013738401303,0.0,146.0,0.0,10028.404780019651,2814.555967660298,0.0,haco_safemarl_pilot_no_shield,generalization,21583073,6
0.0,0.5,300.0,0.3111111111111111,0.7945978781757604,0.6253229525153275,0.5,0.8353543518858594,0.0,0.0,0.0,10029.265087687812,3120.8958264956204,818.0,haco_safemarl_pilot,generalization,21583073,6
0.0,0.0,300.0,0.15111111111111108,0.8204066020850715,0.7862388310857179,0.3333333333333334,0.9673851253005739,0.0,0.0,0.0,2298.499972392665,398.52385144711013,935.0,haco_safemarl_mappo,generalization,21583073,6
0.0,0.8333333333333334,300.0,0.36222222222222217,0.6974208350986323,0.40093398806385155,0.7833333333333333,0.8337470740336327,0.0,154.0,0.06,6320.999999999983,3103.2547255533123,0.0,fixed_auv_ga_pso_tlbo_proxy,generalization,21593080,6
0.0,1.0,260.0,0.5185897435897435,0.5933099264189192,0.12808868238707113,0.8333333333333333,0.7270996253005055,0.0,148.0,0.046153846153846156,7519.200000000015,3334.699999999996,0.0,independent_greedy,generalization,21593080,6
0.0,0.5,300.0,0.5083333333333333,0.7241924572894484,0.5100489180429184,1.0,0.872162943969891,0.0,127.0,0.0,8633.129444778746,2975.873265142307,0.0,communication_aware,generalization,21593080,6
0.0,0.8333333333333334,300.0,0.2511111111111111,0.7448257601539808,0.39464819229733566,0.35555555555555557,0.8189225632595206,0.0,0.0,0.06,7618.961729908984,2155.0390510595125,990.0,haco_safemarl_pilot_no_acoustic,generalization,21593080,6
0.0,1.0,252.0,0.34788359788359785,0.7169428023518901,0.38286980820191535,0.5961538461538461,0.7881196273156084,0.0,122.0,0.0,8797.850361739573,1994.9889513165072,0.0,haco_safemarl_pilot_no_shield,generalization,21593080,6
0.0,0.16666666666666666,300.0,0.38166666666666665,0.7704319612287956,0.6030517363498133,0.8333333333333331,0.8337331152199567,0.0,0.0,0.0,6157.931395144888,2066.2854474368237,1274.0,haco_safemarl_pilot,generalization,21593080,6
0.0,0.0,300.0,0.31888888888888883,0.7629880751738058,0.5274217931443618,0.6666666666666669,0.799619096219708,0.0,0.0,0.0,1684.382889831149,699.6301558455709,1034.0,haco_safemarl_mappo,generalization,21593080,6
0.0,0.6666666666666666,300.0,0.5344444444444444,0.552038356887538,0.2079384802412364,0.8333333333333331,0.7040548289567119,0.0,161.0,0.22,6320.999999999983,3291.417449503456,0.0,fixed_auv_ga_pso_tlbo_proxy,generalization,21603087,6
0.0,0.8333333333333334,300.0,0.6444444444444444,0.4504326415599833,0.057310216414230314,0.8333333333333331,0.5500319597983805,0.0,159.0,0.0,8676.000000000018,4257.499999999995,0.0,independent_greedy,generalization,21603087,6
0.0,0.16666666666666666,300.0,0.596111111111111,0.6676126105544765,0.3747078347771527,0.8333333333333331,0.6429558531223117,0.0,244.0,0.24666666666666667,8463.274975149829,3468.176895446463,0.0,communication_aware,generalization,21603087,6
0.0,0.5,300.0,0.5144444444444444,0.6309907130947581,0.19048775815078764,0.8333333333333331,0.7099272112953504,0.0,0.0,0.0033333333333333335,9777.276743247185,3346.397159119458,1225.0,haco_safemarl_pilot_no_acoustic,generalization,21603087,6
0.0,0.16666666666666666,300.0,0.6177777777777778,0.5501710700144691,0.1970824886823828,0.8333333333333331,0.5983727996972972,0.0,112.0,0.21666666666666667,9620.59414814144,3110.827675093408,0.0,haco_safemarl_pilot_no_shield,generalization,21603087,6
0.0,0.16666666666666666,300.0,0.5155555555555554,0.7310787923024148,0.4493469344072804,0.8333333333333331,0.7184196701618484,0.0,0.0,0.19333333333333333,9502.373644042178,3477.3500865419346,1229.0,haco_safemarl_pilot,generalization,21603087,6
0.0,0.0,300.0,0.14944444444444444,0.7939853475800067,0.5647093522793332,0.1666666666666667,0.8703754038815774,0.0,0.0,0.5233333333333333,1009.69148293643,660.3171381505348,1304.0,haco_safemarl_mappo,generalization,21603087,6
0.0,0.8333333333333334,300.0,0.6944444444444443,0.5554633301327533,0.20603755433238105,0.8333333333333331,0.4584166817584144,0.0,499.0,0.0,6320.999999999983,4171.888912038988,0.0,fixed_auv_ga_pso_tlbo_proxy,generalization,21613094,6
0.0,1.0,243.0,0.7503429355281207,0.5282459354441859,0.05304507668068247,0.9466666666666668,0.5750993973906671,0.0,396.0,0.0,7027.560000000014,3867.2999999999965,0.0,independent_greedy,generalization,21613094,6
0.0,0.3333333333333333,300.0,0.8072222222222222,0.6629464173159934,0.381415747669486,1.0,0.5455529878614481,0.0,498.0,0.0,8151.107222783393,3146.663978834631,0.0,communication_aware,generalization,21613094,6
0.0,0.6666666666666666,300.0,0.4666666666666667,0.6569903842879563,0.18326773637708157,0.8166666666666667,0.7625780698660589,0.0,29.0,0.0,6841.360521499115,2423.4171668799404,1562.0,haco_safemarl_pilot_no_acoustic,generalization,21613094,6
0.0,1.0,239.0,0.6101813110181311,0.6489352140791909,0.3303556408728874,0.8333333333333334,0.7896318195610529,0.0,247.0,0.0,8097.154876493504,1918.2139721873223,0.0,haco_safemarl_pilot_no_shield,generalization,21613094,6
0.0,0.3333333333333333,300.0,0.5094444444444444,0.7290727554962524,0.4805780685708435,0.8333333333333331,0.7175294257800929,0.0,29.0,0.0,6400.770430888153,2584.652029801343,1592.0,haco_safemarl_pilot,generalization,21613094,6
0.0,0.16666666666666666,300.0,0.16388888888888886,0.8177996091281526,0.780811784169643,0.3333333333333334,0.946892262790337,0.0,29.0,0.0,1924.3497614214582,1113.7123758916052,1274.0,haco_safemarl_mappo,generalization,21613094,6
0.0,1.0,286.0,0.8875291375291375,0.3174243701313426,0.16783146920506611,1.0,0.4575257322152974,0.0,56.0,0.0,6026.019999999987,3253.0367984656737,0.0,fixed_auv_ga_pso_tlbo_proxy,generalization,21623101,6
0.0,1.0,219.0,0.8873668188736682,0.3094721782559942,0.07236015437601888,1.0,0.5083078059876787,0.0,42.0,0.0,6333.480000000012,2838.8999999999974,0.0,independent_greedy,generalization,21623101,6
0.0,0.0,300.0,0.903888888888889,0.5664659664935383,0.4342581164548538,1.0,0.44596930352947045,0.0,65.0,0.0,7911.588618891398,3044.4299869966903,0.0,communication_aware,generalization,21623101,6
0.0,0.5,300.0,0.8099999999999999,0.5237902987495257,0.2705431304734347,1.0,0.5108758318658436,0.0,7.0,0.0,9539.771437601345,2932.846606680932,1711.0,haco_safemarl_pilot_no_acoustic,generalization,21623101,6
0.0,0.3333333333333333,300.0,0.9,0.39895877673670155,0.21497278692031255,1.0,0.6108597274702607,0.0,34.0,0.0,9223.204969847322,3112.1360910965223,0.0,haco_safemarl_pilot_no_shield,generalization,21623101,6
0.0,0.0,300.0,0.8377777777777777,0.6435320148305241,0.5534706922091782,1.0,0.6691151076669147,0.0,7.0,0.0,8880.74543319092,3282.0029498490117,1713.0,haco_safemarl_pilot,generalization,21623101,6
0.0,0.0,300.0,0.30833333333333335,0.7834146860520157,0.6452606769351911,0.5222222222222221,0.7696197742074949,0.0,6.0,0.0,514.6302114273003,511.9924580370859,1515.0,haco_safemarl_mappo,generalization,21623101,6
0.0,0.6666666666666666,300.0,0.4544444444444444,0.6306329547061699,0.2516230520839915,0.8333333333333331,0.7997565044867703,0.0,368.0,0.08333333333333333,6320.999999999983,3447.120762950212,0.0,fixed_auv_ga_pso_tlbo_proxy,generalization,21633108,6
0.0,1.0,280.0,0.6553571428571429,0.5219479544261486,0.26340027683852996,1.0,0.7601112817836106,0.0,382.0,0.0,8097.600000000017,4231.499999999989,0.0,independent_greedy,generalization,21633108,6
0.0,0.3333333333333333,300.0,0.516111111111111,0.7170223206893146,0.5177841399183105,0.8333333333333331,0.7591678624282001,0.0,505.0,0.1,8612.325152876183,3631.3785127724736,0.0,communication_aware,generalization,21633108,6
0.0,0.16666666666666666,300.0,0.26666666666666666,0.7606833766933616,0.5287470118005699,0.5,0.9111674489392697,0.0,0.0,0.0,9861.985926585126,3761.343692622154,1109.0,haco_safemarl_pilot_no_acoustic,generalization,21633108,6
0.0,0.3333333333333333,300.0,0.5122222222222221,0.6382026909016295,0.4002453751053173,0.7944444444444443,0.7463644354978518,0.0,182.0,0.0,9744.079447609045,3043.0800961781056,0.0,haco_safemarl_pilot_no_shield,generalization,21633108,6
0.0,0.16666666666666666,300.0,0.27055555555555555,0.8067610133932059,0.7035516504484602,0.5,0.9125787801068372,0.0,0.0,0.0,9711.368384039162,3861.0293744558912,1086.0,haco_safemarl_pilot,generalization,21633108,6
0.0,0.0,300.0,0.035555555555555556,0.8476389297979755,0.8194575512859448,0.1666666666666667,0.9932502267207334,0.0,0.0,0.0,1583.9529031748032,634.870741177474,826.0,haco_safemarl_mappo,generalization,21633108,6
0.0,0.8333333333333334,300.0,0.66,0.4864539994866658,0.20095590059133778,1.0,0.7575728153960728,0.0,337.0,0.0,6320.999999999983,2926.8326842799042,0.0,fixed_auv_ga_pso_tlbo_proxy,generalization,21643115,6
0.0,1.0,278.0,0.7583932853717027,0.39556953684115076,0.120123708481217,1.0,0.5726409837164034,0.0,306.0,0.07553956834532374,8039.760000000017,3813.8999999999987,0.0,independent_greedy,generalization,21643115,6
0.0,0.0,300.0,0.71,0.6542766902867725,0.5064798015018961,1.0,0.7682444089128859,0.0,235.0,0.0,8257.756377847498,2966.8248884026675,0.0,communication_aware,generalization,21643115,6
0.0,0.5,300.0,0.5944444444444446,0.6789946126400824,0.39098409110620297,1.0,0.8024200590375512,0.0,18.0,0.04666666666666667,9921.320652636046,3647.0126663456163,1412.0,haco_safemarl_pilot_no_acoustic,generalization,21643115,6
0.0,0.5,300.0,0.7577777777777777,0.49638858900803906,0.26819515654430004,1.0,0.7434802331514163,0.0,163.0,0.023333333333333334,9709.81616200523,2891.728799038703,0.0,haco_safemarl_pilot_no_shield,generalization,21643115,6
0.0,0.16666666666666666,300.0,0.6022222222222222,0.7444295782864807,0.6477277243608848,1.0,0.8009849506398296,0.0,18.0,0.043333333333333335,9491.457840926043,3658.696833521598,1421.0,haco_safemarl_pilot,generalization,21643115,6
0.0,0.0,300.0,0.17222222222222222,0.8354627104983408,0.7498515260062159,0.22222222222222218,0.8332470098007233,0.0,16.0,0.08,901.7198477618017,620.837455168869,1010.0,haco_safemarl_mappo,generalization,21643115,6
0.0,0.5,300.0,0.5377777777777777,0.6252797802622172,0.27216194212508216,1.0,0.7877927090492858,0.0,113.0,0.0033333333333333335,6320.999999999983,2886.328232412685,0.0,fixed_auv_ga_pso_tlbo_proxy,generalization,21653122,6
0.0,1.0,275.0,0.7266666666666667,0.5060220417268041,0.15976366293511549,1.0,0.7403237897695072,0.0,126.0,0.08727272727272728,7953.000000000016,3406.899999999989,0.0,independent_greedy,generalization,21653122,6
0.0,0.16666666666666666,300.0,0.6094444444444443,0.7309274796570965,0.562421756877523,1.0,0.8021284744381929,0.0,121.0,0.0,8507.995374556453,3066.0510528214254,0.0,communication_aware,generalization,21653122,6
0.0,0.3333333333333333,300.0,0.4544444444444444,0.6973205259773539,0.3593155706814668,0.8333333333333331,0.8330258046925988,0.0,0.0,0.12333333333333334,9277.744126445124,2883.9088988699414,1231.0,haco_safemarl_pilot_no_acoustic,generalization,21653122,6
0.0,0.5,300.0,0.5905555555555554,0.615594817853954,0.3586724320466067,0.8333333333333331,0.6872199152542559,0.0,112.0,0.09,9955.702678084699,2791.404578724581,0.0,haco_safemarl_pilot_no_shield,generalization,21653122,6
0.0,0.16666666666666666,300.0,0.4366666666666666,0.7643089064238638,0.5837933108857872,0.8333333333333331,0.8496336033161895,0.0,0.0,0.08333333333333333,9517.895709496537,2997.827098167425,1230.0,haco_safemarl_pilot,generalization,21653122,6
0.0,0.0,300.0,0.08722222222222221,0.8351823636106668,0.7996184139510838,0.31666666666666665,0.9881163901612824,0.0,0.0,0.0,1775.6199610592378,545.344315930538,778.0,haco_safemarl_mappo,generalization,21653122,6
0.0,0.875,300.0,0.54375,0.6362455141960864,0.40202756466557155,0.875,0.7079507290360525,0.0,177.0,0.043333333333333335,6828.0000000000455,4508.676449070601,0.0,fixed_auv_ga_pso_tlbo_proxy,generalization,21163329,8
0.0,1.0,240.0,0.5755208333333334,0.6077887058487128,0.30942401122500773,0.875,0.6290914979843353,0.0,134.0,0.0,7634.400000000039,4444.699999999993,0.0,independent_greedy,generalization,21163329,8
0.0,0.5,300.0,0.575,0.7155175043706121,0.5982392337152863,0.875,0.7056046877112577,0.0,242.0,0.04,8924.224657332727,4153.257761911429,0.0,communication_aware,generalization,21163329,8
0.0,0.5,300.0,0.34291666666666665,0.7714062796671664,0.530257495705917,0.5,0.78261426429313,0.0,3.0,0.07333333333333333,7005.515088187807,2917.5640788201026,1527.0,haco_safemarl_pilot_no_acoustic,generalization,21163329,8
0.0,0.625,300.0,0.5033333333333333,0.6722824251006386,0.4326134408130032,0.725,0.7288036832136537,0.03333333333333333,159.0,0.05333333333333334,10004.052461432224,2978.4715500847515,0.0,haco_safemarl_pilot_no_shield,generalization,21163329,8
0.0,0.375,300.0,0.32416666666666666,0.8041108652637085,0.6564686719241934,0.5,0.7668641771283626,0.0,3.0,0.01,4177.366524121304,2073.071565343213,1727.0,haco_safemarl_pilot,generalization,21163329,8
0.0,0.125,300.0,0.04375,0.8441934772040579,0.7944222941494755,0.125,0.9855591107951238,0.0,3.0,0.0,2317.8902614498593,700.4279580210391,1080.0,haco_safemarl_mappo,generalization,21163329,8
0.0,0.875,300.0,0.39958333333333335,0.6726133191136557,0.16038208168586163,0.625,0.768673020914768,0.0,158.0,0.08,6828.0000000000455,3971.5357467904355,0.0,fixed_auv_ga_pso_tlbo_proxy,generalization,21173336,8
0.0,1.0,238.0,0.4322478991596639,0.6069107853596004,0.0430101330492056,0.625,0.6457707950901992,0.0,120.0,0.0,7570.780000000038,3628.2999999999993,0.0,independent_greedy,generalization,21173336,8
0.0,0.5,300.0,0.4925,0.7163324352476885,0.3563046656080652,0.75,0.7065207451977433,0.0,212.0,0.08666666666666667,9100.789820313375,3924.701932414418,0.0,communication_aware,generalization,21173336,8
0.0,0.5,300.0,0.3145833333333333,0.7203173788133218,0.12472251810139849,0.5,0.7918262399102298,0.0,13.0,0.023333333333333334,10430.550953523276,3894.1644197047526,1075.0,haco_safemarl_pilot_no_acoustic,generalization,21173336,8
0.0,0.625,300.0,0.425,0.692829633510239,0.23886361836663667,0.625,0.747442587716858,0.0,211.0,0.06,10232.795587642871,2943.3746276684856,0.0,haco_safemarl_pilot_no_shield,generalization,21173336,8
0.0,0.375,300.0,0.38166666666666665,0.7798208389851566,0.556028939360197,0.6458333333333334,0.7701100548633304,0.0,13.0,0.04,9919.712680689889,3698.1203416883495,1294.0,haco_safemarl_pilot,generalization,21173336,8
0.0,0.0,300.0,0.405,0.5881059057502811,0.13110683358303318,0.5,0.6614988555189995,0.0,9.0,0.0,1178.4752370882418,655.9711270477928,1793.0,haco_safemarl_mappo,generalization,21173336,8
0.0,0.75,300.0,0.6333333333333333,0.48342955343749794,0.2324090212149055,0.875,0.5849296029573967,0.0,116.0,0.0,6828.0000000000455,4044.3822429660654,0.0,fixed_auv_ga_pso_tlbo_proxy,generalization,21183343,8
0.0,1.0,255.0,0.6725490196078432,0.4417409618207709,0.11737193585670946,0.875,0.4864049391845269,0.0,105.0,0.047058823529411764,8111.550000000045,4316.099999999996,0.0,independent_greedy,generalization,21183343,8
0.0,0.125,300.0,0.7104166666666667,0.6462162647174309,0.4451928468614461,0.8791666666666667,0.6626002764674751,0.0,298.0,0.0,8640.175537682539,3746.713830750488,0.0,communication_aware,generalization,21183343,8
0.0,0.375,300.0,0.5575,0.6448905053063518,0.2875745672930081,0.875,0.677406567391476,0.0,4.0,0.0,9926.608725431806,3754.1670881296427,1757.0,haco_safemarl_pilot_no_acoustic,generalization,21183343,8
0.0,0.25,300.0,0.6833333333333333,0.5165616337165866,0.2780152784810761,0.875,0.5388864009101173,0.0,228.0,0.0,9765.812979746357,3214.501174027768,0.0,haco_safemarl_pilot_no_shield,generalization,21183343,8
0.0,0.125,300.0,0.5341666666666667,0.7457609206506416,0.5764758225000264,0.75,0.6733111252517809,0.0,4.0,0.0,9548.775639683332,3989.041581678545,1766.0,haco_safemarl_pilot,generalization,21183343,8
0.0,0.125,300.0,0.14833333333333334,0.8282791610482072,0.782010327117106,0.25,0.9169862340035186,0.0,5.0,0.0,1500.3134360703682,604.2474596529867,1259.0,haco_safemarl_mappo,generalization,21183343,8
0.0,0.625,300.0,0.6291666666666667,0.5132414013920127,0.20532917256369979,1.0,0.7960740013430581,0.0,249.0,0.0,6828.0000000000455,3450.974313290951,0.0,fixed_auv_ga_pso_tlbo_proxy,generalization,21193350,8
0.0,1.0,273.0,0.6217948717948718,0.4498326204699041,0.09525230214312087,0.875,0.6395442137653874,0.0,235.0,0.0,8684.130000000037,4275.9,0.0,independent_greedy,generalization,21193350,8
0.0,0.25,300.0,0.6829166666666666,0.6593529052234178,0.4846473226527986,1.0,0.8092893714954387,0.0,226.0,0.0,8595.603740475364,3080.042365033079,0.0,communication_aware,generalization,21193350,8
0.0,0.375,300.0,0.5766666666666667,0.6091234043477081,0.25728912656529296,0.875,0.7015658981737026,0.0,0.0,0.0,10184.166543250332,3604.0999494333196,1649.0,haco_safemarl_pilot_no_acoustic,generalization,21193350,8
0.0,0.375,300.0,0.6508333333333334,0.5446498054335497,0.277993368768691,0.975,0.6487458242875633,0.0,204.0,0.0,10023.041877999322,3090.8170964707965,0.0,haco_safemarl_pilot_no_shield,generalization,21193350,8
0.0,0.125,300.0,0.5741666666666667,0.7268137619304256,0.5703522482772218,0.8875,0.7556284146188257,0.0,0.0,0.0,9773.326880777682,3703.1115625918333,1705.0,haco_safemarl_pilot,generalization,21193350,8
0.0,0.125,300.0,0.0,0.8417613270702159,0.8262352893383282,0.0,0.9999999999843749,0.0,0.0,0.0,1137.1236007297946,538.3680576143634,1243.0,haco_safemarl_mappo,generalization,21193350,8
0.0,0.75,300.0,0.545,0.5635777562908603,0.23190495453273258,0.875,0.7505967187594079,0.0,141.0,0.0,6828.0000000000455,3747.4490472818557,0.0,fixed_auv_ga_pso_tlbo_proxy,generalization,21203357,8
0.0,0.875,300.0,0.6466666666666666,0.47123889492058557,0.1425366004708148,0.875,0.6004943549552035,0.0,107.0,0.0,9543.000000000025,5564.299999999996,0.0,independent_greedy,generalization,21203357,8
0.0,0.375,300.0,0.5870833333333333,0.6968238209081274,0.5204537316772941,0.875,0.7155563100271624,0.0,68.0,0.0,8822.536044943423,3949.1447665545215,0.0,communication_aware,generalization,21203357,8
0.0,0.5,300.0,0.5170833333333333,0.6437951064973636,0.36407879510842983,0.875,0.7783382159618953,0.0,0.0,0.0,9982.583739263697,3432.1750081647147,1542.0,haco_safemarl_pilot_no_acoustic,generalization,21203357,8
0.0,0.5,300.0,0.6120833333333333,0.5869675676496046,0.2960464613053156,0.875,0.6429405393749336,0.0,61.0,0.0,9968.790998873073,3174.9392455056795,0.0,haco_safemarl_pilot_no_shield,generalization,21203357,8
0.0,0.25,300.0,0.5304166666666666,0.7459007349738659,0.6281533516518268,0.875,0.795720461050235,0.0,0.0,0.0,9666.505009249217,3686.4809929419407,1600.0,haco_safemarl_pilot,generalization,21203357,8
0.0,0.125,300.0,0.07208333333333333,0.8419037088952858,0.7852851563009178,0.125,0.9638732805886349,0.0,0.0,0.0,1369.7573297942959,1338.3981289134722,1192.0,haco_safemarl_mappo,generalization,21203357,8
0.0,0.875,300.0,0.44958333333333333,0.6631369132522539,0.46247610921966675,0.75,0.7612049350794651,0.03666666666666667,187.0,0.07333333333333333,6828.0000000000455,4374.447995064879,0.0,fixed_auv_ga_pso_tlbo_proxy,generalization,21213364,8
0.0,1.0,264.0,0.525094696969697,0.6036052869425865,0.3604760822449803,0.75,0.6538402044138563,0.0,179.0,0.015151515151515152,8397.840000000042,5056.5000000000055,0.0,independent_greedy,generalization,21213364,8
0.0,0.375,300.0,0.4895833333333333,0.7392999174036393,0.6556399703671515,0.75,0.7248359654536184,0.023333333333333334,140.0,0.08666666666666667,9086.711569687634,4354.714753586892,0.0,communication_aware,generalization,21213364,8
0.0,0.5,300.0,0.35125,0.7460817700689469,0.48635791391567995,0.625,0.8818041809814073,0.03,6.0,0.04,9644.814914840854,3414.7890911363015,1297.0,haco_safemarl_pilot_no_acoustic,generalization,21213364,8
0.0,0.75,300.0,0.43875,0.6930736245792205,0.5106674091899186,0.625,0.7984521265231154,0.0,155.0,0.08,10215.76795112815,3037.4397784968132,0.0,haco_safemarl_pilot_no_shield,generalization,21213364,8
0.0,0.5,300.0,0.3625,0.7864359268616882,0.6792308676269297,0.625,0.8775093114878876,0.0,6.0,0.04666666666666667,9728.280557242046,3436.2718460307533,1238.0,haco_safemarl_pilot,generalization,21213364,8
0.0,0.0,300.0,0.23208333333333334,0.8115149215765817,0.7361285167499725,0.5208333333333334,0.9120832232162763,0.0,6.0,0.05,2154.416972008828,1635.8564055796503,1639.0,haco_safemarl_mappo,generalization,21213364,8
0.0,0.875,300.0,0.6783333333333333,0.47423244746352583,0.1402610854533534,0.875,0.47728816162007165,0.0,46.0,0.0,6828.0000000000455,4801.112493237351,0.0,fixed_auv_ga_pso_tlbo_proxy,generalization,21223371,8
0.0,1.0,287.0,0.7225609756097561,0.3973434263439292,0.04340356128148393,0.875,0.4202421392408396,0.0,36.0,0.0,9129.47000000003,6189.500000000017,0.0,independent_greedy,generalization,21223371,8
0.0,0.375,300.0,0.705,0.6324863408601896,0.36009893929218006,0.875,0.48530710242847414,0.0,40.0,0.0,8573.53436528032,3923.364443818354,0.0,communication_aware,generalization,21223371,8
0.0,0.875,300.0,0.5233333333333333,0.6454870130354005,0.299484252787616,0.75,0.6831818788934678,0.0,2.0,0.0,8201.910455376947,2245.1686903414416,1921.0,haco_safemarl_pilot_no_acoustic,generalization,21223371,8
0.0,0.625,300.0,0.6816666666666666,0.5531150123861834,0.21432345448917955,0.875,0.4904414927570616,0.0,176.0,0.0,9858.528184711184,2889.5283099201624,0.0,haco_safemarl_pilot_no_shield,generalization,21223371,8
0.0,0.125,300.0,0.6433333333333333,0.7010107029412321,0.5004189598297636,0.875,0.5854618904746336,0.0,2.0,0.0,4430.816506461332,1789.2464604575082,2191.0,haco_safemarl_pilot,generalization,21223371,8
0.0,0.125,300.0,0.3254166666666667,0.7941766219073848,0.6945397233749142,0.625,0.8468010911541981,0.0,2.0,0.0,1992.3905622365646,1082.0938577290522,1844.0,haco_safemarl_mappo,generalization,21223371,8
0.0,0.625,300.0,0.5841666666666666,0.6530922582106462,0.5107436605686366,1.0,0.8246267667522619,0.0,664.0,0.08666666666666667,6828.0000000000455,4224.329333474656,0.0,fixed_auv_ga_pso_tlbo_proxy,generalization,21233378,8
0.0,0.875,300.0,0.61375,0.5649376746101311,0.38172219036465127,0.875,0.6712878479670531,0.0,619.0,0.09,9543.000000000024,5845.099999999984,0.0,independent_greedy,generalization,21233378,8
0.0,0.375,300.0,0.61625,0.7265026343429601,0.6790412935204444,1.0,0.7923043152705892,0.0,676.0,0.08666666666666667,8885.607152405231,3920.9871634229403,0.0,communication_aware,generalization,21233378,8
0.0,0.5,300.0,0.30375,0.7645608309484689,0.5966898038297714,0.5791666666666667,0.8786578212428414,0.0,29.0,0.08333333333333333,4546.719195120799,2341.804023883798,1752.0,haco_safemarl_pilot_no_acoustic,generalization,21233378,8
0.0,0.5,300.0,0.405,0.6888727001212906,0.5081352135128971,0.625,0.8115496293741565,0.013333333333333334,730.0,0.1,10078.652103314282,3277.0188564864325,0.0,haco_safemarl_pilot_no_shield,generalization,21233378,8
0.0,0.375,300.0,0.31125,0.8031510335329939,0.7225633036280239,0.5958333333333333,0.8855334183474706,0.0,31.0,0.08,4587.040023505823,2536.310789443888,1787.0,haco_safemarl_pilot,generalization,21233378,8
0.0,0.0,300.0,0.4191666666666667,0.7313228280593408,0.5690196272203466,0.625,0.7113369607000125,0.0,0.0,0.11333333333333333,2014.7970649673098,898.8950886668589,1867.0,haco_safemarl_mappo,generalization,21233378,8
0.0,0.875,300.0,0.7141666666666666,0.5469194293643133,0.1969436399880726,1.0,0.5581072105666158,0.0,0.0,0.0,6828.0000000000455,4240.246359894928,0.0,fixed_auv_ga_pso_tlbo_proxy,generalization,21243385,8
1.0,1.0,255.0,0.7700980392156863,0.49808236371956727,0.05968849370471502,1.0,0.6028707214923101,0.0,0.0,0.0,8111.550000000045,4509.500000000009,0.0,independent_greedy,generalization,21243385,8
0.0,0.375,300.0,0.7616666666666667,0.6759909832723767,0.39154287125959786,1.0,0.575720037072034,0.0,0.0,0.0,8553.847265522885,3439.3040648948363,0.0,communication_aware,generalization,21243385,8
0.0,0.75,300.0,0.4091666666666667,0.7072871807730695,0.17062011871119162,0.625,0.8050676173163921,0.0,0.0,0.0,10262.720656583448,2796.9095346741883,1440.0,haco_safemarl_pilot_no_acoustic,generalization,21243385,8
0.0,0.625,300.0,0.5370833333333334,0.6403153626914543,0.18329622437177742,0.7583333333333333,0.6336584308778203,0.0,0.0,0.0,10072.089683107502,2819.2269901905443,0.0,haco_safemarl_pilot_no_shield,generalization,21243385,8
0.0,0.5,300.0,0.3854166666666667,0.763067117859533,0.4642932414633168,0.5833333333333334,0.8014910450090722,0.0,0.0,0.0,9877.382247671969,3002.950910958574,1571.0,haco_safemarl_pilot,generalization,21243385,8
0.0,0.125,300.0,0.03166666666666667,0.8351351418660222,0.822473404975648,0.25,0.9979305920410175,0.0,0.0,0.0,1653.1390016500059,794.2657314832447,1450.0,haco_safemarl_mappo,generalization,21243385,8
0.0,0.875,300.0,0.325,0.7401435724476609,0.21898789891453144,0.5,0.7541934119096472,0.0,60.0,0.0,6828.0000000000455,3835.7721944794316,0.0,fixed_auv_ga_pso_tlbo_proxy,generalization,21253392,8
0.0,1.0,289.0,0.4061418685121107,0.6836483507692208,0.07068001129147902,0.5431034482758621,0.7655333757573842,0.0,45.0,0.0,9193.09000000003,5240.900000000014,0.0,independent_greedy,generalization,21253392,8
0.0,0.625,300.0,0.49333333333333335,0.7409380412679961,0.3293840395310654,0.75,0.7309195020159174,0.0,36.0,0.0,9183.05117761176,4010.4686115922905,0.0,communication_aware,generalization,21253392,8
0.0,0.625,300.0,0.2816666666666667,0.7452647140153269,0.20518886231929806,0.5,0.8371949433052741,0.0,0.0,0.0,10514.85895170714,3295.1096058948224,997.0,haco_safemarl_pilot_no_acoustic,generalization,21253392,8
0.0,0.75,300.0,0.52,0.6731911983089475,0.30959101147951573,0.875,0.6782344186647336,0.0,80.0,0.0,10346.90444329192,2804.4824372310895,0.0,haco_safemarl_pilot_no_shield,generalization,21253392,8
0.0,0.5,300.0,0.2825,0.8040071594086426,0.5463167192447889,0.5083333333333333,0.8431920962859065,0.0,0.0,0.0,10221.441421623502,3468.580176629807,1065.0,haco_safemarl_pilot,generalization,21253392,8
0.0,0.0,300.0,0.06791666666666667,0.8407680327159145,0.7337160139258524,0.125,0.9674228832854405,0.0,0.0,0.0,1678.7243407129138,1206.3623892668347,1195.0,haco_safemarl_mappo,generalization,21253392,8
0.0,0.875,300.0,0.5770833333333333,0.5945249469131373,0.3598757490243609,0.875,0.6757700784110282,0.0,77.0,0.0,6828.0000000000455,3762.9413288042074,0.0,fixed_auv_ga_pso_tlbo_proxy,generalization,21263399,8
0.0,1.0,261.0,0.6843869731800766,0.48548127394477897,0.1917071721507544,0.875,0.6001738548230433,0.0,59.0,0.0,8302.410000000044,4359.700000000011,0.0,independent_greedy,generalization,21263399,8
0.0,0.5,300.0,0.6133333333333333,0.7279429889599675,0.5896079327579383,0.875,0.6475846717963945,0.0,164.0,0.0,8876.897090621462,3499.595500320257,0.0,communication_aware,generalization,21263399,8
0.0,0.75,300.0,0.36375,0.7306945611155921,0.4964180299842643,0.6541666666666667,0.8310531365299587,0.0,0.0,0.0,9586.824657054975,2653.2786586129773,1549.0,haco_safemarl_pilot_no_acoustic,generalization,21263399,8
0.0,0.875,300.0,0.6058333333333333,0.6387615802403686,0.440266192164082,0.875,0.6387585080216411,0.0,63.0,0.0,10459.509415849485,2418.1223215258665,0.0,haco_safemarl_pilot_no_shield,generalization,21263399,8
0.0,0.25,300.0,0.4225,0.76480382187508,0.6414209708423683,0.75,0.8265163874858074,0.0,0.0,0.0,10011.919569526519,3376.8967445752232,1478.0,haco_safemarl_pilot,generalization,21263399,8
0.0,0.0,300.0,0.17708333333333334,0.818718513457654,0.6087862138085737,0.375,0.8722686711442276,0.0,0.0,0.0,2069.545747416387,920.5919101921335,1217.0,haco_safemarl_mappo,generalization,21263399,8
0.0,0.875,300.0,0.51125,0.6329238599914622,0.32739184188466697,0.875,0.7371816989130582,0.0,75.0,0.0,6828.0000000000455,3907.1079288942306,0.0,fixed_auv_ga_pso_tlbo_proxy,generalization,21273406,8
0.0,1.0,246.0,0.5477642276422764,0.6003579147695466,0.24960040675590364,0.875,0.6930057252877202,0.0,74.0,0.0,7825.260000000041,3981.100000000008,0.0,independent_greedy,generalization,21273406,8
0.0,0.375,300.0,0.57,0.7034626048108693,0.5478222793661448,0.875,0.7069619244439844,0.0,47.0,0.0,8870.34726214618,3460.670870481292,0.0,communication_aware,generalization,21273406,8
0.0,0.625,300.0,0.43041666666666667,0.6850535216833964,0.4125945638633146,0.75,0.8251040271803066,0.0,0.0,0.0,10310.88185192289,3112.6582542749093,1284.0,haco_safemarl_pilot_no_acoustic,generalization,21273406,8
0.0,0.625,300.0,0.5225,0.6359161399012399,0.3996659595988806,0.75,0.7706168144924685,0.0,59.0,0.0,10182.901788041303,2991.824541761891,0.0,haco_safemarl_pilot_no_shield,generalization,21273406,8
0.0,0.375,300.0,0.46708333333333335,0.7600310932747304,0.6372764508635196,0.75,0.828596132534285,0.0,0.0,0.0,9883.914055926285,3292.45125347362,1404.0,haco_safemarl_pilot,generalization,21273406,8
0.0,0.0,300.0,0.14291666666666666,0.8245246685113048,0.773674693310988,0.25,0.922910432116732,0.0,0.0,0.0,1307.851102600211,430.0027126526782,1643.0,haco_safemarl_mappo,generalization,21273406,8
0.0,0.75,300.0,0.47333333333333333,0.6214056312380719,0.34649122475326916,0.75,0.7257926181907327,0.0,160.0,0.0,6828.0000000000455,4271.477787504374,0.0,fixed_auv_ga_pso_tlbo_proxy,generalization,21283413,8
0.0,1.0,267.0,0.528558052434457,0.5680924130324575,0.3441237529816121,0.75,0.6775033004653442,0.0,122.0,0.0,8493.27000000004,5061.09999999998,0.0,independent_greedy,generalization,21283413,8
0.0,0.375,300.0,0.5066666666666667,0.7217050221184639,0.5512620135034186,0.75,0.694852212225036,0.0,199.0,0.0,9033.789603413446,4497.107601442179,0.0,communication_aware,generalization,21283413,8
0.0,0.5,300.0,0.30875,0.7721678628123482,0.6159777977075536,0.5,0.893071163210141,0.0,19.0,0.0,10190.551432568713,4323.687957060121,1287.0,haco_safemarl_pilot_no_acoustic,generalization,21283413,8
0.0,0.5,300.0,0.4979166666666667,0.6497803898088137,0.49620555415492656,0.75,0.7379225702506389,0.0,124.0,0.0,9976.863864297053,3479.4564488365886,0.0,haco_safemarl_pilot_no_shield,generalization,21283413,8
0.0,0.375,300.0,0.3095833333333333,0.8049681849638415,0.7367845871503742,0.55,0.8839526944108904,0.0,20.0,0.0,10004.628330025567,4273.064028301397,1352.0,haco_safemarl_pilot,generalization,21283413,8
0.0,0.0,300.0,0.19916666666666666,0.815416987269971,0.6784257435882574,0.625,0.8679545497081549,0.0,26.0,0.0,1514.0125839684056,1122.4362790719695,1398.0,haco_safemarl_mappo,generalization,21283413,8
0.0,0.875,300.0,0.6608333333333334,0.5005234255193087,0.11232840025017829,1.0,0.735563943088143,0.0,283.0,0.0,6828.0000000000455,4150.534205108945,0.0,fixed_auv_ga_pso_tlbo_proxy,generalization,21293420,8
0.0,1.0,297.0,0.6401515151515151,0.42744284709784225,0.07536890850139068,0.875,0.6168487615733987,0.0,250.0,0.0,9447.570000000025,6110.500000000008,0.0,independent_greedy,generalization,21293420,8
0.0,0.25,300.0,0.70125,0.6461114426256032,0.4000097644927101,1.0,0.7489379740985099,0.0,216.0,0.0,8721.903834850207,3841.116545249461,0.0,communication_aware,generalization,21293420,8
0.0,0.5,300.0,0.42041666666666666,0.6869830632105801,0.29131716930123297,0.75,0.7819470263694511,0.0,9.0,0.0,8666.76165376104,3248.3163958927307,1707.0,haco_safemarl_pilot_no_acoustic,generalization,21293420,8
0.0,0.375,300.0,0.6070833333333333,0.5620866567751905,0.24907176851322604,0.875,0.6461250617184359,0.0,158.0,0.0,9816.121401071056,3227.68136178011,0.0,haco_safemarl_pilot_no_shield,generalization,21293420,8
0.0,0.125,300.0,0.47541666666666665,0.7556995913436136,0.5987786976283009,0.75,0.7312851321570859,0.0,9.0,0.0,9765.793706108809,4424.0488259478725,1684.0,haco_safemarl_pilot,generalization,21293420,8
0.0,0.0,300.0,0.18333333333333332,0.8091823708847915,0.6695940688852797,0.25,0.8702176087503988,0.0,11.0,0.0,1449.4471853607151,1562.2409465113235,1847.0,haco_safemarl_mappo,generalization,21293420,8
0.0,0.875,300.0,0.7220833333333333,0.42611343501253834,0.1996014671369542,0.875,0.438445603373365,0.0,163.0,0.08666666666666667,6828.0000000000455,4419.644573466565,0.0,fixed_auv_ga_pso_tlbo_proxy,generalization,21303427,8
0.0,1.0,274.0,0.7449817518248175,0.3558727623839676,0.0858452962254704,0.875,0.437104833158738,0.0,124.0,0.058394160583941604,8715.940000000037,5358.900000000017,0.0,independent_greedy,generalization,21303427,8
0.0,0.25,300.0,0.7479166666666667,0.6184206134425934,0.4554859205443976,0.875,0.4049343298502021,0.0,167.0,0.08666666666666667,8455.88131229259,3883.385398739395,0.0,communication_aware,generalization,21303427,8
0.0,0.375,300.0,0.5841666666666666,0.5946764353149475,0.3506417690750181,0.75,0.590441525151084,0.0,5.0,0.07,9730.889559818372,3998.690721281025,1695.0,haco_safemarl_pilot_no_acoustic,generalization,21303427,8
0.0,0.25,300.0,0.6695833333333333,0.5032180765098236,0.2159433727512327,0.75,0.4805039702342694,0.03,101.0,0.08333333333333333,9533.366055525568,3251.4345581275484,0.0,haco_safemarl_pilot_no_shield,generalization,21303427,8
0.0,0.25,300.0,0.5625,0.7439772146593773,0.6031069768124566,0.75,0.6175501881746394,0.0,5.0,0.08,9305.253617081398,3789.6806267000384,1697.0,haco_safemarl_pilot,generalization,21303427,8
0.0,0.125,300.0,0.007083333333333333,0.8329983763359792,0.8155746748160372,0.07083333333333333,0.9998128439252308,0.0,5.0,0.09666666666666666,1372.4041571758676,1196.1888360300413,1374.0,haco_safemarl_mappo,generalization,21303427,8
0.0,0.875,300.0,0.5045833333333334,0.6250044351132713,0.4365060393196583,0.7583333333333333,0.7164349364585931,0.0,187.0,0.0,6828.0000000000455,4562.5833716568695,0.0,fixed_auv_ga_pso_tlbo_proxy,generalization,21313434,8
0.0,1.0,253.0,0.7351778656126482,0.5393233300882708,0.31481059164845443,0.875,0.5821553623936926,0.0,165.0,0.0,8047.930000000044,4774.700000000002,0.0,independent_greedy,generalization,21313434,8
0.0,0.625,300.0,0.59875,0.7172895475584599,0.5867666513633829,0.875,0.7024969244368439,0.0,201.0,0.0,8867.735235936692,4041.8790528189243,0.0,communication_aware,generalization,21313434,8
0.0,0.5,300.0,0.28208333333333335,0.7752078700784953,0.6067483229576008,0.5,0.9140783376966369,0.0,0.0,0.0,7259.035075815386,2531.9850357065143,1497.0,haco_safemarl_pilot_no_acoustic,generalization,21313434,8
0.0,0.75,300.0,0.6216666666666667,0.6413171111405456,0.4107695268951344,0.875,0.7379946435393606,0.0,249.0,0.0,10328.961445979958,2799.3657960100295,0.0,haco_safemarl_pilot_no_shield,generalization,21313434,8
0.0,0.25,300.0,0.3204166666666667,0.7925404601338044,0.6489088745783738,0.625,0.8744155575808236,0.0,0.0,0.0,6964.679988676781,2773.341340315143,1609.0,haco_safemarl_pilot,generalization,21313434,8
0.0,0.125,300.0,0.0033333333333333335,0.8464206399315793,0.826355686842961,0.03333333333333333,0.9999217072140509,0.0,0.0,0.0,2096.459528646047,1302.5175783619895,1132.0,haco_safemarl_mappo,generalization,21313434,8
0.0,1.0,297.0,0.5900673400673401,0.6442894177857412,0.4405184933006419,0.875,0.7290867394124797,0.0,241.0,0.0,6759.720000000045,5186.923181928756,0.0,fixed_auv_ga_pso_tlbo_proxy,generalization,21323441,8
0.0,1.0,227.0,0.5980176211453745,0.6213462992663136,0.448951662490448,0.875,0.6920779220316076,0.0,184.0,0.0,7220.8700000000335,4718.90000000001,0.0,independent_greedy,generalization,21323441,8
0.0,0.75,300.0,0.6358333333333334,0.709415221857119,0.6216902001333633,0.875,0.6631604900026351,0.0,209.0,0.0,8804.366494239559,4242.4692653495495,0.0,communication_aware,generalization,21323441,8
0.0,0.625,300.0,0.09375,0.8422408019782709,0.6839272129273003,0.25,0.9633026121627467,0.0,41.0,0.0,5304.7103720966215,3206.0949183488856,1705.0,haco_safemarl_pilot_no_acoustic,generalization,21323441,8
0.0,0.75,300.0,0.43083333333333335,0.7115518133020557,0.5298818769731326,0.6375,0.7658509436405262,0.0,529.0,0.08666666666666667,9951.07482905385,3075.066719891025,0.0,haco_safemarl_pilot_no_shield,generalization,21323441,8
0.0,0.625,300.0,0.08458333333333333,0.8510238678963532,0.7747168175816325,0.30416666666666664,0.9721231106416366,0.0,41.0,0.0,6422.492303761379,3540.961725822058,1695.0,haco_safemarl_pilot,generalization,21323441,8
0.0,0.0,300.0,0.25708333333333333,0.7518444197899097,0.43630894416494065,0.375,0.8093914788731964,0.0,56.0,0.0,3051.4133647113263,2593.4407649315367,2056.0,haco_safemarl_mappo,generalization,21323441,8
0.0,0.75,300.0,0.5516666666666666,0.5938714477408251,0.4909097278284948,1.0,0.9295164936128285,0.0,327.0,0.04,6828.0000000000455,3160.1503003721273,0.0,fixed_auv_ga_pso_tlbo_proxy,generalization,21333448,8
0.0,0.875,300.0,0.7566666666666667,0.4510200055913395,0.29821978899046964,1.0,0.6588162570327356,0.0,246.0,0.11,9543.000000000024,4969.300000000008,0.0,independent_greedy,generalization,21333448,8
0.0,0.125,300.0,0.6179166666666667,0.7033495433670045,0.6267479893744473,1.0,0.9312665567119691,0.0,520.0,0.0,8775.675123591323,2971.026663459068,0.0,communication_aware,generalization,21333448,8
0.0,0.375,300.0,0.4116666666666667,0.723864793258624,0.5856388147473616,0.75,0.8655145827641088,0.0,0.0,0.11333333333333333,10521.668865959926,3933.764813285966,1770.0,haco_safemarl_pilot_no_acoustic,generalization,21333448,8
0.0,0.625,300.0,0.6425,0.6018771816683616,0.5010044593822824,1.0,0.9619940201260516,0.0,469.0,0.04666666666666667,10409.157235561233,2931.629663599448,0.0,haco_safemarl_pilot_no_shield,generalization,21333448,8
0.0,0.0,300.0,0.4325,0.7651980368497737,0.6773487853271254,0.85,0.8473182442355138,0.0,0.0,0.01,10080.020338073497,4083.9967481150156,1762.0,haco_safemarl_pilot,generalization,21333448,8
0.0,0.0,300.0,0.09666666666666666,0.8364061398138631,0.7694016817595746,0.125,0.9667582643429221,0.0,0.0,0.0,1390.040678986268,434.66140824936406,1470.0,haco_safemarl_mappo,generalization,21333448,8
0.0,0.875,300.0,0.70875,0.44397985736205225,0.22984208596941277,1.0,0.7104484859539993,0.0,356.0,0.0,6828.0000000000455,3605.6136766535733,0.0,fixed_auv_ga_pso_tlbo_proxy,generalization,21343455,8
0.0,1.0,230.0,0.717391304347826,0.43936118515059325,0.23035179665784972,1.0,0.7089818348641158,0.0,240.0,0.0,7316.300000000035,3269.700000000004,0.0,independent_greedy,generalization,21343455,8
0.0,0.25,300.0,0.7391666666666666,0.6396242411649954,0.4769177321267113,1.0,0.7044075351175645,0.0,328.0,0.0,8448.529947472622,3135.6760003117633,0.0,communication_aware,generalization,21343455,8
0.0,0.375,300.0,0.6420833333333333,0.595321291539009,0.3558639725166273,0.8791666666666667,0.6292348020774653,0.0,0.0,0.0,10025.06529834988,3586.6382698267294,1761.0,haco_safemarl_pilot_no_acoustic,generalization,21343455,8
0.0,0.25,300.0,0.7025,0.5038975796806703,0.32007706310892775,1.0,0.5652040870065584,0.0,423.0,0.0,9774.878574594844,3162.8769545336345,0.0,haco_safemarl_pilot_no_shield,generalization,21343455,8
0.0,0.25,300.0,0.65375,0.7178350861408261,0.6182031142601435,0.9333333333333333,0.6595616045278313,0.0,0.0,0.0,9601.698960414684,3461.0758230887445,1813.0,haco_safemarl_pilot,generalization,21343455,8
0.0,0.0,300.0,0.10666666666666667,0.8417970075035096,0.8195776072172534,0.25,0.9829276804036836,0.0,0.0,0.0,1623.2529804092756,710.4909174778327,1085.0,haco_safemarl_mappo,generalization,21343455,8
0.0,0.875,300.0,0.475,0.6228351821682302,0.42714040962261285,0.875,0.8500385504601945,0.0,106.0,0.11333333333333333,6828.0000000000455,4112.370742803627,0.0,fixed_auv_ga_pso_tlbo_proxy,generalization,21353462,8
0.0,1.0,249.0,0.5843373493975904,0.5809355452258415,0.4121173799261211,0.875,0.7070792078755781,0.0321285140562249,81.0,0.13654618473895583,7920.690000000042,4330.700000000004,0.0,independent_greedy,generalization,21353462,8
0.0,0.5,300.0,0.4816666666666667,0.7159387354985398,0.6225075949297211,0.75,0.7664165325849563,0.0,48.0,0.11,9064.567813079495,4183.553332922712,0.0,communication_aware,generalization,21353462,8
0.0,0.625,300.0,0.3591666666666667,0.7227818035430508,0.4810405085939096,0.625,0.8134845958468786,0.04666666666666667,0.0,0.09666666666666666,9807.604873869936,2950.9844813400064,1266.0,haco_safemarl_pilot_no_acoustic,generalization,21353462,8
0.0,0.75,300.0,0.42833333333333334,0.6877853737690349,0.4406496883493179,0.75,0.8088788355583137,0.05333333333333334,150.0,0.12333333333333334,10209.131026325753,3088.0241580960455,0.0,haco_safemarl_pilot_no_shield,generalization,21353462,8
0.0,0.25,300.0,0.44708333333333333,0.7615870851345401,0.6682843780094866,0.75,0.8010660384927087,0.04666666666666667,0.0,0.11666666666666667,9194.943371513238,3289.8924264063116,1382.0,haco_safemarl_pilot,generalization,21353462,8
0.0,0.0,300.0,0.0004166666666666667,0.8318276258136577,0.8190990925823165,0.004166666666666667,0.9999987836946987,0.0,0.0,0.16666666666666666,980.4432273507053,1034.4372647514228,1474.0,haco_safemarl_mappo,generalization,21353462,8
0.0,0.875,300.0,0.5058333333333334,0.623883584811192,0.2691301468495545,1.0,0.8294938810501127,0.0,168.0,0.0,6828.0000000000455,4433.752344996942,0.0,fixed_auv_ga_pso_tlbo_proxy,generalization,21363469,8
0.0,1.0,244.0,0.5978483606557377,0.5952351764002902,0.14564460147937025,1.0,0.7220145755694499,0.0,143.0,0.0,7761.64000000004,4427.700000000002,0.0,independent_greedy,generalization,21363469,8
0.0,0.375,300.0,0.5508333333333333,0.6959617229764162,0.4396472300855127,0.9875,0.7785760992605589,0.0,278.0,0.0,8901.921202052034,3805.7835791607326,0.0,communication_aware,generalization,21363469,8
0.0,0.75,300.0,0.40291666666666665,0.7075197187025494,0.33090632205445597,0.6833333333333333,0.8300198380958708,0.0,0.0,0.0,9963.861669507447,3051.387569613052,1326.0,haco_safemarl_pilot_no_acoustic,generalization,21363469,8
0.0,0.75,300.0,0.5170833333333333,0.6456847393695733,0.3359335282883931,0.7916666666666666,0.7801028846326855,0.0,233.0,0.0,10123.147697451059,2751.208977024424,0.0,haco_safemarl_pilot_no_shield,generalization,21363469,8
0.0,0.375,300.0,0.47208333333333335,0.7643327395106987,0.5493752392172391,0.75,0.8152151170685115,0.0,0.0,0.0,10072.746647133637,3902.3738844500776,1390.0,haco_safemarl_pilot,generalization,21363469,8
0.0,0.125,300.0,0.024583333333333332,0.8525244752408323,0.8221708998928133,0.2,0.9977135689206685,0.0,0.0,0.0,1548.925232032049,1263.2952818554852,1153.0,haco_safemarl_mappo,generalization,21363469,8
0.0,0.75,300.0,0.5595833333333333,0.6060361355979659,0.2309634180694996,0.775,0.6718791343768679,0.0,0.0,0.0,6828.0000000000455,4382.163022865489,0.0,fixed_auv_ga_pso_tlbo_proxy,generalization,21373476,8
1.0,1.0,263.0,0.5090304182509505,0.573761752351134,0.12298416754435668,0.75,0.6917901022961039,0.0,0.0,0.0,8366.030000000042,4935.699999999991,0.0,independent_greedy,generalization,21373476,8
0.0,0.375,300.0,0.6329166666666667,0.695621474157973,0.43018254050809246,0.875,0.5985460506824253,0.0,0.0,0.0,8826.588340992885,4024.704280971724,0.0,communication_aware,generalization,21373476,8
0.0,0.625,300.0,0.4191666666666667,0.6813707428242636,0.2646654964636752,0.625,0.7550793611056014,0.0,0.0,0.0,8633.23051088646,2515.605696336599,1315.0,haco_safemarl_pilot_no_acoustic,generalization,21373476,8
0.0,0.5,300.0,0.5054166666666666,0.6249692125966125,0.3020759282094047,0.6416666666666667,0.6744395661756573,0.0,52.0,0.0,9875.734081362047,3176.1159894776124,0.0,haco_safemarl_pilot_no_shield,generalization,21373476,8
0.0,0.375,300.0,0.4170833333333333,0.7713334546337585,0.5895515742594805,0.625,0.7789643901895961,0.0,0.0,0.0,7973.376166461696,2841.296055066197,1393.0,haco_safemarl_pilot,generalization,21373476,8
0.0,0.125,300.0,0.26416666666666666,0.8084353009440008,0.7638217201603456,0.7666666666666667,0.9697334905154338,0.0,0.0,0.0,1881.4733286131823,376.93321294778843,1533.0,haco_safemarl_mappo,generalization,21373476,8
0.0,0.75,300.0,0.67375,0.5022311984755121,0.1580467749182085,1.0,0.738312748597713,0.0,143.0,0.07,6828.0000000000455,3850.472166632166,0.0,fixed_auv_ga_pso_tlbo_proxy,generalization,21383483,8
0.0,1.0,242.0,0.702995867768595,0.48533971173198026,0.13880377556323759,1.0,0.749200097792279,0.0,121.0,0.045454545454545456,7698.0200000000395,3876.0999999999967,0.0,independent_greedy,generalization,21383483,8
0.0,0.25,300.0,0.7104166666666667,0.6513521678470063,0.4989640633211039,1.0,0.7368667544357417,0.0,263.0,0.07,8523.705529658753,3197.2190154347604,0.0,communication_aware,generalization,21383483,8
0.0,0.375,300.0,0.54625,0.6676445782367252,0.327214217213837,0.875,0.714537652458325,0.0,0.0,0.06,10075.869593370784,3593.8222973952397,1589.0,haco_safemarl_pilot_no_acoustic,generalization,21383483,8
0.0,0.5,300.0,0.6545833333333333,0.5796959251087166,0.2645045948477386,0.875,0.6649878466401842,0.0,102.0,0.06,9936.884828765109,3211.844800003893,0.0,haco_safemarl_pilot_no_shield,generalization,21383483,8
0.0,0.25,300.0,0.5575,0.7452863531984603,0.6141869702952718,0.875,0.7130166292001908,0.0,0.0,0.06,9725.340920837554,3732.9537811668615,1636.0,haco_safemarl_pilot,generalization,21383483,8
0.0,0.125,300.0,0.14791666666666667,0.8228077895514747,0.7220766694207199,0.25,0.8712189075291843,0.0,0.0,0.09333333333333334,854.4282211023639,378.221429334744,1697.0,haco_safemarl_mappo,generalization,21383483,8
0.0,0.75,300.0,0.6833333333333333,0.49544773006474996,0.15936729330033342,1.0,0.6720780428979327,0.0,47.0,0.0,6828.0000000000455,3150.61788288357,0.0,fixed_auv_ga_pso_tlbo_proxy,generalization,21393490,8
0.0,1.0,281.0,0.7504448398576512,0.41305733754490664,0.07233672206762883,1.0,0.6661833436645841,0.0,36.0,0.0,8938.610000000033,4223.7,0.0,independent_greedy,generalization,21393490,8
0.0,0.125,300.0,0.72375,0.6461022197739443,0.380491613508737,1.0,0.6778200287723688,0.0,9.0,0.0,8523.154944234573,3009.8301173668087,0.0,communication_aware,generalization,21393490,8
0.0,0.25,300.0,0.6183333333333333,0.586513609805698,0.2145357349847427,1.0,0.7772030707476695,0.0,0.0,0.0,10141.783853004597,3374.726733164534,1834.0,haco_safemarl_pilot_no_acoustic,generalization,21393490,8
0.0,0.25,300.0,0.70625,0.510693477393568,0.2539396589138551,1.0,0.7297086596562262,0.0,134.0,0.0,9982.299419745248,3060.7102459272346,0.0,haco_safemarl_pilot_no_shield,generalization,21393490,8
0.0,0.125,300.0,0.6295833333333334,0.7069020014873789,0.5416438849733793,1.0,0.8174404027273117,0.0,0.0,0.0,9610.029142585983,3253.6977535964284,1863.0,haco_safemarl_pilot,generalization,21393490,8
0.0,0.0,300.0,0.020833333333333332,0.8392973168708017,0.8086616804226487,0.20416666666666666,0.9986177574960301,0.0,0.0,0.0,1458.6515221104519,406.93866994076234,1446.0,haco_safemarl_mappo,generalization,21393490,8
0.0,0.875,300.0,0.5779166666666666,0.5263777725406446,0.21870148457052205,0.875,0.6793913496732406,0.006666666666666667,100.0,0.06666666666666667,6828.0000000000455,3128.5056617463847,0.0,fixed_auv_ga_pso_tlbo_proxy,generalization,21403497,8
0.0,1.0,255.0,0.6715686274509803,0.4648691854042788,0.13139750468352027,0.875,0.5768380689513486,0.03529411764705882,103.0,0.10196078431372549,8111.550000000045,3419.900000000009,0.0,independent_greedy,generalization,21403497,8
0.0,0.25,300.0,0.6704166666666667,0.6727081868658399,0.5457988082533947,1.0,0.7383259068970143,0.0,191.0,0.07,8626.181621137657,3099.9054692529016,0.0,communication_aware,generalization,21403497,8
0.0,0.375,300.0,0.5558333333333333,0.6098895690673544,0.362953457912428,0.875,0.6707109196837054,0.02666666666666667,0.0,0.06666666666666667,9806.103243419053,3196.991838263745,1632.0,haco_safemarl_pilot_no_acoustic,generalization,21403497,8
0.0,0.25,300.0,0.63125,0.5386659006358483,0.32769428455067035,0.875,0.6022176464020339,0.03333333333333333,254.0,0.07333333333333333,9987.643304202677,3162.995169857165,0.0,haco_safemarl_pilot_no_shield,generalization,21403497,8
0.0,0.25,300.0,0.5741666666666667,0.7257019985222558,0.6217515198274675,0.875,0.6765073163260096,0.023333333333333334,0.0,0.07666666666666666,9400.821182033116,3126.612679563216,1672.0,haco_safemarl_pilot,generalization,21403497,8
0.0,0.0,300.0,0.09375,0.8374585068285709,0.794511617719765,0.25,0.9800309342069298,0.0,0.0,0.11666666666666667,1524.6068778725685,309.5066729666947,1362.0,haco_safemarl_mappo,generalization,21403497,8
0.0,0.625,300.0,0.5595833333333333,0.5757968565463005,0.34822766729464777,0.875,0.714861845465358,0.03333333333333333,47.0,0.08666666666666667,6828.0000000000455,3554.999177730817,0.0,fixed_auv_ga_pso_tlbo_proxy,generalization,21413504,8
0.0,1.0,260.0,0.6182692307692308,0.5066385409478854,0.25869795480344554,0.875,0.6182490742074294,0.0,67.0,0.04230769230769231,8270.600000000044,3966.500000000001,0.0,independent_greedy,generalization,21413504,8
0.0,0.25,300.0,0.605,0.7059433495336839,0.6021038555918498,0.875,0.6784351144577231,0.03333333333333333,0.0,0.08666666666666667,8827.0697194913,3542.8151640794867,0.0,communication_aware,generalization,21413504,8
0.0,0.5,300.0,0.4558333333333333,0.6800109923339096,0.469008746094142,0.75,0.7685593061171766,0.0,0.0,0.08333333333333333,9984.1017352045,3029.7940993998736,1473.0,haco_safemarl_pilot_no_acoustic,generalization,21413504,8
0.0,0.5,300.0,0.5354166666666667,0.6278079493239003,0.44295685377547195,0.8,0.6593958841310356,0.023333333333333334,0.0,0.08666666666666667,10145.708573800996,3115.4704856751996,0.0,haco_safemarl_pilot_no_shield,generalization,21413504,8
0.0,0.25,300.0,0.50625,0.7530452382517516,0.653661069608961,0.75,0.7902863259199814,0.006666666666666667,0.0,0.08,9559.439236673536,3205.290885173466,1567.0,haco_safemarl_pilot,generalization,21413504,8
0.0,0.0,300.0,0.15458333333333332,0.8226065898129737,0.7388533301255346,0.25,0.882737600010411,0.0,0.0,0.12333333333333334,1349.8015158908206,380.6135734148214,1636.0,haco_safemarl_mappo,generalization,21413504,8
0.0,0.75,300.0,0.6733333333333333,0.49795929982928555,0.19856569230868734,1.0,0.7869550965989301,0.0,105.0,0.05,6828.0000000000455,3916.2202138696744,0.0,fixed_auv_ga_pso_tlbo_proxy,generalization,21423511,8
0.0,1.0,256.0,0.69873046875,0.4623775796362696,0.1444915976778645,1.0,0.8053841921537157,0.0,81.0,0.1015625,8143.360000000045,4360.300000000005,0.0,independent_greedy,generalization,21423511,8
0.0,0.25,300.0,0.7166666666666667,0.6472412860012109,0.4703871162593496,1.0,0.791455566083748,0.0,268.0,0.09,8521.072767189557,3156.202867401681,0.0,communication_aware,generalization,21423511,8
0.0,0.375,300.0,0.5866666666666667,0.6362046180106992,0.3631535048588823,0.875,0.7094132437801717,0.0,0.0,0.10333333333333333,10077.622153749164,3467.268243366372,1693.0,haco_safemarl_pilot_no_acoustic,generalization,21423511,8
0.0,0.5,300.0,0.68375,0.5522349962948879,0.2713796702700706,0.875,0.6643674634190359,0.0033333333333333335,254.0,0.13,10003.575773959861,3003.043367980429,0.0,haco_safemarl_pilot_no_shield,generalization,21423511,8
0.0,0.25,300.0,0.5908333333333333,0.7283256004200308,0.6330521628993058,0.875,0.7496020048478724,0.0,0.0,0.10666666666666667,9575.513565027391,3313.498734145487,1747.0,haco_safemarl_pilot,generalization,21423511,8
0.0,0.0,300.0,0.0425,0.8409195442923311,0.8024834046485845,0.125,0.9863965248099281,0.0,0.0,0.0,1083.715278368901,300.92933235750814,1445.0,haco_safemarl_mappo,generalization,21423511,8
0.0,0.625,300.0,0.47333333333333333,0.6446991909331297,0.4111808084164468,0.875,0.8195128356262739,0.06,604.0,0.13333333333333333,6828.0000000000455,4020.938068577904,0.0,fixed_auv_ga_pso_tlbo_proxy,generalization,21433518,8
0.0,1.0,272.0,0.5606617647058824,0.5843405525740538,0.34011975811824724,0.875,0.7455103105788667,0.029411764705882353,547.0,0.14338235294117646,8652.32000000004,4848.899999999979,0.0,independent_greedy,generalization,21433518,8
0.0,0.375,300.0,0.5295833333333333,0.7204998852790516,0.6060041955432628,0.875,0.7877451658556908,0.06,593.0,0.14333333333333334,8982.538888271183,3991.7069262222362,0.0,communication_aware,generalization,21433518,8
0.0,0.5,300.0,0.3725,0.7149348701104848,0.5286800590902525,0.6791666666666667,0.8513597515643214,0.02666666666666667,46.0,0.13666666666666666,9996.953460487304,3403.4600922218888,1614.0,haco_safemarl_pilot_no_acoustic,generalization,21433518,8
0.0,0.5,300.0,0.455,0.6613580261568635,0.45707715157373846,0.6708333333333333,0.8175687557470518,0.023333333333333334,330.0,0.11,10076.45148407102,3115.9532679058457,0.0,haco_safemarl_pilot_no_shield,generalization,21433518,8
0.0,0.375,300.0,0.3770833333333333,0.7834820030656147,0.6723583723236698,0.6916666666666667,0.8527791513371311,0.05,77.0,0.13333333333333333,9348.349107996652,3356.341532289522,1583.0,haco_safemarl_pilot,generalization,21433518,8
0.0,0.0,300.0,0.030416666666666668,0.8408935380963795,0.8000491345924787,0.125,0.9931582148211258,0.0,25.0,0.13333333333333333,1163.5545205807205,464.68403451243614,1515.0,haco_safemarl_mappo,generalization,21433518,8
0.0,0.875,300.0,0.6166666666666667,0.5235943997423044,0.137976357156515,1.0,0.6678196760158498,0.0,86.0,0.0,6828.0000000000455,2908.703939387293,0.0,fixed_auv_ga_pso_tlbo_proxy,generalization,21443525,8
0.0,1.0,261.0,0.6264367816091954,0.4781481743125299,0.0614499983531498,1.0,0.710641399360365,0.0,67.0,0.0,8302.410000000044,3403.300000000009,0.0,independent_greedy,generalization,21443525,8
0.0,0.25,300.0,0.6895833333333333,0.6590710550502618,0.38546075104697847,1.0,0.6835619980522187,0.0,74.0,0.0,8562.061690974006,2981.093196275997,0.0,communication_aware,generalization,21443525,8
0.0,0.375,300.0,0.55125,0.6105415249609908,0.18181448746618367,0.875,0.703468189123648,0.0,0.0,0.0,10128.66029459917,3192.8293809175084,1667.0,haco_safemarl_pilot_no_acoustic,generalization,21443525,8
0.0,0.375,300.0,0.6729166666666667,0.535929548694639,0.21060018999603883,1.0,0.6392959107703435,0.0,64.0,0.0,10031.768322137006,2987.483431985577,0.0,haco_safemarl_pilot_no_shield,generalization,21443525,8
0.0,0.125,300.0,0.565,0.7269602067849047,0.5211923441715446,0.875,0.722018484715507,0.0,0.0,0.0,9691.516632924027,3288.5691936747726,1743.0,haco_safemarl_pilot,generalization,21443525,8
0.0,0.0,300.0,0.18166666666666667,0.8185300651096419,0.6911623680517355,0.25,0.8505299031752412,0.0,0.0,0.0,1203.878325401226,537.6558767096556,1360.0,haco_safemarl_mappo,generalization,21443525,8
0.0,0.75,300.0,0.5775,0.5227526143673371,0.23949593422559137,0.875,0.6354985610943851,0.0,40.0,0.0,6828.0000000000455,3380.6196939146957,0.0,fixed_auv_ga_pso_tlbo_proxy,generalization,21453532,8
0.0,1.0,268.0,0.6777052238805971,0.44240848475628247,0.07175464011280884,0.875,0.6073647334820452,0.0,44.0,0.0,8525.08000000004,4024.9000000000315,0.0,independent_greedy,generalization,21453532,8
0.0,0.25,300.0,0.6745833333333333,0.6527338354729751,0.44086462040229085,1.0,0.6664608881978822,0.0,27.0,0.0,8595.397977215292,3060.9977883367906,0.0,communication_aware,generalization,21453532,8
0.0,0.375,300.0,0.5570833333333334,0.6138266953871953,0.3105235771838882,0.875,0.7164435274434058,0.0,0.0,0.0,10308.443515897616,3141.2815020146486,1569.0,haco_safemarl_pilot_no_acoustic,generalization,21453532,8
0.0,0.375,300.0,0.6595833333333333,0.5372478791130688,0.3164970934151451,0.875,0.5656187928768095,0.0,23.0,0.0,10135.446316788519,3058.1464001655886,0.0,haco_safemarl_pilot_no_shield,generalization,21453532,8
0.0,0.125,300.0,0.5758333333333333,0.7123617703688329,0.5294405387656447,0.875,0.6562202386609062,0.0,0.0,0.0,9720.968439271126,3306.3556177198247,1643.0,haco_safemarl_pilot,generalization,21453532,8
0.0,0.0,300.0,0.010833333333333334,0.8445485380737443,0.8134627279003575,0.10833333333333334,0.9991610833282646,0.0,0.0,0.0,1734.237518148973,895.2002194248989,1284.0,haco_safemarl_mappo,generalization,21453532,8
0.0,0.875,300.0,0.6525,0.5614903645483368,0.273526518688011,0.875,0.6134083532742992,0.0033333333333333335,288.0,0.19,6828.0000000000455,4882.394492073444,0.0,fixed_auv_ga_pso_tlbo_proxy,generalization,21463539,8
0.0,1.0,236.0,0.6949152542372882,0.5387508461844667,0.1501862201750155,0.875,0.6212103055074167,0.0,228.0,0.08898305084745763,7507.160000000037,4703.700000000007,0.0,independent_greedy,generalization,21463539,8
0.0,0.5,300.0,0.6891666666666667,0.6713033851956667,0.47516178457699965,0.875,0.5675121146830221,0.043333333333333335,465.0,0.19,8649.069175390963,4075.1162542958086,0.0,communication_aware,generalization,21463539,8
0.0,0.625,300.0,0.41291666666666665,0.7286894051647587,0.32627250518958884,0.5833333333333334,0.7967358919162192,0.0,0.0,0.20333333333333334,9583.861005129755,3433.428202980097,1413.0,haco_safemarl_pilot_no_acoustic,generalization,21463539,8
0.0,0.625,300.0,0.48041666666666666,0.6573364025594521,0.29471555759066065,0.65,0.6707597874025706,0.0,500.0,0.14666666666666667,9814.187266965291,3021.673705882337,0.0,haco_safemarl_pilot_no_shield,generalization,21463539,8
0.0,0.5,300.0,0.405,0.7817979668476411,0.6076536828499228,0.5833333333333334,0.8207953630357946,0.0,0.0,0.20333333333333334,9124.422068333075,3545.9549953291134,1462.0,haco_safemarl_pilot,generalization,21463539,8
0.0,0.125,300.0,0.11958333333333333,0.8321630584610414,0.701871727623358,0.25,0.9394213369962742,0.0,0.0,0.0,1780.4945092689636,1296.4501527734083,1251.0,haco_safemarl_mappo,generalization,21463539,8
0.0,1.0,293.0,0.621160409556314,0.5336663121405321,0.36394648695903836,1.0,0.8383343538732712,0.0,307.0,0.09556313993174062,6668.680000000044,3913.179725261404,0.0,fixed_auv_ga_pso_tlbo_proxy,generalization,21473546,8
0.0,1.0,224.0,0.58984375,0.5326557699873893,0.29141544015410414,0.875,0.6964606173293021,0.0,233.0,0.08928571428571429,7125.440000000032,3521.6999999999935,0.0,independent_greedy,generalization,21473546,8
0.0,0.25,300.0,0.64625,0.6718929430779074,0.5741728608069592,1.0,0.7320273717066101,0.0,393.0,0.08666666666666667,8734.813973014803,3965.7185398527695,0.0,communication_aware,generalization,21473546,8
0.0,0.375,300.0,0.5191666666666667,0.6996601971434094,0.5303746697622113,0.875,0.7767390533020161,0.0033333333333333335,38.0,0.15,10048.383084977135,4784.881028972722,2056.0,haco_safemarl_pilot_no_acoustic,generalization,21473546,8
0.0,0.375,300.0,0.6108333333333333,0.5701466606993996,0.344768380826095,0.875,0.6602435243377388,0.09666666666666666,503.0,0.13666666666666666,9877.678618515536,3022.127817148274,0.0,haco_safemarl_pilot_no_shield,generalization,21473546,8
0.0,0.125,300.0,0.5229166666666667,0.7558366432287094,0.6715259391894516,0.875,0.8050170456054327,0.0,37.0,0.10666666666666667,9791.234193745548,5092.579294784677,2080.0,haco_safemarl_pilot,generalization,21473546,8
0.0,0.125,300.0,0.17583333333333334,0.8065376705252673,0.6350046488195262,0.25,0.8734470995681057,0.0,26.0,0.023333333333333334,1486.3363534714538,1110.2081619976916,1729.0,haco_safemarl_mappo,generalization,21473546,8
0.0,0.875,300.0,0.5708333333333333,0.6460887011191193,0.40917547752597316,0.875,0.7190787332822383,0.0,125.0,0.18666666666666668,6828.0000000000455,4463.003304455455,0.0,fixed_auv_ga_pso_tlbo_proxy,generalization,21483553,8
0.0,1.0,246.0,0.6092479674796748,0.6142961864663875,0.34433021423166765,0.875,0.7016023784839712,0.0,96.0,0.14227642276422764,7825.260000000041,4573.9,0.0,independent_greedy,generalization,21483553,8
0.0,0.625,300.0,0.62,0.7115987667162671,0.5302267804980068,0.875,0.6691553175119841,0.0,111.0,0.19,8804.135888165954,3845.835991479605,0.0,communication_aware,generalization,21483553,8
0.0,0.75,300.0,0.2920833333333333,0.7532537279868539,0.4684661110874935,0.5125,0.8768170573515452,0.05333333333333334,1.0,0.21666666666666667,9626.981348159396,2878.87481457933,1249.0,haco_safemarl_pilot_no_acoustic,generalization,21483553,8
0.0,0.75,300.0,0.3829166666666667,0.7261762671060931,0.42704822139504806,0.625,0.836805523733701,0.03666666666666667,94.0,0.18,10049.168164174187,3139.3412680778724,0.0,haco_safemarl_pilot_no_shield,generalization,21483553,8
0.0,0.75,300.0,0.34791666666666665,0.784858371242607,0.676113316018107,0.6166666666666667,0.8767949554809108,0.0,1.0,0.18666666666666668,9650.767224749012,3333.3936465578017,1437.0,haco_safemarl_pilot,generalization,21483553,8
0.0,0.0,300.0,0.0925,0.8350776793036578,0.7869545527465556,0.5,0.9861046437961178,0.0,1.0,0.013333333333333334,1934.4061252538515,370.60450538559354,1251.0,haco_safemarl_mappo,generalization,21483553,8
0.0,0.625,300.0,0.5875,0.5952732074898571,0.3304643711241202,1.0,0.8134744096494675,0.0,234.0,0.17,6828.0000000000455,3762.2704465604415,0.0,fixed_auv_ga_pso_tlbo_proxy,generalization,21493560,8
0.0,1.0,274.0,0.7103102189781022,0.5256265372960702,0.10422028035149536,1.0,0.7046136048171829,0.0,224.0,0.08029197080291971,8715.940000000037,4476.299999999996,0.0,independent_greedy,generalization,21493560,8
0.0,0.375,300.0,0.6520833333333333,0.6871241213154073,0.523185257323603,1.0,0.8242287612964698,0.0,64.0,0.13666666666666666,8695.15690740283,3146.2654276347816,0.0,communication_aware,generalization,21493560,8
0.0,0.375,300.0,0.4533333333333333,0.6667831831845253,0.38544111768305833,0.75,0.7768639202486198,0.0,0.0,0.056666666666666664,10216.292637483159,3301.771333258695,1421.0,haco_safemarl_pilot_no_acoustic,generalization,21493560,8
0.0,0.5,300.0,0.5304166666666666,0.6288706204134459,0.4012405877125087,0.75,0.7158043696464271,0.0,25.0,0.0,10252.482235836904,2980.3992627126313,0.0,haco_safemarl_pilot_no_shield,generalization,21493560,8
0.0,0.25,300.0,0.46125,0.7539918037628591,0.6034741186986649,0.75,0.7712362852995125,0.0,0.0,0.13666666666666666,9810.576616874114,3190.7530527889917,1483.0,haco_safemarl_pilot,generalization,21493560,8
0.0,0.125,300.0,0.17375,0.8200445512915494,0.7476678242165382,0.3375,0.8953511194070668,0.0,0.0,0.22666666666666666,1522.6448543251909,372.07283076735894,1497.0,haco_safemarl_mappo,generalization,21493560,8
0.0,0.625,300.0,0.4666666666666667,0.6669463090429181,0.3415169155293969,0.875,0.7346768928036639,0.0,186.0,0.08333333333333333,6828.0000000000455,3555.3603612043316,0.0,fixed_auv_ga_pso_tlbo_proxy,generalization,21503567,8
0.0,1.0,261.0,0.5421455938697318,0.5839866770928308,0.07705773362868559,0.875,0.7536547392441323,0.0,141.0,0.0,8302.410000000044,3798.3000000000025,0.0,independent_greedy,generalization,21503567,8
0.0,0.25,300.0,0.6116666666666667,0.7095310586836354,0.4891746851794259,1.0,0.7617691216932808,0.023333333333333334,120.0,0.08333333333333333,8843.680436974175,3108.772757321609,0.0,communication_aware,generalization,21503567,8
0.0,0.625,300.0,0.2825,0.7437807352562891,0.24151833336493642,0.4875,0.8606881129957955,0.0,13.0,0.0,9374.658785524718,2432.8191026331883,1096.0,haco_safemarl_pilot_no_acoustic,generalization,21503567,8
0.0,0.75,300.0,0.4741666666666667,0.6865645331248891,0.28567126769516965,0.7833333333333333,0.7516215624067244,0.0,151.0,0.0033333333333333335,10532.359296596871,2654.9389830146424,0.0,haco_safemarl_pilot_no_shield,generalization,21503567,8
0.0,0.5,300.0,0.27,0.791148635099723,0.5034509815408647,0.5,0.8585506441912125,0.0,13.0,0.05,9898.021575939676,2944.878003641906,1120.0,haco_safemarl_pilot,generalization,21503567,8
0.0,0.0,300.0,0.41875,0.7198238777723429,0.39823316869850794,0.5041666666666667,0.725957535362804,0.0,13.0,0.07666666666666666,2370.365582956754,1605.7173549375802,1772.0,haco_safemarl_mappo,generalization,21503567,8
0.0,0.875,300.0,0.5820833333333333,0.5207353803991914,0.18188144459188138,0.75,0.5614766815961574,0.0,76.0,0.16666666666666666,6828.0000000000455,4175.978849365415,0.0,fixed_auv_ga_pso_tlbo_proxy,generalization,21513574,8
0.0,1.0,271.0,0.5977859778597786,0.4767701841586884,0.1342046758012292,0.75,0.5465921376197997,0.0,57.0,0.17343173431734318,8620.510000000038,5131.300000000001,0.0,independent_greedy,generalization,21513574,8
0.0,0.375,300.0,0.60375,0.6866419844778752,0.529747530713851,0.75,0.5312281200232306,0.0,159.0,0.17333333333333334,8783.551570981552,4356.538182003612,0.0,communication_aware,generalization,21513574,8
0.0,0.375,300.0,0.5470833333333334,0.6525471555389002,0.31738353259371094,0.75,0.6283363963640244,0.04,0.0,0.12666666666666668,9098.265132124974,3502.9018311441123,1598.0,haco_safemarl_pilot_no_acoustic,generalization,21513574,8
0.0,0.375,300.0,0.605,0.5702005188910431,0.2609325828051872,0.75,0.5290377877126189,0.07,59.0,0.16666666666666666,9679.075536787619,3523.699180984214,0.0,haco_safemarl_pilot_no_shield,generalization,21513574,8
0.0,0.25,300.0,0.5575,0.7469217147440426,0.6205172484862259,0.75,0.6247141869304653,0.0,0.0,0.16333333333333333,9240.88373014916,3822.630762953739,1628.0,haco_safemarl_pilot,generalization,21513574,8
0.0,0.0,300.0,0.21,0.8115620327886894,0.7243739674509174,0.375,0.8519910354871414,0.0,0.0,0.24666666666666667,1026.3454026873685,483.90961557665236,1604.0,haco_safemarl_mappo,generalization,21513574,8
0.0,0.5,300.0,0.4483333333333333,0.621213902677766,0.1813313928598154,0.875,0.7794219126510191,0.0,114.0,0.0,6828.0000000000455,3138.6920229856805,0.0,fixed_auv_ga_pso_tlbo_proxy,generalization,21523581,8
0.0,0.875,300.0,0.5816666666666667,0.5057628914755512,0.05089911254370286,0.875,0.7195755713219694,0.03333333333333333,112.0,0.08,9543.000000000024,4279.0999999999985,0.0,independent_greedy,generalization,21523581,8
0.0,0.125,300.0,0.5366666666666666,0.7035044850300614,0.3219801996747614,0.875,0.7441815677828232,0.0,98.0,0.0,8907.972945176225,3379.0793805206345,0.0,communication_aware,generalization,21523581,8
0.0,0.25,300.0,0.4454166666666667,0.656637953501238,0.1465536526431473,0.8,0.7616419945568881,0.0,15.0,0.0,6907.027002688624,1971.9194094017832,1583.0,haco_safemarl_pilot_no_acoustic,generalization,21523581,8
0.0,0.125,300.0,0.5616666666666666,0.5832018535191266,0.17474228143960788,0.875,0.7149915754021374,0.0,238.0,0.0,10237.798537542398,3210.8287125683023,0.0,haco_safemarl_pilot_no_shield,generalization,21523581,8
0.0,0.125,300.0,0.45875,0.7569488453866321,0.4649501082543484,0.875,0.7663010306642996,0.0,15.0,0.0,7135.788772021548,2427.7599110502083,1608.0,haco_safemarl_pilot,generalization,21523581,8
0.0,0.125,300.0,0.010833333333333334,0.8543587393350324,0.8222746383086829,0.10833333333333334,0.9996289443129218,0.0,17.0,0.0,2470.1578132822806,1125.9174337796337,1081.0,haco_safemarl_mappo,generalization,21523581,8
0.0,1.0,287.0,0.6589721254355401,0.489237709878467,0.279268227122777,0.875,0.5782767401927636,0.0,368.0,0.0,6532.120000000043,3755.2079690852634,0.0,fixed_auv_ga_pso_tlbo_proxy,generalization,21533588,8
0.0,1.0,219.0,0.7014840182648402,0.4764014967611416,0.19747576741841816,0.875,0.4931435968015741,0.0,282.0,0.0,6966.39000000003,3342.2999999999997,0.0,independent_greedy,generalization,21533588,8
0.0,0.25,300.0,0.69625,0.6622228312075813,0.5624275421623619,0.875,0.5253926794271493,0.0,495.0,0.0,8564.141358239947,3650.8756858535316,0.0,communication_aware,generalization,21533588,8
0.0,0.375,300.0,0.61,0.5962587933216135,0.3610859177738649,0.875,0.6456923185345627,0.0,24.0,0.0,9174.00661581609,3353.4451420389237,2081.0,haco_safemarl_pilot_no_acoustic,generalization,21533588,8
0.0,0.5,300.0,0.6933333333333334,0.5340910366402692,0.3260255068736337,0.875,0.536290194788268,0.0,274.0,0.0,9739.689295422857,3125.5767445777924,0.0,haco_safemarl_pilot_no_shield,generalization,21533588,8
0.0,0.125,300.0,0.62875,0.718329212765005,0.5997546788835094,0.875,0.6603832127223225,0.0,29.0,0.0,6358.438259585044,3129.1773075883234,2162.0,haco_safemarl_pilot,generalization,21533588,8
0.0,0.125,300.0,0.44875,0.726504704527108,0.42924913530828673,0.6916666666666667,0.6550612872195908,0.0,28.0,0.0,2125.319498818915,1212.2841082119571,2112.0,haco_safemarl_mappo,generalization,21533588,8
0.0,0.75,300.0,0.5525,0.5774339729732921,0.32137051669957445,0.875,0.75296885440095,0.0,220.0,0.0,6828.0000000000455,3595.177552208681,0.0,fixed_auv_ga_pso_tlbo_proxy,generalization,21543595,8
0.0,1.0,294.0,0.6683673469387755,0.478180168592101,0.1932076436025939,0.875,0.582508655241477,0.0,233.0,0.0,9352.140000000027,5036.499999999995,0.0,independent_greedy,generalization,21543595,8
0.0,0.25,300.0,0.5966666666666667,0.7099508632647885,0.5676768912454729,0.875,0.7095570417273521,0.0,174.0,0.0,8981.406873925374,4030.3736854279073,0.0,communication_aware,generalization,21543595,8
0.0,0.125,300.0,0.47583333333333333,0.6546587698570875,0.37209927941296217,0.75,0.7637562255951807,0.0,0.0,0.0,9761.97023831273,3321.241436042299,1613.0,haco_safemarl_pilot_no_acoustic,generalization,21543595,8
0.0,0.25,300.0,0.53625,0.5860287662424607,0.3612253425783906,0.75,0.6716466707111521,0.0,48.0,0.0,9978.095397686979,3329.286470340255,0.0,haco_safemarl_pilot_no_shield,generalization,21543595,8
0.0,0.125,300.0,0.47041666666666665,0.7563752230578359,0.6210172388185956,0.75,0.7725390706861867,0.0,0.0,0.0,9687.009065631079,3372.186196742709,1582.0,haco_safemarl_pilot,generalization,21543595,8
0.0,0.0,300.0,0.020833333333333332,0.8425192161157529,0.823031290685285,0.125,0.9973711661775206,0.0,0.0,0.0,1294.95931004642,476.3153645506396,1216.0,haco_safemarl_mappo,generalization,21543595,8
0.0,0.75,300.0,0.45958333333333334,0.6853353620399393,0.40556965729777017,0.75,0.7881148124356138,0.0,20.0,0.0,6828.0000000000455,4764.820520404599,0.0,fixed_auv_ga_pso_tlbo_proxy,generalization,21553602,8
0.0,0.875,300.0,0.6604166666666667,0.5929847639476972,0.2579769908442089,0.75,0.4662013251060122,0.0,15.0,0.0,9543.000000000024,6395.299999999985,0.0,independent_greedy,generalization,21553602,8
0.0,0.625,300.0,0.5395833333333333,0.749136923823998,0.615603427071175,0.875,0.7840875231364862,0.0,0.0,0.0,9144.361082905307,4709.104531235373,0.0,communication_aware,generalization,21553602,8
0.0,0.75,300.0,0.2375,0.7655437576795898,0.36920077211259883,0.375,0.8831748194884749,0.0,0.0,0.0,10123.074243253257,3004.0950845371417,866.0,haco_safemarl_pilot_no_acoustic,generalization,21553602,8
0.0,0.75,300.0,0.31416666666666665,0.7355322344780073,0.42176214525077393,0.475,0.8184374350299728,0.0,0.0,0.0,10019.481659166991,2870.7639283991166,0.0,haco_safemarl_pilot_no_shield,generalization,21553602,8
0.0,0.625,300.0,0.25375,0.8143213099058386,0.6252755011568721,0.4041666666666667,0.8704243903497194,0.0,0.0,0.0,9932.898672795132,3251.67754345689,884.0,haco_safemarl_pilot,generalization,21553602,8
0.0,0.125,300.0,0.03958333333333333,0.8380536629445378,0.8135381678532935,0.25,0.9962155985497549,0.0,0.0,0.0,1730.5795581209354,541.5134913479385,1095.0,haco_safemarl_mappo,generalization,21553602,8
0.0,1.0,291.0,0.42053264604810997,0.6418563831467338,0.3581462651142039,0.625,0.7216598563894064,0.0,232.0,0.041237113402061855,6623.1600000000435,4329.509062621904,0.0,fixed_auv_ga_pso_tlbo_proxy,generalization,21563609,8
0.0,1.0,223.0,0.44114349775784756,0.627349413411297,0.28568923815573105,0.625,0.7185842716515038,0.02242152466367713,178.0,0.11210762331838565,7093.630000000032,3891.900000000004,0.0,independent_greedy,generalization,21563609,8
0.0,0.5,300.0,0.44958333333333333,0.7478502180973383,0.5735373945490339,0.625,0.6864294705130287,0.0,309.0,0.05,9141.482102965583,4638.02975113851,0.0,communication_aware,generalization,21563609,8
0.0,0.75,300.0,0.38958333333333334,0.7313655746338406,0.5088208959065706,0.625,0.7888328996048916,0.0,29.0,0.056666666666666664,9748.608346396799,3084.316958987958,1316.0,haco_safemarl_pilot_no_acoustic,generalization,21563609,8
0.0,0.625,300.0,0.4725,0.6568930184097168,0.4131526664992151,0.625,0.6580452219139737,0.0,332.0,0.05333333333333334,10003.9196404308,3155.2636889412342,0.0,haco_safemarl_pilot_no_shield,generalization,21563609,8
0.0,0.375,300.0,0.3975,0.7832096636723509,0.660140902642711,0.625,0.7846757293647056,0.0,29.0,0.06333333333333334,8323.474353673952,3653.3963557897728,1389.0,haco_safemarl_pilot,generalization,21563609,8
0.0,0.0,300.0,0.0425,0.838399474677137,0.8030788283054034,0.125,0.991255008062254,0.0,50.0,0.10666666666666667,1430.8841777417606,1549.9330484840577,1429.0,haco_safemarl_mappo,generalization,21563609,8
0.0,0.875,300.0,0.7366666666666667,0.42007607738288466,0.21078875078532533,1.0,0.6840576532074361,0.0,248.0,0.043333333333333335,6828.0000000000455,4022.949296444647,0.0,fixed_auv_ga_pso_tlbo_proxy,generalization,21573616,8
0.0,1.0,278.0,0.8008093525179856,0.3261749958071066,0.13530470639379363,1.0,0.7106557256332661,0.0,188.0,0.06115107913669065,8843.180000000035,5195.100000000019,0.0,independent_greedy,generalization,21573616,8
0.0,0.125,300.0,0.77,0.6187750770128102,0.43583187260571815,1.0,0.6828988416164768,0.0,553.0,0.0,8366.892687318283,3045.2876965828527,0.0,communication_aware,generalization,21573616,8
0.0,0.375,300.0,0.7054166666666667,0.5808050402649684,0.40468167743686495,1.0,0.8089113940899229,0.0,13.0,0.023333333333333334,6305.74625583932,2381.132192251904,2273.0,haco_safemarl_pilot_no_acoustic,generalization,21573616,8
0.0,0.5,300.0,0.8029166666666666,0.469785504653453,0.33460225973296576,1.0,0.7020843268672092,0.0,433.0,0.05333333333333334,9848.52177449035,3018.0212914685308,0.0,haco_safemarl_pilot_no_shield,generalization,21573616,8
0.0,0.0,300.0,0.695,0.6990640325759081,0.6277924294230456,1.0,0.8130568840085111,0.0,13.0,0.03333333333333333,4945.557509562589,1978.5242274790453,2263.0,haco_safemarl_pilot,generalization,21573616,8
0.0,0.0,300.0,0.10291666666666667,0.8237697203502843,0.7619888452409668,0.25,0.9516870989130062,0.0,21.0,0.0,1029.4427056932689,1196.7001273616347,1784.0,haco_safemarl_mappo,generalization,21573616,8
0.0,0.875,300.0,0.5079166666666667,0.6131730032562855,0.26964215573248,0.7791666666666667,0.7060479445353436,0.08666666666666667,604.0,0.17,6828.0000000000455,4919.412353848197,0.0,fixed_auv_ga_pso_tlbo_proxy,generalization,21583623,8
0.0,1.0,256.0,0.5693359375,0.5709757146303663,0.224868690231567,0.75,0.5873216722949679,0.0,516.0,0.078125,8143.360000000045,5368.500000000009,0.0,independent_greedy,generalization,21583623,8
0.0,0.5,300.0,0.5733333333333334,0.7106424660663788,0.5306599604980673,0.875,0.7071060183856903,0.0,790.0,0.16,9010.474684780791,4726.925318975397,0.0,communication_aware,generalization,21583623,8
0.0,0.625,300.0,0.27958333333333335,0.7533956032917458,0.4242391429169559,0.4875,0.8361137215205992,0.0,55.0,0.16666666666666666,9464.852845044892,3330.784533669816,1202.0,haco_safemarl_pilot_no_acoustic,generalization,21583623,8
0.0,0.625,300.0,0.41791666666666666,0.6790266925758875,0.3232507047485621,0.5708333333333333,0.7104510374721732,0.0,199.0,0.05,9915.266338379131,2852.6987427212734,0.0,haco_safemarl_pilot_no_shield,generalization,21583623,8
0.0,0.5,300.0,0.26708333333333334,0.8220676246034787,0.6805006727118568,0.5,0.8612334298802014,0.0,54.0,0.16666666666666666,9747.391461896052,3871.156101031677,1200.0,haco_safemarl_pilot,generalization,21583623,8
0.0,0.125,300.0,0.31833333333333336,0.793665871107217,0.6131202667471755,0.5,0.805129735405528,0.0,36.0,0.023333333333333334,1760.1118479240624,1539.1250823093915,1659.0,haco_safemarl_mappo,generalization,21583623,8
0.0,0.75,300.0,0.5341666666666667,0.5658776580134977,0.2532042655218034,0.875,0.7761420537657889,0.0,337.0,0.0,6828.0000000000455,3650.6034253010553,0.0,fixed_auv_ga_pso_tlbo_proxy,generalization,21593630,8
0.0,1.0,284.0,0.6122359154929577,0.4850486647456869,0.09398475688107542,0.875,0.6528725479857187,0.0,368.0,0.0,9034.040000000034,4835.499999999992,0.0,independent_greedy,generalization,21593630,8
0.0,0.375,300.0,0.5908333333333333,0.6696492601769061,0.43660167048194665,0.875,0.7225002696740063,0.0,291.0,0.0,8789.434710360945,3444.3908942911185,0.0,communication_aware,generalization,21593630,8
0.0,0.375,300.0,0.44,0.6771556133707494,0.3501776765054599,0.7541666666666667,0.8023652490013554,0.0,0.0,0.0,10363.14167067626,3705.7285162405715,1550.0,haco_safemarl_pilot_no_acoustic,generalization,21593630,8
0.0,0.5,300.0,0.5679166666666666,0.6019449618999282,0.3615591829067403,0.875,0.6859025548522716,0.0,179.0,0.0,10121.487818809788,3089.9489467425265,0.0,haco_safemarl_pilot_no_shield,generalization,21593630,8
0.0,0.25,300.0,0.53375,0.7409977392517596,0.5911226912828209,0.875,0.7719439388803352,0.0,0.0,0.0,9854.981830861918,3730.426080975421,1724.0,haco_safemarl_pilot,generalization,21593630,8
0.0,0.0,300.0,0.03333333333333333,0.8579768778177207,0.8189517532266951,0.125,0.9917452830024217,0.0,0.0,0.0,3710.701799312835,2516.0724579016596,1339.0,haco_safemarl_mappo,generalization,21593630,8
0.0,0.875,300.0,0.54875,0.6286786782156274,0.3932618934015809,0.875,0.7854069234375509,0.0,82.0,0.0,6828.0000000000455,4673.422640888761,0.0,fixed_auv_ga_pso_tlbo_proxy,generalization,21603637,8
0.0,1.0,271.0,0.6619003690036901,0.5647513101586553,0.19642946358452687,0.875,0.5788105538483573,0.0,63.0,0.0,8620.510000000038,5543.500000000006,0.0,independent_greedy,generalization,21603637,8
0.0,0.5,300.0,0.58875,0.7265748554948811,0.6052679011036761,0.875,0.7390325056696013,0.0,19.0,0.0,8886.822681020782,4197.135656843613,0.0,communication_aware,generalization,21603637,8
0.0,0.625,300.0,0.3804166666666667,0.7433027212105915,0.4235353295878774,0.625,0.8103770915465789,0.0,11.0,0.0,10189.228645943393,3221.3037163185445,1233.0,haco_safemarl_pilot_no_acoustic,generalization,21603637,8
0.0,0.75,300.0,0.44208333333333333,0.6848672849334098,0.3937087579493244,0.75,0.7780829586378271,0.0,138.0,0.0,10053.07649670236,2889.524851396378,0.0,haco_safemarl_pilot_no_shield,generalization,21603637,8
0.0,0.375,300.0,0.38458333333333333,0.7803515707633472,0.6544900065482817,0.625,0.8108929181821298,0.0,11.0,0.0,9720.859793447487,3483.196569644854,1243.0,haco_safemarl_pilot,generalization,21603637,8
0.0,0.125,300.0,0.13291666666666666,0.8406829578649871,0.7660476934853531,0.25,0.9348110933057777,0.0,10.0,0.0,999.325497897271,933.9493826735336,983.0,haco_safemarl_mappo,generalization,21603637,8
0.0,1.0,268.0,0.5979477611940298,0.5438381999237432,0.22438180925741852,0.875,0.6366387464308134,0.0,162.0,0.0,6099.6800000000385,3661.596039694306,0.0,fixed_auv_ga_pso_tlbo_proxy,generalization,21613644,8
0.0,1.0,205.0,0.6060975609756097,0.5368929164267809,0.1993290420122259,0.875,0.6268415486638362,0.0,124.0,0.0,6521.050000000025,3308.700000000001,0.0,independent_greedy,generalization,21613644,8
0.0,0.375,300.0,0.6629166666666667,0.6595090698650987,0.47382246065785616,0.875,0.5673024914784641,0.0,297.0,0.0,8661.969755852277,3903.854801444235,0.0,communication_aware,generalization,21613644,8
0.0,0.5,300.0,0.4766666666666667,0.6634681640160869,0.32808687388820046,0.75,0.7134814385699882,0.0,0.0,0.0,9728.38519032528,3511.192509474596,1487.0,haco_safemarl_pilot_no_acoustic,generalization,21613644,8
0.0,0.5,300.0,0.5845833333333333,0.5765880607267059,0.2709046277819995,0.75,0.563131959743408,0.0,200.0,0.01,9752.684163110747,3288.067159840673,0.0,haco_safemarl_pilot_no_shield,generalization,21613644,8
0.0,0.25,300.0,0.4895833333333333,0.7482556923348863,0.6095606742002643,0.75,0.7073108307046513,0.0,0.0,0.0,9470.537105104231,3825.6184510801577,1510.0,haco_safemarl_pilot,generalization,21613644,8
0.0,0.125,300.0,0.1575,0.8290946800322835,0.7720910941604666,0.25,0.926865208745911,0.0,0.0,0.10333333333333333,1318.4764494765277,882.0656911603337,1601.0,haco_safemarl_mappo,generalization,21613644,8
0.0,0.75,300.0,0.5366666666666666,0.6416848282514641,0.3636422862595208,0.875,0.6842137880016583,0.0,136.0,0.0,6828.0000000000455,4741.683170029459,0.0,fixed_auv_ga_pso_tlbo_proxy,generalization,21623651,8
0.0,1.0,251.0,0.546812749003984,0.6097795401821726,0.12288860628208194,0.875,0.7197364761113335,0.0,104.0,0.0,7984.310000000043,4894.699999999998,0.0,independent_greedy,generalization,21623651,8
0.0,0.5,300.0,0.6079166666666667,0.7047090847853137,0.497104420175803,0.875,0.6433648083466276,0.0,253.0,0.0,8816.491999256397,3871.322442689105,0.0,communication_aware,generalization,21623651,8
0.0,0.75,300.0,0.20958333333333334,0.7735432629388803,0.35727157002852944,0.37083333333333335,0.9042112832699022,0.0,2.0,0.0,6880.188053397109,2215.9730444957754,1320.0,haco_safemarl_pilot_no_acoustic,generalization,21623651,8
0.0,0.625,300.0,0.3958333333333333,0.720885977457761,0.3951728775300939,0.5958333333333333,0.8485760872766571,0.0,315.0,0.0,10087.14793682019,2989.231957302478,0.0,haco_safemarl_pilot_no_shield,generalization,21623651,8
0.0,0.375,300.0,0.38333333333333336,0.7674173987902975,0.5855390482218391,0.625,0.7824243151392468,0.0,1.0,0.0,8716.694276342896,3497.644164249727,1553.0,haco_safemarl_pilot,generalization,21623651,8
0.0,0.0,300.0,0.1375,0.8117766859412884,0.6185912552354075,0.25,0.8744950871865002,0.0,1.0,0.0,2001.2847834882923,519.5760311112392,1342.0,haco_safemarl_mappo,generalization,21623651,8
0.0,0.75,300.0,0.6379166666666667,0.5662417621995718,0.37067904501927407,0.875,0.8085997395121017,0.0,53.0,0.09333333333333334,6828.0000000000455,4008.9048420422073,0.0,fixed_auv_ga_pso_tlbo_proxy,generalization,21633658,8
0.0,1.0,283.0,0.6930212014134276,0.4574101372490651,0.2301026562282238,0.875,0.45419283857112885,0.0,39.0,0.08833922261484099,9002.230000000032,5132.700000000001,0.0,independent_greedy,generalization,21633658,8
0.0,0.375,300.0,0.7333333333333333,0.6841925555972825,0.5566769938889192,1.0,0.7765105555578782,0.0,0.0,0.08333333333333333,8652.862195611757,3520.292344892939,0.0,communication_aware,generalization,21633658,8
0.0,0.5,300.0,0.46291666666666664,0.6736226235353617,0.3675867342378843,0.75,0.8168318826994516,0.03,0.0,0.08,10136.257618064892,2892.283418631998,1654.0,haco_safemarl_pilot_no_acoustic,generalization,21633658,8
0.0,0.5,300.0,0.6054166666666667,0.607489357346765,0.36403136564586824,0.875,0.7034590572870102,0.02666666666666667,52.0,0.11666666666666667,10105.346451324818,3046.804056889947,0.0,haco_safemarl_pilot_no_shield,generalization,21633658,8
0.0,0.25,300.0,0.4666666666666667,0.740338834343672,0.5992104141531894,0.75,0.8209996311545454,0.0,0.0,0.09333333333333334,9562.835768605199,3361.5337619570687,1703.0,haco_safemarl_pilot,generalization,21633658,8
0.0,0.0,300.0,0.11625,0.826914281738628,0.7802811104387922,0.375,0.969877499787147,0.0,0.0,0.0,1128.6182669094112,550.6618333345843,1380.0,haco_safemarl_mappo,generalization,21633658,8
0.0,0.875,300.0,0.66125,0.5153514262636114,0.21401212947473852,1.0,0.7535055038488547,0.0,229.0,0.0,6828.0000000000455,4087.849614634465,0.0,fixed_auv_ga_pso_tlbo_proxy,generalization,21643665,8
0.0,1.0,255.0,0.6990196078431372,0.47291900103269013,0.1363469482917444,1.0,0.7365735095503616,0.0,202.0,0.0,8111.550000000045,4579.700000000009,0.0,independent_greedy,generalization,21643665,8
0.0,0.375,300.0,0.71125,0.6514059274154697,0.40242811778005916,1.0,0.7544536816035441,0.0,465.0,0.0,8526.29091060508,3101.2246947272165,0.0,communication_aware,generalization,21643665,8
0.0,0.75,300.0,0.535,0.6625070349088753,0.4556820991198363,0.7625,0.7761359217057444,0.0,0.0,0.0,10231.309148890414,3287.097597566414,1598.0,haco_safemarl_pilot_no_acoustic,generalization,21643665,8
0.0,0.5,300.0,0.6095833333333334,0.5840335813384171,0.2960748575628525,0.8541666666666666,0.6288059140950659,0.0,516.0,0.0,9957.13889770252,2965.5561229213995,0.0,haco_safemarl_pilot_no_shield,generalization,21643665,8
0.0,0.25,300.0,0.55875,0.7272340369905841,0.5596647885524623,0.875,0.7873932103503308,0.0,0.0,0.0,9751.575881912642,3670.5855872628085,1679.0,haco_safemarl_pilot,generalization,21643665,8
0.0,0.0,300.0,0.08625,0.8338235225772087,0.741885036337136,0.17083333333333334,0.947692039072825,0.0,0.0,0.0,1623.313499648785,652.2962895259723,1290.0,haco_safemarl_mappo,generalization,21643665,8
0.0,0.75,300.0,0.46625,0.5956778468581136,0.26031276877796933,0.8291666666666667,0.7195808703299528,0.0,0.0,0.0,6828.0000000000455,3526.5951777712758,0.0,fixed_auv_ga_pso_tlbo_proxy,generalization,21653672,8
1.0,1.0,266.0,0.5352443609022557,0.5326967790220634,0.15606921664866505,0.75,0.6228832231785324,0.0,0.0,0.0,8461.460000000041,4077.7000000000025,0.0,independent_greedy,generalization,21653672,8
0.0,0.25,300.0,0.55375,0.7017845235523733,0.4675670787493192,0.875,0.7076481257164522,0.0,0.0,0.0,8892.878373551586,3699.737807104078,0.0,communication_aware,generalization,21653672,8
0.0,0.375,300.0,0.4820833333333333,0.6339550735977811,0.3222243244708241,0.75,0.7271202058341703,0.0,0.0,0.0,10094.35570474189,3089.3747713121597,1338.0,haco_safemarl_pilot_no_acoustic,generalization,21653672,8
0.0,0.375,300.0,0.5391666666666667,0.5842364167519378,0.31276816893665965,0.7625,0.6432883731583856,0.0,0.0,0.0,10048.845045789123,3305.122261371943,0.0,haco_safemarl_pilot_no_shield,generalization,21653672,8
0.0,0.25,300.0,0.4795833333333333,0.7514415068865911,0.5909819902513844,0.75,0.7371764458731634,0.0,0.0,0.0,9767.349787996825,3529.3513791663177,1359.0,haco_safemarl_pilot,generalization,21653672,8
0.0,0.0,300.0,0.1675,0.830935167748912,0.7743200036938781,0.25,0.9271965617385366,0.0,0.0,0.0,1297.4791596836321,484.99463281654084,1079.0,haco_safemarl_mappo,generalization,21653672,8
