success,task_completion,mission_time,outage_rate,mean_packet,worst_agent_packet,cvar_outage_90,comm_fairness,usv_collision_rate,auv_collision_count,colregs_violation_rate,energy,smoothness,shield_interventions,policy,scenario,seed,num_auvs
0.0,0.6666666666666666,300.0,0.27444444444444444,0.7603332569662649,0.5441325572368343,0.6666666666666669,0.9074713706025652,0.0,0.0,0.0,5560.499999999976,2779.9742184879246,0.0,fixed_auv_ga_pso_tlbo_proxy,survey,21160732,3
1.0,1.0,252.0,0.41005291005291,0.6800608513909857,0.3868328227801483,0.6666666666666667,0.7933917258955009,0.0,0.0,0.0,6195.420000000008,2680.4000000000065,0.0,independent_greedy,survey,21160732,3
0.0,0.3333333333333333,300.0,0.33666666666666667,0.7936452330192432,0.7145776751963601,0.6666666666666669,0.8704473017099795,0.0,0.0,0.0,8219.398876356285,3299.4137205636616,0.0,communication_aware,survey,21160732,3
1.0,1.0,277.0,0.21780986762936216,0.7988268590041083,0.6082393404007875,0.6666666666666669,0.9394776280422727,0.0,0.0,0.0,8683.933059971461,2143.6888070224877,275.0,haco_safemarl_pilot_no_acoustic,survey,21160732,3
1.0,1.0,250.0,0.224,0.7817761217065344,0.5540746604218697,0.6666666666666667,0.9402261710808251,0.0,0.0,0.0,7867.150887278002,1842.1700437105335,0.0,haco_safemarl_pilot_no_shield,survey,21160732,3
0.0,0.6666666666666666,300.0,0.2611111111111111,0.8050073975285097,0.6536884393234946,0.6666666666666669,0.925484114502212,0.0,0.0,0.0,9322.761532613882,2459.3119009491484,334.0,haco_safemarl_pilot,survey,21160732,3
0.0,0.0,300.0,0.0,0.9106893307419864,0.8587064543837446,0.0,0.9999999998888889,0.0,0.0,0.0,532.0249108807511,454.17188668835195,150.0,mappo_acoustic_shield,survey,21160732,3
0.0,0.6666666666666666,300.0,0.07444444444444442,0.9129890944573872,0.8609330671379049,0.3333333333333334,0.9872266017769358,0.0,50.0,0.0,5560.499999999976,3276.28931687406,0.0,fixed_auv_ga_pso_tlbo_proxy,survey,21170739,3
0.0,1.0,232.0,0.26149425287356326,0.8682750968768056,0.7955808381789864,0.6666666666666666,0.9156494553526313,0.0,40.0,0.0,5703.7200000000075,2776.6000000000067,0.0,independent_greedy,survey,21170739,3
0.0,0.6666666666666666,300.0,0.10777777777777779,0.9070793652399465,0.8607560258004954,0.35555555555555557,0.9733157026664698,0.0,45.0,0.0,8432.703150992358,4042.4459097306913,0.0,communication_aware,survey,21170739,3
1.0,1.0,232.0,0.11637931034482758,0.9026631076148194,0.7931159192345336,0.3333333333333333,0.9664696546747024,0.0,0.0,0.0,7148.300782438258,1902.2572093057354,143.0,haco_safemarl_pilot_no_acoustic,survey,21170739,3
0.0,1.0,225.0,0.14814814814814817,0.8778885670648646,0.7202012123894267,0.3333333333333332,0.9429590016463819,0.0,39.0,0.0,6973.896436048468,1845.4609865006125,0.0,haco_safemarl_pilot_no_shield,survey,21170739,3
1.0,1.0,232.0,0.11637931034482758,0.9069709277017474,0.8064316641398735,0.3333333333333333,0.9664696546747024,0.0,0.0,0.0,7170.056357100865,1905.5167221587399,143.0,haco_safemarl_pilot,survey,21170739,3
0.0,0.0,300.0,0.0,0.8985396316058653,0.8914530481812887,0.0,0.9999999998888889,0.0,0.0,0.0,618.4817494682545,550.838570373755,136.0,mappo_acoustic_shield,survey,21170739,3
0.0,1.0,287.0,0.25667828106852497,0.7718439872276197,0.466181647920376,0.5172413793103448,0.8400293680723366,0.0,34.0,0.0,5319.544999999978,3064.7097139828415,0.0,fixed_auv_ga_pso_tlbo_proxy,survey,21180746,3
0.0,1.0,219.0,0.4794520547945205,0.7422053343893742,0.49839977259006385,0.6666666666666665,0.6629935719042399,0.0,26.0,0.0,5384.115000000007,2506.4000000000015,0.0,independent_greedy,survey,21180746,3
0.0,0.6666666666666666,300.0,0.24888888888888885,0.8558918783698658,0.7308455710539941,0.3333333333333334,0.8199408605456846,0.0,115.0,0.0,8312.684187459738,3978.4128325158626,0.0,communication_aware,survey,21180746,3
1.0,1.0,243.0,0.3333333333333333,0.7820991071207335,0.6228018828689275,0.6666666666666667,0.8788426761179395,0.0,0.0,0.0,6677.008964168254,1606.6961027292696,407.0,haco_safemarl_pilot_no_acoustic,survey,21180746,3
0.0,1.0,214.0,0.3551401869158879,0.6760179016012929,0.4910355791012834,0.6666666666666665,0.8673711056470407,0.0,26.0,0.0,6735.785367092315,1570.1090073812657,0.0,haco_safemarl_pilot_no_shield,survey,21180746,3
1.0,1.0,241.0,0.3167358229598894,0.8040372911565528,0.6778800912746848,0.6666666666666667,0.8911041486764809,0.0,0.0,0.0,6756.0736232151385,1676.3599131281806,388.0,haco_safemarl_pilot,survey,21180746,3
0.0,0.0,300.0,0.055555555555555546,0.8984274063086,0.8226197875071829,0.3333333333333334,0.993127147643462,0.0,0.0,0.0,290.99606693355497,123.14387700781936,211.0,mappo_acoustic_shield,survey,21180746,3
1.0,1.0,225.0,0.157037037037037,0.893533737185067,0.8492682623277145,0.6666666666666664,0.9828720441229805,0.0,0.0,0.44,4170.374999999987,1673.3981502384454,0.0,fixed_auv_ga_pso_tlbo_proxy,survey,21190753,3
1.0,1.0,172.0,0.1744186046511628,0.8791326713751365,0.8267274335561056,0.6666666666666665,0.977664285327584,0.0,0.0,0.43023255813953487,4228.620000000005,1385.8000000000013,0.0,independent_greedy,survey,21190753,3
0.0,0.6666666666666666,300.0,0.33555555555555555,0.8233601620344656,0.7577386165939082,0.6666666666666669,0.8869014844029572,0.0,0.0,0.4633333333333333,8216.334395407259,3250.2525136042077,0.0,communication_aware,survey,21190753,3
1.0,1.0,199.0,0.17420435510887777,0.8825484244573039,0.8090987731207269,0.6666666666666665,0.9736252817593966,0.0,0.0,0.47738693467336685,5891.184749554314,1375.6182248159673,332.0,haco_safemarl_pilot_no_acoustic,survey,21190753,3
1.0,1.0,171.0,0.1286549707602339,0.8935516352365585,0.8137694340000127,0.6666666666666665,0.9856743276019686,0.0,0.0,0.3742690058479532,5525.755208285656,1400.3224116915937,0.0,haco_safemarl_pilot_no_shield,survey,21190753,3
1.0,1.0,216.0,0.20061728395061723,0.8775252065635205,0.8045579829376912,0.6666666666666665,0.9669333331707629,0.0,0.0,0.47685185185185186,6360.184269875108,1523.452956132931,375.0,haco_safemarl_pilot,survey,21190753,3
0.0,0.0,300.0,0.0,0.9440253957351225,0.9112212356746958,0.0,0.9999999998888889,0.0,0.0,0.0,513.3011725104973,51.42929999234534,114.0,mappo_acoustic_shield,survey,21190753,3
0.0,0.6666666666666666,300.0,0.5411111111111111,0.6735477374184045,0.47640514905500253,1.0,0.8020473318747887,0.0,0.0,0.0,5560.499999999976,2826.4471725901985,0.0,fixed_auv_ga_pso_tlbo_proxy,survey,21200760,3
1.0,1.0,272.0,0.5931372549019607,0.6236798919129898,0.35800386708269605,1.0,0.7832302987426527,0.0,0.0,0.0,6687.120000000009,3054.8000000000166,0.0,independent_greedy,survey,21200760,3
0.0,0.3333333333333333,300.0,0.5966666666666667,0.7326012617687401,0.6331514983235949,1.0,0.8000692175813389,0.0,0.0,0.0,8008.954577042493,3110.0683102057824,0.0,communication_aware,survey,21200760,3
0.0,0.3333333333333333,300.0,0.39666666666666667,0.7257674186272508,0.5762211612661692,0.6666666666666669,0.9228537354558669,0.0,0.0,0.0,9110.785019405086,3051.4588655356974,445.0,haco_safemarl_pilot_no_acoustic,survey,21200760,3
0.0,0.3333333333333333,300.0,0.5066666666666667,0.6606979667932155,0.551383183731641,1.0,0.965245747099542,0.0,0.0,0.0,9105.433351601192,2897.2462210258605,0.0,haco_safemarl_pilot_no_shield,survey,21200760,3
0.0,0.3333333333333333,300.0,0.3877777777777777,0.7999597804019628,0.7293280394720935,0.6666666666666669,0.9280602806684537,0.0,0.0,0.0,9036.111901452414,3022.102112382362,453.0,haco_safemarl_pilot,survey,21200760,3
0.0,0.0,300.0,0.0,0.8887556778695479,0.8497711098393246,0.0,0.9999999998888889,0.0,0.0,0.0,378.62636733998295,407.11213988986816,195.0,mappo_acoustic_shield,survey,21200760,3
0.0,0.6666666666666666,300.0,0.17888888888888888,0.8787916101024795,0.7614397259364547,0.3333333333333334,0.913302327933004,0.0,33.0,0.0,5560.499999999976,2630.3174565755303,0.0,fixed_auv_ga_pso_tlbo_proxy,survey,21210767,3
0.0,1.0,243.0,0.41975308641975306,0.7675774823480261,0.6510755469315781,0.9733333333333333,0.8362614094521932,0.0,25.0,0.0,5974.155000000008,2336.400000000002,0.0,independent_greedy,survey,21210767,3
0.0,0.6666666666666666,300.0,0.2577777777777778,0.8704430684222667,0.7942234411856203,0.6666666666666669,0.9006220455230552,0.0,29.0,0.0,8350.907868629427,3185.9564251591473,0.0,communication_aware,survey,21210767,3
0.0,1.0,236.0,0.1172316384180791,0.8903752360880105,0.797271449233524,0.3333333333333333,0.9659300251140611,0.0,12.0,0.0,7571.760477626881,1846.6535860822942,139.0,haco_safemarl_pilot_no_acoustic,survey,21210767,3
0.0,1.0,236.0,0.1864406779661017,0.8522474285234286,0.6685981793015539,0.3333333333333333,0.904948939375485,0.0,25.0,0.0,7466.523781456269,1725.9403687555716,0.0,haco_safemarl_pilot_no_shield,survey,21210767,3
0.0,1.0,236.0,0.1016949152542373,0.8960857779624185,0.8150123659966519,0.3333333333333333,0.9750086774116238,0.0,12.0,0.0,7579.0267828011965,1844.7871498189618,130.0,haco_safemarl_pilot,survey,21210767,3
0.0,0.0,300.0,0.0,0.9519268517162489,0.9387559288005372,0.0,0.9999999998888889,0.0,14.0,0.0,753.4161940202092,17.087749358286157,23.0,mappo_acoustic_shield,survey,21210767,3
0.0,0.3333333333333333,300.0,0.2122222222222222,0.837698019160584,0.6962867243124976,0.6666666666666669,0.958884851094834,0.0,38.0,0.0,5560.499999999976,2258.9662782748187,0.0,fixed_auv_ga_pso_tlbo_proxy,survey,21220774,3
0.0,0.6666666666666666,300.0,0.6077777777777778,0.5542545689401748,0.3790703025109878,0.8666666666666667,0.7448993617579733,0.0,51.0,0.0,7375.50000000001,2503.0000000000073,0.0,independent_greedy,survey,21220774,3
0.0,0.3333333333333333,300.0,0.27888888888888885,0.8579432144770963,0.7697643522037894,0.6666666666666669,0.9270714338903308,0.0,34.0,0.0,8275.427068014715,2756.140239010431,0.0,communication_aware,survey,21220774,3
0.0,0.6666666666666666,300.0,0.3055555555555555,0.7999667441385443,0.6904193654114323,0.6666666666666669,0.909752547116442,0.0,0.0,0.0,9384.867797421253,2919.5495361168214,350.0,haco_safemarl_pilot_no_acoustic,survey,21220774,3
0.0,0.3333333333333333,300.0,0.3433333333333333,0.7547429654870312,0.6370242289448053,0.6666666666666669,0.8790061378272279,0.0,29.0,0.0,9380.433845815749,2812.4851884006775,0.0,haco_safemarl_pilot_no_shield,survey,21220774,3
0.0,0.3333333333333333,300.0,0.2944444444444444,0.8520979014052412,0.79044551149888,0.6666666666666669,0.9196412889625536,0.0,0.0,0.0,9315.711014941211,3006.4690448626643,355.0,haco_safemarl_pilot,survey,21220774,3
0.0,0.0,300.0,0.0,0.9213862417543608,0.906691346659508,0.0,0.9999999998888889,0.0,0.0,0.0,884.8031902684327,564.7433982435339,183.0,mappo_acoustic_shield,survey,21220774,3
0.0,0.6666666666666666,300.0,0.5399999999999999,0.5971379827951528,0.5656344715396261,1.0,0.9907054167004027,0.0,36.0,0.0,5560.499999999976,2553.3414613868476,0.0,fixed_auv_ga_pso_tlbo_proxy,survey,21230781,3
0.0,1.0,264.0,0.683080808080808,0.4918681926954649,0.3674055624378201,1.0,0.9031236103879914,0.0,27.0,0.0,6490.440000000009,2693.600000000007,0.0,independent_greedy,survey,21230781,3
0.0,0.0,300.0,0.5988888888888888,0.7158899839354307,0.6984965874137636,1.0,0.9948547647655487,0.0,0.0,0.0,7987.658322504415,2850.446481530636,0.0,communication_aware,survey,21230781,3
0.0,0.6666666666666666,300.0,0.56,0.6344875972661791,0.5532631262008582,1.0,0.9823717340824816,0.0,0.0,0.016666666666666666,9193.11618917449,2559.2161294843077,624.0,haco_safemarl_pilot_no_acoustic,survey,21230781,3
0.0,0.6666666666666666,300.0,0.5888888888888889,0.5700423582826397,0.48045969989525816,1.0,0.9508132955121251,0.0,0.0,0.04,9322.737545874075,2295.8459915675758,0.0,haco_safemarl_pilot_no_shield,survey,21230781,3
0.0,0.0,300.0,0.5922222222222222,0.7374076484965496,0.7187660887829915,1.0,0.9990950286703714,0.0,0.0,0.0,8966.318411941471,3064.853397392998,611.0,haco_safemarl_pilot,survey,21230781,3
0.0,0.0,300.0,0.0,0.8927590355143603,0.8739795281506125,0.0,0.9999999998888889,0.0,0.0,0.0,412.6883357930764,352.6801773459511,184.0,mappo_acoustic_shield,survey,21230781,3
0.0,1.0,221.0,0.5460030165912518,0.60482936926531,0.3298083439141304,1.0,0.8647196369149722,0.0,18.0,0.4751131221719457,4096.234999999988,1763.177382688325,0.0,fixed_auv_ga_pso_tlbo_proxy,survey,21240788,3
0.0,1.0,169.0,0.4654832347140039,0.6106059572396428,0.13931584410105752,1.0,0.7233499786202997,0.0,13.0,0.10650887573964497,4154.865000000005,1317.0000000000011,0.0,independent_greedy,survey,21240788,3
0.0,0.0,300.0,0.7555555555555556,0.5877761065553758,0.4325695895369779,1.0,0.905045063737349,0.0,0.0,0.51,7827.024897728131,2935.1774919523905,0.0,communication_aware,survey,21240788,3
0.0,0.6666666666666666,300.0,0.6366666666666667,0.5121760984265784,0.3065049395573798,1.0,0.8717014349543631,0.0,0.0,0.21333333333333335,9046.666573797494,2474.052355610054,737.0,haco_safemarl_pilot_no_acoustic,survey,21240788,3
0.0,0.3333333333333333,300.0,0.7988888888888889,0.44711154397535974,0.29278402397777864,1.0,0.8691073065865588,0.0,0.0,0.44,8953.034649865545,2862.5341117405005,0.0,haco_safemarl_pilot_no_shield,survey,21240788,3
0.0,0.0,300.0,0.7177777777777777,0.6896069989246467,0.5422277949520893,1.0,0.8468000200003676,0.0,0.0,0.3233333333333333,8760.984621048341,3051.807792232174,812.0,haco_safemarl_pilot,survey,21240788,3
0.0,0.0,300.0,0.1611111111111111,0.851419751372566,0.795822129847209,0.3333333333333334,0.9312992687435087,0.0,0.0,0.3333333333333333,476.746624637793,78.55956157541605,543.0,mappo_acoustic_shield,survey,21240788,3
1.0,1.0,289.0,0.0,0.9250968820602784,0.9088168666595668,0.0,0.9999999998888889,0.0,0.0,0.01384083044982699,5356.614999999978,2676.95579361475,0.0,fixed_auv_ga_pso_tlbo_proxy,survey,21250795,3
1.0,1.0,221.0,0.21266968325791855,0.8439085511749423,0.7939727200230102,0.6666666666666664,0.9647978583872531,0.0,0.0,0.0,5433.285000000007,2192.7999999999984,0.0,independent_greedy,survey,21250795,3
1.0,1.0,250.0,0.0,0.9249799768868067,0.9085434859072845,0.0,0.9999999998888889,0.0,0.0,0.008,7093.75,3027.4615514147404,0.0,communication_aware,survey,21250795,3
1.0,1.0,214.0,0.0,0.9166445811962951,0.9079841586760729,0.0,0.9999999998888889,0.0,0.0,0.0,6704.687499999995,1566.20354331603,5.0,haco_safemarl_pilot_no_acoustic,survey,21250795,3
1.0,1.0,214.0,0.0,0.9163303234211974,0.9074769085506158,0.0,0.9999999998888889,0.0,0.0,0.0,6702.294929927339,1710.5390619082343,0.0,haco_safemarl_pilot_no_shield,survey,21250795,3
1.0,1.0,214.0,0.0,0.9165865367245312,0.9077636390289755,0.0,0.9999999998888889,0.0,0.0,0.0,6704.670053897185,1662.2056475975583,5.0,haco_safemarl_pilot,survey,21250795,3
0.0,0.0,300.0,0.0,0.8892742549208099,0.8656409201046915,0.0,0.9999999998888889,0.0,0.0,0.0,532.0522480206447,61.355337753118455,156.0,mappo_acoustic_shield,survey,21250795,3
0.0,1.0,272.0,0.5208333333333333,0.5841208040030668,0.28254259779366164,0.6666666666666669,0.6201892844994905,0.0,52.0,0.0,5041.51999999998,2817.498742880617,0.0,fixed_auv_ga_pso_tlbo_proxy,survey,21260802,3
0.0,1.0,208.0,0.626602564102564,0.500721729335572,0.2584231092192712,0.6666666666666665,0.4142080003515737,0.0,40.0,0.0,5113.680000000007,2409.000000000001,0.0,independent_greedy,survey,21260802,3
0.0,0.6666666666666666,300.0,0.5544444444444444,0.6701706413234352,0.5123600978156057,0.6666666666666669,0.56078439560697,0.0,61.0,0.0,8045.514722470499,3511.0837229204926,0.0,communication_aware,survey,21260802,3
1.0,1.0,248.0,0.5040322580645161,0.66244879585352,0.4090145306939705,0.6666666666666667,0.9308053563486649,0.0,0.0,0.05241935483870968,7860.3286160709995,1905.627666710053,460.0,haco_safemarl_pilot_no_acoustic,survey,21260802,3
0.0,1.0,220.0,0.5803030303030304,0.5695418760659652,0.34418032478032146,0.7727272727272727,0.8716926253116808,0.0,42.0,0.0,6880.536000462412,1673.8600626787907,0.0,haco_safemarl_pilot_no_shield,survey,21260802,3
0.0,0.3333333333333333,300.0,0.5255555555555557,0.7492641782095856,0.6539093854907427,0.6666666666666669,0.6183683503564357,0.0,0.0,0.0,8825.38836427114,3185.609512886135,556.0,haco_safemarl_pilot,survey,21260802,3
0.0,0.0,300.0,0.17444444444444446,0.850544509835051,0.7719678006163929,0.3333333333333334,0.9180207100349351,0.0,0.0,0.0,398.58141051262135,134.94295956408683,356.0,mappo_acoustic_shield,survey,21260802,3
0.0,0.3333333333333333,300.0,0.13,0.8965713248030439,0.8447528294606959,0.7333333333333333,0.9897615713629466,0.0,98.0,0.06,5560.499999999976,2838.928555079949,0.0,fixed_auv_ga_pso_tlbo_proxy,survey,21270809,3
0.0,0.6666666666666666,300.0,0.5577777777777777,0.5937167418384264,0.29064588804401376,1.0,0.7902261862017202,0.006666666666666667,75.0,0.49333333333333335,7375.50000000001,3056.0000000000136,0.0,independent_greedy,survey,21270809,3
0.0,0.3333333333333333,300.0,0.25,0.8694007238091599,0.8245758732172748,1.0,0.9947210194468098,0.0,85.0,0.09333333333333334,8330.719953277094,3365.8742835790677,0.0,communication_aware,survey,21270809,3
0.0,0.3333333333333333,300.0,0.09888888888888889,0.8829401595075493,0.8611965317571671,0.6333333333333334,0.9912617421818916,0.11666666666666667,0.0,0.39666666666666667,7794.813196031873,2457.9920671476093,387.0,haco_safemarl_pilot_no_acoustic,survey,21270809,3
0.0,0.3333333333333333,300.0,0.3688888888888889,0.8232306071948364,0.8039176340707019,1.0,0.9545823048935352,0.14333333333333334,73.0,0.29,9387.98783419669,2828.408904746408,0.0,haco_safemarl_pilot_no_shield,survey,21270809,3
0.0,0.3333333333333333,300.0,0.07666666666666667,0.886016828911373,0.8593361387820179,0.6333333333333334,0.9962002032766277,0.11333333333333333,0.0,0.4,7794.1615161432255,2509.6159930798303,382.0,haco_safemarl_pilot,survey,21270809,3
0.0,0.0,300.0,0.0,0.9086863103976273,0.8408159832180223,0.0,0.9999999998888889,0.0,0.0,0.29333333333333333,908.2945604785303,195.81586188095505,203.0,mappo_acoustic_shield,survey,21270809,3
0.0,1.0,258.0,0.4315245478036175,0.6512481136408363,0.3334209998709875,0.6666666666666667,0.7528562649225244,0.0,34.0,0.003875968992248062,4782.0299999999825,2181.246360016514,0.0,fixed_auv_ga_pso_tlbo_proxy,survey,21280816,3
0.0,1.0,197.0,0.42470389170896783,0.6385365006072627,0.20173219184937471,0.6666666666666665,0.700937412672641,0.0,26.0,0.4517766497461929,4843.245000000006,1717.4000000000005,0.0,independent_greedy,survey,21280816,3
0.0,0.3333333333333333,300.0,0.5022222222222222,0.6996395493356704,0.49034220875068835,0.6666666666666669,0.6539464078991527,0.0,0.0,0.0,8063.613383947424,3285.0111937223783,0.0,communication_aware,survey,21280816,3
0.0,0.6666666666666666,300.0,0.4644444444444444,0.6067414952837356,0.29797267688184503,0.6666666666666669,0.6916257328979597,0.0,0.0,0.06333333333333334,9078.547511542209,3026.584090582117,464.0,haco_safemarl_pilot_no_acoustic,survey,21280816,3
0.0,0.3333333333333333,300.0,0.5377777777777778,0.6010504838225503,0.3459666197147136,0.6666666666666669,0.5904574733419957,0.0,0.0,0.0,9000.193028068612,3027.965802833634,0.0,haco_safemarl_pilot_no_shield,survey,21280816,3
0.0,0.3333333333333333,300.0,0.4777777777777777,0.7704134561629424,0.6111714345949388,0.6666666666666669,0.6888057372560259,0.0,0.0,0.0,8916.981255401282,3078.4239797692508,487.0,haco_safemarl_pilot,survey,21280816,3
0.0,0.0,300.0,0.0,0.9222509695529718,0.8458540615989678,0.0,0.9999999998888889,0.0,0.0,0.0,268.46466824111104,14.113188649529913,55.0,mappo_acoustic_shield,survey,21280816,3
1.0,1.0,272.0,0.22671568627450983,0.8300519604604754,0.6803115358447203,0.619047619047619,0.8979178081929345,0.0,0.0,0.0,5041.51999999998,2925.519842848585,0.0,fixed_auv_ga_pso_tlbo_proxy,survey,21290823,3
1.0,1.0,208.0,0.3141025641025641,0.7419682835072826,0.37584947735184016,0.33333333333333326,0.704510491544828,0.0,0.0,0.0,5113.680000000007,2398.6,0.0,independent_greedy,survey,21290823,3
1.0,1.0,236.0,0.3559322033898305,0.8371353041728609,0.7447213144015395,0.6666666666666666,0.8657723148708018,0.0,0.0,0.0,6564.065865685364,2751.980142360024,0.0,communication_aware,survey,21290823,3
1.0,1.0,202.0,0.07755775577557755,0.9004253995692414,0.7986611131132149,0.33333333333333326,0.9860586494743276,0.0,0.0,0.0,6364.260708645123,1725.1071216984171,112.0,haco_safemarl_pilot_no_acoustic,survey,21290823,3
1.0,1.0,202.0,0.2557755775577558,0.8488935880641154,0.6454938310537418,0.33333333333333326,0.8089090915009021,0.0,0.0,0.0,6275.487220506062,1709.678331688767,0.0,haco_safemarl_pilot_no_shield,survey,21290823,3
1.0,1.0,202.0,0.0726072607260726,0.901347709573268,0.80169834939091,0.33333333333333326,0.9878892515848132,0.0,0.0,0.0,6367.226944789711,1744.3600313529776,106.0,haco_safemarl_pilot,survey,21290823,3
0.0,0.0,300.0,0.03333333333333334,0.8861644206346483,0.8077488258001747,0.3333333333333334,0.9976275206408509,0.0,0.0,0.0,751.7305066944773,363.25792929651317,350.0,mappo_acoustic_shield,survey,21290823,3
0.0,0.0,300.0,0.28444444444444444,0.7887427366562686,0.6390665834316832,1.0,0.9759642308793108,0.0,137.0,0.0,5560.499999999976,2201.6607774199297,0.0,fixed_auv_ga_pso_tlbo_proxy,survey,21300830,3
0.0,1.0,268.0,0.3880597014925373,0.6827634854683519,0.4302143344485322,1.0,0.9138973833743353,0.0,103.0,0.0,6588.780000000009,2277.0000000000036,0.0,independent_greedy,survey,21300830,3
0.0,0.0,300.0,0.4055555555555555,0.8037982412432697,0.7352199665974498,1.0,0.9825679787423024,0.0,119.0,0.0,8151.024258261795,2958.2696269025682,0.0,communication_aware,survey,21300830,3
0.0,0.0,300.0,0.31555555555555553,0.7789788619280598,0.608918387062717,0.8555555555555555,0.9290418617180238,0.0,67.0,0.0,8710.344731155228,2930.0415414750687,494.0,haco_safemarl_pilot_no_acoustic,survey,21300830,3
0.0,0.3333333333333333,300.0,0.5033333333333333,0.6649659529019561,0.5526325024193968,1.0,0.9831426669201526,0.0,101.0,0.0,9289.79900593535,2908.1043939608335,0.0,haco_safemarl_pilot_no_shield,survey,21300830,3
0.0,0.0,300.0,0.33,0.8361742417099608,0.7675080350727643,0.9777777777777777,0.9399588969855457,0.0,67.0,0.0,9205.947923200783,3213.770811526576,478.0,haco_safemarl_pilot,survey,21300830,3
0.0,0.0,300.0,0.0,0.9240450993430406,0.8914423662895843,0.0,0.9999999998888889,0.0,47.0,0.0,730.777527420533,375.82385593240633,201.0,mappo_acoustic_shield,survey,21300830,3
1.0,1.0,282.0,0.5709219858156028,0.5391554246112128,0.24613410058179777,1.0,0.6931307103098756,0.0,0.0,0.0,5226.869999999979,2302.2792779332044,0.0,fixed_auv_ga_pso_tlbo_proxy,survey,21310837,3
1.0,1.0,216.0,0.5046296296296297,0.5576802387857588,0.08489863258535583,1.0,0.6583794972064039,0.0,0.0,0.0,5310.360000000007,2009.4000000000067,0.0,independent_greedy,survey,21310837,3
0.0,0.0,300.0,0.6866666666666666,0.6328980809362353,0.45751677535762314,1.0,0.7182182718774642,0.0,0.0,0.0,7889.366276134897,2945.3450689634806,0.0,communication_aware,survey,21310837,3
0.0,0.6666666666666666,300.0,0.6244444444444445,0.5350174613677916,0.210759737932784,1.0,0.6852365011116032,0.0,0.0,0.11333333333333333,8956.968351666359,2743.4277405129765,664.0,haco_safemarl_pilot_no_acoustic,survey,21310837,3
0.0,0.3333333333333333,300.0,0.74,0.4843086001807085,0.2818240574963999,1.0,0.6524630006586869,0.0,0.0,0.10333333333333333,9020.305450686728,2889.399667572091,0.0,haco_safemarl_pilot_no_shield,survey,21310837,3
0.0,0.0,300.0,0.6544444444444444,0.7083915439460698,0.5397762336055743,1.0,0.7226667857273288,0.0,0.0,0.0,8859.563560187184,3099.7687448818615,658.0,haco_safemarl_pilot,survey,21310837,3
0.0,0.0,300.0,0.0,0.9088656444535111,0.8523607022348452,0.0,0.9999999998888889,0.0,0.0,0.0,366.1013165857963,187.52911889702975,137.0,mappo_acoustic_shield,survey,21310837,3
0.0,0.3333333333333333,300.0,0.29777777777777775,0.7593256667257207,0.6055913371121256,0.7444444444444444,0.9278788299219244,0.0,39.0,0.043333333333333335,5560.499999999976,2056.713487704588,0.0,fixed_auv_ga_pso_tlbo_proxy,survey,21320844,3
0.0,1.0,252.0,0.4722222222222221,0.658508834386042,0.3532720596617567,0.9615384615384616,0.8169055276659497,0.0,30.0,0.0,6195.420000000008,2040.0000000000025,0.0,independent_greedy,survey,21320844,3
0.0,0.0,300.0,0.4377777777777778,0.7917926071835713,0.7251263990920119,1.0,0.9571081451678828,0.0,0.0,0.04,8129.580945980578,2785.698224584227,0.0,communication_aware,survey,21320844,3
0.0,0.3333333333333333,300.0,0.37777777777777777,0.7206534514044135,0.49472685424305995,1.0,0.9200420118795619,0.0,0.0,0.0,9359.657067164599,2901.099136519679,426.0,haco_safemarl_pilot_no_acoustic,survey,21320844,3
0.0,0.6666666666666666,300.0,0.5088888888888888,0.6536626422538546,0.5831089219243882,1.0,0.964160571265413,0.0,104.0,0.0,9342.801208809293,2576.194357771531,0.0,haco_safemarl_pilot_no_shield,survey,21320844,3
0.0,0.0,300.0,0.43666666666666665,0.7988808211217108,0.7181384443942475,1.0,0.9412094246362797,0.0,0.0,0.0,9175.496464392107,3033.78997454724,473.0,haco_safemarl_pilot,survey,21320844,3
0.0,0.0,300.0,0.0,0.9344882155952806,0.9180332729035956,0.0,0.9999999998888889,0.0,0.0,0.0,989.4756705933455,170.24648446958935,84.0,mappo_acoustic_shield,survey,21320844,3
0.0,1.0,181.0,0.0,0.9255603214141744,0.9064756362840661,0.0,0.9999999998888889,0.0,30.0,0.0,3354.834999999993,1601.1115570914394,0.0,fixed_auv_ga_pso_tlbo_proxy,survey,21330851,3
0.0,1.0,138.0,0.1545893719806763,0.8715040713572467,0.7493717508008676,0.3333333333333333,0.9373182748917281,0.0,23.0,0.0,3392.730000000004,1291.3999999999985,0.0,independent_greedy,survey,21330851,3
0.0,1.0,157.0,0.0,0.925629474555775,0.9070486111200998,0.0,0.9999999998888889,0.0,26.0,0.0,4454.875,1721.945367150475,0.0,communication_aware,survey,21330851,3
1.0,1.0,146.0,0.0958904109589041,0.8999881217493186,0.8485474413414185,0.33333333333333326,0.9779973056625322,0.0,0.0,0.0,3809.2019127273425,905.0215968893345,126.0,haco_safemarl_pilot_no_acoustic,survey,21330851,3
0.0,1.0,134.0,0.1144278606965174,0.8846287569410827,0.812570778685511,0.5952380952380952,0.9850611697858837,0.0,22.0,0.0,4218.1842401495505,893.1383799514468,0.0,haco_safemarl_pilot_no_shield,survey,21330851,3
1.0,1.0,146.0,0.0867579908675799,0.9008697677112845,0.8509944474669365,0.33333333333333326,0.9822700259016129,0.0,0.0,0.0,3811.588160040428,908.168756681432,126.0,haco_safemarl_pilot,survey,21330851,3
0.0,0.0,300.0,0.0,0.8817948748795145,0.8743477666720554,0.0,0.9999999998888889,0.0,0.0,0.0,200.65275056788477,320.2249428454306,114.0,mappo_acoustic_shield,survey,21330851,3
0.0,0.6666666666666666,300.0,0.0,0.949451500354823,0.9248234429137807,0.0,0.9999999998888889,0.0,70.0,0.0,5560.499999999976,3284.7176391742432,0.0,fixed_auv_ga_pso_tlbo_proxy,survey,21340858,3
0.0,1.0,270.0,0.15061728395061727,0.881919139330015,0.8187380183401324,0.6666666666666669,0.9796310322082699,0.0,53.0,0.0,6637.950000000009,3254.60000000001,0.0,independent_greedy,survey,21340858,3
0.0,0.6666666666666666,300.0,0.03222222222222223,0.9407643421691727,0.9032629832216584,0.32222222222222224,0.9977877821796777,0.0,60.0,0.0,8502.640984662123,4156.798145346061,0.0,communication_aware,survey,21340858,3
0.0,0.6666666666666666,300.0,0.0033333333333333335,0.9364205409981984,0.895768061987989,0.03333333333333333,0.999977629274188,0.0,0.0,0.0,9221.25694759976,2861.4723058479303,131.0,haco_safemarl_pilot_no_acoustic,survey,21340858,3
0.0,1.0,263.0,0.18504435994930285,0.9065367982493876,0.8085988320899157,0.3333333333333334,0.9065253758373983,0.0,52.0,0.0,8095.560865132375,2089.4067081884155,0.0,haco_safemarl_pilot_no_shield,survey,21340858,3
0.0,0.6666666666666666,300.0,0.0022222222222222222,0.9362570558521035,0.8952459268666821,0.02222222222222222,0.9999900794011012,0.0,0.0,0.0,9221.205475119892,2870.8599151520743,130.0,haco_safemarl_pilot,survey,21340858,3
0.0,0.0,300.0,0.0,0.9296644049293586,0.8562180900591898,0.0,0.9999999998888889,0.0,0.0,0.0,239.64659058383327,158.39213074105143,75.0,mappo_acoustic_shield,survey,21340858,3
0.0,0.6666666666666666,300.0,0.0,0.9596259352828128,0.9494401164145592,0.0,0.9999999998888889,0.0,7.0,0.0,5560.499999999976,2698.4986470448684,0.0,fixed_auv_ga_pso_tlbo_proxy,survey,21350865,3
0.0,1.0,270.0,0.1753086419753086,0.8664498515935257,0.7909599091419043,0.6666666666666669,0.9746244336014386,0.0,5.0,0.0,6637.950000000009,2608.0000000000055,0.0,independent_greedy,survey,21350865,3
0.0,0.6666666666666666,300.0,0.017777777777777774,0.9516406374237233,0.927596383441858,0.17777777777777773,0.9993452416340041,0.0,6.0,0.0,8509.483720411288,3547.616072715057,0.0,communication_aware,survey,21350865,3
1.0,1.0,267.0,0.0,0.9358360317960064,0.9107227061681432,0.0,0.9999999998888889,0.0,0.0,0.0,8436.532429361572,2131.428328364192,22.0,haco_safemarl_pilot_no_acoustic,survey,21350865,3
0.0,1.0,262.0,0.0012722646310432569,0.9330073235815025,0.9056647522821194,0.012345679012345678,0.9999967543313686,0.0,5.0,0.0,8267.95964161924,2062.3098829917576,0.0,haco_safemarl_pilot_no_shield,survey,21350865,3
1.0,1.0,267.0,0.0,0.935848643920884,0.9107575747167677,0.0,0.9999999998888889,0.0,0.0,0.0,8436.806370460856,2131.543750485174,22.0,haco_safemarl_pilot,survey,21350865,3
0.0,0.0,300.0,0.0,0.9653433306401737,0.9587913313674865,0.0,0.9999999998888889,0.0,0.0,0.0,306.7855977290963,62.41143971165145,0.0,mappo_acoustic_shield,survey,21350865,3
1.0,1.0,182.0,0.25457875457875445,0.8055298180855852,0.641056653369423,0.6666666666666665,0.9119280801212976,0.0,0.0,0.489010989010989,3373.3699999999935,1372.532932898123,0.0,fixed_auv_ga_pso_tlbo_proxy,survey,21360872,3
1.0,1.0,140.0,0.5523809523809522,0.7244965926692419,0.5664045938977741,0.6666666666666666,0.5657574591642839,0.0,0.0,0.20714285714285716,3441.900000000004,1103.2,0.0,independent_greedy,survey,21360872,3
0.0,0.6666666666666666,300.0,0.4622222222222222,0.7662422844497488,0.6591384956207944,0.6666666666666669,0.7242865533030769,0.0,0.0,0.27,8139.160539823105,3558.847514840598,0.0,communication_aware,survey,21360872,3
1.0,1.0,175.0,0.24380952380952386,0.8203752704856588,0.7006823688395383,0.6666666666666665,0.9278922856966938,0.0,0.0,0.30857142857142855,4688.893583498791,1237.7827855356525,285.0,haco_safemarl_pilot_no_acoustic,survey,21360872,3
1.0,1.0,147.0,0.3265306122448979,0.8045819691610846,0.7040571745612649,0.6666666666666665,0.9174389214450279,0.0,0.0,0.3877551020408163,4642.315077584487,1148.6662811332365,0.0,haco_safemarl_pilot_no_shield,survey,21360872,3
1.0,1.0,254.0,0.3530183727034121,0.8085812308376286,0.6988207912171163,0.6666666666666667,0.8593435653961504,0.0,0.0,0.23622047244094488,6901.846810453649,2159.619516831415,462.0,haco_safemarl_pilot,survey,21360872,3
0.0,0.0,300.0,0.0,0.935343972076637,0.9180919623210699,0.0,0.9999999998888889,0.0,0.0,0.21666666666666667,495.38608655512166,14.694987641770084,0.0,mappo_acoustic_shield,survey,21360872,3
1.0,1.0,173.0,0.3063583815028901,0.7881624085338574,0.5505624146580186,0.6666666666666665,0.8288882917942119,0.0,0.0,0.0,3206.554999999995,1545.575595864413,0.0,fixed_auv_ga_pso_tlbo_proxy,survey,21370879,3
1.0,1.0,132.0,0.33080808080808083,0.7168762326300393,0.29593889013373076,0.619047619047619,0.7316704694490608,0.0,0.0,0.0,3245.220000000004,1289.7999999999997,0.0,independent_greedy,survey,21370879,3
1.0,1.0,211.0,0.46919431279620855,0.769265241851893,0.6264490221764613,0.6666666666666665,0.7054324595945553,0.0,0.0,0.0,5720.375179273931,2265.5670129564896,0.0,communication_aware,survey,21370879,3
1.0,1.0,128.0,0.2630208333333333,0.8123101622948322,0.533410933102041,0.3333333333333333,0.7969768435675069,0.0,0.0,0.0,4102.784138911798,889.1026028679458,110.0,haco_safemarl_pilot_no_acoustic,survey,21370879,3
1.0,1.0,128.0,0.2630208333333333,0.7896460891187381,0.46521509505643244,0.3333333333333333,0.7969768435675069,0.0,0.0,0.0,4066.089194695723,874.985830911195,0.0,haco_safemarl_pilot_no_shield,survey,21370879,3
1.0,1.0,128.0,0.23958333333333334,0.8318603530005567,0.6085852995051471,0.3333333333333333,0.8343510253868208,0.0,0.0,0.0,4109.257385257813,907.618609412048,109.0,haco_safemarl_pilot,survey,21370879,3
0.0,0.0,300.0,0.0,0.9123074667834041,0.8973536522839353,0.0,0.9999999998888889,0.0,0.0,0.016666666666666666,255.32797688932948,49.441258525589134,13.0,mappo_acoustic_shield,survey,21370879,3
0.0,1.0,253.0,0.15415019762845847,0.8831871749907286,0.8108841214838266,0.6666666666666667,0.9759472628409852,0.0,44.0,0.0,4689.354999999983,2481.6974882360905,0.0,fixed_auv_ga_pso_tlbo_proxy,survey,21380886,3
0.0,1.0,194.0,0.3556701030927835,0.7538840748339046,0.4439423883258281,0.6666666666666665,0.7624306694821984,0.0,34.0,0.0,4769.490000000006,1852.800000000005,0.0,independent_greedy,survey,21380886,3
0.0,0.6666666666666666,300.0,0.3,0.8432647770130713,0.7759541295480846,0.6666666666666669,0.914621499983141,0.0,119.0,0.0,8274.236843365028,3530.265176176163,0.0,communication_aware,survey,21380886,3
1.0,1.0,211.0,0.07582938388625593,0.8990691922449084,0.8222700760900252,0.33333333333333326,0.9867140668738859,0.0,0.0,0.0,6189.609806979812,1607.5060762217722,179.0,haco_safemarl_pilot_no_acoustic,survey,21380886,3
0.0,1.0,188.0,0.2712765957446808,0.8487997438577075,0.667271470823807,0.4385964912280702,0.8026771584847023,0.0,32.0,0.0,5938.810345578196,1310.4224755153584,0.0,haco_safemarl_pilot_no_shield,survey,21380886,3
1.0,1.0,211.0,0.0631911532385466,0.8997679457035244,0.8241233161167144,0.33333333333333326,0.9909820795771733,0.0,0.0,0.0,6177.245252912789,1571.538630118039,178.0,haco_safemarl_pilot,survey,21380886,3
0.0,0.3333333333333333,300.0,0.0,0.9193045953114503,0.8570099049075478,0.0,0.9999999998888889,0.0,0.0,0.0,1148.9291780189385,327.3918328830868,158.0,mappo_acoustic_shield,survey,21380886,3
0.0,1.0,280.0,0.0,0.9501256629422599,0.945900259105645,0.0,0.9999999998888889,0.0,25.0,0.0,5189.799999999979,1707.3819104827837,0.0,fixed_auv_ga_pso_tlbo_proxy,survey,21390893,3
0.0,1.0,214.0,0.29127725856697817,0.7947915428362802,0.6301567328624589,0.6666666666666665,0.9063705336366982,0.0,19.0,0.0,5261.190000000007,1345.8000000000018,0.0,independent_greedy,survey,21390893,3
0.0,1.0,242.0,0.0,0.9500955162438356,0.9459415361311838,0.0,0.9999999998888889,0.0,22.0,0.0,6866.75,1938.2505531527522,0.0,communication_aware,survey,21390893,3
1.0,1.0,222.0,0.0,0.9368467716202902,0.9102333653935903,0.0,0.9999999998888889,0.0,0.0,0.0,6345.346436713595,1380.3113740897543,76.0,haco_safemarl_pilot_no_acoustic,survey,21390893,3
0.0,1.0,208.0,0.0,0.9347533271097503,0.9063807446463094,0.0,0.9999999998888889,0.0,18.0,0.0,6723.602473091652,1445.9992597228788,0.0,haco_safemarl_pilot_no_shield,survey,21390893,3
1.0,1.0,222.0,0.0,0.9366489939464379,0.9101702482349634,0.0,0.9999999998888889,0.0,0.0,0.0,6328.926109080415,1386.5027487483671,75.0,haco_safemarl_pilot,survey,21390893,3
0.0,0.3333333333333333,300.0,0.0,0.9494069497376839,0.9286964562936488,0.0,0.9999999998888889,0.0,0.0,0.0,2521.0214018085217,770.5426948248573,186.0,mappo_acoustic_shield,survey,21390893,3
0.0,0.6666666666666666,300.0,0.5522222222222222,0.5984501059907458,0.21773846550542325,1.0,0.6390859686002756,0.0,94.0,0.0,5560.499999999976,3053.3922361040336,0.0,fixed_auv_ga_pso_tlbo_proxy,survey,21400900,3
0.0,1.0,258.0,0.5090439276485788,0.5868360670610451,0.05436991721507859,1.0,0.6523723037984671,0.0,72.0,0.0,6342.9300000000085,2937.2000000000116,0.0,independent_greedy,survey,21400900,3
0.0,0.3333333333333333,300.0,0.7277777777777777,0.6252356308164982,0.42152109044539643,1.0,0.7098425980784779,0.0,91.0,0.0,7872.81083015736,2995.7990635748406,0.0,communication_aware,survey,21400900,3
0.0,1.0,267.0,0.32584269662921345,0.6962325970214479,0.19141149751711078,0.3333333333333334,0.6815600150322134,0.0,9.0,0.0,8349.459319901569,2379.7758605782333,388.0,haco_safemarl_pilot_no_acoustic,survey,21400900,3
0.0,1.0,250.0,0.33599999999999997,0.6814099208177796,0.1868560177512535,0.4133333333333333,0.6773178644011505,0.0,106.0,0.0,7849.115684659836,1956.3386106059213,0.0,haco_safemarl_pilot_no_shield,survey,21400900,3
0.0,0.0,300.0,0.4722222222222221,0.7393396779869514,0.5262634675675575,0.6666666666666669,0.666191290100782,0.0,9.0,0.0,8986.29148869095,3351.2772787700865,631.0,haco_safemarl_pilot,survey,21400900,3
0.0,0.0,300.0,0.13666666666666666,0.8644646776908285,0.7898523381249664,0.3333333333333334,0.9522734691946291,0.0,7.0,0.0,831.6825064280338,149.09305736337788,359.0,mappo_acoustic_shield,survey,21400900,3
0.0,1.0,243.0,0.015089163237311387,0.9215532107303162,0.8623718343862238,0.14666666666666667,0.99953079485848,0.0,47.0,0.0,4504.004999999985,2198.9923113118966,0.0,fixed_auv_ga_pso_tlbo_proxy,survey,21410907,3
0.0,1.0,186.0,0.1845878136200717,0.8337868682463467,0.6582883569152568,0.33333333333333326,0.9118798752965569,0.0,36.0,0.0,4572.810000000006,1591.7999999999997,0.0,independent_greedy,survey,21410907,3
0.0,1.0,211.0,0.014218009478672985,0.9215486858249607,0.8621445865480806,0.13636363636363635,0.9995841226157589,0.0,41.0,0.0,5987.125,2187.000954780932,0.0,communication_aware,survey,21410907,3
0.0,1.0,203.0,0.04269293924466338,0.9117505821131717,0.8534582720506453,0.33333333333333326,0.9960379906252598,0.0,4.0,0.0,6312.1714743170705,1651.2476402250784,100.0,haco_safemarl_pilot_no_acoustic,survey,21410907,3
0.0,1.0,181.0,0.047882136279926345,0.9105078121043796,0.8516156674406115,0.33333333333333326,0.9949672610189952,0.0,36.0,0.0,5747.729053568753,1358.6455284177282,0.0,haco_safemarl_pilot_no_shield,survey,21410907,3
0.0,1.0,203.0,0.02791461412151067,0.9129855614051618,0.8580833384355901,0.26984126984126977,0.9983534732563594,0.0,4.0,0.0,6341.191771307476,1675.3269928578727,102.0,haco_safemarl_pilot,survey,21410907,3
0.0,0.0,300.0,0.0,0.911635152569512,0.8376826591674206,0.0,0.9999999998888889,0.0,5.0,0.0,854.1250128161496,225.22446721700766,188.0,mappo_acoustic_shield,survey,21410907,3
0.0,0.6666666666666666,300.0,0.47111111111111104,0.625959583686431,0.4349965064998027,0.6666666666666669,0.7115901608500944,0.0,114.0,0.0,5560.499999999976,2583.266362932504,0.0,fixed_auv_ga_pso_tlbo_proxy,survey,21420914,3
0.0,0.6666666666666666,300.0,0.5011111111111111,0.5242346895779835,0.2636809974642974,0.6666666666666669,0.6534391275243352,0.0,88.0,0.0,7375.50000000001,3522.6000000000245,0.0,independent_greedy,survey,21420914,3
0.0,0.3333333333333333,300.0,0.4955555555555555,0.7523354666624777,0.6328123450737699,0.6666666666666669,0.6722898480680716,0.0,99.0,0.0,8087.591731771887,3281.6410423501893,0.0,communication_aware,survey,21420914,3
0.0,0.0,300.0,0.45777777777777773,0.6691629655204957,0.46274925073920703,0.6666666666666669,0.7281087954165142,0.0,4.0,0.0,3378.1774445522483,1422.6906266890146,981.0,haco_safemarl_pilot_no_acoustic,survey,21420914,3
0.0,0.3333333333333333,300.0,0.51,0.6272574994701433,0.40556435777403044,0.6666666666666669,0.6472279627857465,0.0,144.0,0.0,9037.420820861935,3039.629076552918,0.0,haco_safemarl_pilot_no_shield,survey,21420914,3
0.0,0.0,300.0,0.45,0.7854525562130781,0.6663887667741172,0.6666666666666669,0.7450399085760437,0.0,4.0,0.0,3645.3880543660616,1923.1402429347293,984.0,haco_safemarl_pilot,survey,21420914,3
0.0,0.0,300.0,0.05,0.8798657506016587,0.8328548847839876,0.3777777777777777,0.9961165047322086,0.0,4.0,0.0,1185.0131059044954,1035.0301001795042,531.0,mappo_acoustic_shield,survey,21420914,3
0.0,0.6666666666666666,300.0,0.31444444444444436,0.7423809282539697,0.6263429321794244,0.6666666666666669,0.9048189476001908,0.0,59.0,0.0,5560.499999999976,2868.629829321792,0.0,fixed_auv_ga_pso_tlbo_proxy,survey,21430921,3
0.0,1.0,245.0,0.33741496598639464,0.7151285386889688,0.5135997577257434,0.6666666666666667,0.8781207534879163,0.0,45.0,0.0,6023.325000000008,2859.8000000000156,0.0,independent_greedy,survey,21430921,3
0.0,0.3333333333333333,300.0,0.3611111111111111,0.8176362854405183,0.7380590383012656,0.6666666666666669,0.862235331039426,0.0,51.0,0.0,8188.7928242047265,3614.044448027968,0.0,communication_aware,survey,21430921,3
0.0,0.3333333333333333,300.0,0.3311111111111111,0.7815264671530935,0.6814386103419484,0.6666666666666669,0.8908521504594902,0.0,0.0,0.0,9067.122013304841,3439.0952073704225,373.0,haco_safemarl_pilot_no_acoustic,survey,21430921,3
0.0,0.3333333333333333,300.0,0.4033333333333333,0.7042117203761111,0.5530033866194021,0.6666666666666669,0.8139326145082603,0.0,44.0,0.0,9055.246016749761,3355.5613057198,0.0,haco_safemarl_pilot_no_shield,survey,21430921,3
0.0,0.3333333333333333,300.0,0.32666666666666666,0.8461672132997148,0.7796170784587015,0.6666666666666669,0.8946937580263061,0.0,0.0,0.0,8997.973652359662,3461.47811457729,373.0,haco_safemarl_pilot,survey,21430921,3
0.0,0.0,300.0,0.0,0.8962831589173013,0.852883264867573,0.0,0.9999999998888889,0.0,0.0,0.0,492.1393284090086,232.61404717795486,318.0,mappo_acoustic_shield,survey,21430921,3
0.0,0.6666666666666666,300.0,0.2577777777777778,0.8726970058491899,0.8113486737662966,0.6666666666666669,0.9141386824936646,0.0,0.0,0.0,5560.499999999976,3338.3816729860814,0.0,fixed_auv_ga_pso_tlbo_proxy,survey,21440928,3
1.0,1.0,268.0,0.41915422885572134,0.7727411954436403,0.6964844088689057,0.6666666666666669,0.770994848973631,0.0,0.0,0.0,6588.780000000009,3381.0000000000114,0.0,independent_greedy,survey,21440928,3
0.0,0.6666666666666666,300.0,0.26888888888888884,0.8698684267726796,0.8119654383597301,0.6666666666666669,0.9313216831353972,0.0,0.0,0.0,8407.187665805985,4121.770693649163,0.0,communication_aware,survey,21440928,3
1.0,1.0,258.0,0.04780361757105943,0.8929331466879317,0.848507937691765,0.33333333333333337,0.9949844935744911,0.0,0.0,0.0,8027.5707768553,2062.8558631140663,112.0,haco_safemarl_pilot_no_acoustic,survey,21440928,3
1.0,1.0,261.0,0.22222222222222218,0.8542989989399076,0.7229258818518469,0.3333333333333334,0.8596491226712831,0.0,0.0,0.0,8020.528020771878,2153.654886359374,0.0,haco_safemarl_pilot_no_shield,survey,21440928,3
1.0,1.0,259.0,0.04247104247104247,0.8936297457129984,0.8501044682127533,0.33333333333333337,0.996080717659051,0.0,0.0,0.0,8059.703117295835,2120.910699867286,108.0,haco_safemarl_pilot,survey,21440928,3
0.0,0.0,300.0,0.0,0.9053213660621564,0.8914926543320115,0.0,0.9999999998888889,0.0,0.0,0.0,617.9504451058122,232.91500203051476,165.0,mappo_acoustic_shield,survey,21440928,3
0.0,1.0,269.0,0.6778190830235439,0.5490591330199346,0.33234611116584273,1.0,0.8606421706735299,0.0,29.0,0.0,4985.914999999981,2780.054540304094,0.0,fixed_auv_ga_pso_tlbo_proxy,survey,21450935,3
0.0,1.0,206.0,0.6634304207119741,0.5567572207721979,0.25484799225734706,1.0,0.7102005970298093,0.0,22.0,0.0,5064.510000000007,2417.6000000000035,0.0,independent_greedy,survey,21450935,3
0.0,0.3333333333333333,300.0,0.7555555555555555,0.6272343987782465,0.5371356218571738,1.0,0.8598941108376779,0.0,25.0,0.0,7850.459178768922,3106.78766717618,0.0,communication_aware,survey,21450935,3
0.0,1.0,292.0,0.5148401826484018,0.6853941107012083,0.5114217028678321,0.7777777777777778,0.8443300748760512,0.0,4.0,0.0,7822.4058784479475,2033.672186223577,621.0,haco_safemarl_pilot_no_acoustic,survey,21450935,3
0.0,1.0,234.0,0.6267806267806266,0.6322444827246986,0.4475304969156268,1.0,0.8378371775188989,0.0,22.0,0.0,7210.474598199636,1804.0266089999877,0.0,haco_safemarl_pilot_no_shield,survey,21450935,3
0.0,0.3333333333333333,300.0,0.5533333333333333,0.7514443394216421,0.6851182565144137,0.8888888888888888,0.7673941531850558,0.0,4.0,0.0,7541.030040685859,2736.154615353904,670.0,haco_safemarl_pilot,survey,21450935,3
0.0,0.3333333333333333,300.0,0.0,0.8829945937662634,0.8608320928736667,0.0,0.9999999998888889,0.0,3.0,0.0,688.7217311567978,325.41711493124416,141.0,mappo_acoustic_shield,survey,21450935,3
0.0,1.0,239.0,0.17433751743375178,0.8614207010587189,0.6584173017889284,0.3333333333333333,0.9181324236144218,0.08368200836820083,0.0,0.2594142259414226,4429.864999999985,1911.6733280671463,0.0,fixed_auv_ga_pso_tlbo_proxy,survey,21460942,3
0.0,1.0,183.0,0.2914389799635701,0.8056109566069347,0.6850608723166625,0.5614035087719298,0.9225483918250558,0.01092896174863388,0.0,0.1366120218579235,4499.055000000006,1264.600000000001,0.0,independent_greedy,survey,21460942,3
0.0,0.6666666666666666,300.0,0.22333333333333333,0.8799144714499891,0.7315103013281509,0.3333333333333334,0.8580934767164409,0.06333333333333334,0.0,0.18333333333333332,8322.80703792244,3553.779728358565,0.0,communication_aware,survey,21460942,3
1.0,1.0,217.0,0.22273425499231952,0.8674784214141001,0.8544815784790099,0.6666666666666665,0.9997813284012045,0.0,0.0,0.2073732718894009,6838.8336110439695,1631.4413558508188,215.0,haco_safemarl_pilot_no_acoustic,survey,21460942,3
0.0,1.0,188.0,0.20567375886524816,0.8556306057910307,0.8349235797437926,0.6666666666666665,0.9914246194672944,0.02127659574468085,0.0,0.2127659574468085,6038.800875091374,1360.8893926983217,0.0,haco_safemarl_pilot_no_shield,survey,21460942,3
1.0,1.0,219.0,0.21004566210045658,0.8740798286782747,0.8615566859702221,0.6666666666666665,0.9969133401883343,0.0,0.0,0.2054794520547945,6936.8872271653945,1697.014014975788,219.0,haco_safemarl_pilot,survey,21460942,3
0.0,0.0,300.0,0.0,0.9268882718177335,0.881815039025895,0.0,0.9999999998888889,0.0,0.0,0.25333333333333335,813.1755382976577,21.930890731016234,157.0,mappo_acoustic_shield,survey,21460942,3
0.0,0.6666666666666666,300.0,0.0,0.9522084174515137,0.9409103967556871,0.0,0.9999999998888889,0.0,0.0,0.0,5560.499999999976,2317.8477257576196,0.0,fixed_auv_ga_pso_tlbo_proxy,survey,21470949,3
0.0,0.6666666666666666,300.0,0.3866666666666666,0.7012084468854164,0.5706560542862104,0.8777777777777778,0.877902051737021,0.0,0.0,0.0,7375.50000000001,2389.400000000005,0.0,independent_greedy,survey,21470949,3
0.0,0.6666666666666666,300.0,0.0,0.9530538016531388,0.9425176808664317,0.0,0.9999999998888889,0.0,0.0,0.0,8512.5,2539.846005432855,0.0,communication_aware,survey,21470949,3
0.0,0.6666666666666666,300.0,0.02444444444444444,0.9305372478153167,0.9066627654942224,0.2444444444444444,0.9989089390665835,0.0,0.0,0.0,9583.128750000013,2264.6182846792067,56.0,haco_safemarl_pilot_no_acoustic,survey,21470949,3
0.0,0.6666666666666666,300.0,0.021111111111111112,0.9295492051040332,0.9078080490526459,0.21111111111111105,0.9990706450135782,0.0,0.0,0.0,9559.240289105317,2318.0628243722663,0.0,haco_safemarl_pilot_no_shield,survey,21470949,3
0.0,0.6666666666666666,300.0,0.014444444444444444,0.9315482874749422,0.9071437877306688,0.14444444444444443,0.9995705792351466,0.0,0.0,0.0,9581.249597461536,2248.496739901633,52.0,haco_safemarl_pilot,survey,21470949,3
0.0,0.0,300.0,0.0,0.9076978323137941,0.8696639520541248,0.0,0.9999999998888889,0.0,0.0,0.0,1594.2396505843549,32.38191614393827,33.0,mappo_acoustic_shield,survey,21470949,3
0.0,0.6666666666666666,300.0,0.3677777777777777,0.6983386506842413,0.5277989182790933,0.6666666666666669,0.8436482931498649,0.0,0.0,0.0,5560.499999999976,2752.5522051662206,0.0,fixed_auv_ga_pso_tlbo_proxy,survey,21480956,3
1.0,1.0,247.0,0.46693657219973017,0.6560628416697393,0.3916079132164471,0.6666666666666667,0.6463794051800046,0.0,0.0,0.0,6072.495000000008,2620.000000000014,0.0,independent_greedy,survey,21480956,3
0.0,0.3333333333333333,300.0,0.4055555555555555,0.7889989139438088,0.6770713791794536,0.6666666666666669,0.8023372827971981,0.0,0.0,0.0,8168.246170981782,3357.117086625468,0.0,communication_aware,survey,21480956,3
0.0,0.3333333333333333,300.0,0.36111111111111105,0.7134194202390154,0.4940193109352033,0.6666666666666669,0.856632440033535,0.0,0.0,0.0,3501.892392200891,1251.006224478547,742.0,haco_safemarl_pilot_no_acoustic,survey,21480956,3
0.0,0.3333333333333333,300.0,0.4388888888888889,0.6753011107497102,0.47240262265065686,0.6666666666666669,0.7600004766124585,0.0,85.0,0.0,9099.308369807508,3136.255746092773,0.0,haco_safemarl_pilot_no_shield,survey,21480956,3
0.0,0.3333333333333333,300.0,0.36999999999999994,0.8048124450997333,0.6811614198888007,0.6666666666666669,0.8500614760202924,0.0,0.0,0.0,3912.7953762273537,1940.9298509970145,755.0,haco_safemarl_pilot,survey,21480956,3
0.0,0.0,300.0,0.015555555555555553,0.8806660391444942,0.8062852741891228,0.15555555555555553,0.9995008835251427,0.0,0.0,0.0,1166.4516927989941,621.2962410801503,479.0,mappo_acoustic_shield,survey,21480956,3
0.0,1.0,254.0,0.11811023622047241,0.8937917634484253,0.8319525849441317,0.33333333333333337,0.965368631543016,0.0,64.0,0.0,4707.889999999983,2051.9772351715364,0.0,fixed_auv_ga_pso_tlbo_proxy,survey,21490963,3
0.0,1.0,195.0,0.29572649572649573,0.8343430264734754,0.7267881070875746,0.5499999999999998,0.7817908824083806,0.0,49.0,0.0,4794.075000000006,1696.399999999998,0.0,independent_greedy,survey,21490963,3
0.0,0.6666666666666666,300.0,0.17222222222222222,0.877972983374437,0.8231554733892542,0.35555555555555557,0.9231353919438324,0.0,135.0,0.0,8394.882330396755,3578.7070529384123,0.0,communication_aware,survey,21490963,3
1.0,1.0,189.0,0.09700176366843034,0.8749667478245916,0.829516418431185,0.6666666666666665,0.994121974578447,0.0,0.0,0.0,6098.585610779323,1526.2744957746208,103.0,haco_safemarl_pilot_no_acoustic,survey,21490963,3
0.0,1.0,189.0,0.18165784832451493,0.835656113897279,0.791229371025387,0.6666666666666665,0.9758945486920143,0.0,8.0,0.0,6035.704143006611,1353.6327557635072,0.0,haco_safemarl_pilot_no_shield,survey,21490963,3
1.0,1.0,189.0,0.08818342151675483,0.8791631164542844,0.836563815045692,0.6666666666666665,0.9951450706624982,0.0,0.0,0.0,6106.476479185059,1550.0325525540595,99.0,haco_safemarl_pilot,survey,21490963,3
0.0,0.0,300.0,0.0,0.9339443889105019,0.9291171474065222,0.0,0.9999999998888889,0.0,0.0,0.0,638.5060251272106,144.41277737916215,37.0,mappo_acoustic_shield,survey,21490963,3
1.0,1.0,293.0,0.15130830489192257,0.8711985051782329,0.7360586138885644,0.6666666666666669,0.9713643391536885,0.0,0.0,0.0,5430.754999999977,1977.4703685654488,0.0,fixed_auv_ga_pso_tlbo_proxy,survey,21500970,3
1.0,1.0,224.0,0.3511904761904762,0.7802792370497055,0.5817018257260955,0.6666666666666664,0.8552712088196286,0.0,0.0,0.0,5507.040000000007,1606.200000000001,0.0,independent_greedy,survey,21500970,3
0.0,0.3333333333333333,300.0,0.24666666666666667,0.8681267633135903,0.7934278166691479,0.6666666666666669,0.9439639238293847,0.0,0.0,0.0,8301.988791728429,3046.003066446947,0.0,communication_aware,survey,21500970,3
1.0,1.0,282.0,0.26122931442080377,0.8228710179546692,0.7649658132959564,0.6666666666666669,0.9667045303594689,0.0,0.0,0.0,8938.407530880046,2184.6207382578605,236.0,haco_safemarl_pilot_no_acoustic,survey,21500970,3
1.0,1.0,269.0,0.2750929368029739,0.811919031649842,0.7341745509661349,0.6666666666666669,0.9289419465443574,0.0,0.0,0.0,8482.938496403054,2428.518544674299,0.0,haco_safemarl_pilot_no_shield,survey,21500970,3
0.0,0.3333333333333333,300.0,0.27888888888888885,0.8610268077129091,0.8010349376860556,0.6666666666666669,0.9257510718349529,0.0,0.0,0.0,9279.992244496543,2904.4729416157384,289.0,haco_safemarl_pilot,survey,21500970,3
0.0,0.3333333333333333,300.0,0.0,0.9627826373429619,0.9488732379424722,0.0,0.9999999998888889,0.0,0.0,0.0,896.4479118621058,22.280968178628704,8.0,mappo_acoustic_shield,survey,21500970,3
0.0,0.6666666666666666,300.0,0.27888888888888885,0.8014399312988196,0.5951273801458653,0.6666666666666669,0.8951762186321052,0.04,39.0,0.19,5560.499999999976,2209.6591728860244,0.0,fixed_auv_ga_pso_tlbo_proxy,survey,21510977,3
0.0,1.0,249.0,0.6532797858099061,0.61654293256782,0.4077073685108276,1.0,0.612527963859039,0.0,29.0,0.0,6121.665000000008,2135.600000000002,0.0,independent_greedy,survey,21510977,3
0.0,0.3333333333333333,300.0,0.32111111111111107,0.8387744441238717,0.7208923831543718,0.6666666666666669,0.8686267253982208,0.07666666666666666,73.0,0.26666666666666666,8251.602555875692,2955.6822767260246,0.0,communication_aware,survey,21510977,3
1.0,1.0,273.0,0.2600732600732601,0.818022019398547,0.6688055326673963,0.6666666666666669,0.9062587913105841,0.0,0.0,0.21245421245421245,8024.846217395112,2198.634698437131,432.0,haco_safemarl_pilot_no_acoustic,survey,21510977,3
0.0,1.0,244.0,0.22404371584699453,0.7963925802711054,0.5722630267898987,0.5733333333333333,0.8945675560289839,0.0,32.0,0.27049180327868855,7789.313180781978,1947.573173205753,0.0,haco_safemarl_pilot_no_shield,survey,21510977,3
0.0,0.3333333333333333,300.0,0.2988888888888888,0.8378760880601659,0.7546545852781305,0.6666666666666669,0.9018716460630004,0.0,0.0,0.16666666666666666,8598.023407240295,2746.335411659398,512.0,haco_safemarl_pilot,survey,21510977,3
0.0,0.0,300.0,0.0,0.9142693245479568,0.8911286539472877,0.0,0.9999999998888889,0.0,0.0,0.0,894.237385860453,197.85519846432592,129.0,mappo_acoustic_shield,survey,21510977,3
1.0,1.0,226.0,0.3377581120943953,0.746398426305316,0.4778381224107782,0.6666666666666664,0.8637463955299773,0.0,0.0,0.0,4188.909999999987,1744.3002631340294,0.0,fixed_auv_ga_pso_tlbo_proxy,survey,21520984,3
1.0,1.0,173.0,0.34296724470134865,0.6955298438917832,0.22840008370601228,0.6666666666666665,0.738418649405929,0.0,0.0,0.0,4253.205000000005,1390.800000000003,0.0,independent_greedy,survey,21520984,3
0.0,0.3333333333333333,300.0,0.4633333333333333,0.7143642983213795,0.5291992356797226,0.6666666666666669,0.722805223574995,0.0,0.0,0.0,8097.329951506061,3202.205253403739,0.0,communication_aware,survey,21520984,3
1.0,1.0,220.0,0.35,0.7261393001884697,0.4287827393371092,0.6666666666666665,0.8120590374862502,0.0,0.0,0.0,6806.496561711924,1995.9369057924973,278.0,haco_safemarl_pilot_no_acoustic,survey,21520984,3
1.0,1.0,261.0,0.48148148148148145,0.6530143522557725,0.4235946309563366,0.6666666666666669,0.6898693382928015,0.0,0.0,0.0,7967.890621287457,2447.9795592780724,0.0,haco_safemarl_pilot_no_shield,survey,21520984,3
0.0,0.3333333333333333,300.0,0.45555555555555555,0.7772456294877553,0.6188142187296829,0.6666666666666669,0.7233540003943594,0.0,0.0,0.0,8985.808329792262,2996.2614144124564,458.0,haco_safemarl_pilot,survey,21520984,3
0.0,0.0,300.0,0.057777777777777775,0.8652895597179436,0.793804124750816,0.3333333333333334,0.9925356652625101,0.0,0.0,0.0,281.65395850554705,120.17526148755802,315.0,mappo_acoustic_shield,survey,21520984,3
0.0,1.0,282.0,0.36170212765957444,0.7440555960810097,0.6040930317507099,1.0,0.9792661546076048,0.0,32.0,0.0,5226.869999999979,2389.695672021006,0.0,fixed_auv_ga_pso_tlbo_proxy,survey,21530991,3
0.0,1.0,215.0,0.3472868217054263,0.7352841911407737,0.49500807485677767,1.0,0.92225118744826,0.0,24.0,0.0,5285.775000000007,1958.2000000000007,0.0,independent_greedy,survey,21530991,3
0.0,0.0,300.0,0.4977777777777777,0.760404900963413,0.6974543184366665,1.0,0.9849488488007994,0.0,0.0,0.0,8072.995002269963,2972.313006147445,0.0,communication_aware,survey,21530991,3
1.0,1.0,270.0,0.45185185185185184,0.716152458943452,0.5565415935829128,1.0,0.959159246485074,0.0,0.0,0.0,8389.429229897998,2494.6280596600277,410.0,haco_safemarl_pilot_no_acoustic,survey,21530991,3
1.0,1.0,250.0,0.48266666666666663,0.6962627732987737,0.6136641357173394,1.0,0.9831380689011263,0.0,0.0,0.0,7826.199357187138,2182.001852354386,0.0,haco_safemarl_pilot_no_shield,survey,21530991,3
0.0,0.0,300.0,0.5211111111111111,0.7714425599784893,0.7061558991915431,1.0,0.9784980215859166,0.0,0.0,0.0,9057.578886712694,3146.3092271230657,521.0,haco_safemarl_pilot,survey,21530991,3
0.0,0.0,300.0,0.0,0.8712592712925301,0.8583667133752838,0.0,0.9999999998888889,0.0,0.0,0.0,552.8641359343451,119.04124667637291,334.0,mappo_acoustic_shield,survey,21530991,3
0.0,0.6666666666666666,300.0,0.6422222222222221,0.5181699499420307,0.3325831510335005,1.0,0.6591146028217233,0.0,22.0,0.0,5560.499999999976,3208.0496885461866,0.0,fixed_auv_ga_pso_tlbo_proxy,survey,21540998,3
0.0,1.0,235.0,0.6567375886524823,0.48583417954283215,0.20995724378565292,1.0,0.5073902719757011,0.0,17.0,0.0,5777.475000000008,2781.2000000000053,0.0,independent_greedy,survey,21540998,3
0.0,0.6666666666666666,300.0,0.71,0.6181404017649013,0.5123389682672979,1.0,0.6806042615946369,0.0,19.0,0.0,7872.569410194248,2974.57491981416,0.0,communication_aware,survey,21540998,3
1.0,1.0,246.0,0.5501355013550135,0.6389995594233318,0.45239571913626575,0.8,0.6092483885690242,0.0,0.0,0.0,7670.387940270078,1952.78609825593,465.0,haco_safemarl_pilot_no_acoustic,survey,21540998,3
0.0,1.0,229.0,0.5574963609898108,0.6023747856562222,0.4202833217380693,0.6666666666666664,0.5575222304916868,0.0,16.0,0.0,7162.005062309066,1578.8825577007456,0.0,haco_safemarl_pilot_no_shield,survey,21540998,3
0.0,0.0,300.0,0.6866666666666666,0.6928261467290985,0.5971701738239442,1.0,0.6904923151676277,0.0,0.0,0.0,8825.23927589159,3119.652767974008,689.0,haco_safemarl_pilot,survey,21540998,3
0.0,0.0,300.0,0.0,0.8896455963339214,0.8403304961292919,0.0,0.9999999998888889,0.0,0.0,0.0,409.8177849942008,89.035095298784,239.0,mappo_acoustic_shield,survey,21540998,3
0.0,1.0,191.0,0.19720767888307147,0.8763900021431668,0.8148741326193438,0.6666666666666665,0.969210615350914,0.0,92.0,0.10471204188481675,3540.184999999992,1760.2347496377163,0.0,fixed_auv_ga_pso_tlbo_proxy,survey,21551005,3
0.0,1.0,146.0,0.2945205479452055,0.7939260754492692,0.5280693020920343,0.5555555555555556,0.7858712559425204,0.0,71.0,0.0,3589.4100000000044,1300.800000000001,0.0,independent_greedy,survey,21551005,3
0.0,1.0,247.0,0.35762483130904194,0.8410608462144725,0.7629463883173362,0.6666666666666667,0.8657786335113209,0.0,134.0,0.0728744939271255,6780.110759783927,2847.724841989681,0.0,communication_aware,survey,21551005,3
1.0,1.0,158.0,0.17721518987341767,0.8902896024826654,0.7606267413565548,0.3333333333333333,0.9150963827951982,0.0,0.0,0.0,4199.489406600645,1108.3560325009844,189.0,haco_safemarl_pilot_no_acoustic,survey,21551005,3
0.0,1.0,142.0,0.19483568075117366,0.8661555236483656,0.687964626841314,0.33333333333333326,0.8951661377186565,0.0,69.0,0.0,4536.521967876293,1056.2321262572536,0.0,haco_safemarl_pilot_no_shield,survey,21551005,3
1.0,1.0,158.0,0.17510548523206748,0.8956591393595871,0.7767780791640132,0.3333333333333333,0.9173281969596588,0.0,0.0,0.0,4287.620193877616,1122.8512041985846,187.0,haco_safemarl_pilot,survey,21551005,3
0.0,0.0,300.0,0.0,0.9198724850844655,0.8894147213761546,0.0,0.9999999998888889,0.0,0.0,0.02666666666666667,374.6131070912827,198.44191955662086,104.0,mappo_acoustic_shield,survey,21551005,3
0.0,1.0,198.0,0.01851851851851852,0.9124885556915628,0.8576762883612234,0.18333333333333335,0.9992885093120707,0.0,14.0,0.41919191919191917,3669.929999999991,1968.0207906025946,0.0,fixed_auv_ga_pso_tlbo_proxy,survey,21561012,3
0.0,1.0,152.0,0.03728070175438596,0.8831139829729829,0.8368261198984467,0.3333333333333333,0.9970098136925959,0.0,11.0,0.40789473684210525,3736.9200000000046,1575.600000000003,0.0,independent_greedy,survey,21561012,3
0.0,1.0,173.0,0.01926782273603083,0.9117043851958073,0.8560613138095409,0.1851851851851852,0.9992286359976013,0.0,12.0,0.4508670520231214,4907.080806213273,2158.049553505465,0.0,communication_aware,survey,21561012,3
0.0,1.0,147.0,0.006802721088435374,0.9291074461433914,0.8864092245518196,0.06666666666666667,0.9999061824561042,0.23809523809523808,8.0,0.3877551020408163,3322.8630848050893,861.9164364634335,142.0,haco_safemarl_pilot_no_acoustic,survey,21561012,3
0.0,1.0,148.0,0.01126126126126126,0.9250770390629967,0.8803778455355316,0.1111111111111111,0.9997406247729259,0.27702702702702703,10.0,0.39864864864864863,4635.64237090038,1176.1242830032577,0.0,haco_safemarl_pilot_no_shield,survey,21561012,3
0.0,1.0,147.0,0.006802721088435374,0.929142565021843,0.8865002336006611,0.06666666666666667,0.9999061824561042,0.23809523809523808,8.0,0.3877551020408163,3327.496637404963,862.9261581791217,142.0,haco_safemarl_pilot,survey,21561012,3
0.0,0.0,300.0,0.0,0.8811954406211544,0.8320039434154648,0.0,0.9999999998888889,0.0,8.0,0.4266666666666667,343.1009723945372,205.61556658114523,653.0,mappo_acoustic_shield,survey,21561012,3
0.0,0.6666666666666666,300.0,0.25,0.8303173893989406,0.7401403044611774,0.7888888888888889,0.9583893377963405,0.0,0.0,0.0,5560.499999999976,2560.753064382548,0.0,fixed_auv_ga_pso_tlbo_proxy,survey,21571019,3
1.0,1.0,280.0,0.4202380952380952,0.6736351780738121,0.45649575147017085,1.0,0.8723457468748803,0.0,0.0,0.0,6883.800000000009,2867.2000000000153,0.0,independent_greedy,survey,21571019,3
0.0,0.3333333333333333,300.0,0.3811111111111111,0.8263937702402843,0.7735030436361608,1.0,0.9733393566446098,0.0,0.0,0.0,8194.322002073362,3028.0524708206653,0.0,communication_aware,survey,21571019,3
1.0,1.0,272.0,0.24999999999999994,0.826859671158687,0.6756422096571351,0.6666666666666669,0.9226676124604306,0.0,0.0,0.0,8033.300225930939,2016.9116530581935,286.0,haco_safemarl_pilot_no_acoustic,survey,21571019,3
1.0,1.0,272.0,0.26225490196078427,0.7608531502939924,0.5780351685603942,0.6666666666666669,0.9188090093300243,0.0,0.0,0.0,8701.041497864657,2085.197701791497,0.0,haco_safemarl_pilot_no_shield,survey,21571019,3
1.0,1.0,283.0,0.25677267373380447,0.8225175023338382,0.6826347355858716,0.6666666666666669,0.9226877824034936,0.0,0.0,0.0,8821.804012834016,2368.116224630893,321.0,haco_safemarl_pilot,survey,21571019,3
0.0,0.0,300.0,0.0,0.9217549945112391,0.9003143676411832,0.0,0.9999999998888889,0.0,0.0,0.0,583.0468359119395,167.79304920718636,197.0,mappo_acoustic_shield,survey,21571019,3
0.0,0.6666666666666666,300.0,0.2644444444444444,0.8101593020717639,0.7168937927702094,0.6777777777777779,0.9365989184153065,0.0,0.0,0.0,5560.499999999976,2953.1370117659026,0.0,fixed_auv_ga_pso_tlbo_proxy,survey,21581026,3
0.0,0.6666666666666666,300.0,0.5622222222222221,0.5692827427130189,0.15759043956097157,1.0,0.7486953918290428,0.0,0.0,0.0,7375.50000000001,3303.800000000021,0.0,independent_greedy,survey,21581026,3
0.0,0.3333333333333333,300.0,0.3922222222222222,0.8101146320532342,0.7513897233185813,1.0,0.9577047781815249,0.0,0.0,0.0,8213.59421461891,3215.049558279268,0.0,communication_aware,survey,21581026,3
0.0,0.6666666666666666,300.0,0.13444444444444442,0.8621108389305436,0.8174949453722556,0.5555555555555555,0.9886479343102198,0.0,0.0,0.0,9646.38374999997,2379.439676557313,265.0,haco_safemarl_pilot_no_acoustic,survey,21581026,3
0.0,0.6666666666666666,300.0,0.3877777777777777,0.7612177271656507,0.5705945653130613,0.6666666666666669,0.7544325248112087,0.0,0.0,0.0,9404.210585436886,2333.4156402224676,0.0,haco_safemarl_pilot_no_shield,survey,21581026,3
0.0,0.6666666666666666,300.0,0.11666666666666664,0.8648077418160645,0.8213773453150044,0.47777777777777763,0.991332457969292,0.0,0.0,0.0,9652.830097874552,2410.172411442466,252.0,haco_safemarl_pilot,survey,21581026,3
0.0,0.0,300.0,0.0,0.8857844566110367,0.8517801549533559,0.0,0.9999999998888889,0.0,0.0,0.0,729.1207754739266,161.54701954578837,177.0,mappo_acoustic_shield,survey,21581026,3
0.0,0.3333333333333333,300.0,0.12666666666666662,0.893861956715928,0.8549046055482495,0.6666666666666669,0.9884419697146336,0.0,47.0,0.0,5560.499999999976,2418.0088424191194,0.0,fixed_auv_ga_pso_tlbo_proxy,survey,21591033,3
0.0,1.0,246.0,0.46341463414634143,0.7585830329883954,0.5669272606181288,0.6666666666666667,0.6926746526294308,0.0,35.0,0.0,6047.910000000008,2196.6000000000085,0.0,independent_greedy,survey,21591033,3
0.0,0.3333333333333333,300.0,0.19999999999999998,0.8872727421927733,0.8537775807010428,0.6666666666666669,0.9693053310162049,0.0,51.0,0.0,8358.806553724029,3334.5114513163326,0.0,communication_aware,survey,21591033,3
0.0,0.6666666666666666,300.0,0.18000000000000002,0.8890950232140156,0.852548041152357,0.6666666666666669,0.9764740050704369,0.0,0.0,0.0,9359.744226620587,3010.837750876186,236.0,haco_safemarl_pilot_no_acoustic,survey,21591033,3
0.0,1.0,256.0,0.17838541666666666,0.872523726069196,0.8025074183952887,0.6666666666666667,0.9766819485903744,0.0,38.0,0.0,8064.881198427053,2126.972654679384,0.0,haco_safemarl_pilot_no_shield,survey,21591033,3
0.0,0.3333333333333333,300.0,0.15333333333333332,0.8974260312280046,0.8593104257062579,0.6666666666666669,0.9838255475549497,0.0,0.0,0.0,9335.129171136861,3071.5558099966083,238.0,haco_safemarl_pilot,survey,21591033,3
0.0,0.0,300.0,0.0,0.933619445184057,0.9077378974599903,0.0,0.9999999998888889,0.0,0.0,0.0,687.1575587181741,23.931191824280106,0.0,mappo_acoustic_shield,survey,21591033,3
1.0,1.0,254.0,0.321522309711286,0.7602892789064347,0.6390955454873469,0.6666666666666667,0.8928830316593834,0.0,0.0,0.4094488188976378,4707.889999999983,2494.703242115692,0.0,fixed_auv_ga_pso_tlbo_proxy,survey,21601040,3
1.0,1.0,194.0,0.2972508591065292,0.7478932390060518,0.6414258324137716,0.6666666666666665,0.9065394222302507,0.0,0.0,0.5360824742268041,4769.490000000006,2154.600000000002,0.0,independent_greedy,survey,21601040,3
0.0,0.6666666666666666,300.0,0.5277777777777777,0.7710257766058756,0.7088094222195429,1.0,0.9309655235632236,0.0,0.0,0.37333333333333335,8114.857173646841,3534.5812556649216,0.0,communication_aware,survey,21601040,3
1.0,1.0,215.0,0.1627906976744187,0.8120978297280167,0.6803995752952597,0.49999999999999994,0.971145391905486,0.0,0.0,0.25116279069767444,6482.895185751038,1540.4607818257473,321.0,haco_safemarl_pilot_no_acoustic,survey,21601040,3
1.0,1.0,193.0,0.2400690846286701,0.7931359395239989,0.670199841998896,0.6666666666666665,0.982212616376029,0.0,0.0,0.31088082901554404,6070.606055686766,1472.9744035039564,0.0,haco_safemarl_pilot_no_shield,survey,21601040,3
1.0,1.0,220.0,0.16212121212121214,0.8182236281469065,0.6993102896163205,0.5454545454545453,0.9684150190261309,0.0,0.0,0.2681818181818182,6657.17523721187,1602.389643267529,336.0,haco_safemarl_pilot,survey,21601040,3
0.0,0.0,300.0,0.0,0.8998969611071251,0.8390102038527958,0.0,0.9999999998888889,0.0,0.0,0.26666666666666666,289.78000282382095,59.77533634269365,470.0,mappo_acoustic_shield,survey,21601040,3
0.0,0.6666666666666666,300.0,0.0,0.9489484567870373,0.9198117806025408,0.0,0.9999999998888889,0.0,0.0,0.0,5560.499999999976,2140.4845143856755,0.0,fixed_auv_ga_pso_tlbo_proxy,survey,21611047,3
1.0,1.0,262.0,0.2811704834605598,0.7887357152152225,0.5476339257234446,0.6666666666666669,0.8862855824377103,0.0,0.0,0.0,6441.270000000009,2202.600000000003,0.0,independent_greedy,survey,21611047,3
1.0,1.0,296.0,0.0,0.9469496854448584,0.9127273786431547,0.0,0.9999999998888889,0.0,0.0,0.0,8399.0,3256.219930213947,0.0,communication_aware,survey,21611047,3
1.0,1.0,248.0,0.03225806451612903,0.933747850882965,0.8835096028236828,0.31999999999999995,0.997782704981662,0.0,0.0,0.05241935483870968,7934.7501528022785,1908.1964118911592,53.0,haco_safemarl_pilot_no_acoustic,survey,21611047,3
1.0,1.0,254.0,0.03412073490813648,0.9309813328872577,0.8754560381373908,0.33333333333333337,0.9975103488745832,0.0,0.0,0.05511811023622047,8082.353130248361,1974.5007749124677,0.0,haco_safemarl_pilot_no_shield,survey,21611047,3
1.0,1.0,248.0,0.02150537634408602,0.9346040978922152,0.8859113792932928,0.21333333333333332,0.999034865368552,0.0,0.0,0.06048387096774194,7933.248864871936,1912.0970464030067,49.0,haco_safemarl_pilot,survey,21611047,3
0.0,0.3333333333333333,300.0,0.0,0.9547350712883379,0.9461244999037721,0.0,0.9999999998888889,0.0,0.0,0.0,1467.7725021589058,104.14784476965615,12.0,mappo_acoustic_shield,survey,21611047,3
1.0,1.0,199.0,0.12897822445561133,0.8721098654744861,0.7618254743589048,0.33333333333333326,0.9579887902630312,0.0,0.0,0.0,3688.464999999991,1901.512624197713,0.0,fixed_auv_ga_pso_tlbo_proxy,survey,21621054,3
1.0,1.0,153.0,0.15032679738562088,0.8617641323548814,0.7077185565905393,0.3333333333333333,0.9410847531769816,0.0,0.0,0.0,3761.5050000000047,1650.2000000000014,0.0,independent_greedy,survey,21621054,3
1.0,1.0,201.0,0.15422885572139303,0.8750806646554522,0.8046627684021048,0.33333333333333326,0.937641943929366,0.0,0.0,0.0,5616.665977608899,2376.215800732466,0.0,communication_aware,survey,21621054,3
1.0,1.0,153.0,0.06318082788671024,0.9082612212641166,0.8592931479844754,0.3333333333333333,0.9909851967328144,0.0,0.0,0.0,4715.713244360758,1304.415803721895,67.0,haco_safemarl_pilot_no_acoustic,survey,21621054,3
1.0,1.0,148.0,0.060810810810810814,0.8960769613469771,0.8294453491697997,0.33333333333333326,0.9916850586453041,0.0,0.0,0.0,4680.783347903924,1161.1658333231442,0.0,haco_safemarl_pilot_no_shield,survey,21621054,3
1.0,1.0,153.0,0.058823529411764705,0.9093941984588483,0.8629121121672406,0.3333333333333333,0.9922480618920069,0.0,0.0,0.0,4726.3897151621,1279.2882875036776,65.0,haco_safemarl_pilot,survey,21621054,3
0.0,0.3333333333333333,300.0,0.0,0.8919446880100553,0.8480494503349951,0.0,0.9999999998888889,0.0,0.0,0.0,764.7313405265907,497.4186229789335,376.0,mappo_acoustic_shield,survey,21621054,3
1.0,1.0,211.0,0.15165876777251183,0.8904911139481597,0.7689383500510096,0.33333333333333326,0.9399219688271997,0.0,0.0,0.0,3910.8849999999893,1304.1834761664402,0.0,fixed_auv_ga_pso_tlbo_proxy,survey,21631061,3
1.0,1.0,161.0,0.4265010351966873,0.7789610877091877,0.6681110539443728,0.6666666666666666,0.7697454879068973,0.0,0.0,0.0,3958.185000000005,1011.4000000000001,0.0,independent_greedy,survey,21631061,3
1.0,1.0,183.0,0.14571948998178502,0.9034624663591416,0.8114660776208087,0.33333333333333326,0.9450079694121981,0.0,0.0,0.0,5139.285208958002,1567.1091562193385,0.0,communication_aware,survey,21631061,3
1.0,1.0,161.0,0.07039337474120082,0.9023149339057792,0.8303562920775307,0.3333333333333333,0.9886618311455024,0.0,0.0,0.0,5163.358919578029,1268.2360976311552,89.0,haco_safemarl_pilot_no_acoustic,survey,21631061,3
1.0,1.0,157.0,0.12951167728237786,0.8746598680783957,0.7456561970366377,0.3333333333333333,0.9576055871324012,0.0,0.0,0.0,5072.811106461452,1095.8996029164118,0.0,haco_safemarl_pilot_no_shield,survey,21631061,3
1.0,1.0,162.0,0.020576131687242795,0.9042569201383799,0.8414708861927771,0.19607843137254902,0.9991180723435422,0.0,0.0,0.0,5193.876631877358,1317.3192137373735,83.0,haco_safemarl_pilot,survey,21631061,3
0.0,0.3333333333333333,300.0,0.0,0.92441976056758,0.8376376995389375,0.0,0.9999999998888889,0.0,0.0,0.0,796.2246446578282,98.66791388439798,89.0,mappo_acoustic_shield,survey,21631061,3
0.0,1.0,190.0,0.3578947368421053,0.7366989446386767,0.596508609568589,0.6666666666666665,0.8634078426330405,0.0,235.0,0.0,3521.649999999992,1900.6095951015159,0.0,fixed_auv_ga_pso_tlbo_proxy,survey,21641068,3
0.0,1.0,146.0,0.35616438356164376,0.7262380030857201,0.4995337296879751,0.6666666666666665,0.842968898874592,0.0,180.0,0.0,3589.4100000000044,1716.4000000000003,0.0,independent_greedy,survey,21641068,3
0.0,0.6666666666666666,300.0,0.5022222222222222,0.7141151070446599,0.600791300622848,0.6666666666666669,0.6624943883531897,0.0,359.0,0.0,8055.292567112986,3724.8451578495387,0.0,communication_aware,survey,21641068,3
1.0,1.0,231.0,0.3809523809523811,0.7225264708669027,0.6233658576143407,0.6666666666666666,0.8399671388383584,0.0,0.0,0.0,6673.851159548493,2426.577795092967,494.0,haco_safemarl_pilot_no_acoustic,survey,21641068,3
0.0,1.0,167.0,0.3552894211576845,0.7508377707801422,0.5750058115488815,0.6666666666666666,0.8776361722441525,0.0,176.0,0.0,5114.639181128551,1243.3266015329175,0.0,haco_safemarl_pilot_no_shield,survey,21641068,3
0.0,0.3333333333333333,300.0,0.45777777777777773,0.7551506633068226,0.6983099080051783,0.8333333333333334,0.7851608604160009,0.0,0.0,0.0,8615.005551322543,3330.10630667096,636.0,haco_safemarl_pilot,survey,21641068,3
0.0,0.0,300.0,0.0,0.8751893880410979,0.8569466490506484,0.0,0.9999999998888889,0.0,0.0,0.0,1096.523313446992,682.0404257686687,400.0,mappo_acoustic_shield,survey,21641068,3
0.0,1.0,281.0,0.10320284697508895,0.9221694201742509,0.89054626460905,0.6666666666666669,0.993295029008937,0.0,25.0,0.0,5208.334999999979,2843.3682835488544,0.0,fixed_auv_ga_pso_tlbo_proxy,survey,21651075,3
0.0,1.0,215.0,0.18139534883720923,0.8964223900053415,0.7981270877902983,0.5909090909090907,0.9419587648294646,0.0,19.0,0.0,5285.775000000007,2479.800000000003,0.0,independent_greedy,survey,21651075,3
0.0,0.6666666666666666,300.0,0.20666666666666664,0.8975088392744034,0.8543760192478294,0.6666666666666669,0.9671382876565733,0.0,21.0,0.0,8356.030798665719,3737.7059076145356,0.0,communication_aware,survey,21651075,3
0.0,1.0,213.0,0.13771517996870108,0.9131556599250197,0.8198145817408291,0.33333333333333326,0.9514618177274464,0.0,2.0,0.0,6614.214205804882,1894.195255862404,147.0,haco_safemarl_pilot_no_acoustic,survey,21651075,3
0.0,1.0,209.0,0.13556618819776714,0.8802240589926145,0.7177138536304097,0.33333333333333326,0.9531169900081337,0.0,29.0,0.0,6553.452182953545,1707.7576317006642,0.0,haco_safemarl_pilot_no_shield,survey,21651075,3
0.0,1.0,213.0,0.13302034428794993,0.9174997916728872,0.8332478139626679,0.33333333333333326,0.9550356912575408,0.0,2.0,0.0,6628.57847688948,1889.9358948499769,146.0,haco_safemarl_pilot,survey,21651075,3
0.0,0.0,300.0,0.0,0.9336279658230744,0.9229689350723543,0.0,0.9999999998888889,0.0,2.0,0.0,604.0920687232475,92.2450318649831,40.0,mappo_acoustic_shield,survey,21651075,3
1.0,1.0,258.0,0.49095607235142114,0.6796135554568473,0.5902657267126861,1.0,0.8150154877185348,0.0,0.0,0.0,4782.0299999999825,2271.0067252318586,0.0,fixed_auv_ga_pso_tlbo_proxy,traffic,21161082,3
1.0,1.0,197.0,0.598984771573604,0.6194699983759729,0.4442076031212666,1.0,0.6978642510332922,0.0,0.0,0.0,4843.245000000006,1831.0000000000055,0.0,independent_greedy,traffic,21161082,3
0.0,0.6666666666666666,300.0,0.6166666666666666,0.7015404056384377,0.6412021001870903,1.0,0.8118643715984377,0.0,0.0,0.0,7992.595583442421,3013.517441233087,0.0,communication_aware,traffic,21161082,3
1.0,1.0,275.0,0.49818181818181817,0.7089358528009326,0.6385146930864742,1.0,0.9792937945717111,0.0,0.0,0.0,8555.940756969618,2251.6355648616145,551.0,haco_safemarl_pilot_no_acoustic,traffic,21161082,3
1.0,1.0,242.0,0.5991735537190083,0.6566157015724291,0.602825327369123,1.0,0.9066585289660753,0.0,0.0,0.0,7510.084159969255,2111.8100159978617,0.0,haco_safemarl_pilot_no_shield,traffic,21161082,3
0.0,0.3333333333333333,300.0,0.5433333333333334,0.7434681962610249,0.7180021952497568,1.0,0.9551815971661022,0.0,0.0,0.0,9076.945544640797,3038.193133196786,634.0,haco_safemarl_pilot,traffic,21161082,3
0.0,0.0,300.0,0.0,0.864941977049848,0.8356128517468978,0.0,0.9999999998888889,0.0,0.0,0.0,347.60786263526364,202.2025803539011,108.0,mappo_acoustic_shield,traffic,21161082,3
0.0,0.6666666666666666,300.0,0.4255555555555555,0.6638645949022718,0.4136418464492506,0.6666666666666669,0.7817868056849011,0.03666666666666667,0.0,0.09,5560.499999999976,2469.8756866420763,0.0,fixed_auv_ga_pso_tlbo_proxy,traffic,21171089,3
0.0,1.0,261.0,0.6232439335887612,0.5857587367011565,0.22751635233720593,1.0,0.6162414403020912,0.01532567049808429,0.0,0.0842911877394636,6416.685000000009,2501.600000000003,0.0,independent_greedy,traffic,21171089,3
0.0,0.0,300.0,0.5333333333333333,0.7375597949420523,0.6175224116112308,1.0,0.8014393192666669,0.006666666666666667,0.0,0.09,8054.758487674016,2966.4159854065397,0.0,communication_aware,traffic,21171089,3
0.0,0.6666666666666666,300.0,0.47333333333333333,0.6923044598119236,0.46982339563343667,1.0,0.8583216812323832,0.0,0.0,0.04666666666666667,9345.603981132484,2617.6817791689414,503.0,haco_safemarl_pilot_no_acoustic,traffic,21171089,3
0.0,1.0,275.0,0.5224242424242423,0.6539272436385098,0.5029781971773288,1.0,0.8346829259652929,0.0,12.0,0.09090909090909091,8553.864678697952,2141.8005984392894,0.0,haco_safemarl_pilot_no_shield,traffic,21171089,3
0.0,0.3333333333333333,300.0,0.4877777777777777,0.7601938308444601,0.6497481963398927,1.0,0.8040261648814797,0.02666666666666667,0.0,0.09,8757.424080810144,2851.2003176171274,587.0,haco_safemarl_pilot,traffic,21171089,3
0.0,0.0,300.0,0.0,0.9222580869774331,0.9016466285855984,0.0,0.9999999998888889,0.016666666666666666,0.0,0.14666666666666667,741.8360528677887,32.57008483523336,58.0,mappo_acoustic_shield,traffic,21171089,3
0.0,0.6666666666666666,300.0,0.2788888888888888,0.7581672093168588,0.5172913644979886,0.6666666666666669,0.8482327517830749,0.0,390.0,0.0,5560.499999999976,3225.3929012476497,0.0,fixed_auv_ga_pso_tlbo_proxy,traffic,21181096,3
0.0,0.6666666666666666,300.0,0.39888888888888885,0.6225079144380788,0.11713206661025043,0.6666666666666669,0.7026766827684404,0.0,439.0,0.0,7375.50000000001,3874.800000000017,0.0,independent_greedy,traffic,21181096,3
0.0,0.6666666666666666,300.0,0.3822222222222222,0.7718258620974158,0.661230115065513,0.7666666666666667,0.8209606057195344,0.0,389.0,0.0,8196.758922390882,3681.8933917190657,0.0,communication_aware,traffic,21181096,3
0.0,0.3333333333333333,300.0,0.30777777777777776,0.8001233506933929,0.6216292642712996,0.6666666666666669,0.8611941323412757,0.0,0.0,0.0,9096.920617232641,3376.551557963744,344.0,haco_safemarl_pilot_no_acoustic,traffic,21181096,3
0.0,0.6666666666666666,300.0,0.2588888888888889,0.7044786792648036,0.3006041745030959,0.47777777777777763,0.8295416616328731,0.0,63.0,0.043333333333333335,9301.406248987525,2247.900717367762,0.0,haco_safemarl_pilot_no_shield,traffic,21181096,3
0.0,0.3333333333333333,300.0,0.2977777777777777,0.835244040995282,0.7363011934542856,0.6666666666666669,0.8915077492673831,0.0,0.0,0.0,9026.945423455689,3256.1653470904603,360.0,haco_safemarl_pilot,traffic,21181096,3
0.0,0.0,300.0,0.0,0.8865734511453461,0.8562478870561904,0.0,0.9999999998888889,0.0,0.0,0.0,306.1346036076727,168.8189294867472,84.0,mappo_acoustic_shield,traffic,21181096,3
0.0,1.0,167.0,0.24151696606786424,0.7870086889968493,0.560846654607592,0.3333333333333333,0.8314045207725206,0.0,75.0,0.0,3095.3449999999953,1671.4612885797492,0.0,fixed_auv_ga_pso_tlbo_proxy,traffic,21191103,3
0.0,1.0,128.0,0.3151041666666667,0.7901255496268726,0.6331208258166006,0.6666666666666666,0.8667468639750288,0.0,56.0,0.0,3146.8800000000037,1519.0000000000018,0.0,independent_greedy,traffic,21191103,3
0.0,0.6666666666666666,300.0,0.3522222222222222,0.8031948252127394,0.6658599258534604,0.6666666666666669,0.752054997449513,0.0,65.0,0.023333333333333334,8247.75593464751,4203.418719892522,0.0,communication_aware,traffic,21191103,3
1.0,1.0,165.0,0.2383838383838384,0.8311177896452823,0.7761333932806744,0.6666666666666666,0.9423437757291213,0.0,0.0,0.0,3734.974887451127,1102.474101644037,326.0,haco_safemarl_pilot_no_acoustic,traffic,21191103,3
0.0,1.0,126.0,0.3492063492063491,0.7594082247183708,0.6297612216744383,0.6666666666666666,0.8858246967904536,0.0,95.0,0.0,3946.7682983542018,946.2291039843426,0.0,haco_safemarl_pilot_no_shield,traffic,21191103,3
1.0,1.0,165.0,0.23030303030303034,0.834001219189626,0.7834183742094188,0.6666666666666666,0.943676255318111,0.0,0.0,0.0,3738.0778003598666,1010.8095639213465,322.0,haco_safemarl_pilot,traffic,21191103,3
0.0,0.0,300.0,0.0,0.8759372855922861,0.8490146763531348,0.0,0.9999999998888889,0.0,0.0,0.02666666666666667,1801.482347110431,1331.9038803418384,359.0,mappo_acoustic_shield,traffic,21191103,3
1.0,1.0,265.0,0.0,0.911344366112296,0.9009370075008886,0.0,0.9999999998888889,0.0,0.0,0.06415094339622641,4911.774999999981,2520.204978269614,0.0,fixed_auv_ga_pso_tlbo_proxy,traffic,21201110,3
1.0,1.0,203.0,0.2134646962233169,0.8263770881787449,0.7713771091497073,0.6666666666666665,0.9620530752118729,0.0,0.0,0.0,4990.7550000000065,1851.600000000002,0.0,independent_greedy,traffic,21201110,3
1.0,1.0,230.0,0.0,0.9112370022194795,0.9009489227593512,0.0,0.9999999998888889,0.0,0.0,0.0,6526.25,2693.740797939263,0.0,communication_aware,traffic,21201110,3
1.0,1.0,197.0,0.011844331641285955,0.9039131694862498,0.8936103742949368,0.11666666666666665,0.9997127395874065,0.0,0.0,0.0,6244.0362499999965,1511.7691579736215,20.0,haco_safemarl_pilot_no_acoustic,traffic,21201110,3
1.0,1.0,197.0,0.030456852791878163,0.9026550072217273,0.889683187216966,0.29999999999999993,0.9980302573166742,0.0,0.0,0.0,6220.842044889881,1508.8283000625845,0.0,haco_safemarl_pilot_no_shield,traffic,21201110,3
1.0,1.0,197.0,0.008460236886632826,0.9039498520574809,0.8937306306247319,0.08333333333333333,0.9998544165929921,0.0,0.0,0.0,6245.115195845183,1512.3949539315622,20.0,haco_safemarl_pilot,traffic,21201110,3
0.0,0.3333333333333333,300.0,0.0,0.896969872533722,0.8437895855795828,0.0,0.9999999998888889,0.0,0.0,0.09333333333333334,1096.3361178912364,93.6597818196966,247.0,mappo_acoustic_shield,traffic,21201110,3
0.0,1.0,217.0,0.4915514592933947,0.646346089414461,0.3142347044983692,1.0,0.7071964780355326,0.03225806451612903,64.0,0.10138248847926268,4022.0949999999884,1967.3442399343783,0.0,fixed_auv_ga_pso_tlbo_proxy,traffic,21211117,3
0.0,1.0,166.0,0.46787148594377514,0.6242839971526241,0.18152024549671136,1.0,0.658777286671045,0.0,49.0,0.12650602409638553,4081.110000000005,1747.8000000000045,0.0,independent_greedy,traffic,21211117,3
0.0,0.6666666666666666,300.0,0.71,0.6301429997608253,0.4703082357528649,1.0,0.7192815730121814,0.01,212.0,0.07666666666666666,7877.2165662724265,2991.0684866862252,0.0,communication_aware,traffic,21211117,3
0.0,0.6666666666666666,300.0,0.5288888888888889,0.718740158932942,0.6748642661982253,1.0,0.94959803037501,0.0,0.0,0.08,8867.213830135048,2984.8373105262167,677.0,haco_safemarl_pilot_no_acoustic,traffic,21211117,3
0.0,1.0,161.0,0.34782608695652173,0.7088435549025587,0.3605906302906648,0.6274509803921569,0.6992452589577026,0.0,124.0,0.055900621118012424,5128.538855852897,1167.4108902138823,0.0,haco_safemarl_pilot_no_shield,traffic,21211117,3
0.0,0.6666666666666666,300.0,0.638888888888889,0.7328341504156831,0.683370701122687,1.0,0.8132945256273704,0.01,0.0,0.07666666666666666,8812.775980390485,2802.3162758327876,705.0,haco_safemarl_pilot,traffic,21211117,3
0.0,0.0,300.0,0.0,0.8773858664097437,0.8427103148895108,0.0,0.9999999998888889,0.0,0.0,0.06,387.4798183024518,110.83570958798992,129.0,mappo_acoustic_shield,traffic,21211117,3
0.0,1.0,293.0,0.41296928327645044,0.6986034662492728,0.3967663025668579,0.6666666666666669,0.667438747280674,0.0,131.0,0.08191126279863481,5430.754999999977,3083.1924068017297,0.0,fixed_auv_ga_pso_tlbo_proxy,traffic,21221124,3
0.0,1.0,224.0,0.4657738095238096,0.6187368457792324,0.21394934220981773,0.6666666666666664,0.6280658663298595,0.0,100.0,0.16964285714285715,5507.040000000007,2489.0000000000045,0.0,independent_greedy,traffic,21221124,3
0.0,0.3333333333333333,300.0,0.4477777777777777,0.7836992946876495,0.6520412970146512,0.6666666666666669,0.6679403038338523,0.0,0.0,0.07666666666666666,8176.936184851787,3770.0471880312875,0.0,communication_aware,traffic,21221124,3
0.0,1.0,296.0,0.46509009009009017,0.7315616475119772,0.5644901069791336,0.9333333333333333,0.7366937996436242,0.02702702702702703,0.0,0.13175675675675674,6335.683221621555,2078.512247797384,768.0,haco_safemarl_pilot_no_acoustic,traffic,21221124,3
0.0,1.0,225.0,0.48,0.72238046391843,0.4987069757739068,0.6666666666666664,0.6654513633881113,0.02666666666666667,183.0,0.11555555555555555,6952.627644416726,1848.7097330440563,0.0,haco_safemarl_pilot_no_shield,traffic,21221124,3
0.0,0.3333333333333333,300.0,0.4500000000000001,0.7755841883044374,0.691704169606321,1.0,0.8639840053111661,0.0,0.0,0.12666666666666668,6603.270268626826,2419.5380952792284,811.0,haco_safemarl_pilot,traffic,21221124,3
0.0,0.3333333333333333,300.0,0.0044444444444444444,0.862122180492059,0.8289044008293553,0.04444444444444444,0.9999601417827579,0.0,0.0,0.08,763.3334733749357,485.4366886600014,302.0,mappo_acoustic_shield,traffic,21221124,3
0.0,1.0,274.0,0.48783454987834546,0.6017357069696225,0.3886872170100067,0.6666666666666669,0.687836416426484,0.0,26.0,0.11313868613138686,5078.58999999998,1945.4315007352395,0.0,fixed_auv_ga_pso_tlbo_proxy,traffic,21231131,3
0.0,1.0,210.0,0.665079365079365,0.5047160491443818,0.2414789250902651,1.0,0.8714741511846062,0.0,20.0,0.05238095238095238,5162.850000000007,1587.2000000000007,0.0,independent_greedy,traffic,21231131,3
0.0,0.3333333333333333,300.0,0.5244444444444445,0.7433820178455784,0.6302191459228486,0.6666666666666669,0.6218438327665441,0.0,110.0,0.05333333333333334,8055.189415284774,3128.12695735335,0.0,communication_aware,traffic,21231131,3
0.0,0.6666666666666666,300.0,0.3188888888888889,0.7144702509547326,0.42029690783806123,0.6666666666666669,0.7880284450338942,0.0,0.0,0.04666666666666667,5400.460947458203,1983.4858465329858,878.0,haco_safemarl_pilot_no_acoustic,traffic,21231131,3
0.0,0.3333333333333333,300.0,0.5433333333333333,0.585143796138702,0.41674385421221133,0.6666666666666669,0.6060446241141187,0.04,55.0,0.11333333333333333,9069.736754492882,2949.696030915597,0.0,haco_safemarl_pilot_no_shield,traffic,21231131,3
0.0,0.3333333333333333,300.0,0.39999999999999997,0.7781759550931884,0.6697930337736808,0.6666666666666669,0.7902310529608711,0.0,0.0,0.07666666666666666,4448.949893069949,1807.012435588015,910.0,haco_safemarl_pilot,traffic,21231131,3
0.0,0.0,300.0,0.0,0.9151986280258563,0.9080064615658324,0.0,0.9999999998888889,0.0,0.0,0.0,1254.4781743638052,717.4596464558215,253.0,mappo_acoustic_shield,traffic,21231131,3
1.0,1.0,187.0,0.46880570409982186,0.6451604098490499,0.39655842797906704,0.6666666666666665,0.7142834159791375,0.0,0.0,0.09090909090909091,3466.044999999993,1725.498948352808,0.0,fixed_auv_ga_pso_tlbo_proxy,traffic,21241138,3
1.0,1.0,143.0,0.4195804195804194,0.6234721737782514,0.21693529361796135,0.6666666666666665,0.706153688290109,0.0,0.0,0.3146853146853147,3515.6550000000043,1379.7999999999986,0.0,independent_greedy,traffic,21241138,3
0.0,0.6666666666666666,300.0,0.7177777777777777,0.6294439999977248,0.47573972221537064,1.0,0.703386318840575,0.0,0.0,0.06,7990.930885986965,3482.990933084345,0.0,communication_aware,traffic,21241138,3
1.0,1.0,194.0,0.4123711340206185,0.6944520845312204,0.4062439592866774,0.6666666666666665,0.7580199865942836,0.0,0.0,0.18556701030927836,5560.071915562067,1337.4098968377725,346.0,haco_safemarl_pilot_no_acoustic,traffic,21241138,3
0.0,1.0,155.0,0.4623655913978494,0.6848460947960003,0.4267773348710846,0.8541666666666666,0.8051218629960444,0.012903225806451613,0.0,0.18064516129032257,4839.637692560813,1018.6388966028871,0.0,haco_safemarl_pilot_no_shield,traffic,21241138,3
0.0,0.3333333333333333,300.0,0.5366666666666666,0.7328529283575962,0.6109427588121871,0.6777777777777779,0.5955245500625109,0.0,0.0,0.11,8370.036537437176,2972.911501193842,592.0,haco_safemarl_pilot,traffic,21241138,3
0.0,0.0,300.0,0.0,0.8743778356028238,0.8483142584900112,0.0,0.9999999998888889,0.0,0.0,0.06666666666666667,175.43838216621805,129.71937331511936,167.0,mappo_acoustic_shield,traffic,21241138,3
0.0,0.6666666666666666,300.0,0.4255555555555555,0.6328175385600195,0.45604948330489803,0.6666666666666669,0.7764724677331402,0.0,41.0,0.1,5560.499999999976,2050.303326290451,0.0,fixed_auv_ga_pso_tlbo_proxy,traffic,21251145,3
0.0,1.0,258.0,0.5904392764857881,0.4621929110748365,0.13142240828373694,0.6666666666666667,0.4865188067007287,0.015503875968992248,60.0,0.09302325581395349,6342.9300000000085,2053.4000000000015,0.0,independent_greedy,traffic,21251145,3
0.0,0.3333333333333333,300.0,0.5877777777777777,0.7293845998866264,0.6618911537794294,1.0,0.8842696985025583,0.0,15.0,0.1,8050.579806026116,2782.420779807276,0.0,communication_aware,traffic,21251145,3
0.0,0.3333333333333333,300.0,0.5344444444444444,0.6686461007939314,0.539692749169969,0.6666666666666669,0.574940642688855,0.0,0.0,0.03,4995.5091594262685,1253.388700538486,770.0,haco_safemarl_pilot_no_acoustic,traffic,21251145,3
0.0,0.3333333333333333,300.0,0.62,0.6167090185597406,0.4817437067211449,1.0,0.5813031158872956,0.006666666666666667,0.0,0.09,9183.543309513938,2842.7706010248453,0.0,haco_safemarl_pilot_no_shield,traffic,21251145,3
0.0,0.3333333333333333,300.0,0.5,0.7735226243513378,0.7009170239388169,0.6666666666666669,0.6481783785030887,0.0,0.0,0.07,4835.538138751892,1424.3482622421739,791.0,haco_safemarl_pilot,traffic,21251145,3
0.0,0.0,300.0,0.0011111111111111111,0.8805741034812745,0.855335220296339,0.01111111111111111,0.9999975252628365,0.0,0.0,0.0,697.7008382622445,86.04689612004132,83.0,mappo_acoustic_shield,traffic,21251145,3
1.0,1.0,289.0,0.0,0.9258858777811619,0.911788309981988,0.0,0.9999999998888889,0.0,0.0,0.0,5356.614999999978,2096.841162956812,0.0,fixed_auv_ga_pso_tlbo_proxy,traffic,21261152,3
1.0,1.0,221.0,0.19004524886877827,0.807964324772875,0.5843921601239987,0.3333333333333332,0.900812505134007,0.0,0.0,0.0,5433.285000000007,1710.799999999999,0.0,independent_greedy,traffic,21261152,3
1.0,1.0,250.0,0.0,0.9259071545711477,0.9117055631253275,0.0,0.9999999998888889,0.0,0.0,0.0,7093.75,2586.633828773846,0.0,communication_aware,traffic,21261152,3
1.0,1.0,215.0,0.023255813953488372,0.9072924357529547,0.8436791694433097,0.22727272727272724,0.9988674970525412,0.0,0.0,0.0,6938.071249999998,1598.3152863169091,87.0,haco_safemarl_pilot_no_acoustic,traffic,21261152,3
1.0,1.0,215.0,0.11782945736434103,0.894040516899704,0.8038209759583392,0.33333333333333326,0.9655486066909648,0.0,0.0,0.0,6875.2942932328115,1532.2394876968622,0.0,haco_safemarl_pilot_no_shield,traffic,21261152,3
1.0,1.0,215.0,0.010852713178294572,0.9078565497232268,0.8453305233870724,0.10606060606060605,0.9997592976253642,0.0,0.0,0.0,6937.039825305762,1555.31212144372,81.0,haco_safemarl_pilot,traffic,21261152,3
0.0,0.0,300.0,0.0,0.9328020473966614,0.9210522883288451,0.0,0.9999999998888889,0.0,0.0,0.0,1336.5375825230458,18.50067341196641,48.0,mappo_acoustic_shield,traffic,21261152,3
0.0,1.0,220.0,0.55,0.5517187345094795,0.3585806192073169,0.6666666666666665,0.5664335662575187,0.05,36.0,0.10454545454545454,4077.699999999988,1990.0284396045913,0.0,fixed_auv_ga_pso_tlbo_proxy,traffic,21271159,3
0.0,1.0,169.0,0.5522682445759369,0.547532898937285,0.28190752086880627,0.6666666666666666,0.5572931873731454,0.0,27.0,0.05325443786982249,4154.865000000005,1701.4000000000035,0.0,independent_greedy,traffic,21271159,3
0.0,0.3333333333333333,300.0,0.5922222222222222,0.6481567014240732,0.5179714910041976,0.6666666666666669,0.484794494258544,0.05,84.0,0.14333333333333334,7980.283644994828,3529.916932326018,0.0,communication_aware,traffic,21271159,3
0.0,0.6666666666666666,300.0,0.5233333333333333,0.6087765803401589,0.44818731727796973,0.6666666666666669,0.6205128203245295,0.016666666666666666,0.0,0.11,8384.57356937348,2873.8466913007683,620.0,haco_safemarl_pilot_no_acoustic,traffic,21271159,3
0.0,0.3333333333333333,300.0,0.5944444444444443,0.5386206760531128,0.3244850914757497,0.6666666666666669,0.4820861873364389,0.013333333333333334,30.0,0.15666666666666668,8818.937774683442,3142.99552001347,0.0,haco_safemarl_pilot_no_shield,traffic,21271159,3
0.0,0.3333333333333333,300.0,0.52,0.7485204007335983,0.6537947844931292,0.6666666666666669,0.6295719054864167,0.016666666666666666,0.0,0.14666666666666667,8262.320976578789,3070.000420068203,626.0,haco_safemarl_pilot,traffic,21271159,3
0.0,0.0,300.0,0.017777777777777778,0.858661269664325,0.8298440327607527,0.17777777777777773,0.9993452416340041,0.04666666666666667,0.0,0.17,633.9043954122772,114.47426177986628,515.0,mappo_acoustic_shield,traffic,21271159,3
0.0,0.6666666666666666,300.0,0.2955555555555555,0.7600837618655321,0.6643036308157183,0.6666666666666669,0.9189918331488077,0.0,0.0,0.09333333333333334,5560.499999999976,3158.4807208084276,0.0,fixed_auv_ga_pso_tlbo_proxy,traffic,21281166,3
1.0,1.0,236.0,0.4180790960451979,0.7168540838858404,0.47587115294915433,0.6666666666666666,0.7034679396294163,0.0,0.0,0.01694915254237288,5802.060000000008,2753.000000000014,0.0,independent_greedy,traffic,21281166,3
0.0,0.3333333333333333,300.0,0.34444444444444444,0.8192707625738163,0.7560987316800388,0.6666666666666669,0.8786942515597835,0.0,0.0,0.08,8209.077559326923,3786.0555720898924,0.0,communication_aware,traffic,21281166,3
0.0,0.6666666666666666,300.0,0.34111111111111103,0.7695741444011682,0.6026560723979943,0.6666666666666669,0.8843779155642554,0.0,0.0,0.07333333333333333,8877.17909730665,2750.699230010294,386.0,haco_safemarl_pilot_no_acoustic,traffic,21281166,3
1.0,1.0,267.0,0.3370786516853932,0.7560387657800872,0.579986533387708,0.6666666666666669,0.9207641437974027,0.0,0.0,0.0449438202247191,8188.963152690241,2355.7783140150013,0.0,haco_safemarl_pilot_no_shield,traffic,21281166,3
0.0,0.3333333333333333,300.0,0.3466666666666667,0.8192544662239652,0.7441660654890794,0.6666666666666669,0.8762640468797013,0.0,0.0,0.03333333333333333,8935.995197809436,3346.4467561389897,370.0,haco_safemarl_pilot,traffic,21281166,3
0.0,0.0,300.0,0.0,0.9248025936247475,0.9115101962616264,0.0,0.9999999998888889,0.0,0.0,0.23,645.8538533461133,188.33417069466176,87.0,mappo_acoustic_shield,traffic,21281166,3
1.0,1.0,238.0,0.28151260504201675,0.7700104876530091,0.5442884238781938,0.6666666666666666,0.9032341098520994,0.0,0.0,0.0,4411.329999999985,2107.6028218468314,0.0,fixed_auv_ga_pso_tlbo_proxy,traffic,21291173,3
1.0,1.0,182.0,0.37179487179487175,0.7610184134105988,0.545701261534623,0.6666666666666665,0.84523424626594,0.0,0.0,0.0,4474.470000000006,1853.6000000000035,0.0,independent_greedy,traffic,21291173,3
0.0,0.6666666666666666,300.0,0.4544444444444444,0.7727081040195858,0.6498601762733084,0.6666666666666669,0.7416530535479752,0.0,0.0,0.0,8193.77421604374,3558.608108048107,0.0,communication_aware,traffic,21291173,3
1.0,1.0,223.0,0.2780269058295963,0.7896347466588862,0.7376948662172528,0.6666666666666664,0.9969998843990587,0.0,0.0,0.0,7063.12258621916,1801.671929389949,257.0,haco_safemarl_pilot_no_acoustic,traffic,21291173,3
1.0,1.0,188.0,0.37411347517730503,0.7612588028615532,0.7025256535944419,1.0,0.9627148759298013,0.0,0.0,0.0425531914893617,5955.266348485294,1488.9016980084255,0.0,haco_safemarl_pilot_no_shield,traffic,21291173,3
1.0,1.0,240.0,0.28472222222222227,0.7959330862175483,0.7389670632532558,0.6666666666666666,0.9911581478559044,0.0,0.0,0.0,7580.260998952075,2016.9195116182418,295.0,haco_safemarl_pilot,traffic,21291173,3
0.0,0.0,300.0,0.0,0.9091485281789224,0.8644796628656807,0.0,0.9999999998888889,0.0,0.0,0.0,434.69505741900684,100.24330868028605,116.0,mappo_acoustic_shield,traffic,21291173,3
0.0,1.0,293.0,0.07736063708759952,0.8800329234092157,0.8281977639517233,0.3333333333333334,0.9861342879734163,0.0,46.0,0.0,5430.754999999977,2805.1682747192904,0.0,fixed_auv_ga_pso_tlbo_proxy,traffic,21301180,3
0.0,1.0,224.0,0.31398809523809523,0.8191138726420355,0.7650663942821668,0.6666666666666664,0.8996626067523422,0.0,36.0,0.0,5507.040000000007,2352.1999999999994,0.0,independent_greedy,traffic,21301180,3
0.0,0.6666666666666666,300.0,0.11555555555555555,0.8729279889351383,0.8243852907117176,0.3444444444444445,0.9678994239690956,0.0,40.0,0.0,8432.449274602293,3911.7019100289676,0.0,communication_aware,traffic,21301180,3
1.0,1.0,218.0,0.11162079510703363,0.8708087616943041,0.8501688237273016,0.5757575757575756,0.9848693057946387,0.0,0.0,0.0,6888.4213112768,1747.7651479180033,167.0,haco_safemarl_pilot_no_acoustic,traffic,21301180,3
0.0,1.0,218.0,0.16819571865443428,0.8572995595145404,0.7965446493048292,0.46969696969696967,0.940428750151922,0.0,119.0,0.0,6798.773471349204,1691.1698587120911,0.0,haco_safemarl_pilot_no_shield,traffic,21301180,3
1.0,1.0,218.0,0.11009174311926603,0.871195577484553,0.850617225555065,0.5606060606060604,0.9847715734679986,0.0,0.0,0.0,6885.9920792160865,1737.9207169855815,166.0,haco_safemarl_pilot,traffic,21301180,3
0.0,0.0,300.0,0.0,0.9048802632705097,0.8480151688555427,0.0,0.9999999998888889,0.0,0.0,0.14666666666666667,474.4368300806977,259.99973335382276,204.0,mappo_acoustic_shield,traffic,21301180,3
0.0,0.6666666666666666,300.0,0.5722222222222222,0.6151549844166584,0.4483264633837111,1.0,0.6888579060671677,0.0,47.0,0.02,5560.499999999976,3222.191011709742,0.0,fixed_auv_ga_pso_tlbo_proxy,traffic,21311187,3
0.0,1.0,247.0,0.620782726045884,0.5126918788517351,0.22000487780893085,1.0,0.6826697787433624,0.0,36.0,0.0,6072.495000000008,2849.60000000001,0.0,independent_greedy,traffic,21311187,3
0.0,0.3333333333333333,300.0,0.6499999999999999,0.7205977690781379,0.6585540544916868,1.0,0.7221142715179477,0.0,40.0,0.0,7992.107168079542,3170.299194446187,0.0,communication_aware,traffic,21311187,3
1.0,1.0,244.0,0.2117486338797814,0.8047324108864934,0.7622598472571707,0.33333333333333337,0.965171057080554,0.0,0.0,0.0,7607.129281568068,2041.7061362379218,295.0,haco_safemarl_pilot_no_acoustic,traffic,21311187,3
0.0,1.0,240.0,0.4305555555555556,0.7001920191829142,0.5580838039071089,0.6666666666666666,0.7154226567196602,0.0,34.0,0.0,7511.5613431851325,1733.868313582667,0.0,haco_safemarl_pilot_no_shield,traffic,21311187,3
1.0,1.0,246.0,0.17886178861788615,0.812781121526396,0.7780865303735254,0.33333333333333337,0.9768265822424546,0.0,0.0,0.0,7618.967997975746,2008.964329236052,298.0,haco_safemarl_pilot,traffic,21311187,3
0.0,0.0,300.0,0.0,0.8719175711399562,0.8533198628794876,0.0,0.9999999998888889,0.0,0.0,0.0,592.3541683399319,889.3975084562426,377.0,mappo_acoustic_shield,traffic,21311187,3
0.0,0.3333333333333333,300.0,0.2933333333333333,0.7726980832829127,0.5988486104638616,0.6666666666666669,0.9174741424365528,0.0,112.0,0.09,5560.499999999976,2445.7615135672045,0.0,fixed_auv_ga_pso_tlbo_proxy,traffic,21321194,3
0.0,0.6666666666666666,300.0,0.5544444444444444,0.5645548070625734,0.19781763336832436,1.0,0.8226587876395297,0.0,84.0,0.0,7375.50000000001,2771.400000000015,0.0,independent_greedy,traffic,21321194,3
0.0,0.3333333333333333,300.0,0.43333333333333335,0.7847657793307232,0.7041697942654411,1.0,0.9436837404672647,0.0,100.0,0.08333333333333333,8144.8041025530865,2842.493903247467,0.0,communication_aware,traffic,21321194,3
0.0,0.6666666666666666,300.0,0.19555555555555554,0.7776450122839558,0.5360706803397485,0.35555555555555557,0.8975001710828453,0.0,0.0,0.0,8618.052593948201,2414.7219510248087,415.0,haco_safemarl_pilot_no_acoustic,traffic,21321194,3
0.0,1.0,300.0,0.24888888888888885,0.746506218624298,0.4268038379912684,0.5777777777777777,0.8611400055826238,0.0,83.0,0.03,9578.14117053115,2338.0226349115997,0.0,haco_safemarl_pilot_no_shield,traffic,21321194,3
0.0,0.0,300.0,0.28777777777777774,0.8160173919488996,0.7253961760884589,0.6666666666666669,0.909908473276394,0.0,0.0,0.0,8435.586611529621,2849.301428921271,526.0,haco_safemarl_pilot,traffic,21321194,3
0.0,0.0,300.0,0.0,0.89636249926103,0.8862448116255003,0.0,0.9999999998888889,0.0,0.0,0.09,1620.3213799575387,379.17204435830587,165.0,mappo_acoustic_shield,traffic,21321194,3
0.0,0.6666666666666666,300.0,0.26555555555555554,0.7844273094954153,0.6795800672937257,0.6666666666666669,0.9267894829967841,0.0,0.0,0.0,5560.499999999976,2886.3830045631703,0.0,fixed_auv_ga_pso_tlbo_proxy,traffic,21331201,3
1.0,1.0,249.0,0.5327978580990629,0.6746546870092158,0.5437992999758366,0.6666666666666667,0.5911263823816157,0.0,0.0,0.0,6121.665000000008,2758.600000000005,0.0,independent_greedy,traffic,21331201,3
0.0,0.6666666666666666,300.0,0.26999999999999996,0.8239649980621749,0.7888311275332843,0.6666666666666669,0.9092879666116102,0.0,0.0,0.0,8344.838133470184,3667.236805575604,0.0,communication_aware,traffic,21331201,3
1.0,1.0,245.0,0.2693877551020408,0.7895286648007346,0.6435902732425621,0.6666666666666667,0.9241796381227462,0.0,0.0,0.0,7943.703856725254,1924.3505744830863,272.0,haco_safemarl_pilot_no_acoustic,traffic,21331201,3
1.0,1.0,241.0,0.3596127247579529,0.7084636307837937,0.5429341008397106,0.6666666666666667,0.8632806992210014,0.0,0.0,0.0,7601.27810256378,1821.7678984348427,0.0,haco_safemarl_pilot_no_shield,traffic,21331201,3
1.0,1.0,245.0,0.2571428571428571,0.8029832888418164,0.6830116010902674,0.6666666666666667,0.9344919030008311,0.0,0.0,0.0,7996.420975564175,1860.0564916959754,269.0,haco_safemarl_pilot,traffic,21331201,3
0.0,0.0,300.0,0.09333333333333332,0.8665593600313277,0.8049757402810547,0.3333333333333334,0.9792460820389604,0.0,0.0,0.0,493.5855399430233,81.56040702214045,302.0,mappo_acoustic_shield,traffic,21331201,3
0.0,1.0,292.0,0.5947488584474886,0.4919846622214614,0.24312727397700667,0.6666666666666669,0.4814763873471231,0.0,48.0,0.0,5412.2199999999775,2969.468961005958,0.0,fixed_auv_ga_pso_tlbo_proxy,traffic,21341208,3
0.0,1.0,223.0,0.641255605381166,0.45194749092486447,0.14364970576248648,0.9855072463768115,0.4818551420973901,0.0,37.0,0.0,5482.455000000007,2481.4000000000015,0.0,independent_greedy,traffic,21341208,3
0.0,0.3333333333333333,300.0,0.6988888888888889,0.6187889306805647,0.49325284666093266,1.0,0.5082175946788766,0.0,41.0,0.0,7879.5055462146875,2978.7496503818275,0.0,communication_aware,traffic,21341208,3
1.0,1.0,240.0,0.5527777777777778,0.6392706382803892,0.35705086663139396,0.6666666666666666,0.5609695394020894,0.0,0.0,0.0,5865.762516718992,1425.4746708511586,565.0,haco_safemarl_pilot_no_acoustic,traffic,21341208,3
0.0,1.0,217.0,0.5852534562211982,0.587410056303845,0.3306356496706814,0.6666666666666665,0.5006799355532443,0.0,35.0,0.0,6707.331380107984,1700.4803282742712,0.0,haco_safemarl_pilot_no_shield,traffic,21341208,3
0.0,0.3333333333333333,300.0,0.6388888888888888,0.6976445664734497,0.6002736628527975,1.0,0.5383784167038544,0.0,0.0,0.0,5570.304162306173,1874.4035912373897,871.0,haco_safemarl_pilot,traffic,21341208,3
0.0,0.0,300.0,0.03222222222222222,0.8830837036906984,0.8489983858800039,0.32222222222222224,0.9977877821796777,0.0,0.0,0.043333333333333335,627.2815792165801,436.5093780873377,229.0,mappo_acoustic_shield,traffic,21341208,3
0.0,0.6666666666666666,300.0,0.5633333333333334,0.5709218836996398,0.4104243555325615,1.0,0.6971765180998674,0.0,157.0,0.22333333333333333,5560.499999999976,2753.4869418064477,0.0,fixed_auv_ga_pso_tlbo_proxy,traffic,21351215,3
0.0,0.6666666666666666,300.0,0.6422222222222221,0.49951802176175547,0.10463054203548146,1.0,0.7051606404998471,0.0,120.0,0.12,7375.50000000001,3167.2000000000144,0.0,independent_greedy,traffic,21351215,3
0.0,0.0,300.0,0.6544444444444444,0.695482948510396,0.6324874729531211,1.0,0.7465632351727781,0.0,137.0,0.23666666666666666,7950.676101691957,2887.655046034388,0.0,communication_aware,traffic,21351215,3
0.0,0.3333333333333333,300.0,0.5733333333333334,0.6338385164733209,0.42367153604290264,1.0,0.6492655603471683,0.0,27.0,0.19666666666666666,5446.913738194537,1732.4351398246113,920.0,haco_safemarl_pilot_no_acoustic,traffic,21351215,3
0.0,0.3333333333333333,300.0,0.6633333333333333,0.5410587058806391,0.44303834698040534,1.0,0.7515286947141313,0.0,151.0,0.18,9137.555427732716,2822.9519539218763,0.0,haco_safemarl_pilot_no_shield,traffic,21351215,3
0.0,0.0,300.0,0.5088888888888888,0.7512323891575147,0.6447744772349211,0.9222222222222222,0.7135333345597192,0.0,26.0,0.15666666666666668,5636.375922789308,2243.6717091560536,918.0,haco_safemarl_pilot,traffic,21351215,3
0.0,0.0,300.0,0.0,0.8772639444384789,0.8564473419362103,0.0,0.9999999998888889,0.0,42.0,0.1,1132.5048982825551,618.8532223627215,290.0,mappo_acoustic_shield,traffic,21351215,3
0.0,1.0,202.0,0.2442244224422442,0.7750274707037546,0.7263129402313112,0.6666666666666665,0.9472638431794683,0.04455445544554455,0.0,0.21287128712871287,3744.0699999999906,1844.295241569786,0.0,fixed_auv_ga_pso_tlbo_proxy,traffic,21361222,3
1.0,1.0,155.0,0.2559139784946236,0.7706622562476556,0.7338665513696139,0.6666666666666666,0.9432546997064115,0.0,0.0,0.10967741935483871,3810.6750000000047,1670.400000000003,0.0,independent_greedy,traffic,21361222,3
0.0,0.6666666666666666,300.0,0.42333333333333334,0.7296887523038085,0.686080665989121,0.6666666666666669,0.7869632666017293,0.023333333333333334,0.0,0.14,8135.13780892086,3650.4576544067154,0.0,communication_aware,traffic,21361222,3
1.0,1.0,212.0,0.31761006289308186,0.7737477718342847,0.6835392152421986,0.6666666666666665,0.9083000595990655,0.0,0.0,0.18867924528301888,6409.31254395441,1884.1929140038653,330.0,haco_safemarl_pilot_no_acoustic,traffic,21361222,3
1.0,1.0,166.0,0.3212851405622489,0.7808923550202214,0.6975717244965435,0.6666666666666666,0.948382062176175,0.0,0.0,0.15060240963855423,5161.239528848907,1532.500227791516,0.0,haco_safemarl_pilot_no_shield,traffic,21361222,3
0.0,0.6666666666666666,300.0,0.4033333333333333,0.7723143461330182,0.6880168289519986,0.6666666666666669,0.8240644689037512,0.0,0.0,0.16,8787.599720266624,2999.709589669946,527.0,haco_safemarl_pilot,traffic,21361222,3
0.0,0.0,300.0,0.028888888888888888,0.8772786856086779,0.8652204247502889,0.28888888888888886,0.999432167458297,0.0,0.0,0.2733333333333333,821.1107927554475,60.81986636245851,209.0,mappo_acoustic_shield,traffic,21361222,3
0.0,1.0,223.0,0.257100149476831,0.7936501943304481,0.7179059921125571,0.6666666666666664,0.9431532241801087,0.0,31.0,0.19282511210762332,4133.304999999988,2005.4180354355597,0.0,fixed_auv_ga_pso_tlbo_proxy,traffic,21371229,3
0.0,1.0,171.0,0.43859649122807015,0.7744396068566936,0.6424750422814761,0.6666666666666665,0.6544524923926773,0.005847953216374269,25.0,0.14035087719298245,4204.035000000005,1676.6000000000045,0.0,independent_greedy,traffic,21371229,3
0.0,0.3333333333333333,300.0,0.4022222222222222,0.7712092461238904,0.6843980401147444,0.6666666666666669,0.8153995242627985,0.0,0.0,0.12666666666666668,8158.624315597076,3461.141426103622,0.0,communication_aware,traffic,21371229,3
0.0,0.6666666666666666,300.0,0.36222222222222217,0.7285997391585831,0.6115289107369752,0.6666666666666669,0.8989991593788952,0.03333333333333333,0.0,0.10666666666666667,8844.15891208571,2760.8603032119045,490.0,haco_safemarl_pilot_no_acoustic,traffic,21371229,3
0.0,1.0,214.0,0.3535825545171341,0.7497022600977801,0.6247011564392723,0.6666666666666665,0.8663970257030151,0.004672897196261682,15.0,0.12149532710280374,6598.782634259919,2116.1903481469662,0.0,haco_safemarl_pilot_no_shield,traffic,21371229,3
0.0,0.3333333333333333,300.0,0.3922222222222222,0.7888390045289202,0.6843157231000583,0.6666666666666669,0.825515724679208,0.03333333333333333,0.0,0.08,8589.706947199189,3183.529571636209,471.0,haco_safemarl_pilot,traffic,21371229,3
0.0,0.0,300.0,0.0,0.8960108759817387,0.8899886838220167,0.0,0.9999999998888889,0.0,0.0,0.14,650.3421474878496,34.74597914151941,55.0,mappo_acoustic_shield,traffic,21371229,3
0.0,1.0,185.0,0.3441441441441442,0.7543826741373381,0.6051269355789031,0.6666666666666665,0.8775150670240881,0.0972972972972973,19.0,0.23783783783783785,3428.974999999993,1273.0018299926548,0.0,fixed_auv_ga_pso_tlbo_proxy,traffic,21381236,3
0.0,1.0,142.0,0.448356807511737,0.719787264341639,0.5586500542476189,0.6666666666666665,0.8638759832712437,0.09154929577464789,15.0,0.21830985915492956,3491.0700000000043,1035.8000000000002,0.0,independent_greedy,traffic,21381236,3
0.0,0.6666666666666666,300.0,0.5277777777777777,0.7083458542950865,0.5896288072193748,0.9777777777777777,0.7025394489242499,0.056666666666666664,17.0,0.14666666666666667,8076.370600871376,3273.075059045123,0.0,communication_aware,traffic,21381236,3
0.0,1.0,198.0,0.32996632996632985,0.7399365844439874,0.6838669669747636,0.75,0.9563726375807909,0.07575757575757576,6.0,0.20202020202020202,5594.349341234443,1281.8729194146,355.0,haco_safemarl_pilot_no_acoustic,traffic,21381236,3
0.0,1.0,158.0,0.40928270042194087,0.7277151233722876,0.6508842151609475,0.9166666666666666,0.9170234165801976,0.056962025316455694,14.0,0.24050632911392406,5014.423959372035,1228.2713734083745,0.0,haco_safemarl_pilot_no_shield,traffic,21381236,3
0.0,0.3333333333333333,300.0,0.4577777777777778,0.756910950526123,0.6802092727505116,0.6666666666666669,0.732340658259342,0.02666666666666667,6.0,0.12,8496.988506714539,2942.9905999090956,553.0,haco_safemarl_pilot,traffic,21381236,3
0.0,0.0,300.0,0.0,0.8962768873498971,0.8668857336709094,0.0,0.9999999998888889,0.0,5.0,0.17333333333333334,424.97074357629276,28.49579395781877,57.0,mappo_acoustic_shield,traffic,21381236,3
1.0,1.0,272.0,0.023284313725490197,0.9107834942693148,0.8981656612247173,0.22619047619047614,0.998864656583969,0.0,0.0,0.0,5041.51999999998,2566.6853977241535,0.0,fixed_auv_ga_pso_tlbo_proxy,traffic,21391243,3
1.0,1.0,208.0,0.43429487179487175,0.7592389064180182,0.6634464857466991,0.6666666666666665,0.7541502500582364,0.0,0.0,0.0,5113.680000000007,1879.400000000005,0.0,independent_greedy,traffic,21391243,3
1.0,1.0,236.0,0.015536723163841809,0.910858391993779,0.8976032895508806,0.15277777777777776,0.9995021097463674,0.0,0.0,0.0,6695.259388064837,2663.831101818793,0.0,communication_aware,traffic,21391243,3
1.0,1.0,202.0,0.024752475247524747,0.8997445782768072,0.8576316026058193,0.23809523809523805,0.9989532298553648,0.0,0.0,0.0,6444.7075,1541.8831249651773,61.0,haco_safemarl_pilot_no_acoustic,traffic,21391243,3
1.0,1.0,203.0,0.022988505747126433,0.8975885004562788,0.8482943362775675,0.22222222222222218,0.9988939581307795,0.0,0.0,0.0,6444.108761086799,1684.7557758847477,0.0,haco_safemarl_pilot_no_shield,traffic,21391243,3
1.0,1.0,202.0,0.01485148514851485,0.9003846134226395,0.8593256355080343,0.14285714285714285,0.9995456724164741,0.0,0.0,0.0,6441.6788649389955,1631.3237800716463,57.0,haco_safemarl_pilot,traffic,21391243,3
0.0,0.0,300.0,0.0,0.9067037322238882,0.8349655491062313,0.0,0.9999999998888889,0.0,0.0,0.0,479.49621334225293,149.27768570125232,58.0,mappo_acoustic_shield,traffic,21391243,3
0.0,1.0,225.0,0.30666666666666664,0.7722400098535103,0.5175178634091124,0.6666666666666664,0.789497588367295,0.0,125.0,0.0,4170.374999999987,2452.9835618903116,0.0,fixed_auv_ga_pso_tlbo_proxy,traffic,21401250,3
0.0,1.0,172.0,0.3372093023255814,0.6929481537903586,0.23314058681654615,0.48148148148148145,0.6898577392808599,0.0,96.0,0.0,4228.620000000004,2083.9999999999964,0.0,independent_greedy,traffic,21401250,3
0.0,0.6666666666666666,300.0,0.4755555555555555,0.7533897831130564,0.6139693299584184,0.6666666666666669,0.6776040048999509,0.0,214.0,0.0,8138.962133495825,3679.065424437709,0.0,communication_aware,traffic,21401250,3
0.0,0.6666666666666666,300.0,0.17666666666666667,0.8428729742711375,0.6499243444888557,0.3333333333333334,0.9156798293611178,0.0,0.0,0.056666666666666664,5782.520890435353,1879.2465342837884,650.0,haco_safemarl_pilot_no_acoustic,traffic,21401250,3
0.0,1.0,168.0,0.29365079365079366,0.7442775580040993,0.34846816993108753,0.3333333333333333,0.7431278730358497,0.0,51.0,0.0,5225.944160782671,1415.3528659820834,0.0,haco_safemarl_pilot_no_shield,traffic,21401250,3
0.0,0.6666666666666666,300.0,0.15666666666666668,0.8569665416378907,0.6927190401568944,0.3333333333333334,0.9354348428346364,0.0,0.0,0.06,5906.834368440372,1863.787881048318,651.0,haco_safemarl_pilot,traffic,21401250,3
0.0,0.0,300.0,0.0,0.8853052012164936,0.8262313903765103,0.0,0.9999999998888889,0.0,0.0,0.0,515.2714830767001,321.1655621370687,280.0,mappo_acoustic_shield,traffic,21401250,3
1.0,1.0,272.0,0.5980392156862745,0.6527073865224198,0.48543888891069087,1.0,0.8876128239058365,0.0,0.0,0.16544117647058823,5041.51999999998,2800.767649089918,0.0,fixed_auv_ga_pso_tlbo_proxy,traffic,21411257,3
1.0,1.0,208.0,0.40064102564102566,0.6063979735846647,0.19369779814853294,0.6666666666666665,0.6975454553016637,0.0,0.0,0.10096153846153846,5113.680000000007,2281.400000000013,0.0,independent_greedy,traffic,21411257,3
0.0,0.6666666666666666,300.0,0.7766666666666666,0.6925694803563288,0.6324840193587967,1.0,0.8852297359786436,0.0,0.0,0.11333333333333333,7893.021971532354,3135.384439012794,0.0,communication_aware,traffic,21411257,3
1.0,1.0,202.0,0.31353135313531355,0.7700173822654653,0.557649235998842,0.33333333333333326,0.7056137259484301,0.0,0.0,0.0,6466.28328144294,1530.9995737103914,199.0,haco_safemarl_pilot_no_acoustic,traffic,21411257,3
1.0,1.0,202.0,0.3151815181518152,0.6876896696041281,0.31280955150444656,0.33333333333333326,0.7024230484134083,0.0,0.0,0.0,6324.478061913445,1465.9323938249493,0.0,haco_safemarl_pilot_no_shield,traffic,21411257,3
1.0,1.0,203.0,0.26929392446633826,0.7960924857881119,0.6359336062072463,0.33333333333333326,0.7863845569107483,0.0,0.0,0.0,6542.164456607549,1602.0665185401476,208.0,haco_safemarl_pilot,traffic,21411257,3
0.0,0.0,300.0,0.0,0.8429863894874797,0.8272820899478314,0.0,0.9999999998888889,0.0,0.0,0.10666666666666667,712.544731506113,223.5143655196671,479.0,mappo_acoustic_shield,traffic,21411257,3
0.0,0.6666666666666666,300.0,0.731111111111111,0.5235393924200663,0.32355621863878653,1.0,0.7980268706316952,0.0,63.0,0.0,5560.499999999976,2387.1716368212747,0.0,fixed_auv_ga_pso_tlbo_proxy,traffic,21421264,3
0.0,1.0,236.0,0.748587570621469,0.4591004184073309,0.1254459712611171,1.0,0.5317356421035889,0.0,48.0,0.0,5802.060000000008,2109.8000000000015,0.0,independent_greedy,traffic,21421264,3
0.0,0.0,300.0,0.7733333333333333,0.6899422371026392,0.608372576696141,1.0,0.8418497375133212,0.0,145.0,0.0,7871.998331784724,2913.6768943958177,0.0,communication_aware,traffic,21421264,3
0.0,0.3333333333333333,300.0,0.5411111111111112,0.6661552950731009,0.46569264323222315,1.0,0.7535530782988525,0.0,0.0,0.043333333333333335,8051.381455482591,2633.2637067096025,735.0,haco_safemarl_pilot_no_acoustic,traffic,21421264,3
0.0,0.3333333333333333,300.0,0.7544444444444446,0.5379326270790916,0.40907775920568396,1.0,0.8135692023850012,0.0,70.0,0.0,9047.339105252602,2963.3872386008006,0.0,haco_safemarl_pilot_no_shield,traffic,21421264,3
0.0,0.3333333333333333,300.0,0.5433333333333333,0.7430261936125413,0.6631845413351137,1.0,0.7622960803781373,0.0,0.0,0.0,7825.369866123726,2756.290588238172,790.0,haco_safemarl_pilot,traffic,21421264,3
0.0,0.0,300.0,0.0,0.8479175321666513,0.8327104328229288,0.0,0.9999999998888889,0.0,0.0,0.0,1218.9826478445975,1044.4641650741396,447.0,mappo_acoustic_shield,traffic,21421264,3
0.0,0.6666666666666666,300.0,0.4655555555555555,0.6680404730013231,0.5304647959007697,0.6666666666666669,0.7248628510483535,0.0,0.0,0.0,5560.499999999976,3017.686176946759,0.0,fixed_auv_ga_pso_tlbo_proxy,traffic,21431271,3
1.0,1.0,257.0,0.5512321660181582,0.5428713472532155,0.15317023297913251,0.7564102564102563,0.7180576045907139,0.0,0.0,0.0,6318.345000000008,2809.400000000011,0.0,independent_greedy,traffic,21431271,3
0.0,0.3333333333333333,300.0,0.5744444444444444,0.7500073701131166,0.669675075135678,1.0,0.7676153991476297,0.0,0.0,0.0,8045.023041875536,3103.6275503879942,0.0,communication_aware,traffic,21431271,3
1.0,1.0,250.0,0.2373333333333333,0.7996673560639274,0.6457109083542641,0.5066666666666666,0.9290987980813155,0.0,0.0,0.0,8058.009346995372,1936.3561529186898,248.0,haco_safemarl_pilot_no_acoustic,traffic,21431271,3
1.0,1.0,250.0,0.3679999999999999,0.7293901248633902,0.4925690685929541,0.6666666666666667,0.7959951531940646,0.0,0.0,0.0,7877.88348010406,1859.1296875288647,0.0,haco_safemarl_pilot_no_shield,traffic,21431271,3
1.0,1.0,250.0,0.22,0.8133768212172108,0.682874386430151,0.35999999999999993,0.9428231383663337,0.0,0.0,0.0,8080.834734717831,1919.0991442352647,247.0,haco_safemarl_pilot,traffic,21431271,3
0.0,0.0,300.0,0.0,0.9122726835780248,0.8818766502242787,0.0,0.9999999998888889,0.0,0.0,0.09333333333333334,608.5622325221692,59.59027547356916,35.0,mappo_acoustic_shield,traffic,21431271,3
0.0,0.3333333333333333,300.0,0.6233333333333332,0.5788800411155606,0.4471265701831564,1.0,0.6829437874081703,0.0,0.0,0.16,5560.499999999976,2668.9638561117677,0.0,fixed_auv_ga_pso_tlbo_proxy,traffic,21441278,3
0.0,1.0,298.0,0.6991051454138701,0.5047447113721172,0.27253786982817596,1.0,0.7398194433467375,0.0738255033557047,0.0,0.33557046979865773,7326.330000000009,3201.400000000019,0.0,independent_greedy,traffic,21441278,3
0.0,0.0,300.0,0.6611111111111111,0.7241246473702424,0.6788450816361555,1.0,0.7061953884658606,0.0,0.0,0.11666666666666667,7947.667291756241,2913.873851655984,0.0,communication_aware,traffic,21441278,3
0.0,0.3333333333333333,300.0,0.5633333333333334,0.665614355376843,0.5562595726920186,1.0,0.9522426703307635,0.0,0.0,0.18333333333333332,4874.467212033237,1380.1276494203248,912.0,haco_safemarl_pilot_no_acoustic,traffic,21441278,3
0.0,0.3333333333333333,300.0,0.6344444444444446,0.6031012889551598,0.5524431578148093,1.0,0.9496573922786726,0.0,0.0,0.12333333333333334,9145.174819655771,2811.7332329960577,0.0,haco_safemarl_pilot_no_shield,traffic,21441278,3
0.0,0.3333333333333333,300.0,0.5788888888888889,0.7427619713559774,0.707885369405222,1.0,0.9502894374282947,0.0,0.0,0.16666666666666666,7051.9497102483,2368.8003417152104,836.0,haco_safemarl_pilot,traffic,21441278,3
0.0,0.0,300.0,0.0,0.881140993918493,0.8304114978645106,0.0,0.9999999998888889,0.0,0.0,0.0,224.38324775629755,252.04220261048042,161.0,mappo_acoustic_shield,traffic,21441278,3
0.0,0.6666666666666666,300.0,0.3711111111111111,0.7109833569554014,0.6119754970796327,1.0,0.9881309296340212,0.0,50.0,0.0,5560.499999999976,2361.39870896381,0.0,fixed_auv_ga_pso_tlbo_proxy,traffic,21451285,3
0.0,1.0,269.0,0.47087980173482036,0.6071851450925699,0.42643572048477335,1.0,0.9354666581103229,0.0,38.0,0.0,6613.365000000008,2575.6000000000067,0.0,independent_greedy,traffic,21451285,3
0.0,0.0,300.0,0.4655555555555555,0.7661849536554571,0.7179861019960323,1.0,0.9905891013013716,0.0,80.0,0.0,8099.8654049402385,2965.982933940779,0.0,communication_aware,traffic,21451285,3
0.0,0.3333333333333333,300.0,0.44555555555555554,0.7377172959450377,0.7015734095775421,1.0,0.9925301441382055,0.0,0.0,0.0,9247.260599616418,3110.5807365427736,487.0,haco_safemarl_pilot_no_acoustic,traffic,21451285,3
0.0,0.3333333333333333,300.0,0.5477777777777777,0.6175403768773915,0.5447164237554687,1.0,0.9895222899884889,0.0,42.0,0.0,9232.832908423077,2874.8691660612567,0.0,haco_safemarl_pilot_no_shield,traffic,21451285,3
0.0,0.0,300.0,0.4277777777777777,0.7992794824718376,0.7771664669886785,1.0,0.9976452972161548,0.0,0.0,0.0,9156.269157318195,3260.2846874140614,486.0,haco_safemarl_pilot,traffic,21451285,3
0.0,0.0,300.0,0.0,0.9065211262125971,0.8935370645534344,0.0,0.9999999998888889,0.0,0.0,0.0,413.8673157942754,121.22322705956591,117.0,mappo_acoustic_shield,traffic,21451285,3
1.0,1.0,292.0,0.5810502283105022,0.6550654624472195,0.4439073225169613,1.0,0.8182757087151995,0.0,0.0,0.0,5412.2199999999775,3034.4972233855397,0.0,fixed_auv_ga_pso_tlbo_proxy,traffic,21461292,3
1.0,1.0,223.0,0.6158445440956651,0.6053065180274864,0.444657110385365,1.0,0.6338736453178829,0.0,0.0,0.0,5482.455000000007,2617.6000000000054,0.0,independent_greedy,traffic,21461292,3
0.0,0.3333333333333333,300.0,0.6122222222222222,0.7337348506718828,0.6474497369605281,1.0,0.8263353206305998,0.0,0.0,0.0,8022.845989894639,3270.972430939564,0.0,communication_aware,traffic,21461292,3
1.0,1.0,238.0,0.2871148459383753,0.7729957202411727,0.605624869353985,0.6666666666666666,0.9162608438567801,0.0,0.0,0.0,7425.861340740765,1933.9694937577399,307.0,haco_safemarl_pilot_no_acoustic,traffic,21461292,3
1.0,1.0,217.0,0.4470046082949309,0.6884920858094539,0.511726420092253,0.712121212121212,0.7606705167639854,0.0,0.0,0.0,6812.80870261786,1558.5578352586301,0.0,haco_safemarl_pilot_no_shield,traffic,21461292,3
0.0,0.3333333333333333,300.0,0.3799999999999999,0.7889654889948785,0.7005542924390388,0.6666666666666669,0.895697050012333,0.0,0.0,0.0,9033.962974495471,3001.9432256013038,456.0,haco_safemarl_pilot,traffic,21461292,3
0.0,0.0,300.0,0.0,0.8737399421790044,0.8505480305024512,0.0,0.9999999998888889,0.0,0.0,0.0,378.29043528545617,106.95475179274106,235.0,mappo_acoustic_shield,traffic,21461292,3
1.0,1.0,285.0,0.7391812865497075,0.45058255800605923,0.22063140782393353,1.0,0.6825749769344294,0.0,0.0,0.0,5282.4749999999785,2467.9091142169646,0.0,fixed_auv_ga_pso_tlbo_proxy,traffic,21471299,3
1.0,1.0,218.0,0.591743119266055,0.43519592876758745,0.12673773820838216,0.6666666666666665,0.4816466342171206,0.0,0.0,0.0,5359.530000000007,2151.2000000000075,0.0,independent_greedy,traffic,21471299,3
0.0,0.3333333333333333,300.0,0.8388888888888889,0.5771213458717118,0.4577419277451319,1.0,0.8475430291337576,0.0,0.0,0.0,7786.7713049049025,3000.981068565032,0.0,communication_aware,traffic,21471299,3
0.0,0.3333333333333333,300.0,0.6244444444444445,0.5424067690844802,0.3001586619461202,0.9333333333333333,0.4799280803414767,0.0,0.0,0.10666666666666667,8977.345014371233,2933.6481219259617,627.0,haco_safemarl_pilot_no_acoustic,traffic,21471299,3
0.0,0.3333333333333333,300.0,0.721111111111111,0.5025405844776595,0.3119050980512955,1.0,0.484626804486062,0.0,0.0,0.11333333333333333,8837.757431604652,2976.0134007543757,0.0,haco_safemarl_pilot_no_shield,traffic,21471299,3
0.0,0.3333333333333333,300.0,0.6144444444444443,0.7182914000884203,0.605499513046797,0.9333333333333333,0.5023509433178068,0.0,0.0,0.10333333333333333,8822.413834579285,3007.512431413268,643.0,haco_safemarl_pilot,traffic,21471299,3
0.0,0.0,300.0,0.3,0.8311444512806323,0.7074817375971348,0.3333333333333334,0.7313432834608056,0.0,0.0,0.0,319.35092321310196,86.12072482437543,470.0,mappo_acoustic_shield,traffic,21471299,3
1.0,1.0,200.0,0.0,0.9126404659979447,0.8972692521131213,0.0,0.9999999998888889,0.0,0.0,0.0,3706.999999999991,1458.4071624875455,0.0,fixed_auv_ga_pso_tlbo_proxy,traffic,21481306,3
1.0,1.0,153.0,0.10893246187363832,0.8674030612771343,0.8008093350222221,0.3333333333333333,0.9709776468517736,0.0,0.0,0.0,3761.5050000000047,1171.5999999999995,0.0,independent_greedy,traffic,21481306,3
1.0,1.0,173.0,0.0,0.9125756944610957,0.8971539647814482,0.0,0.9999999998888889,0.0,0.0,0.0,4908.875,1598.0993639549724,0.0,communication_aware,traffic,21481306,3
1.0,1.0,149.0,0.013422818791946308,0.9064064567117062,0.8867412807662695,0.13333333333333333,0.9996299207815208,0.0,0.0,0.0,4826.461249999998,1162.4126279137017,37.0,haco_safemarl_pilot_no_acoustic,traffic,21481306,3
1.0,1.0,149.0,0.07382550335570472,0.9010930132728756,0.8832814332349249,0.33333333333333326,0.9874520376212889,0.0,0.0,0.0,4788.0010666427925,1191.36325447927,0.0,haco_safemarl_pilot_no_shield,traffic,21481306,3
1.0,1.0,149.0,0.013422818791946308,0.9065250480064214,0.8868798855688427,0.13333333333333333,0.9996299207815208,0.0,0.0,0.0,4828.023584114076,1141.0295306863325,37.0,haco_safemarl_pilot,traffic,21481306,3
0.0,0.0,300.0,0.0,0.8973629857665292,0.8925989325665636,0.0,0.9999999998888889,0.0,0.0,0.0,500.7622540325681,94.30318869319527,19.0,mappo_acoustic_shield,traffic,21481306,3
0.0,0.3333333333333333,300.0,0.26,0.8266781879281192,0.7512824293437314,0.6666666666666669,0.9414326645766125,0.0,46.0,0.0,5560.499999999976,2554.9281600578292,0.0,fixed_auv_ga_pso_tlbo_proxy,traffic,21491313,3
0.0,1.0,267.0,0.5518102372034955,0.598145429275833,0.34366713342431926,0.6666666666666669,0.7570236183077091,0.0,35.0,0.0,6564.195000000009,2200.8000000000084,0.0,independent_greedy,traffic,21491313,3
0.0,0.6666666666666666,300.0,0.31333333333333335,0.8433496752127126,0.7961761278550998,0.6666666666666669,0.9056555450866496,0.0,94.0,0.0,8288.973867031047,2806.5206584276316,0.0,communication_aware,traffic,21491313,3
0.0,0.6666666666666666,300.0,0.15888888888888889,0.838083094051782,0.8008334175686869,0.6666666666666669,0.9981154125280983,0.0,0.0,0.0,9396.647499474018,2712.8644354996754,400.0,haco_safemarl_pilot_no_acoustic,traffic,21491313,3
0.0,1.0,267.0,0.3033707865168539,0.777437192583798,0.6175148339611239,1.0,0.9337147790295813,0.0,34.0,0.0,8524.400182078723,2184.415805809886,0.0,haco_safemarl_pilot_no_shield,traffic,21491313,3
0.0,0.6666666666666666,300.0,0.13777777777777778,0.8437964034073931,0.8094698734848746,0.6666666666666669,0.9989913466682773,0.0,0.0,0.0,9383.641980097787,2883.2324609985963,379.0,haco_safemarl_pilot,traffic,21491313,3
0.0,0.0,300.0,0.0,0.9176991476669837,0.8798445868298811,0.0,0.9999999998888889,0.0,0.0,0.0,963.5904511560132,146.45413632402492,126.0,mappo_acoustic_shield,traffic,21491313,3
0.0,1.0,223.0,0.15844544095665167,0.8666658175230736,0.7711257279041057,0.39130434782608686,0.9405803679994122,0.0,87.0,0.0,4133.304999999988,1461.5035945734992,0.0,fixed_auv_ga_pso_tlbo_proxy,traffic,21501320,3
0.0,1.0,171.0,0.37037037037037035,0.7411449184485182,0.4334285631367338,0.6666666666666665,0.7062188194555534,0.0,67.0,0.0,4204.035000000005,1160.1999999999998,0.0,independent_greedy,traffic,21501320,3
0.0,1.0,202.0,0.18316831683168314,0.8654874062362031,0.7823245822797551,0.6666666666666665,0.9542698242416743,0.0,80.0,0.0,5678.05800561142,1897.1825824543982,0.0,communication_aware,traffic,21501320,3
0.0,1.0,199.0,0.22780569514237853,0.8625402787385962,0.7835895581772641,0.33333333333333326,0.9126439149365009,0.0,45.0,0.0,5438.314904265773,1363.7680851545147,286.0,haco_safemarl_pilot_no_acoustic,traffic,21501320,3
0.0,1.0,166.0,0.31726907630522083,0.8368655315411037,0.6605811004521428,0.3333333333333333,0.6983712724176916,0.0,93.0,0.0,5354.619647085699,1174.6704358394616,0.0,haco_safemarl_pilot_no_shield,traffic,21501320,3
0.0,1.0,199.0,0.11725293132328306,0.8671954911010499,0.8046058078297728,0.33333333333333326,0.9898988817513323,0.0,45.0,0.0,5390.638628801423,1420.01248004976,292.0,haco_safemarl_pilot,traffic,21501320,3
0.0,0.0,300.0,0.0,0.8804280647059077,0.8509149192179581,0.0,0.9999999998888889,0.0,10.0,0.0,378.7566331211141,325.9095035265525,155.0,mappo_acoustic_shield,traffic,21501320,3
0.0,0.6666666666666666,300.0,0.07777777777777777,0.900231092407006,0.8355486075548075,0.3333333333333334,0.9859739514974413,0.0,125.0,0.0,5560.499999999976,3446.3187052925887,0.0,fixed_auv_ga_pso_tlbo_proxy,traffic,21511327,3
0.0,1.0,288.0,0.18287037037037035,0.8089717468839914,0.732514287118373,0.6666666666666669,0.9509016122973536,0.0,96.0,0.0,7080.48000000001,3787.200000000016,0.0,independent_greedy,traffic,21511327,3
0.0,0.6666666666666666,300.0,0.11,0.90004628487485,0.8400441071992714,0.3333333333333334,0.9703540363741061,0.0,108.0,0.0,8423.017560516033,4239.346398516147,0.0,communication_aware,traffic,21511327,3
0.0,0.6666666666666666,300.0,0.06999999999999999,0.88691651503627,0.8464060006194049,0.3333333333333334,0.9887961585573725,0.0,0.0,0.0,7552.894423584917,2778.182261513628,448.0,haco_safemarl_pilot_no_acoustic,traffic,21511327,3
0.0,1.0,279.0,0.1947431302270012,0.8566049741752847,0.7753650501294349,0.4523809523809523,0.9117723799038739,0.0,204.0,0.0,8547.607312081205,2326.8404527652124,0.0,haco_safemarl_pilot_no_shield,traffic,21511327,3
0.0,0.6666666666666666,300.0,0.06555555555555555,0.8876898017257311,0.8484013285210357,0.3333333333333334,0.9902526169817236,0.0,0.0,0.0,7579.002472924492,2671.089682580545,436.0,haco_safemarl_pilot,traffic,21511327,3
0.0,0.0,300.0,0.0,0.8854910599642299,0.8595356073023419,0.0,0.9999999998888889,0.0,0.0,0.0,942.6493222407769,379.8516990612033,209.0,mappo_acoustic_shield,traffic,21511327,3
0.0,1.0,177.0,0.09981167608286251,0.8818021050207149,0.8159932479721156,0.33333333333333326,0.976001913565125,0.0,92.0,0.0,3280.6949999999943,1732.3704126263788,0.0,fixed_auv_ga_pso_tlbo_proxy,traffic,21521334,3
0.0,1.0,136.0,0.05637254901960784,0.8826508812239,0.8487268790516016,0.3333333333333333,0.9929127896788992,0.0,71.0,0.0,3343.560000000004,1478.199999999998,0.0,independent_greedy,traffic,21521334,3
0.0,1.0,225.0,0.18074074074074073,0.8633727482175009,0.7937729370012468,0.4347826086956521,0.9246009788545083,0.0,151.0,0.0,6283.567101727254,2946.3627349865583,0.0,communication_aware,traffic,21521334,3
1.0,1.0,132.0,0.11616161616161616,0.8713728020643186,0.8014419627345383,0.3333333333333333,0.966606697465185,0.0,0.0,0.0,4249.396250000004,1069.8898223434294,64.0,haco_safemarl_pilot_no_acoustic,traffic,21521334,3
1.0,1.0,132.0,0.11616161616161616,0.8556719910997589,0.7560504104808505,0.3333333333333333,0.966606697465185,0.0,0.0,0.0,4154.914061464937,1038.9536305909912,0.0,haco_safemarl_pilot_no_shield,traffic,21521334,3
1.0,1.0,132.0,0.11616161616161616,0.8736499429302462,0.8082185323955817,0.3333333333333333,0.966606697465185,0.0,0.0,0.0,4249.095005348428,1060.1431190214919,63.0,haco_safemarl_pilot,traffic,21521334,3
0.0,0.0,300.0,0.0,0.8684684274692209,0.8401286739425692,0.0,0.9999999998888889,0.0,0.0,0.0,348.7264943957708,280.72468045669666,165.0,mappo_acoustic_shield,traffic,21521334,3
0.0,1.0,223.0,0.4872944693572496,0.7475394554276923,0.6705733356207606,1.0,0.8525845885427442,0.1210762331838565,0.0,0.26905829596412556,4133.304999999988,2318.4447516995233,0.0,fixed_auv_ga_pso_tlbo_proxy,traffic,21531341,3
1.0,1.0,170.0,0.47058823529411764,0.6772463530376586,0.35453527104873056,0.980392156862745,0.7188073121065932,0.0,0.0,0.0,4179.450000000005,1856.999999999997,0.0,independent_greedy,traffic,21531341,3
0.0,0.6666666666666666,300.0,0.6833333333333333,0.7163124031968723,0.6686809964828089,1.0,0.8971470218723478,0.09666666666666666,0.0,0.21666666666666667,7963.083832344232,3175.966523837112,0.0,communication_aware,traffic,21531341,3
1.0,1.0,165.0,0.20404040404040402,0.8356853154764918,0.7481880894832318,0.5490196078431372,0.9376532693948487,0.0,0.0,0.10909090909090909,5320.701528374574,1209.5135448238839,165.0,haco_safemarl_pilot_no_acoustic,traffic,21531341,3
1.0,1.0,165.0,0.39393939393939387,0.7509677426134006,0.5271858715383139,0.6666666666666666,0.7720417930154337,0.0,0.0,0.10909090909090909,5160.308786967334,1130.9763942368836,0.0,haco_safemarl_pilot_no_shield,traffic,21531341,3
1.0,1.0,165.0,0.17171717171717168,0.841377514617737,0.7643058393703875,0.35294117647058826,0.961945636473883,0.0,0.0,0.10909090909090909,5327.542965001375,1144.9440702471068,156.0,haco_safemarl_pilot,traffic,21531341,3
0.0,0.3333333333333333,300.0,0.0,0.8730942734552186,0.8447844802775841,0.0,0.9999999998888889,0.0,0.0,0.24,952.4538204135464,167.35287360692166,270.0,mappo_acoustic_shield,traffic,21531341,3
0.0,1.0,279.0,0.5782556750298685,0.6287610599240241,0.4357586448603057,1.0,0.8336444217100404,0.021505376344086023,49.0,0.08602150537634409,5171.264999999979,2573.001262017544,0.0,fixed_auv_ga_pso_tlbo_proxy,traffic,21541348,3
0.0,1.0,213.0,0.6572769953051644,0.6134661440857287,0.42494194858520873,1.0,0.6713559816002638,0.046948356807511735,36.0,0.1267605633802817,5236.605000000007,2243.6000000000095,0.0,independent_greedy,traffic,21541348,3
0.0,0.3333333333333333,300.0,0.6588888888888889,0.6974252488274083,0.6083682913376858,1.0,0.8291676557433109,0.0,44.0,0.07666666666666666,7949.597516098045,3024.024679067014,0.0,communication_aware,traffic,21541348,3
0.0,0.6666666666666666,300.0,0.44666666666666666,0.7187085303011788,0.6410682387853537,0.8444444444444444,0.9717872757187941,0.0,0.0,0.14333333333333334,9064.933296223602,2571.6685108396796,586.0,haco_safemarl_pilot_no_acoustic,traffic,21541348,3
0.0,0.6666666666666666,300.0,0.6166666666666668,0.6092554205000102,0.5431452957068214,1.0,0.9329805989890787,0.0,37.0,0.15666666666666668,9096.65034652531,2764.3815901280154,0.0,haco_safemarl_pilot_no_shield,traffic,21541348,3
0.0,0.3333333333333333,300.0,0.4422222222222222,0.7767176125868155,0.7291501861210926,0.8,0.9195548254597339,0.0,0.0,0.08,8953.27073682494,3058.429828283753,569.0,haco_safemarl_pilot,traffic,21541348,3
0.0,0.0,300.0,0.0,0.8967464752418646,0.871793804341502,0.0,0.9999999998888889,0.0,0.0,0.14666666666666667,512.5981064943102,71.10302998632264,79.0,mappo_acoustic_shield,traffic,21541348,3
0.0,1.0,162.0,0.3333333333333333,0.7959535613974759,0.7060547559599795,0.6666666666666666,0.8887082844573977,0.0,104.0,0.06172839506172839,3002.6699999999964,1505.6679257109834,0.0,fixed_auv_ga_pso_tlbo_proxy,traffic,21551355,3
0.0,1.0,124.0,0.35483870967741926,0.7794044213575445,0.6432721213358755,0.6666666666666666,0.8321775310217933,0.0,80.0,0.0,3048.5400000000036,1205.1999999999985,0.0,independent_greedy,traffic,21551355,3
0.0,0.6666666666666666,300.0,0.5111111111111112,0.7452238042480268,0.6436226673066526,0.6666666666666669,0.646613628123033,0.0,235.0,0.06333333333333334,8073.718367723787,3604.0867071052444,0.0,communication_aware,traffic,21551355,3
0.0,0.6666666666666666,300.0,0.15111111111111108,0.8321710477961275,0.7012648477157777,0.3333333333333334,0.9404016187124028,0.0,19.0,0.04,6619.770866998847,2316.09964569505,693.0,haco_safemarl_pilot_no_acoustic,traffic,21551355,3
0.0,1.0,122.0,0.26502732240437155,0.7726638010629118,0.5642289145627273,0.6666666666666666,0.9371851159297372,0.0,78.0,0.08196721311475409,3867.796082214048,773.5710978603383,0.0,haco_safemarl_pilot_no_shield,traffic,21551355,3
0.0,1.0,285.0,0.15555555555555553,0.8360907051004475,0.7172790750641322,0.4022988505747125,0.9442011264889913,0.0,19.0,0.0,6784.467518663672,2335.989088841124,574.0,haco_safemarl_pilot,traffic,21551355,3
0.0,0.0,300.0,0.0,0.877172670517455,0.8388747479067232,0.0,0.9999999998888889,0.0,14.0,0.0,238.88263780180645,295.48064022943385,269.0,mappo_acoustic_shield,traffic,21551355,3
0.0,1.0,295.0,0.24858757062146886,0.8127461115523121,0.6713443136706183,0.6666666666666669,0.9450039638298088,0.0,35.0,0.0,5467.824999999977,2390.894850101816,0.0,fixed_auv_ga_pso_tlbo_proxy,traffic,21561362,3
0.0,1.0,225.0,0.39259259259259266,0.7532703733435251,0.6559695791754565,0.6666666666666664,0.9491705342229236,0.0,26.0,0.13777777777777778,5531.625000000007,1953.2000000000041,0.0,independent_greedy,traffic,21561362,3
0.0,0.6666666666666666,300.0,0.31444444444444436,0.8309702379293247,0.7425538084293418,0.6666666666666669,0.9031188984779606,0.0,30.0,0.0,8255.577836427821,3177.0406508990263,0.0,communication_aware,traffic,21561362,3
0.0,1.0,247.0,0.2091767881241565,0.8337658922464538,0.7675603940625988,0.6666666666666667,0.9772837227725608,0.0,4.0,0.0,7583.573020294453,1990.7306584842506,252.0,haco_safemarl_pilot_no_acoustic,traffic,21561362,3
0.0,1.0,224.0,0.20238095238095238,0.8085250217479449,0.7002911927530544,0.6666666666666664,0.9782553917193257,0.0,26.0,0.0,7195.531157934769,1778.5888187363335,0.0,haco_safemarl_pilot_no_shield,traffic,21561362,3
0.0,1.0,249.0,0.2048192771084337,0.8327363686522554,0.7603207528422035,0.6666666666666667,0.9735770337064924,0.0,4.0,0.0,7622.206057457763,2035.5324483759352,257.0,haco_safemarl_pilot,traffic,21561362,3
0.0,0.0,300.0,0.0,0.8782036899180728,0.84812013343169,0.0,0.9999999998888889,0.0,3.0,0.0,580.0487508999015,121.16492295302854,216.0,mappo_acoustic_shield,traffic,21561362,3
0.0,0.6666666666666666,300.0,0.68,0.5128488773200611,0.37197876177871886,1.0,0.7987519493857237,0.0,41.0,0.08,5560.499999999976,2705.7596405040085,0.0,fixed_auv_ga_pso_tlbo_proxy,traffic,21571369,3
0.0,1.0,259.0,0.897039897039897,0.39299613091852786,0.2918181239395568,1.0,0.6564102518940867,0.0,32.0,0.0,6367.5150000000085,2592.4000000000083,0.0,independent_greedy,traffic,21571369,3
0.0,0.3333333333333333,300.0,0.7,0.6926328615398442,0.6485128138100109,1.0,0.7923568532747257,0.0,36.0,0.15,7930.117607011233,2975.615154493897,0.0,communication_aware,traffic,21571369,3
0.0,0.3333333333333333,300.0,0.6166666666666667,0.6607700279244622,0.47808308833392393,1.0,0.9610493416459198,0.0,0.0,0.07333333333333333,8989.0705235839,2820.9770165207765,767.0,haco_safemarl_pilot_no_acoustic,traffic,21571369,3
0.0,1.0,282.0,0.7836879432624113,0.5608107107356566,0.4461480362449834,1.0,0.8755980843038391,0.0,75.0,0.08156028368794327,8796.098959207191,2267.0537582287006,0.0,haco_safemarl_pilot_no_shield,traffic,21571369,3
0.0,0.0,300.0,0.6322222222222222,0.7161067013784103,0.6932716784673293,1.0,0.998232425950153,0.0,0.0,0.08666666666666667,8796.97035625149,3177.285299405249,775.0,haco_safemarl_pilot,traffic,21571369,3
0.0,0.0,300.0,0.09555555555555555,0.8512386490008711,0.8132237186392298,0.3333333333333334,0.9781631796134052,0.0,0.0,0.13666666666666666,654.2392129204529,185.31331556381178,309.0,mappo_acoustic_shield,traffic,21571369,3
1.0,1.0,146.0,0.35844748858447484,0.7723989660213039,0.6055586434859117,0.6666666666666665,0.8346916984556676,0.0,0.0,0.136986301369863,2706.1099999999983,1733.6571373991226,0.0,fixed_auv_ga_pso_tlbo_proxy,traffic,21581376,3
1.0,1.0,111.0,0.4054054054054052,0.7629500903498431,0.6932481378895041,0.6666666666666666,0.7783204286362977,0.0,0.0,0.0,2728.935000000003,1472.9999999999984,0.0,independent_greedy,traffic,21581376,3
0.0,0.6666666666666666,300.0,0.5266666666666666,0.7545467303015032,0.654728654576539,0.6666666666666669,0.6098721617706158,0.0,0.0,0.05333333333333334,8115.211469403301,4196.350738372013,0.0,communication_aware,traffic,21581376,3
1.0,1.0,108.0,0.44444444444444436,0.7242850142969511,0.5287056167073884,0.6666666666666667,0.7558790591448168,0.0,0.0,0.4722222222222222,3256.6575677430874,561.6923276042737,200.0,haco_safemarl_pilot_no_acoustic,traffic,21581376,3
1.0,1.0,108.0,0.4567901234567901,0.6487335226676451,0.43409473520971137,0.6666666666666667,0.7378400264731034,0.0,0.0,0.3611111111111111,3331.051513176144,669.2685193291611,0.0,haco_safemarl_pilot_no_shield,traffic,21581376,3
1.0,1.0,108.0,0.44444444444444436,0.7402862764532259,0.5670676096220361,0.6666666666666667,0.7558790591448168,0.0,0.0,0.4537037037037037,3289.2775086983297,603.0173298361041,201.0,haco_safemarl_pilot,traffic,21581376,3
0.0,0.3333333333333333,300.0,0.0,0.8561061988183073,0.8389538512474835,0.0,0.9999999998888889,0.0,0.0,0.0,450.84130362491874,243.77827306149365,324.0,mappo_acoustic_shield,traffic,21581376,3
0.0,1.0,249.0,0.12717536813922356,0.849541246378995,0.8315402134931862,0.6666666666666667,0.9852823242777015,0.0,267.0,0.14859437751004015,4615.214999999984,2770.4843690339917,0.0,fixed_auv_ga_pso_tlbo_proxy,traffic,21591383,3
0.0,1.0,191.0,0.32460732984293184,0.8136172742853014,0.745218217093904,0.6666666666666665,0.7814999763700741,0.06806282722513089,206.0,0.27225130890052357,4695.735000000006,2493.600000000001,0.0,independent_greedy,traffic,21591383,3
0.0,0.6666666666666666,300.0,0.3,0.8235235524724044,0.8056263427461539,0.8888888888888888,0.9450810067409176,0.0,317.0,0.11333333333333333,8353.757415193024,4203.582056906139,0.0,communication_aware,traffic,21591383,3
0.0,0.6666666666666666,300.0,0.05777777777777776,0.8865244776059191,0.8554571567923752,0.3333333333333334,0.9925356652625101,0.07,0.0,0.19,5600.312835260084,1965.5727221328755,666.0,haco_safemarl_pilot_no_acoustic,traffic,21591383,3
0.0,1.0,185.0,0.3099099099099099,0.8458089393091721,0.7601246081135791,0.6666666666666665,0.8195969312925644,0.04864864864864865,80.0,0.2,5687.6581264945235,1448.4292765735108,0.0,haco_safemarl_pilot_no_shield,traffic,21591383,3
0.0,0.6666666666666666,300.0,0.05999999999999998,0.8873382912834498,0.8574426503698765,0.3333333333333334,0.9919173775143545,0.07,0.0,0.19333333333333333,5699.546783504034,2015.5106974358566,662.0,haco_safemarl_pilot,traffic,21591383,3
0.0,0.0,300.0,0.0,0.8765216571503055,0.8421857849054923,0.0,0.9999999998888889,0.0,0.0,0.3466666666666667,529.6742476599165,314.5520181528176,347.0,mappo_acoustic_shield,traffic,21591383,3
0.0,0.6666666666666666,300.0,0.5477777777777778,0.5963342286832709,0.5562953372793449,1.0,0.9824795520339309,0.0,0.0,0.0,5560.499999999976,2691.7252374425043,0.0,fixed_auv_ga_pso_tlbo_proxy,traffic,21601390,3
1.0,1.0,249.0,0.6010709504685408,0.5315639903516722,0.36392373949835777,1.0,0.8689406832435544,0.0,0.0,0.0,6121.665000000008,2601.4000000000046,0.0,independent_greedy,traffic,21601390,3
0.0,0.3333333333333333,300.0,0.6111111111111112,0.7046852542094657,0.6776669357365951,1.0,0.9891316627987833,0.0,0.0,0.0,7975.948389127089,2938.555479453741,0.0,communication_aware,traffic,21601390,3
0.0,0.6666666666666666,300.0,0.5222222222222221,0.6389497460913819,0.4760965128863727,1.0,0.8687113563070418,0.0,0.0,0.0,9332.042648816581,2604.916627630648,552.0,haco_safemarl_pilot_no_acoustic,traffic,21601390,3
1.0,1.0,265.0,0.5358490566037736,0.6071034502492456,0.4970547483190744,1.0,0.8998037306741954,0.0,0.0,0.0,8302.970695107308,2014.1418419482911,0.0,haco_safemarl_pilot_no_shield,traffic,21601390,3
0.0,0.0,300.0,0.59,0.7299405279636334,0.6788808155619448,1.0,0.9773887195701344,0.0,0.0,0.0,8947.5467058434,3068.87888105464,618.0,haco_safemarl_pilot,traffic,21601390,3
0.0,0.0,300.0,0.0,0.8895213361161561,0.8780121484790858,0.0,0.9999999998888889,0.0,0.0,0.0,452.9019856857499,86.35945851807512,193.0,mappo_acoustic_shield,traffic,21601390,3
1.0,1.0,231.0,0.5598845598845601,0.7286250858434964,0.5342312495802584,0.6666666666666666,0.5366527634306759,0.0,0.0,0.047619047619047616,4281.584999999986,1586.429805146862,0.0,fixed_auv_ga_pso_tlbo_proxy,traffic,21611397,3
1.0,1.0,177.0,0.6516007532956686,0.6278612013689242,0.4550870483077056,1.0,0.5797801152248153,0.0,0.0,0.0,4351.5450000000055,1299.9999999999993,0.0,independent_greedy,traffic,21611397,3
0.0,0.6666666666666666,300.0,0.5544444444444444,0.7915936838462256,0.6844648898244139,0.6666666666666669,0.5506223567395826,0.0,0.0,0.04,8171.807637299876,3299.7167394226326,0.0,communication_aware,traffic,21611397,3
1.0,1.0,207.0,0.2962962962962963,0.8077765547648511,0.7119304913609527,0.6666666666666665,0.9376255073565162,0.0,0.0,0.10144927536231885,6559.022222505817,1684.1792457339916,351.0,haco_safemarl_pilot_no_acoustic,traffic,21611397,3
1.0,1.0,172.0,0.5465116279069767,0.7583025143960241,0.6353128421556087,0.6666666666666665,0.5518534194399828,0.0,0.0,0.0872093023255814,5493.037991419678,1426.3945434590298,0.0,haco_safemarl_pilot_no_shield,traffic,21611397,3
1.0,1.0,213.0,0.24569640062597814,0.812630941949104,0.7128569909920456,0.6515151515151513,0.9492453398908816,0.0,0.0,0.09389671361502347,6751.894689987048,1792.5865472242338,358.0,haco_safemarl_pilot,traffic,21611397,3
0.0,0.0,300.0,0.0,0.857710861879548,0.832639436837551,0.0,0.9999999998888889,0.0,0.0,0.12333333333333334,768.6892882386232,151.7816216205284,337.0,mappo_acoustic_shield,traffic,21611397,3
0.0,1.0,206.0,0.15048543689320384,0.8375476270394272,0.7625119808627261,0.33333333333333326,0.9409469381375651,0.0,29.0,0.0,3818.20999999999,1343.1635910349296,0.0,fixed_auv_ga_pso_tlbo_proxy,traffic,21621404,3
0.0,1.0,158.0,0.4852320675105485,0.7255433131217286,0.5765167137413575,0.6666666666666666,0.6923434736105257,0.0,22.0,0.0,3884.430000000005,1004.7999999999997,0.0,independent_greedy,traffic,21621404,3
0.0,1.0,291.0,0.2348224513172967,0.8198769867305281,0.7643777983866427,0.4888888888888888,0.8680860334113242,0.0,25.0,0.0,8096.414639021865,3352.161656883475,0.0,communication_aware,traffic,21621404,3
1.0,1.0,172.0,0.21511627906976744,0.8154905076366398,0.7544525063255374,0.6666666666666665,0.9656311260923967,0.0,0.0,0.0,4402.795734559135,803.3243868923819,328.0,haco_safemarl_pilot_no_acoustic,traffic,21621404,3
0.0,1.0,157.0,0.28662420382165604,0.8034117394187404,0.7415513561335307,0.6666666666666666,0.9635888767368983,0.0,23.0,0.0,5050.363131159625,1075.4782824124993,0.0,haco_safemarl_pilot_no_shield,traffic,21621404,3
1.0,1.0,172.0,0.18992248062015502,0.8167828698009524,0.7558622682905209,0.6666666666666665,0.9669179088853178,0.0,0.0,0.0,4425.658059652932,850.4002730121736,326.0,haco_safemarl_pilot,traffic,21621404,3
0.0,0.0,300.0,0.10666666666666666,0.8387571653085769,0.8044292476600193,0.3333333333333334,0.9722763698055724,0.0,0.0,0.06,958.3307978305199,640.3667076082625,513.0,mappo_acoustic_shield,traffic,21621404,3
0.0,0.3333333333333333,300.0,0.14666666666666667,0.8740504523228603,0.852350465019058,0.9777777777777777,0.9957759745653241,0.0,28.0,0.0,5560.499999999976,2701.734675622989,0.0,fixed_auv_ga_pso_tlbo_proxy,traffic,21631411,3
0.0,1.0,243.0,0.4650205761316872,0.7085406930264024,0.4812284180971922,1.0,0.8047363573245353,0.0,21.0,0.0,5974.155000000008,2363.800000000009,0.0,independent_greedy,traffic,21631411,3
0.0,0.3333333333333333,300.0,0.27222222222222225,0.8509132389796865,0.8349839950595301,1.0,0.99801339425787,0.0,25.0,0.0,8314.460112766,3257.4964007272256,0.0,communication_aware,traffic,21631411,3
1.0,1.0,244.0,0.017759562841530054,0.8875435840625578,0.8657719690228224,0.1733333333333333,0.9993466060063966,0.0,0.0,0.0,5884.007451158526,1598.3976076684514,188.0,haco_safemarl_pilot_no_acoustic,traffic,21631411,3
0.0,1.0,236.0,0.11299435028248589,0.8776687659327043,0.8291979975886715,0.4166666666666667,0.9749431423556305,0.0,21.0,0.0,7487.46039170562,1910.6971639718154,0.0,haco_safemarl_pilot_no_shield,traffic,21631411,3
1.0,1.0,243.0,0.01646090534979424,0.8879153432251187,0.8657965617066228,0.15999999999999998,0.9994400992676266,0.0,0.0,0.0,5847.906892392647,1600.0675973945722,185.0,haco_safemarl_pilot,traffic,21631411,3
0.0,0.0,300.0,0.0,0.9234478692663639,0.9098394756831331,0.0,0.9999999998888889,0.0,0.0,0.0,448.43582022149,27.623628800741116,8.0,mappo_acoustic_shield,traffic,21631411,3
0.0,0.6666666666666666,300.0,0.0044444444444444444,0.8872882318562462,0.863329640094423,0.04444444444444444,0.9999601417827579,0.02,0.0,0.08,5560.499999999976,2323.0857926660583,0.0,fixed_auv_ga_pso_tlbo_proxy,traffic,21641418,3
0.0,1.0,272.0,0.35294117647058826,0.7200467575944066,0.5244488608828562,0.6666666666666669,0.8560689805704933,0.01838235294117647,0.0,0.07720588235294118,6687.120000000009,2497.6000000000026,0.0,independent_greedy,traffic,21641418,3
0.0,0.6666666666666666,300.0,0.0022222222222222222,0.8876814539973185,0.8685814801878253,0.02222222222222222,0.9999900794011012,0.023333333333333334,0.0,0.06,8511.950305357403,3466.392738109884,0.0,communication_aware,traffic,21641418,3
0.0,1.0,248.0,0.12231182795698926,0.8673626190209417,0.7918913375202659,0.33333333333333337,0.96717042830074,0.024193548387096774,0.0,0.10080645161290322,7661.726547060947,1968.0894165444672,170.0,haco_safemarl_pilot_no_acoustic,traffic,21641418,3
0.0,1.0,265.0,0.1421383647798742,0.8690535577204677,0.791508344030756,0.3333333333333334,0.953033115593762,0.033962264150943396,0.0,0.06415094339622641,8367.90767871269,2240.9183287553537,0.0,haco_safemarl_pilot_no_shield,traffic,21641418,3
0.0,1.0,248.0,0.11155913978494623,0.874380434409069,0.8111347985599486,0.33333333333333337,0.9725369996821099,0.024193548387096774,0.0,0.08870967741935484,7678.59147458108,1951.8072621634856,165.0,haco_safemarl_pilot,traffic,21641418,3
0.0,0.0,300.0,0.0033333333333333335,0.8728959817913153,0.8312587207467133,0.03333333333333333,0.999977629274188,0.0,0.0,0.1,553.0075380511098,92.18440019788868,141.0,mappo_acoustic_shield,traffic,21641418,3
0.0,1.0,225.0,0.1659259259259259,0.8321935017009282,0.7412483540198004,0.6666666666666664,0.9710613787688677,0.0,46.0,0.0,4170.374999999987,1533.8787280487852,0.0,fixed_auv_ga_pso_tlbo_proxy,traffic,21651425,3
0.0,1.0,172.0,0.3294573643410852,0.7734080455307959,0.6060811016637967,0.6666666666666665,0.8878111000395643,0.0,36.0,0.0,4228.620000000005,1242.6000000000001,0.0,independent_greedy,traffic,21651425,3
0.0,0.6666666666666666,300.0,0.49,0.7549669918374047,0.684060782674936,1.0,0.9816329093883369,0.0,40.0,0.06333333333333334,8098.481999558058,2947.175764964258,0.0,communication_aware,traffic,21651425,3
1.0,1.0,233.0,0.2718168812589414,0.8066911888544798,0.7452170982315335,0.9166666666666666,0.961129103268009,0.0,0.0,0.0,6587.16207113483,1813.4960095751628,347.0,haco_safemarl_pilot_no_acoustic,traffic,21651425,3
0.0,1.0,186.0,0.30107526881720426,0.7950020766202627,0.7879394962711675,1.0,0.9898863678508459,0.0,35.0,0.0,5962.417188237347,1512.3250565830592,0.0,haco_safemarl_pilot_no_shield,traffic,21651425,3
0.0,0.3333333333333333,300.0,0.37,0.7993421238624014,0.748526552369605,1.0,0.9297097989164855,0.0,0.0,0.12333333333333334,6037.756118670095,2045.7816940810649,672.0,haco_safemarl_pilot,traffic,21651425,3
0.0,0.0,300.0,0.0,0.9011162297824776,0.8454394932784942,0.0,0.9999999998888889,0.0,0.0,0.043333333333333335,369.87440012156526,260.95130245203575,114.0,mappo_acoustic_shield,traffic,21651425,3
1.0,1.0,282.0,0.9633569739952718,0.3710536487947124,0.2816701981237471,1.0,0.3333333241387446,0.0,0.0,0.03900709219858156,5226.869999999979,2301.7546590529096,0.0,fixed_auv_ga_pso_tlbo_proxy,acoustic_degradation,21161432,3
0.0,1.0,216.0,0.9768518518518519,0.3489203328753896,0.21312299732588616,1.0,0.33333331029333496,0.05555555555555555,0.0,0.125,5310.360000000007,1847.4000000000026,0.0,independent_greedy,acoustic_degradation,21161432,3
0.0,0.0,300.0,0.9477777777777779,0.639193066413249,0.5752141532221143,1.0,0.33333332880639815,0.0,0.0,0.03666666666666667,7754.3177238395565,2953.05067865574,0.0,communication_aware,acoustic_degradation,21161432,3
0.0,0.0,300.0,0.8966666666666666,0.5116692460826747,0.35798907480468833,1.0,0.6574686386034073,0.0,0.0,0.08666666666666667,8808.586851187054,3015.5393542076104,934.0,haco_safemarl_pilot_no_acoustic,acoustic_degradation,21161432,3
0.0,0.0,300.0,0.9822222222222221,0.4058798844541795,0.30203443190113094,1.0,0.3333332942708379,0.0,0.0,0.07666666666666666,8886.49239027654,3071.7779290921567,0.0,haco_safemarl_pilot_no_shield,acoustic_degradation,21161432,3
0.0,0.0,300.0,0.8911111111111111,0.6773810966914426,0.623501443554233,1.0,0.6622534781683344,0.0,0.0,0.07666666666666666,8671.710473822735,3066.1219592894126,932.0,haco_safemarl_pilot,acoustic_degradation,21161432,3
0.0,0.0,300.0,0.45666666666666667,0.7595945487396734,0.7264186351760987,0.6666666666666669,0.8450251786339702,0.0,0.0,0.10333333333333333,848.9300238880762,363.5270508044872,935.0,mappo_acoustic_shield,acoustic_degradation,21161432,3
0.0,1.0,277.0,1.0,0.38853706943488114,0.20737008812523758,1.0,0.0,0.007220216606498195,174.0,0.11191335740072202,5134.19499999998,2261.9347149549667,0.0,fixed_auv_ga_pso_tlbo_proxy,acoustic_degradation,21171439,3
0.0,1.0,212.0,1.0,0.33691429490172514,0.13958986827578493,1.0,0.0,0.0,134.0,0.0,5212.020000000007,1890.0000000000023,0.0,independent_greedy,acoustic_degradation,21171439,3
0.0,0.0,300.0,0.9522222222222221,0.6238733542001329,0.5700226863678195,1.0,0.33333332792500464,0.0,274.0,0.11333333333333333,7785.104159665528,2986.5078764382743,0.0,communication_aware,acoustic_degradation,21171439,3
0.0,0.3333333333333333,300.0,0.9944444444444446,0.48816518542684323,0.3406223334822132,1.0,0.33333293333381336,0.0,0.0,0.08666666666666667,9052.556801487237,3088.427824523389,934.0,haco_safemarl_pilot_no_acoustic,acoustic_degradation,21171439,3
0.0,0.3333333333333333,300.0,1.0,0.4177754536741192,0.30943605026923016,1.0,0.0,0.0,209.0,0.07666666666666666,8939.15211634129,2924.751605633417,0.0,haco_safemarl_pilot_no_shield,acoustic_degradation,21171439,3
0.0,0.0,300.0,0.9777777777777777,0.6470994805085937,0.5908543344014838,1.0,0.33333330833333524,0.0,0.0,0.09,8856.812213368536,3135.7076226047006,935.0,haco_safemarl_pilot,acoustic_degradation,21171439,3
0.0,0.0,300.0,0.82,0.706597197565284,0.6671039123336362,1.0,0.3333333329522939,0.0,0.0,0.13,873.9081349050084,424.26123845532777,923.0,mappo_acoustic_shield,acoustic_degradation,21171439,3
0.0,1.0,222.0,0.9324324324324325,0.6569595414537838,0.5299403197388433,1.0,0.33333333062913584,0.0,32.0,0.0,4114.769999999988,2321.3158296899855,0.0,fixed_auv_ga_pso_tlbo_proxy,acoustic_degradation,21181446,3
0.0,1.0,170.0,0.7784313725490195,0.5414857175883794,0.30617357889563523,1.0,0.3333333330818562,0.0,25.0,0.0,4179.450000000005,1908.7999999999968,0.0,independent_greedy,acoustic_degradation,21181446,3
0.0,0.6666666666666666,300.0,1.0,0.691676754526204,0.6129635758754285,1.0,0.0,0.0,0.0,0.0,7926.29127545413,3502.22964128424,0.0,communication_aware,acoustic_degradation,21181446,3
0.0,1.0,208.0,0.7163461538461539,0.733272008789188,0.6832132865102877,1.0,0.33333333317989366,0.0,75.0,0.0,4713.236940608563,1429.9602827702686,723.0,haco_safemarl_pilot_no_acoustic,acoustic_degradation,21181446,3
0.0,1.0,167.0,0.7325349301397205,0.6925633542720429,0.596245261698482,1.0,0.33333333316075714,0.0,27.0,0.0,5187.634494125919,1479.7506969440028,0.0,haco_safemarl_pilot_no_shield,acoustic_degradation,21181446,3
0.0,1.0,191.0,0.7225130890052359,0.7224116986269269,0.6463130539269245,1.0,0.33333333317299774,0.0,54.0,0.0,4437.534794351757,1304.0449936961293,652.0,haco_safemarl_pilot,acoustic_degradation,21181446,3
0.0,0.0,300.0,0.7033333333333334,0.7597558326222106,0.7357048682644134,1.0,0.33333333319305924,0.0,0.0,0.0,413.375370377862,58.19689334459519,900.0,mappo_acoustic_shield,acoustic_degradation,21181446,3
0.0,1.0,297.0,1.0,0.3575576472162047,0.22240043607662732,1.0,0.0,0.0,26.0,0.0,5504.894999999977,2382.6375948973396,0.0,fixed_auv_ga_pso_tlbo_proxy,acoustic_degradation,21191453,3
0.0,1.0,227.0,1.0,0.3050009174543567,0.16856492320427108,1.0,0.0,0.0,20.0,0.0,5580.795000000007,2072.400000000002,0.0,independent_greedy,acoustic_degradation,21191453,3
0.0,0.0,300.0,1.0,0.6132212967204662,0.5678814096010307,1.0,0.0,0.0,139.0,0.0,7737.278702361789,2988.5900441450194,0.0,communication_aware,acoustic_degradation,21191453,3
0.0,0.3333333333333333,300.0,1.0,0.5448290787097443,0.4769085438428297,1.0,0.0,0.0,0.0,0.0,9067.470981004963,3283.091252003244,900.0,haco_safemarl_pilot_no_acoustic,acoustic_degradation,21191453,3
0.0,0.3333333333333333,300.0,1.0,0.4122667669814785,0.33754987088824867,1.0,0.0,0.0,144.0,0.0,8920.381066954524,2955.1299979136083,0.0,haco_safemarl_pilot_no_shield,acoustic_degradation,21191453,3
0.0,0.0,300.0,1.0,0.645249955880369,0.6010706115678291,1.0,0.0,0.0,0.0,0.0,8796.398290160325,3127.2501531003254,900.0,haco_safemarl_pilot,acoustic_degradation,21191453,3
0.0,0.0,300.0,1.0,0.7103356936801271,0.6482150401038481,1.0,0.0,0.0,0.0,0.0,671.5126497425982,617.1711291719229,900.0,mappo_acoustic_shield,acoustic_degradation,21191453,3
0.0,0.3333333333333333,300.0,0.8866666666666667,0.2899625757333746,0.08951542966651395,1.0,0.33333333237216456,0.0,0.0,0.15666666666666668,5560.499999999976,2524.148212728257,0.0,fixed_auv_ga_pso_tlbo_proxy,acoustic_degradation,21201460,3
1.0,1.0,273.0,1.0,0.20562282023786807,0.06286081411827474,1.0,0.0,0.0,0.0,0.08791208791208792,6711.705000000009,2528.8000000000093,0.0,independent_greedy,acoustic_degradation,21201460,3
0.0,0.0,300.0,0.8933333333333333,0.5640339451906837,0.44056774688626166,1.0,0.33333333224826384,0.0,0.0,0.18,7768.947798979442,2884.693608966097,0.0,communication_aware,acoustic_degradation,21201460,3
0.0,0.0,300.0,0.898888888888889,0.4246089730690946,0.31061905999788486,1.0,0.33333333212574967,0.0,0.0,0.09,8994.083911363761,3052.290539466502,927.0,haco_safemarl_pilot_no_acoustic,acoustic_degradation,21201460,3
0.0,0.0,300.0,0.9377777777777779,0.3760254247908412,0.295121108853537,1.0,0.3333333301445579,0.0,0.0,0.08666666666666667,8842.85791730344,2984.825328467299,0.0,haco_safemarl_pilot_no_shield,acoustic_degradation,21201460,3
0.0,0.0,300.0,0.9,0.6447648465843248,0.6038773682004369,1.0,0.33333333209876537,0.0,0.0,0.06333333333333334,8772.944202108081,3123.017417890517,904.0,haco_safemarl_pilot,acoustic_degradation,21201460,3
0.0,0.0,300.0,0.4011111111111111,0.7425583548150018,0.625268375180208,0.7444444444444444,0.6616358645405955,0.0,0.0,0.0,581.1189032808022,61.10456252946169,901.0,mappo_acoustic_shield,acoustic_degradation,21201460,3
0.0,0.6666666666666666,300.0,1.0,0.32207139865763007,0.22727779256342398,1.0,0.0,0.0,102.0,0.0,5560.499999999976,2531.317119620906,0.0,fixed_auv_ga_pso_tlbo_proxy,acoustic_degradation,21211467,3
0.0,1.0,234.0,1.0,0.27267384824267255,0.20966749092123899,1.0,0.0,0.0,82.0,0.05982905982905983,5752.890000000008,2301.6000000000054,0.0,independent_greedy,acoustic_degradation,21211467,3
0.0,0.0,300.0,1.0,0.5791129892508429,0.4810895184117417,1.0,0.0,0.0,203.0,0.0,7732.647727314343,2992.8410346217233,0.0,communication_aware,acoustic_degradation,21211467,3
0.0,0.3333333333333333,300.0,1.0,0.41045763860073287,0.2683147402056885,1.0,0.0,0.0,62.0,0.0,4416.232431471876,1287.4053274301102,1139.0,haco_safemarl_pilot_no_acoustic,acoustic_degradation,21211467,3
0.0,0.3333333333333333,300.0,1.0,0.38221330247891855,0.31999639282166586,1.0,0.0,0.0,67.0,0.0,8912.049884404487,2975.176524542512,0.0,haco_safemarl_pilot_no_shield,acoustic_degradation,21211467,3
0.0,0.0,300.0,1.0,0.6029126029625729,0.5219862824783473,1.0,0.0,0.0,72.0,0.0,3378.4732884743116,1451.282183831943,1200.0,haco_safemarl_pilot,acoustic_degradation,21211467,3
0.0,0.0,300.0,0.71,0.6730421137543017,0.6040648505461859,1.0,0.3333333331865357,0.0,63.0,0.0,1131.0867106624635,319.6788820743498,921.0,mappo_acoustic_shield,acoustic_degradation,21211467,3
0.0,0.6666666666666666,300.0,1.0,0.4416212852570962,0.0888882197055753,1.0,0.0,0.07,226.0,0.12666666666666668,5560.499999999976,2607.9257306753875,0.0,fixed_auv_ga_pso_tlbo_proxy,acoustic_degradation,21221474,3
0.0,1.0,238.0,1.0,0.2579410895602213,0.0338428701167601,1.0,0.0,0.008403361344537815,182.0,0.0,5851.230000000008,1920.6000000000035,0.0,independent_greedy,acoustic_degradation,21221474,3
0.0,0.0,300.0,1.0,0.6409913395069939,0.47099485453440804,1.0,0.0,0.04666666666666667,43.0,0.17,7778.211893882018,3044.1177166456655,0.0,communication_aware,acoustic_degradation,21221474,3
0.0,0.3333333333333333,300.0,0.9666666666666667,0.5422442245817977,0.212038872055893,1.0,0.3333333222222226,0.0,0.0,0.0,8273.04655124006,2697.4356573474806,994.0,haco_safemarl_pilot_no_acoustic,acoustic_degradation,21221474,3
0.0,0.6666666666666666,300.0,1.0,0.4866602628794319,0.29274659722484064,1.0,0.0,0.0033333333333333335,183.0,0.023333333333333334,9175.37106720789,2804.570359358936,0.0,haco_safemarl_pilot_no_shield,acoustic_degradation,21221474,3
0.0,0.0,300.0,0.9155555555555555,0.6378514695612297,0.4671147290124254,1.0,0.3333333316020314,0.0,0.0,0.016666666666666666,8145.794164315561,2832.167737037799,996.0,haco_safemarl_pilot,acoustic_degradation,21221474,3
0.0,0.0,300.0,0.7755555555555557,0.7022955339175383,0.5986025195352306,1.0,0.33333333308825935,0.0,0.0,0.07333333333333333,1200.4328686196595,233.11683167865812,955.0,mappo_acoustic_shield,acoustic_degradation,21221474,3
0.0,0.6666666666666666,300.0,1.0,0.4177024986444317,0.2536125621939991,1.0,0.0,0.0,54.0,0.0,5560.499999999976,2647.1880813432476,0.0,fixed_auv_ga_pso_tlbo_proxy,acoustic_degradation,21231481,3
0.0,1.0,262.0,1.0,0.39138670597256575,0.18409486651281112,1.0,0.0,0.0,40.0,0.0,6441.270000000009,2786.200000000015,0.0,independent_greedy,acoustic_degradation,21231481,3
0.0,0.0,300.0,0.9722222222222223,0.6551380735886838,0.5645441081881162,1.0,0.3333333173333341,0.0,45.0,0.0,7789.107023056927,2982.2017730937196,0.0,communication_aware,acoustic_degradation,21231481,3
0.0,0.3333333333333333,300.0,0.9144444444444446,0.5775086040658209,0.43739380417683493,1.0,0.6576816351423908,0.0,0.0,0.0,9161.821949249399,3210.624424357359,900.0,haco_safemarl_pilot_no_acoustic,acoustic_degradation,21231481,3
0.0,0.3333333333333333,300.0,0.9755555555555556,0.4836191706409807,0.38735211685501897,1.0,0.33333331267217764,0.0,68.0,0.0,8958.937583340106,3045.098956147286,0.0,haco_safemarl_pilot_no_shield,acoustic_degradation,21231481,3
0.0,0.3333333333333333,300.0,0.9644444444444443,0.6940732541250215,0.6301431498325754,1.0,0.3333333235677086,0.0,0.0,0.0,8924.556699342267,3372.8585751196874,900.0,haco_safemarl_pilot,acoustic_degradation,21231481,3
0.0,0.0,300.0,0.5966666666666667,0.7660712391833633,0.747949094694209,1.0,0.5939634069721171,0.0,0.0,0.0,736.9348157141796,118.90401529057382,900.0,mappo_acoustic_shield,acoustic_degradation,21231481,3
0.0,0.3333333333333333,300.0,1.0,0.42989111070067176,0.2599767370256147,1.0,0.0,0.0,0.0,0.0,5560.499999999976,2415.026848301265,0.0,fixed_auv_ga_pso_tlbo_proxy,acoustic_degradation,21241488,3
1.0,1.0,291.0,1.0,0.33702509995779556,0.07105808683351166,1.0,0.0,0.0,0.0,0.0,7154.23500000001,2638.2000000000107,0.0,independent_greedy,acoustic_degradation,21241488,3
0.0,0.0,300.0,1.0,0.6347445453318252,0.4881366863143992,1.0,0.0,0.0,0.0,0.0,7828.268217372321,3003.5485334558593,0.0,communication_aware,acoustic_degradation,21241488,3
0.0,0.0,300.0,0.721111111111111,0.5632864112503261,0.21918812727064738,1.0,0.6648831189927763,0.0,0.0,0.0,9017.177935992573,2958.4401559506396,900.0,haco_safemarl_pilot_no_acoustic,acoustic_degradation,21241488,3
0.0,0.0,300.0,1.0,0.47357582716940166,0.24532872445470555,1.0,0.0,0.0,0.0,0.0,9028.895222406169,2931.701557871986,0.0,haco_safemarl_pilot_no_shield,acoustic_degradation,21241488,3
0.0,0.0,300.0,0.6722222222222222,0.6827239368639201,0.506006466914437,1.0,0.6653745283705782,0.0,0.0,0.0,8894.198116997188,3033.710038856884,900.0,haco_safemarl_pilot,acoustic_degradation,21241488,3
0.0,0.0,300.0,0.4066666666666666,0.7403390677924123,0.6205884563598916,0.9333333333333333,0.6659100460979593,0.0,0.0,0.0,648.2842541743867,55.569550957775476,900.0,mappo_acoustic_shield,acoustic_degradation,21241488,3
0.0,0.6666666666666666,300.0,0.6377777777777777,0.6650543202786521,0.5489209239584892,1.0,0.8911136818081178,0.006666666666666667,78.0,0.17333333333333334,5560.499999999976,2978.1739250485975,0.0,fixed_auv_ga_pso_tlbo_proxy,acoustic_degradation,21251495,3
0.0,1.0,260.0,0.9705128205128204,0.4401974304318883,0.38024968037648343,1.0,0.3333333191346362,0.06153846153846154,58.0,0.2076923076923077,6392.100000000009,2887.2000000000144,0.0,independent_greedy,acoustic_degradation,21251495,3
0.0,0.3333333333333333,300.0,0.681111111111111,0.7420503994925997,0.7066095792822072,1.0,0.8882957490272883,0.0,150.0,0.15666666666666668,8115.163157561239,3446.836295026124,0.0,communication_aware,acoustic_degradation,21251495,3
0.0,0.3333333333333333,300.0,0.5166666666666667,0.7433202891854966,0.7015742144302707,0.6777777777777779,0.8032473731410706,0.05,3.0,0.22333333333333333,7380.898593453365,2752.238200158051,1125.0,haco_safemarl_pilot_no_acoustic,acoustic_degradation,21251495,3
0.0,1.0,274.0,0.7895377128953771,0.648726920525549,0.5407268733395056,1.0,0.9802823335758517,0.0,135.0,0.06934306569343066,8510.282385161265,2348.632796039185,0.0,haco_safemarl_pilot_no_shield,acoustic_degradation,21251495,3
0.0,0.3333333333333333,300.0,0.31333333333333335,0.783033047725222,0.7744941418325256,0.6777777777777779,0.974330715669208,0.0,3.0,0.19,6846.298891658902,2634.23904518838,1127.0,haco_safemarl_pilot,acoustic_degradation,21251495,3
0.0,0.0,300.0,0.09555555555555557,0.7986253550007609,0.7856253072625708,0.6,0.9925015202331251,0.0,3.0,0.02666666666666667,576.8355887218277,186.1803300005897,913.0,mappo_acoustic_shield,acoustic_degradation,21251495,3
0.0,0.6666666666666666,300.0,0.8611111111111113,0.6442734206580669,0.4450357303098955,1.0,0.618199799974758,0.0,35.0,0.11,5560.499999999976,2677.7523528892493,0.0,fixed_auv_ga_pso_tlbo_proxy,acoustic_degradation,21261502,3
0.0,1.0,235.0,0.9659574468085106,0.49533624667233883,0.4261800563281224,1.0,0.33333332268036303,0.0,26.0,0.07659574468085106,5777.475000000008,2270.1999999999994,0.0,independent_greedy,acoustic_degradation,21261502,3
0.0,0.6666666666666666,300.0,0.7288888888888888,0.7065245155592627,0.6019544689996553,1.0,0.5960275503199334,0.0,0.0,0.11333333333333333,8164.311564874411,3022.1437812702343,0.0,communication_aware,acoustic_degradation,21261502,3
1.0,1.0,206.0,0.7799352750809061,0.6801588622277014,0.6396196791854679,1.0,0.5207207200986118,0.0,0.0,0.0,6779.23065238262,2104.993688185893,618.0,haco_safemarl_pilot_no_acoustic,acoustic_degradation,21261502,3
0.0,1.0,231.0,0.9278499278499279,0.6622718838444522,0.6250140879483083,1.0,0.33333333096173334,0.0,18.0,0.0735930735930736,7212.278278959776,1902.7907065346387,0.0,haco_safemarl_pilot_no_shield,acoustic_degradation,21261502,3
1.0,1.0,206.0,0.79126213592233,0.6848716562117488,0.6404574770025097,1.0,0.5448384237592654,0.0,0.0,0.0,6824.078671611419,2029.9353285493762,618.0,haco_safemarl_pilot,acoustic_degradation,21261502,3
0.0,0.0,300.0,0.47,0.7294705989896654,0.6316288222997626,1.0,0.6585365851943134,0.0,0.0,0.04,613.767363263852,739.1448649881211,900.0,mappo_acoustic_shield,acoustic_degradation,21261502,3
0.0,0.3333333333333333,300.0,0.8255555555555555,0.5302181387591683,0.3854172020504336,1.0,0.657043847550741,0.0,175.0,0.0,5560.499999999976,2721.7568552385783,0.0,fixed_auv_ga_pso_tlbo_proxy,acoustic_degradation,21271509,3
0.0,0.6666666666666666,300.0,0.8722222222222221,0.41897544421714045,0.2685991147879528,1.0,0.6606224057417445,0.0,133.0,0.0,7375.50000000001,3295.8000000000175,0.0,independent_greedy,acoustic_degradation,21271509,3
0.0,0.3333333333333333,300.0,0.8422222222222222,0.6775296385159868,0.6111114264026472,1.0,0.6619394636079524,0.0,120.0,0.0,7915.92560092058,3179.402250447561,0.0,communication_aware,acoustic_degradation,21271509,3
0.0,0.3333333333333333,300.0,0.7166666666666667,0.6440234279627505,0.5268278815532084,1.0,0.6603198775381692,0.0,7.0,0.0,8964.203308978536,3366.353886354046,927.0,haco_safemarl_pilot_no_acoustic,acoustic_degradation,21271509,3
0.0,0.3333333333333333,300.0,0.7911111111111111,0.5518014887315469,0.4242231370384038,1.0,0.6050397142143665,0.0,149.0,0.0,8998.547144070657,3127.5918015944503,0.0,haco_safemarl_pilot_no_shield,acoustic_degradation,21271509,3
0.0,0.3333333333333333,300.0,0.6822222222222221,0.7287295323812866,0.6823716795089099,1.0,0.6551017134473878,0.0,7.0,0.0,8980.344625238313,3505.4237955331305,909.0,haco_safemarl_pilot,acoustic_degradation,21271509,3
0.0,0.0,300.0,0.6366666666666667,0.7668226001026028,0.7520192010863789,1.0,0.6542761161659363,0.0,6.0,0.0,600.2379440549503,32.2792766386914,900.0,mappo_acoustic_shield,acoustic_degradation,21271509,3
0.0,0.6666666666666666,300.0,1.0,0.2230737174473688,0.0881332734551702,1.0,0.0,0.0,110.0,0.0,5560.499999999976,2518.7548329816705,0.0,fixed_auv_ga_pso_tlbo_proxy,acoustic_degradation,21281516,3
0.0,1.0,243.0,0.9588477366255144,0.21959964557980635,0.035069939089299784,1.0,0.3333333260433335,0.0,84.0,0.0,5974.155000000008,2314.6000000000076,0.0,independent_greedy,acoustic_degradation,21281516,3
0.0,0.0,300.0,1.0,0.5240801843355128,0.35731273469834707,1.0,0.0,0.0,0.0,0.0,7640.340496552359,2951.0446936980297,0.0,communication_aware,acoustic_degradation,21281516,3
0.0,0.0,300.0,0.8966666666666666,0.3556742019549278,0.15854147636254004,1.0,0.3333333321771303,0.0,0.0,0.0,8925.208831097078,3217.547424533769,924.0,haco_safemarl_pilot_no_acoustic,acoustic_degradation,21281516,3
0.0,0.0,300.0,1.0,0.320693430062287,0.21168329328503213,1.0,0.0,0.0,0.0,0.0,8761.768305287571,2998.381489231962,0.0,haco_safemarl_pilot_no_shield,acoustic_degradation,21281516,3
0.0,0.0,300.0,0.88,0.6030919503935611,0.5238561816999553,1.0,0.3333333324759945,0.0,0.0,0.0,8549.560201006105,3067.8575880874882,932.0,haco_safemarl_pilot,acoustic_degradation,21281516,3
0.0,0.0,300.0,0.6777777777777778,0.665063626451271,0.560147782874252,0.7777777777777778,0.33333333321442726,0.0,0.0,0.0,621.067316888875,377.9166443754921,924.0,mappo_acoustic_shield,acoustic_degradation,21281516,3
0.0,1.0,263.0,0.9201520912547528,0.62204360823132,0.5629134333100945,1.0,0.3333333313969654,0.0,84.0,0.0,4874.704999999982,2686.569340123449,0.0,fixed_auv_ga_pso_tlbo_proxy,acoustic_degradation,21291523,3
0.0,1.0,202.0,0.8877887788778879,0.5387850959007996,0.46081332302567396,1.0,0.333333332352845,0.0,65.0,0.0,4966.170000000006,2196.6000000000026,0.0,independent_greedy,acoustic_degradation,21291523,3
0.0,0.3333333333333333,300.0,0.9255555555555555,0.7159440625428475,0.700209887699532,1.0,0.49794785969880123,0.0,0.0,0.0,7991.107135306014,3433.9525438384967,0.0,communication_aware,acoustic_degradation,21291523,3
0.0,0.6666666666666666,300.0,0.8188888888888889,0.6792558240473793,0.6442537592250989,1.0,0.5985222217596584,0.0,0.0,0.0,5623.528784544335,2054.301721992685,1118.0,haco_safemarl_pilot_no_acoustic,acoustic_degradation,21291523,3
0.0,1.0,218.0,0.8363914373088684,0.6472918529787933,0.5494880571411735,1.0,0.6150416315213946,0.0,104.0,0.0,6758.36735167045,1871.1243378031995,0.0,haco_safemarl_pilot_no_shield,acoustic_degradation,21291523,3
0.0,0.3333333333333333,300.0,0.7844444444444444,0.7284593849985712,0.7186989800847118,1.0,0.6340510115390583,0.0,0.0,0.0,5424.213735663335,2311.2725305270824,1129.0,haco_safemarl_pilot,acoustic_degradation,21291523,3
0.0,0.0,300.0,0.3655555555555556,0.788980681049789,0.7564236369731895,0.6555555555555554,0.6666482644584198,0.0,0.0,0.0,362.93876574656394,27.86758311956936,900.0,mappo_acoustic_shield,acoustic_degradation,21291523,3
0.0,1.0,268.0,0.9589552238805971,0.3475643031252151,0.28433793030336496,1.0,0.33333332600510174,0.0,74.0,0.22388059701492538,4967.379999999981,2307.4411295920627,0.0,fixed_auv_ga_pso_tlbo_proxy,acoustic_degradation,21301530,3
0.0,1.0,205.0,1.0,0.26531004236438205,0.08789478270705597,1.0,0.0,0.0,57.0,0.13658536585365855,5039.925000000007,1710.0000000000045,0.0,independent_greedy,acoustic_degradation,21301530,3
0.0,0.3333333333333333,300.0,0.9333333333333333,0.618767494609571,0.5086996695577136,1.0,0.3333333305555556,0.0,133.0,0.15666666666666668,7774.109696124027,2874.2032783028894,0.0,communication_aware,acoustic_degradation,21301530,3
0.0,0.6666666666666666,300.0,0.8577777777777779,0.4992968646962835,0.35939379907030156,1.0,0.33333333272298177,0.0,0.0,0.20333333333333334,8576.73096027864,2434.2511891892186,996.0,haco_safemarl_pilot_no_acoustic,acoustic_degradation,21301530,3
0.0,0.0,300.0,1.0,0.3781650104602401,0.32641195552191393,1.0,0.0,0.08333333333333333,109.0,0.2,8929.239701807768,2935.0888558360625,0.0,haco_safemarl_pilot_no_shield,acoustic_degradation,21301530,3
0.0,0.0,300.0,0.8333333333333334,0.6306637311311422,0.5225303005671391,1.0,0.49019607747020366,0.06666666666666667,0.0,0.2,8192.620438437518,2903.5117065256854,998.0,haco_safemarl_pilot,acoustic_degradation,21301530,3
0.0,0.0,300.0,0.41888888888888887,0.7308565606517249,0.6079875850273344,1.0,0.6661187293215789,0.0,0.0,0.21,396.85671128391255,360.7522144299526,943.0,mappo_acoustic_shield,acoustic_degradation,21301530,3
0.0,0.6666666666666666,300.0,0.85,0.44973642004715175,0.2315270150803747,1.0,0.3333333327846365,0.0,0.0,0.1,5560.499999999976,2497.584259392088,0.0,fixed_auv_ga_pso_tlbo_proxy,acoustic_degradation,21311537,3
1.0,1.0,268.0,0.9278606965174128,0.35923765695182414,0.16854671823808534,1.0,0.33333333096102524,0.0,0.0,0.055970149253731345,6588.780000000009,2676.600000000008,0.0,independent_greedy,acoustic_degradation,21311537,3
0.0,0.0,300.0,0.8822222222222221,0.6297139930383571,0.454548988966393,1.0,0.33333333244333685,0.0,0.0,0.08666666666666667,7834.845486763846,2994.1088681572537,0.0,communication_aware,acoustic_degradation,21311537,3
0.0,0.3333333333333333,300.0,0.8377777777777777,0.542092071522783,0.2678536426581213,1.0,0.33333333286420214,0.02666666666666667,0.0,0.07666666666666666,8549.306029760533,3011.3401380390237,945.0,haco_safemarl_pilot_no_acoustic,acoustic_degradation,21311537,3
0.0,0.3333333333333333,300.0,0.9155555555555556,0.47216091848314273,0.30892907939037767,1.0,0.3333333316020314,0.02,0.0,0.12333333333333334,9000.584317279905,2992.9456562939,0.0,haco_safemarl_pilot_no_shield,acoustic_degradation,21311537,3
0.0,0.0,300.0,0.82,0.6760881599779353,0.5335993127249806,1.0,0.3333333329522939,0.02666666666666667,0.0,0.09,8533.970477440125,2996.397163708567,945.0,haco_safemarl_pilot,acoustic_degradation,21311537,3
0.0,0.0,300.0,0.7011111111111111,0.6868028109852388,0.5079973016728717,1.0,0.33333333319513736,0.0,0.0,0.06666666666666667,700.2293624157415,31.421873520476527,914.0,mappo_acoustic_shield,acoustic_degradation,21311537,3
0.0,0.6666666666666666,300.0,1.0,0.17529513604220875,0.10755175083206635,1.0,0.0,0.0,0.0,0.0,5560.499999999976,2668.774638146558,0.0,fixed_auv_ga_pso_tlbo_proxy,acoustic_degradation,21321544,3
1.0,1.0,256.0,1.0,0.15650681201736708,0.05355076152457791,1.0,0.0,0.0,0.0,0.0,6293.760000000008,2726.800000000011,0.0,independent_greedy,acoustic_degradation,21321544,3
0.0,0.0,300.0,1.0,0.43899880745128106,0.3461868161677801,1.0,0.0,0.0,46.0,0.0,7648.36197815386,2963.473431914063,0.0,communication_aware,acoustic_degradation,21321544,3
0.0,0.0,300.0,1.0,0.2673363167098349,0.15087005957279045,1.0,0.0,0.0,0.0,0.0,8850.92762397205,3234.459619374227,900.0,haco_safemarl_pilot_no_acoustic,acoustic_degradation,21321544,3
0.0,0.0,300.0,1.0,0.2865425765307645,0.21096573191400286,1.0,0.0,0.0,0.0,0.0,8686.803442229637,3191.5241891821993,0.0,haco_safemarl_pilot_no_shield,acoustic_degradation,21321544,3
0.0,0.0,300.0,1.0,0.5709066863330905,0.4994290849605873,1.0,0.0,0.0,0.0,0.0,8617.96312403389,3206.8444648186864,900.0,haco_safemarl_pilot,acoustic_degradation,21321544,3
0.0,0.0,300.0,1.0,0.6455949679030695,0.6172312179564117,1.0,0.0,0.0,0.0,0.0,730.2399671175567,342.0200961746838,913.0,mappo_acoustic_shield,acoustic_degradation,21321544,3
0.0,1.0,166.0,0.7630522088353414,0.48092989361945193,0.23799171132186753,1.0,0.3333333331134412,0.0,82.0,0.0,3076.809999999996,1408.230140043825,0.0,fixed_auv_ga_pso_tlbo_proxy,acoustic_degradation,21331551,3
0.0,1.0,127.0,0.8477690288713912,0.4577969862614727,0.2717109170167115,1.0,0.3333333328006011,0.0,62.0,0.0,3122.2950000000037,1145.7999999999993,0.0,independent_greedy,acoustic_degradation,21331551,3
0.0,0.3333333333333333,300.0,0.89,0.609102681654858,0.5102513608257533,1.0,0.33333333231302925,0.0,151.0,0.0,7792.528828472041,3085.0557653609435,0.0,communication_aware,acoustic_degradation,21331551,3
0.0,1.0,217.0,0.7849462365591396,0.5135721665819677,0.2888308964811443,1.0,0.5632183900424889,0.0,13.0,0.07373271889400922,3566.6334619498584,989.6687630036988,838.0,haco_safemarl_pilot_no_acoustic,acoustic_degradation,21331551,3
0.0,1.0,263.0,0.7883396704689479,0.4833658209818577,0.2902647595087487,1.0,0.3333333330577607,0.0,208.0,0.0,7774.138939351845,2496.511153610208,0.0,haco_safemarl_pilot_no_shield,acoustic_degradation,21331551,3
0.0,0.3333333333333333,300.0,0.8944444444444446,0.6323625304816726,0.5213029950500845,1.0,0.3333333322253001,0.0,15.0,0.0,4307.9147970267595,1752.9845635784925,1174.0,haco_safemarl_pilot,acoustic_degradation,21331551,3
0.0,0.0,300.0,0.36666666666666664,0.7685504001741035,0.7032779054742592,0.6666666666666666,0.6662647339863427,0.0,15.0,0.0,1176.9396008095312,860.2816072737666,963.0,mappo_acoustic_shield,acoustic_degradation,21331551,3
0.0,0.6666666666666666,300.0,0.8355555555555555,0.439978841734362,0.21565410760422285,1.0,0.33333333287679573,0.0,60.0,0.0,5560.499999999976,2870.649978573195,0.0,fixed_auv_ga_pso_tlbo_proxy,acoustic_degradation,21341558,3
0.0,1.0,293.0,0.9294653014789535,0.2647708360218433,0.11058909978804118,1.0,0.3333333308518615,0.0,46.0,0.09897610921501707,7203.40500000001,3362.0000000000114,0.0,independent_greedy,acoustic_degradation,21341558,3
0.0,0.0,300.0,0.89,0.6293325826468407,0.48571596749030427,1.0,0.33333333231302925,0.0,47.0,0.0,7836.911818403044,2985.5100098729213,0.0,communication_aware,acoustic_degradation,21341558,3
0.0,0.6666666666666666,300.0,0.7622222222222222,0.5662176984446042,0.348081446254162,1.0,0.3428100903446897,0.023333333333333334,0.0,0.11,8894.979747161073,2478.3664984895054,970.0,haco_safemarl_pilot_no_acoustic,acoustic_degradation,21341558,3
0.0,1.0,290.0,0.7942528735632183,0.48346738272189277,0.31751230118384594,1.0,0.3333333330416931,0.03793103448275862,41.0,0.10344827586206896,8967.143000869182,2365.3503829522215,0.0,haco_safemarl_pilot_no_shield,acoustic_degradation,21341558,3
0.0,0.3333333333333333,300.0,0.7866666666666666,0.6633430598223004,0.5876342212053369,1.0,0.3333333330620659,0.0,0.0,0.0033333333333333335,9324.947470965124,3184.228530723744,912.0,haco_safemarl_pilot,acoustic_degradation,21341558,3
0.0,0.0,300.0,0.4122222222222222,0.7369171686622141,0.6259876902923472,0.9444444444444444,0.6656177229601958,0.0,0.0,0.0,648.5021042830541,771.1256333302449,900.0,mappo_acoustic_shield,acoustic_degradation,21341558,3
1.0,1.0,186.0,1.0,0.37808554749119616,0.13565903588286532,1.0,0.0,0.0,0.0,0.0,3447.509999999993,1340.3122214014545,0.0,fixed_auv_ga_pso_tlbo_proxy,acoustic_degradation,21351565,3
1.0,1.0,143.0,0.9393939393939394,0.33927861485977767,0.0903559798425867,1.0,0.33333332997222226,0.0,0.0,0.04195804195804196,3515.6550000000043,1120.200000000001,0.0,independent_greedy,acoustic_degradation,21351565,3
0.0,0.3333333333333333,300.0,0.9977777777777779,0.4942762757335038,0.3697742916638568,1.0,0.3333308333520832,0.0,0.0,0.0,7777.19903713794,2988.883458739197,0.0,communication_aware,acoustic_degradation,21351565,3
1.0,1.0,300.0,0.7777777777777777,0.4229518032039436,0.18129575450665625,1.0,0.3333333330833333,0.0,0.0,0.0,9210.274908448835,2760.234184159109,900.0,haco_safemarl_pilot_no_acoustic,acoustic_degradation,21351565,3
0.0,0.3333333333333333,300.0,0.85,0.426442067984721,0.24502862923719335,1.0,0.3333333327846365,0.0,0.0,0.0,8801.07484527795,3144.0322560939794,0.0,haco_safemarl_pilot_no_shield,acoustic_degradation,21351565,3
0.0,0.3333333333333333,300.0,0.7233333333333334,0.6207946459047411,0.5124833312848028,1.0,0.33333333317204555,0.0,0.0,0.0,8961.551566043285,3453.0544672314904,900.0,haco_safemarl_pilot,acoustic_degradation,21351565,3
0.0,0.0,300.0,0.7333333333333333,0.6772394846263119,0.6191254743835543,1.0,0.3333333331597222,0.0,0.0,0.0,506.40303538322837,29.39587722195308,900.0,mappo_acoustic_shield,acoustic_degradation,21351565,3
1.0,1.0,288.0,1.0,0.29103532950212,0.15785709637975306,1.0,0.0,0.0,0.0,0.0,5338.079999999978,2608.852649609488,0.0,fixed_auv_ga_pso_tlbo_proxy,acoustic_degradation,21361572,3
1.0,1.0,220.0,1.0,0.20937664530191608,0.09131809993944004,1.0,0.0,0.0,0.0,0.0,5408.700000000007,2169.4000000000065,0.0,independent_greedy,acoustic_degradation,21361572,3
0.0,0.3333333333333333,300.0,1.0,0.588079680960536,0.4702589355714926,1.0,0.0,0.0,0.0,0.0,7695.503109009622,3040.858388376941,0.0,communication_aware,acoustic_degradation,21361572,3
0.0,0.3333333333333333,300.0,1.0,0.45713492411122364,0.358477356286326,1.0,0.0,0.0,0.0,0.006666666666666667,9089.011475724674,2791.061508906576,900.0,haco_safemarl_pilot_no_acoustic,acoustic_degradation,21361572,3
0.0,0.3333333333333333,300.0,1.0,0.3605209206535845,0.32237357932605043,1.0,0.0,0.0,0.0,0.016666666666666666,8915.16218983538,2949.9485310966666,0.0,haco_safemarl_pilot_no_shield,acoustic_degradation,21361572,3
0.0,0.0,300.0,0.9855555555555554,0.636613089620484,0.5930443811363585,1.0,0.3333332741617462,0.0,0.0,0.0,8694.8240440437,3165.3103670655964,900.0,haco_safemarl_pilot,acoustic_degradation,21361572,3
0.0,0.0,300.0,0.43444444444444447,0.7647391771934481,0.7124664711817537,0.9111111111111111,0.6642029619323591,0.0,0.0,0.0,292.28013071900074,87.92919855156441,900.0,mappo_acoustic_shield,acoustic_degradation,21361572,3
0.0,1.0,266.0,1.0,0.2701783357074495,0.0953352440413721,1.0,0.0,0.0,139.0,0.0,4930.309999999981,2617.0878381305615,0.0,fixed_auv_ga_pso_tlbo_proxy,acoustic_degradation,21371579,3
0.0,1.0,203.0,0.9786535303776682,0.2398661076148563,0.049918063652226986,1.0,0.3333333062399759,0.0,107.0,0.0,4990.7550000000065,2094.5999999999985,0.0,independent_greedy,acoustic_degradation,21371579,3
0.0,0.0,300.0,1.0,0.5310273276024089,0.40014330211292204,1.0,0.0,0.0,15.0,0.0,7634.837784527491,2953.986792085565,0.0,communication_aware,acoustic_degradation,21371579,3
0.0,0.6666666666666666,300.0,0.9688888888888888,0.3509642701601515,0.1259335508538724,1.0,0.3333333205782318,0.0,7.0,0.0,8974.912927616646,2686.0551827438135,900.0,haco_safemarl_pilot_no_acoustic,acoustic_degradation,21371579,3
0.0,0.3333333333333333,300.0,1.0,0.3232227003755208,0.2213781067017132,1.0,0.0,0.0,9.0,0.0,8823.467084614753,2940.170539652099,0.0,haco_safemarl_pilot_no_shield,acoustic_degradation,21371579,3
0.0,0.0,300.0,0.9822222222222221,0.6102162775469864,0.5091971183583427,1.0,0.3333332942708379,0.0,8.0,0.0,8671.876526788468,3111.0226316547246,900.0,haco_safemarl_pilot,acoustic_degradation,21371579,3
0.0,0.0,300.0,0.47,0.7800083961039503,0.7678070907570487,0.8222222222222222,0.6412320229694958,0.0,8.0,0.0,370.0211288858329,288.5931832257374,900.0,mappo_acoustic_shield,acoustic_degradation,21371579,3
1.0,1.0,165.0,1.0,0.4803146321880587,0.3216490921325343,1.0,0.0,0.0,0.0,0.10303030303030303,3058.274999999996,1651.7372050351892,0.0,fixed_auv_ga_pso_tlbo_proxy,acoustic_degradation,21381586,3
1.0,1.0,126.0,0.9232804232804233,0.47089394337796064,0.11291898882631013,1.0,0.33333333123583037,0.0,0.0,0.10317460317460317,3097.7100000000037,1289.2000000000014,0.0,independent_greedy,acoustic_degradation,21381586,3
0.0,0.3333333333333333,300.0,1.0,0.5722366285839208,0.4988304909752882,1.0,0.0,0.0,55.0,0.05333333333333334,7663.635559013891,3100.5193256502216,0.0,communication_aware,acoustic_degradation,21381586,3
1.0,1.0,179.0,0.925512104283054,0.6675771843164457,0.5580405657500418,1.0,0.5747126370638046,0.0,0.0,0.0670391061452514,5655.09185888157,1435.1671044834652,546.0,haco_safemarl_pilot_no_acoustic,acoustic_degradation,21381586,3
1.0,1.0,130.0,1.0,0.5690133126794061,0.2727871538634704,1.0,0.0,0.0,0.0,0.09230769230769231,4062.1972241378307,1150.5842738451574,0.0,haco_safemarl_pilot_no_shield,acoustic_degradation,21381586,3
1.0,1.0,210.0,0.86984126984127,0.6897040821698737,0.6169204324391312,1.0,0.47546315790072635,0.0,0.0,0.06190476190476191,6655.335638738924,1831.1447479740036,641.0,haco_safemarl_pilot,acoustic_degradation,21381586,3
0.0,0.0,300.0,0.4244444444444444,0.7629872644458361,0.72131302642908,0.9555555555555555,0.6644380390559547,0.0,0.0,0.03666666666666667,321.50813845116147,34.38194685404538,909.0,mappo_acoustic_shield,acoustic_degradation,21381586,3
0.0,0.6666666666666666,300.0,1.0,0.4640887265149306,0.31664809151014545,1.0,0.0,0.0,0.0,0.13666666666666666,5560.499999999976,2950.432682139636,0.0,fixed_auv_ga_pso_tlbo_proxy,acoustic_degradation,21391593,3
0.0,1.0,260.0,0.7679487179487178,0.3821870795690062,0.10656409424777617,1.0,0.3333333331040634,0.0,20.0,0.0,6392.100000000009,2920.2000000000066,0.0,independent_greedy,acoustic_degradation,21391593,3
0.0,0.3333333333333333,300.0,1.0,0.6420222968795259,0.5928765443885897,1.0,0.0,0.02,47.0,0.14,7767.358418029767,2927.4977746313416,0.0,communication_aware,acoustic_degradation,21391593,3
0.0,0.6666666666666666,300.0,0.7644444444444445,0.5662065921149214,0.2590740536728168,1.0,0.3333333331108342,0.0,36.0,0.04666666666666667,6359.930653298332,1835.891654614156,1078.0,haco_safemarl_pilot_no_acoustic,acoustic_degradation,21391593,3
0.0,1.0,296.0,0.9853603603603602,0.5270078606133242,0.28544471143646516,1.0,0.3333332757291355,0.0,48.0,0.08783783783783784,9085.07897947685,2430.051787423322,0.0,haco_safemarl_pilot_no_shield,acoustic_degradation,21391593,3
0.0,0.3333333333333333,300.0,0.77,0.6579170828081674,0.5651332698692162,1.0,0.33333333309995566,0.0,0.0,0.08,7697.325281943711,2841.5038823994873,980.0,haco_safemarl_pilot,acoustic_degradation,21391593,3
0.0,0.0,300.0,0.6966666666666667,0.7105269311230286,0.6507156206003709,0.9666666666666667,0.33333333319915737,0.0,9.0,0.09333333333333334,864.9858984891293,147.96995735962642,972.0,mappo_acoustic_shield,acoustic_degradation,21391593,3
1.0,1.0,291.0,0.86368843069874,0.4593681076788362,0.26960670926160185,1.0,0.3333333326689029,0.0,0.0,0.0,5393.684999999978,2477.110249528135,0.0,fixed_auv_ga_pso_tlbo_proxy,acoustic_degradation,21401600,3
1.0,1.0,223.0,0.9715994020926756,0.40169274214021705,0.06997227457384783,1.0,0.33333331802739374,0.0,0.0,0.1210762331838565,5482.455000000007,1967.8000000000065,0.0,independent_greedy,acoustic_degradation,21401600,3
0.0,0.0,300.0,0.9422222222222221,0.6853374551255501,0.6131411187247937,1.0,0.33333332963510853,0.0,0.0,0.0,7811.332703275371,2908.8638673752257,0.0,communication_aware,acoustic_degradation,21401600,3
0.0,0.3333333333333333,300.0,0.7444444444444445,0.5484772276820442,0.3425108865428792,1.0,0.5815359579146248,0.0,0.0,0.0,9172.268996002025,2794.2788378565774,900.0,haco_safemarl_pilot_no_acoustic,acoustic_degradation,21401600,3
0.0,0.3333333333333333,300.0,0.8944444444444446,0.504454279135504,0.3916049090341148,1.0,0.3625808512059669,0.0,0.0,0.0,9039.0732618357,2855.6112666927797,0.0,haco_safemarl_pilot_no_shield,acoustic_degradation,21401600,3
0.0,0.0,300.0,0.6911111111111111,0.7117356446058679,0.6290022158724792,1.0,0.528719590293731,0.0,0.0,0.0,8933.650956336485,3057.2738476691084,900.0,haco_safemarl_pilot,acoustic_degradation,21401600,3
0.0,0.0,300.0,0.3822222222222222,0.7753827913437885,0.735770175619135,0.7333333333333333,0.6644656520079919,0.0,0.0,0.0,410.55913524306635,35.5097510427174,900.0,mappo_acoustic_shield,acoustic_degradation,21401600,3
0.0,0.6666666666666666,300.0,0.8166666666666667,0.6792068013287434,0.6076784829833382,1.0,0.33333333296602385,0.006666666666666667,0.0,0.07666666666666666,5560.499999999976,2891.3738829924937,0.0,fixed_auv_ga_pso_tlbo_proxy,acoustic_degradation,21411607,3
0.0,0.6666666666666666,300.0,0.8022222222222222,0.4330773215651058,0.27279747857578496,1.0,0.3333333330177166,0.0,27.0,0.07666666666666666,7375.50000000001,3136.2000000000094,0.0,independent_greedy,acoustic_degradation,21411607,3
0.0,0.6666666666666666,300.0,0.9111111111111111,0.7384264318058733,0.7090672952605475,1.0,0.33333333177083335,0.0,0.0,0.09333333333333334,8113.780900620153,3065.7909101552295,0.0,communication_aware,acoustic_degradation,21411607,3
0.0,0.6666666666666666,300.0,0.6722222222222223,0.6869392905950013,0.5499503208329909,0.7222222222222222,0.33333333321842384,0.016666666666666666,0.0,0.1,8487.24646260687,2195.243825949772,1000.0,haco_safemarl_pilot_no_acoustic,acoustic_degradation,21411607,3
0.0,0.6666666666666666,300.0,0.7377777777777778,0.639769000268063,0.5498132250964087,1.0,0.3333333331537872,0.023333333333333334,31.0,0.09,9344.223502623146,2500.708385277951,0.0,haco_safemarl_pilot_no_shield,acoustic_degradation,21411607,3
0.0,0.6666666666666666,300.0,0.68,0.6969570553900085,0.6165593449837992,0.8,0.33333333321277003,0.013333333333333334,0.0,0.09666666666666666,8925.659145940232,2550.947409679789,990.0,haco_safemarl_pilot,acoustic_degradation,21411607,3
0.0,0.0,300.0,0.6755555555555556,0.7689349053277492,0.7463052307122469,0.7555555555555554,0.3333333332160505,0.0,0.0,0.12333333333333334,511.69536567308455,292.27521742430497,921.0,mappo_acoustic_shield,acoustic_degradation,21411607,3
1.0,1.0,219.0,0.7549467275494672,0.4326911495670006,0.19548617491384687,1.0,0.3333333331277471,0.0,0.0,0.0091324200913242,4059.164999999988,1727.6945424671337,0.0,fixed_auv_ga_pso_tlbo_proxy,acoustic_degradation,21421614,3
1.0,1.0,167.0,0.840319361277445,0.4078834363424547,0.048724698454119864,1.0,0.3333333328491493,0.0,0.0,0.08383233532934131,4105.695000000005,1399.4000000000003,0.0,independent_greedy,acoustic_degradation,21421614,3
0.0,0.3333333333333333,300.0,0.8455555555555556,0.6131718164457186,0.4303313571094468,1.0,0.3333333328157618,0.0,0.0,0.006666666666666667,7929.745761618599,3394.1408779964027,0.0,communication_aware,acoustic_degradation,21421614,3
0.0,0.6666666666666666,300.0,0.7211111111111111,0.5223730974489524,0.15017075256907503,1.0,0.5136439603258901,0.0,0.0,0.08333333333333333,9282.043349351407,2914.426993125716,939.0,haco_safemarl_pilot_no_acoustic,acoustic_degradation,21421614,3
0.0,0.3333333333333333,300.0,0.7211111111111111,0.4609209180295436,0.20099914953967782,1.0,0.33333333317460573,0.0,0.0,0.056666666666666664,8854.941175613183,3199.076468723241,0.0,haco_safemarl_pilot_no_shield,acoustic_degradation,21421614,3
0.0,0.3333333333333333,300.0,0.7066666666666667,0.6566391606383144,0.47505413297653204,1.0,0.3333333331898531,0.0,0.0,0.07333333333333333,9074.328028614504,3594.7409714309892,935.0,haco_safemarl_pilot,acoustic_degradation,21421614,3
0.0,0.0,300.0,0.44,0.725742199144879,0.597114541812239,1.0,0.664897209021509,0.0,0.0,0.0,271.0766986944085,34.28418751754978,900.0,mappo_acoustic_shield,acoustic_degradation,21421614,3
0.0,0.3333333333333333,300.0,1.0,0.4104805237188945,0.24102934166537493,1.0,0.0,0.0033333333333333335,106.0,0.04,5560.499999999976,2960.03842730238,0.0,fixed_auv_ga_pso_tlbo_proxy,acoustic_degradation,21431621,3
0.0,1.0,279.0,1.0,0.39445102382570746,0.14783059374345164,1.0,0.0,0.014336917562724014,82.0,0.007168458781362007,6859.215000000009,3270.6000000000176,0.0,independent_greedy,acoustic_degradation,21431621,3
0.0,0.3333333333333333,300.0,1.0,0.6245316591848243,0.5191710617327681,1.0,0.0,0.0,209.0,0.04,7735.19439663032,2976.0143709500458,0.0,communication_aware,acoustic_degradation,21431621,3
0.0,0.3333333333333333,300.0,0.8255555555555555,0.6095746335643374,0.5075736953194833,1.0,0.3333333329276374,0.01,10.0,0.01,3754.413413197854,1859.4843488106408,1219.0,haco_safemarl_pilot_no_acoustic,acoustic_degradation,21431621,3
0.0,0.3333333333333333,300.0,0.8666666666666667,0.5086390975577689,0.3786507112554498,1.0,0.33333333263888887,0.006666666666666667,331.0,0.03666666666666667,8875.321072573486,3112.8923839414056,0.0,haco_safemarl_pilot_no_shield,acoustic_degradation,21431621,3
0.0,0.3333333333333333,300.0,0.8677777777777779,0.6655632558189535,0.5976399264705922,1.0,0.3333333326271685,0.0033333333333333335,18.0,0.016666666666666666,4109.0796234095715,1838.5863456071509,1210.0,haco_safemarl_pilot,acoustic_degradation,21431621,3
0.0,0.3333333333333333,300.0,0.6955555555555556,0.7082966155042179,0.6240649352441622,0.9555555555555555,0.333333333200135,0.0,36.0,0.0,928.3012696168005,227.34547554819642,937.0,mappo_acoustic_shield,acoustic_degradation,21431621,3
0.0,0.6666666666666666,300.0,0.8322222222222222,0.4676598002651159,0.2794118472830895,1.0,0.3333333328947561,0.0,0.0,0.0,5560.499999999976,2482.594832011211,0.0,fixed_auv_ga_pso_tlbo_proxy,acoustic_degradation,21441628,3
1.0,1.0,246.0,0.9661246612466124,0.3702751241849157,0.11629864836871073,1.0,0.6181997651721295,0.0,0.0,0.0,6047.910000000008,2236.0000000000064,0.0,independent_greedy,acoustic_degradation,21441628,3
0.0,0.0,300.0,0.8666666666666667,0.6813875775478129,0.5910557381650406,1.0,0.33333333263888887,0.0,0.0,0.0,7834.272334641994,2990.4302011783752,0.0,communication_aware,acoustic_degradation,21441628,3
0.0,0.3333333333333333,300.0,0.8177777777777778,0.5691391991245723,0.33291153652237215,1.0,0.4494802627017409,0.0,0.0,0.0,5280.395000885622,1547.116086532092,1128.0,haco_safemarl_pilot_no_acoustic,acoustic_degradation,21441628,3
0.0,0.0,300.0,0.9044444444444446,0.47473675169745344,0.28996172760626177,1.0,0.47814843269761054,0.0,0.0,0.0,9049.358948051138,2968.394855776749,0.0,haco_safemarl_pilot_no_shield,acoustic_degradation,21441628,3
0.0,0.0,300.0,0.7933333333333333,0.6938836838150894,0.6130479815137333,1.0,0.5489860032148158,0.0,0.0,0.0,5171.397507434723,1929.0158982118776,1133.0,haco_safemarl_pilot,acoustic_degradation,21441628,3
0.0,0.0,300.0,0.13333333333333333,0.7977206398902914,0.7864818027505633,0.4999999999999999,0.986390918055663,0.0,0.0,0.0,471.2263401187893,621.3540249939715,900.0,mappo_acoustic_shield,acoustic_degradation,21441628,3
0.0,0.6666666666666666,300.0,1.0,0.39022149142825885,0.2576631708004729,1.0,0.0,0.0,109.0,0.0,5560.499999999976,2495.942192900386,0.0,fixed_auv_ga_pso_tlbo_proxy,acoustic_degradation,21451635,3
0.0,1.0,264.0,1.0,0.268813847346758,0.06712652844089548,1.0,0.0,0.0,118.0,0.0,6490.440000000009,2629.4000000000037,0.0,independent_greedy,acoustic_degradation,21451635,3
0.0,0.0,300.0,1.0,0.6818641452806701,0.6280203775598975,1.0,0.0,0.0,0.0,0.0,7788.427347653582,2907.6444639306787,0.0,communication_aware,acoustic_degradation,21451635,3
0.0,0.0,300.0,0.801111111111111,0.519649647398501,0.3579235361124839,1.0,0.3333333330212332,0.0,0.0,0.0,6609.161040175096,2144.7067635062826,1030.0,haco_safemarl_pilot_no_acoustic,acoustic_degradation,21451635,3
0.0,0.6666666666666666,300.0,1.0,0.4485788842610599,0.38790769072106723,1.0,0.0,0.03,32.0,0.08333333333333333,9167.9323619624,2384.7753224456746,0.0,haco_safemarl_pilot_no_shield,acoustic_degradation,21451635,3
0.0,0.0,300.0,0.7555555555555556,0.6742425705754981,0.5983581138171208,1.0,0.33333333312672175,0.0,0.0,0.0,7204.239331942158,2688.2192817153245,1011.0,haco_safemarl_pilot,acoustic_degradation,21451635,3
0.0,0.0,300.0,0.6822222222222223,0.7678844976734457,0.7415277755256073,0.8222222222222222,0.33333333321107794,0.0,0.0,0.0,571.3489160597346,497.2741320815954,900.0,mappo_acoustic_shield,acoustic_degradation,21451635,3
1.0,1.0,182.0,1.0,0.45169789109967023,0.08675458986963766,1.0,0.0,0.0,0.0,0.0,3373.3699999999935,1786.845507758019,0.0,fixed_auv_ga_pso_tlbo_proxy,acoustic_degradation,21461642,3
1.0,1.0,139.0,0.829736211031175,0.48757623970224784,0.023714630640888957,1.0,0.33333333290746986,0.0,0.0,0.0,3417.315000000004,1387.199999999998,0.0,independent_greedy,acoustic_degradation,21461642,3
0.0,0.3333333333333333,300.0,1.0,0.4984012882015244,0.2689082154407428,1.0,0.0,0.0,0.0,0.0,7636.08778502761,2969.3848554593233,0.0,communication_aware,acoustic_degradation,21461642,3
1.0,1.0,204.0,0.4934640522875818,0.5503240638267402,0.06879587411990779,0.9047619047619048,0.6360615806463183,0.0,0.0,0.0,6436.059962609816,2041.6420063846315,612.0,haco_safemarl_pilot_no_acoustic,acoustic_degradation,21461642,3
0.0,0.3333333333333333,300.0,0.8888888888888887,0.4095481984993847,0.13783070349058713,1.0,0.3333333323333333,0.0,0.0,0.0,8768.290808108515,3053.671866395972,0.0,haco_safemarl_pilot_no_shield,acoustic_degradation,21461642,3
0.0,0.3333333333333333,300.0,0.8233333333333334,0.6273195819243981,0.40963329544011545,1.0,0.6572810217831347,0.0,0.0,0.0,8831.749050888677,3151.813881429722,900.0,haco_safemarl_pilot,acoustic_degradation,21461642,3
0.0,0.0,300.0,0.4255555555555555,0.7484973186323755,0.6552069002221157,1.0,0.6662454165764042,0.0,0.0,0.0,158.89451044415475,25.22339015102494,900.0,mappo_acoustic_shield,acoustic_degradation,21461642,3
1.0,1.0,256.0,1.0,0.13248146129028163,0.0627421610546777,1.0,0.0,0.0,0.0,0.0,4744.959999999983,2462.850823280787,0.0,fixed_auv_ga_pso_tlbo_proxy,acoustic_degradation,21471649,3
1.0,1.0,196.0,1.0,0.14622717375011438,0.04709697555163197,1.0,0.0,0.0,0.0,0.0,4818.660000000006,2162.000000000004,0.0,independent_greedy,acoustic_degradation,21471649,3
0.0,0.0,300.0,1.0,0.3585249677392575,0.2410965771841607,1.0,0.0,0.0,0.0,0.0,7588.429714319334,2953.237680145408,0.0,communication_aware,acoustic_degradation,21471649,3
0.0,0.3333333333333333,300.0,1.0,0.22513128733450763,0.13868548961882,1.0,0.0,0.0,0.0,0.0,8918.60934682763,2906.710586448749,900.0,haco_safemarl_pilot_no_acoustic,acoustic_degradation,21471649,3
0.0,0.0,300.0,1.0,0.23103853710858951,0.1677406501172257,1.0,0.0,0.0,0.0,0.0,8574.258417917286,3123.97660690736,0.0,haco_safemarl_pilot_no_shield,acoustic_degradation,21471649,3
0.0,0.0,300.0,1.0,0.5529347865135577,0.47130593135240995,1.0,0.0,0.0,0.0,0.0,8506.071422926367,3194.217375226465,900.0,haco_safemarl_pilot,acoustic_degradation,21471649,3
0.0,0.0,300.0,0.7466666666666667,0.7212201291074073,0.635886853084315,1.0,0.3333333331409664,0.0,0.0,0.0,491.6770379602025,27.014479937812368,900.0,mappo_acoustic_shield,acoustic_degradation,21471649,3
0.0,1.0,292.0,0.9257990867579908,0.3782248085042379,0.1876917172254431,1.0,0.33333333109101904,0.0,59.0,0.0958904109589041,5412.2199999999775,2580.9214343639915,0.0,fixed_auv_ga_pso_tlbo_proxy,acoustic_degradation,21481656,3
0.0,1.0,223.0,0.9252615844544095,0.3756700724884339,0.07636355857601804,1.0,0.33333333112315555,0.03587443946188341,45.0,0.13452914798206278,5482.455000000007,2125.6000000000054,0.0,independent_greedy,acoustic_degradation,21481656,3
0.0,0.0,300.0,0.9277777777777777,0.611140980886901,0.4740464968982921,1.0,0.33333333096646944,0.01,188.0,0.09333333333333334,7767.528968054878,2980.1435574432,0.0,communication_aware,acoustic_degradation,21481656,3
0.0,0.0,300.0,0.7755555555555556,0.6324968580121807,0.45687912587174767,1.0,0.619086632442455,0.0033333333333333335,0.0,0.1,8716.13806263738,3422.3382897164474,939.0,haco_safemarl_pilot_no_acoustic,acoustic_degradation,21481656,3
0.0,0.3333333333333333,300.0,1.0,0.41363375440783734,0.22628645637629763,1.0,0.0,0.0,83.0,0.08666666666666667,8910.602853440296,2849.818987561574,0.0,haco_safemarl_pilot_no_shield,acoustic_degradation,21481656,3
0.0,0.0,300.0,0.7766666666666666,0.6915242906295122,0.5794643224553643,1.0,0.623327932483229,0.0,0.0,0.09,8624.749714684142,3079.711494269166,938.0,haco_safemarl_pilot,acoustic_degradation,21481656,3
0.0,0.0,300.0,0.3822222222222222,0.7752635157345832,0.7346698112899993,0.7111111111111111,0.6638834483134267,0.0,0.0,0.1,664.4930067439317,618.8668911952943,912.0,mappo_acoustic_shield,acoustic_degradation,21481656,3
0.0,1.0,269.0,1.0,0.30832098768346977,0.12409478086096344,1.0,0.0,0.0,48.0,0.0,4985.914999999981,2343.7871295048253,0.0,fixed_auv_ga_pso_tlbo_proxy,acoustic_degradation,21491663,3
0.0,1.0,206.0,1.0,0.2606367181098228,0.05942473447081848,1.0,0.0,0.0,36.0,0.0,5064.510000000007,1880.6000000000095,0.0,independent_greedy,acoustic_degradation,21491663,3
0.0,0.3333333333333333,300.0,1.0,0.5329849477719644,0.45844605459136917,1.0,0.0,0.0,67.0,0.0,7664.71565766208,2920.3970293058824,0.0,communication_aware,acoustic_degradation,21491663,3
0.0,0.3333333333333333,300.0,0.9988888888888887,0.37632053700653195,0.17868190520058544,1.0,0.3333233336333243,0.0,31.0,0.0,8271.286222834438,3289.918152449537,958.0,haco_safemarl_pilot_no_acoustic,acoustic_degradation,21491663,3
0.0,0.3333333333333333,300.0,1.0,0.3776422210266152,0.22307359524523088,1.0,0.0,0.0,40.0,0.0,8803.995244666869,3332.827859914097,0.0,haco_safemarl_pilot_no_shield,acoustic_degradation,21491663,3
0.0,0.3333333333333333,300.0,1.0,0.6002959016363951,0.5572236674781591,1.0,0.0,0.0,35.0,0.0,7742.952638501065,3108.018833535811,966.0,haco_safemarl_pilot,acoustic_degradation,21491663,3
0.0,0.0,300.0,0.9488888888888888,0.6967917130187871,0.6509986038944159,1.0,0.3333333286074355,0.0,0.0,0.0,548.183331813194,335.13573804229,912.0,mappo_acoustic_shield,acoustic_degradation,21491663,3
0.0,0.6666666666666666,300.0,1.0,0.2028091558943778,0.08443885998180457,1.0,0.0,0.0,0.0,0.0,5560.499999999976,2543.5599777453467,0.0,fixed_auv_ga_pso_tlbo_proxy,acoustic_degradation,21501670,3
1.0,1.0,237.0,1.0,0.276633473132964,0.028586028103696554,1.0,0.0,0.0,0.0,0.0,5826.645000000008,2332.000000000001,0.0,independent_greedy,acoustic_degradation,21501670,3
0.0,0.0,300.0,1.0,0.4483859197891426,0.31868490333921834,1.0,0.0,0.0,0.0,0.0,7635.036334846916,2922.519315390043,0.0,communication_aware,acoustic_degradation,21501670,3
0.0,0.6666666666666666,300.0,1.0,0.3328999641917344,0.06727243818129953,1.0,0.0,0.0,0.0,0.0,8884.538411593901,3008.986942264422,900.0,haco_safemarl_pilot_no_acoustic,acoustic_degradation,21501670,3
0.0,0.0,300.0,1.0,0.3270842868300592,0.12238924494852599,1.0,0.0,0.0,0.0,0.0,8757.978631223845,2938.069624568311,0.0,haco_safemarl_pilot_no_shield,acoustic_degradation,21501670,3
0.0,0.0,300.0,1.0,0.5899011081298022,0.42667974181106844,1.0,0.0,0.0,0.0,0.0,8678.143237821787,3012.687041663429,900.0,haco_safemarl_pilot,acoustic_degradation,21501670,3
0.0,0.0,300.0,1.0,0.6172647938869118,0.4719387542860244,1.0,0.0,0.0,0.0,0.0,1323.6835928840862,438.427447156968,939.0,mappo_acoustic_shield,acoustic_degradation,21501670,3
1.0,1.0,263.0,0.8352344740177439,0.48527513475584705,0.32357548302372713,1.0,0.3655160475542353,0.0,0.0,0.13688212927756654,4874.704999999982,2206.472671491507,0.0,fixed_auv_ga_pso_tlbo_proxy,acoustic_degradation,21511677,3
1.0,1.0,201.0,0.7346600331674958,0.45202151819030156,0.2967430314853371,1.0,0.41148294569350424,0.0,0.0,0.11442786069651742,4941.585000000006,1923.000000000007,0.0,independent_greedy,acoustic_degradation,21511677,3
0.0,0.3333333333333333,300.0,0.8933333333333333,0.658313948374511,0.5857065316691723,1.0,0.4015686258762013,0.016666666666666666,0.0,0.13666666666666666,7831.444783645214,3074.8205164725414,0.0,communication_aware,acoustic_degradation,21511677,3
0.0,0.3333333333333333,300.0,0.6411111111111112,0.5590538881755998,0.4318236828838499,0.7000000000000001,0.4462566351415473,0.0,0.0,0.09666666666666666,9141.232022887123,3528.336706046451,943.0,haco_safemarl_pilot_no_acoustic,acoustic_degradation,21511677,3
0.0,0.3333333333333333,300.0,0.6977777777777778,0.508149410573725,0.3589618940720774,0.9888888888888888,0.4001254716768273,0.0,0.0,0.10666666666666667,8897.926822346513,3320.046001344408,0.0,haco_safemarl_pilot_no_shield,acoustic_degradation,21511677,3
0.0,0.3333333333333333,300.0,0.6411111111111112,0.7047244386177346,0.6522902302742,0.7222222222222222,0.44886009163838986,0.0,0.0,0.10666666666666667,8965.946617564441,3569.690139226953,945.0,haco_safemarl_pilot,acoustic_degradation,21511677,3
0.0,0.0,300.0,0.34444444444444444,0.7723586400632343,0.7411158908022696,0.7444444444444444,0.8030766531652964,0.0,0.0,0.15,430.02502389901133,57.50774307455097,925.0,mappo_acoustic_shield,acoustic_degradation,21511677,3
0.0,1.0,273.0,1.0,0.14385544529115085,0.06766481438759228,1.0,0.0,0.018315018315018316,56.0,0.047619047619047616,5060.05499999998,2559.063910537859,0.0,fixed_auv_ga_pso_tlbo_proxy,acoustic_degradation,21521684,3
0.0,1.0,209.0,1.0,0.1334534851490412,0.07357277590429896,1.0,0.0,0.0,42.0,0.0,5138.265000000007,2228.2000000000007,0.0,independent_greedy,acoustic_degradation,21521684,3
0.0,0.0,300.0,1.0,0.40675622196372746,0.28889224927593504,1.0,0.0,0.0,0.0,0.07666666666666666,7581.756012166417,2949.9897809877307,0.0,communication_aware,acoustic_degradation,21521684,3
0.0,0.3333333333333333,300.0,1.0,0.23830006225302242,0.1286269677303721,1.0,0.0,0.0,0.0,0.10333333333333333,8619.843214967756,3085.252452710337,933.0,haco_safemarl_pilot_no_acoustic,acoustic_degradation,21521684,3
0.0,0.0,300.0,1.0,0.24265199257738496,0.19008738996786823,1.0,0.0,0.03666666666666667,0.0,0.07666666666666666,8591.5674751894,3136.8887822026218,0.0,haco_safemarl_pilot_no_shield,acoustic_degradation,21521684,3
0.0,0.0,300.0,1.0,0.5708169661502782,0.5073999972215179,1.0,0.0,0.03666666666666667,0.0,0.08666666666666667,8046.932417558962,3045.0059708389576,940.0,haco_safemarl_pilot,acoustic_degradation,21521684,3
0.0,0.0,300.0,0.5244444444444444,0.7178377084006465,0.5784399446743496,0.7888888888888889,0.5937392632924404,0.0,0.0,0.13666666666666666,263.34376336864904,282.70507499999655,918.0,mappo_acoustic_shield,acoustic_degradation,21521684,3
0.0,1.0,165.0,0.880808080808081,0.6284324765519342,0.41372555666918936,1.0,0.33333333246433017,0.0,87.0,0.0,3058.274999999996,1568.5935890374296,0.0,fixed_auv_ga_pso_tlbo_proxy,acoustic_degradation,21531691,3
0.0,1.0,126.0,0.9497354497354499,0.5808116695269303,0.5277221299368424,1.0,0.33333332844690683,0.0,66.0,0.0,3097.7100000000037,1225.1999999999985,0.0,independent_greedy,acoustic_degradation,21531691,3
0.0,0.6666666666666666,300.0,0.7377777777777778,0.698887914002614,0.5990434200679117,1.0,0.3333333331537872,0.0,142.0,0.0,7946.313736475838,3536.672836872414,0.0,communication_aware,acoustic_degradation,21531691,3
1.0,1.0,142.0,0.8732394366197183,0.6983020382042903,0.6258961333369771,1.0,0.3333333325650053,0.0,0.0,0.0,4743.121967544057,1482.0383696859562,447.0,haco_safemarl_pilot_no_acoustic,acoustic_degradation,21531691,3
0.0,1.0,123.0,0.97289972899729,0.6702673427386028,0.6035077961549707,1.0,0.3333333165233342,0.0,40.0,0.0,3807.619188197201,927.8311824634673,0.0,haco_safemarl_pilot_no_shield,acoustic_degradation,21531691,3
1.0,1.0,143.0,0.8741258741258742,0.7041781785458021,0.6322464931349823,1.0,0.3333333325541457,0.0,0.0,0.0,4829.41454384197,1503.858308296353,450.0,haco_safemarl_pilot,acoustic_degradation,21531691,3
0.0,0.0,300.0,1.0,0.6091349032563658,0.5610357710063838,1.0,0.0,0.0,0.0,0.0,1549.4211130377055,1716.1958597430526,1040.0,mappo_acoustic_shield,acoustic_degradation,21531691,3
1.0,1.0,212.0,0.8144654088050314,0.34829974652534174,0.06930337590621798,1.0,0.333333332974688,0.0,0.0,0.0,3929.419999999989,1667.806746468365,0.0,fixed_auv_ga_pso_tlbo_proxy,acoustic_degradation,21541698,3
1.0,1.0,162.0,0.8106995884773661,0.3825322097049659,0.02604284146766353,1.0,0.44014560522354756,0.0,0.0,0.0,3982.770000000005,1330.4000000000003,0.0,independent_greedy,acoustic_degradation,21541698,3
0.0,0.0,300.0,0.918888888888889,0.45780186335168943,0.20683376374516563,1.0,0.33333333145680866,0.0,0.0,0.0,7676.8911315228115,2915.3974209464127,0.0,communication_aware,acoustic_degradation,21541698,3
0.0,0.3333333333333333,300.0,0.8433333333333333,0.3844457444883144,0.058636914384677455,1.0,0.33333333283034056,0.0,0.0,0.0,8786.119321960548,3112.6185473931623,900.0,haco_safemarl_pilot_no_acoustic,acoustic_degradation,21541698,3
0.0,0.3333333333333333,300.0,0.9077777777777777,0.3541109582546271,0.13241365539888184,1.0,0.33333333188174386,0.0,0.0,0.0,8790.986301136767,2983.072631141509,0.0,haco_safemarl_pilot_no_shield,acoustic_degradation,21541698,3
0.0,0.0,300.0,0.81,0.6188516841038714,0.4028283181168513,1.0,0.33333333299134776,0.0,0.0,0.0,8614.897967118543,3071.3304673606362,900.0,haco_safemarl_pilot,acoustic_degradation,21541698,3
0.0,0.0,300.0,0.3822222222222222,0.7392858368180205,0.6212089227493548,0.7222222222222222,0.6641829845011011,0.0,0.0,0.0,305.6390370477254,51.55901220333316,900.0,mappo_acoustic_shield,acoustic_degradation,21541698,3
0.0,0.6666666666666666,300.0,0.8166666666666667,0.5919571261974551,0.5568783008121047,1.0,0.6205128192399738,0.0,0.0,0.0,5560.499999999976,2791.538733375354,0.0,fixed_auv_ga_pso_tlbo_proxy,acoustic_degradation,21551705,3
1.0,1.0,298.0,1.0,0.3126879616171637,0.1269845084417164,1.0,0.0,0.0,0.0,0.0,7326.33000000001,3444.4000000000206,0.0,independent_greedy,acoustic_degradation,21551705,3
0.0,0.3333333333333333,300.0,0.8533333333333334,0.7198197855370709,0.709949987473079,1.0,0.6379613335743805,0.0,0.0,0.0,7944.459056953197,3170.815953544848,0.0,communication_aware,acoustic_degradation,21551705,3
0.0,0.6666666666666666,300.0,0.7288888888888889,0.6593502788115821,0.5665491232141631,1.0,0.49090519266329036,0.0,0.0,0.0,9564.728275819212,2614.3308896872904,900.0,haco_safemarl_pilot_no_acoustic,acoustic_degradation,21551705,3
0.0,0.6666666666666666,300.0,0.8644444444444443,0.5540079885202647,0.4505734668269317,1.0,0.4732290460832183,0.0,0.0,0.0,9379.262062280626,2580.2338501491595,0.0,haco_safemarl_pilot_no_shield,acoustic_degradation,21551705,3
0.0,0.3333333333333333,300.0,0.7166666666666667,0.7107997566871872,0.6627113049392989,1.0,0.5823951415355387,0.0,0.0,0.0,9327.413533459214,2982.5119442180194,900.0,haco_safemarl_pilot,acoustic_degradation,21551705,3
0.0,0.0,300.0,0.4655555555555556,0.7751720625387359,0.7595968570583632,1.0,0.6592552065169188,0.0,0.0,0.0,712.171061926645,49.708304960616054,900.0,mappo_acoustic_shield,acoustic_degradation,21551705,3
0.0,0.6666666666666666,300.0,1.0,0.32047460399205924,0.16131023259354868,1.0,0.0,0.0,98.0,0.0,5560.499999999976,3126.5034743286537,0.0,fixed_auv_ga_pso_tlbo_proxy,acoustic_degradation,21561712,3
0.0,1.0,246.0,1.0,0.220686490885223,0.07429145531475813,1.0,0.0,0.0,75.0,0.0,6047.910000000008,2945.000000000011,0.0,independent_greedy,acoustic_degradation,21561712,3
0.0,0.6666666666666666,300.0,1.0,0.500234415762372,0.3660980904486437,1.0,0.0,0.0,243.0,0.0,7762.788650036501,2937.350416574067,0.0,communication_aware,acoustic_degradation,21561712,3
0.0,0.3333333333333333,300.0,0.9233333333333333,0.4910257802856781,0.37276985557583114,1.0,0.3333333312329343,0.0,0.0,0.0,9079.485131979283,3459.0441440717855,900.0,haco_safemarl_pilot_no_acoustic,acoustic_degradation,21561712,3
0.0,1.0,297.0,0.9562289562289562,0.36897343465762555,0.16391917802747677,1.0,0.3333333268895465,0.0,180.0,0.0,9119.174439099592,2586.979289422687,0.0,haco_safemarl_pilot_no_shield,acoustic_degradation,21561712,3
0.0,0.0,300.0,0.9111111111111112,0.618813743977493,0.5450780922771649,1.0,0.33333333177083335,0.0,0.0,0.0,8800.213502266432,3198.9745401941227,900.0,haco_safemarl_pilot,acoustic_degradation,21561712,3
0.0,0.0,300.0,0.7011111111111111,0.702817440571735,0.6020509846669584,1.0,0.33333333319513736,0.0,0.0,0.0,566.9191477394124,204.87246681036783,900.0,mappo_acoustic_shield,acoustic_degradation,21561712,3
0.0,0.6666666666666666,300.0,0.8188888888888889,0.6619696400794568,0.5024741617722113,1.0,0.33333333295695483,0.0,31.0,0.10666666666666667,5560.499999999976,3497.604303093692,0.0,fixed_auv_ga_pso_tlbo_proxy,acoustic_degradation,21571719,3
0.0,0.6666666666666666,300.0,0.981111111111111,0.32885165178672204,0.17185678778268063,1.0,0.33333329873126083,0.0,25.0,0.07333333333333333,7375.50000000001,4040.400000000019,0.0,independent_greedy,acoustic_degradation,21571719,3
0.0,0.6666666666666666,300.0,0.7166666666666667,0.7578207834606354,0.7199541425380254,1.0,0.34395480568229764,0.006666666666666667,14.0,0.15,8228.512805428803,4288.559762298805,0.0,communication_aware,acoustic_degradation,21571719,3
0.0,0.6666666666666666,300.0,0.9211111111111111,0.6569148882620095,0.5806896214566958,1.0,0.33333333134959997,0.0,0.0,0.11,9451.997550441387,2884.5087363900925,974.0,haco_safemarl_pilot_no_acoustic,acoustic_degradation,21571719,3
0.0,0.6666666666666666,300.0,0.9322222222222221,0.49950845675337874,0.3123106563053377,1.0,0.3333333306458837,0.0,126.0,0.09333333333333334,9256.40015257558,2726.391969261572,0.0,haco_safemarl_pilot_no_shield,acoustic_degradation,21571719,3
1.0,1.0,288.0,0.9120370370370371,0.6718850532379795,0.6137425708357704,1.0,0.33333333173776547,0.0,0.0,0.09722222222222222,9263.488502244893,2547.125769713084,935.0,haco_safemarl_pilot,acoustic_degradation,21571719,3
0.0,0.0,300.0,0.6233333333333333,0.7579639174767135,0.715937812735025,1.0,0.5562945641700113,0.0,0.0,0.16333333333333333,651.3213610890707,28.521419182480333,934.0,mappo_acoustic_shield,acoustic_degradation,21571719,3
0.0,0.3333333333333333,300.0,1.0,0.31023597663896796,0.1343963292275538,1.0,0.0,0.0,59.0,0.09,5560.499999999976,2173.881524806951,0.0,fixed_auv_ga_pso_tlbo_proxy,acoustic_degradation,21581726,3
0.0,0.6666666666666666,300.0,1.0,0.1711861629103279,0.043435371214970445,1.0,0.0,0.0,45.0,0.0,7375.50000000001,2725.400000000014,0.0,independent_greedy,acoustic_degradation,21581726,3
0.0,0.0,300.0,1.0,0.6060810543888002,0.511692286060747,1.0,0.0,0.0,106.0,0.07333333333333333,7744.975218826995,2850.32079167433,0.0,communication_aware,acoustic_degradation,21581726,3
0.0,0.0,300.0,1.0,0.40198343199185477,0.2548207613495226,1.0,0.0,0.0,0.0,0.0,9150.241427846948,2783.426735728547,910.0,haco_safemarl_pilot_no_acoustic,acoustic_degradation,21581726,3
0.0,0.0,300.0,1.0,0.3888274879316149,0.2719704857371408,1.0,0.0,0.0,43.0,0.0,9001.567417379414,2809.831310472186,0.0,haco_safemarl_pilot_no_shield,acoustic_degradation,21581726,3
0.0,0.0,300.0,1.0,0.5702281159917288,0.5267617403959189,1.0,0.0,0.0,0.0,0.0,8827.37005560628,2990.6176584816862,929.0,haco_safemarl_pilot,acoustic_degradation,21581726,3
0.0,0.0,300.0,0.9855555555555556,0.6502083217929443,0.5837147149836842,1.0,0.3333332741617462,0.0,0.0,0.07,1365.0378600866668,427.6367241371868,937.0,mappo_acoustic_shield,acoustic_degradation,21581726,3
0.0,0.3333333333333333,300.0,1.0,0.42115849770402014,0.22413708326056542,1.0,0.0,0.0,29.0,0.0,5560.499999999976,2212.8762401556546,0.0,fixed_auv_ga_pso_tlbo_proxy,acoustic_degradation,21591733,3
0.0,0.6666666666666666,300.0,1.0,0.29428296680370836,0.029142467648324892,1.0,0.0,0.0,22.0,0.0,7375.50000000001,2764.800000000016,0.0,independent_greedy,acoustic_degradation,21591733,3
0.0,0.0,300.0,1.0,0.6878923576867962,0.6242624239718403,1.0,0.0,0.0,0.0,0.0,7803.8570297667175,2925.188274231483,0.0,communication_aware,acoustic_degradation,21591733,3
0.0,0.0,300.0,0.678888888888889,0.533564889362532,0.3070629805750059,0.7888888888888889,0.3333333332136029,0.0,0.0,0.0,8790.506185709693,3010.616031857279,949.0,haco_safemarl_pilot_no_acoustic,acoustic_degradation,21591733,3
0.0,0.3333333333333333,300.0,0.9522222222222223,0.4910659078783092,0.3123694093854046,1.0,0.33333332792500464,0.0,141.0,0.0,9070.354848581053,2863.2767919777193,0.0,haco_safemarl_pilot_no_shield,acoustic_degradation,21591733,3
0.0,0.0,300.0,0.678888888888889,0.671020797461986,0.5531360231501933,0.7888888888888889,0.3333333332136029,0.0,0.0,0.0,9095.377045676314,3090.1297006680115,900.0,haco_safemarl_pilot,acoustic_degradation,21591733,3
0.0,0.0,300.0,0.821111111111111,0.7577489909784698,0.7365357621323817,1.0,0.33333333294754575,0.0,0.0,0.0,1136.6837437223119,75.00704483182245,900.0,mappo_acoustic_shield,acoustic_degradation,21591733,3
0.0,0.3333333333333333,300.0,1.0,0.34314429598530993,0.18103419829444053,1.0,0.0,0.0,52.0,0.0,5560.499999999976,2378.931472234538,0.0,fixed_auv_ga_pso_tlbo_proxy,acoustic_degradation,21601740,3
0.0,1.0,292.0,0.9828767123287672,0.2197268574027668,0.0866371085954155,1.0,0.3333332912276597,0.0,40.0,0.0,7178.82000000001,2584.000000000008,0.0,independent_greedy,acoustic_degradation,21601740,3
0.0,0.0,300.0,1.0,0.5916979189675058,0.5117624622629817,1.0,0.0,0.0,261.0,0.0,7773.938736541877,3004.064706153692,0.0,communication_aware,acoustic_degradation,21601740,3
0.0,0.0,300.0,0.9133333333333333,0.43774631141043757,0.2761276216138536,1.0,0.3333333316896778,0.0,0.0,0.0,9134.098034374836,3219.6396264257337,905.0,haco_safemarl_pilot_no_acoustic,acoustic_degradation,21601740,3
0.0,0.0,300.0,1.0,0.40873219096165303,0.2833096536378629,1.0,0.0,0.0,252.0,0.0,8996.470440581585,2989.8098272552047,0.0,haco_safemarl_pilot_no_shield,acoustic_degradation,21601740,3
0.0,0.0,300.0,1.0,0.5261005419922472,0.2937470629223176,1.0,0.0,0.0,0.0,0.0,9153.06703497884,3837.7315234740227,932.0,haco_safemarl_pilot,acoustic_degradation,21601740,3
0.0,0.0,300.0,0.8144444444444445,0.6723854877518175,0.6087620541480254,1.0,0.333333332974769,0.0,0.0,0.0,1065.6118407835374,802.9271240326666,925.0,mappo_acoustic_shield,acoustic_degradation,21601740,3
0.0,1.0,267.0,0.9051186017478152,0.6325822211447636,0.5003612922268686,1.0,0.33333333196196907,0.0,81.0,0.0,4948.844999999981,2536.096460514499,0.0,fixed_auv_ga_pso_tlbo_proxy,acoustic_degradation,21611747,3
0.0,1.0,205.0,0.9398373983739837,0.4592932224472159,0.19894544434449557,1.0,0.3333333299224901,0.0,63.0,0.0,5039.925000000007,1938.000000000004,0.0,independent_greedy,acoustic_degradation,21611747,3
0.0,0.3333333333333333,300.0,0.9311111111111112,0.6875828897355855,0.6236207025549959,1.0,0.33333333073187654,0.0,0.0,0.0,7848.502144790659,2943.314013132717,0.0,communication_aware,acoustic_degradation,21611747,3
0.0,0.6666666666666666,300.0,0.7022222222222223,0.706793364792855,0.6251658150459936,1.0,0.3333333331941041,0.0,0.0,0.0,7255.35153044316,2307.908708509467,1067.0,haco_safemarl_pilot_no_acoustic,acoustic_degradation,21611747,3
0.0,1.0,204.0,0.7630718954248366,0.641490163541509,0.5066800320458282,1.0,0.3333333331134047,0.0,65.0,0.0,6448.012856873048,1593.6839419747423,0.0,haco_safemarl_pilot_no_shield,acoustic_degradation,21611747,3
0.0,0.0,300.0,0.8677777777777778,0.6749846685567276,0.5729232549824314,1.0,0.3333333326271685,0.0,0.0,0.0,8908.757499665993,2988.620848897063,900.0,haco_safemarl_pilot,acoustic_degradation,21611747,3
0.0,0.0,300.0,0.6977777777777778,0.7518520282162218,0.7258781775285407,0.9777777777777777,0.33333333319816894,0.0,0.0,0.0,986.0097799484979,345.6760095368425,900.0,mappo_acoustic_shield,acoustic_degradation,21611747,3
0.0,0.3333333333333333,300.0,1.0,0.23738717446784172,0.14540443551640284,1.0,0.0,0.03,0.0,0.06666666666666667,5560.499999999976,2419.9659200238816,0.0,fixed_auv_ga_pso_tlbo_proxy,acoustic_degradation,21621754,3
1.0,1.0,265.0,1.0,0.17425529597754608,0.07358897628478504,1.0,0.0,0.0,0.0,0.06792452830188679,6515.025000000009,2496.20000000001,0.0,independent_greedy,acoustic_degradation,21621754,3
0.0,0.0,300.0,1.0,0.5600371137377335,0.4842194480407747,1.0,0.0,0.03333333333333333,138.0,0.08,7679.7392983383,2986.2251087250615,0.0,communication_aware,acoustic_degradation,21621754,3
0.0,0.3333333333333333,300.0,1.0,0.36381017913445973,0.22080550145916836,1.0,0.0,0.0,0.0,0.12666666666666668,5380.468898435339,1750.7051646557802,1129.0,haco_safemarl_pilot_no_acoustic,acoustic_degradation,21621754,3
0.0,0.3333333333333333,300.0,1.0,0.3338606838045889,0.25580439360923896,1.0,0.0,0.0,37.0,0.08666666666666667,8840.509298703713,2958.6416338145627,0.0,haco_safemarl_pilot_no_shield,acoustic_degradation,21621754,3
0.0,0.0,300.0,1.0,0.573062370007199,0.47114955937175795,1.0,0.0,0.0,0.0,0.10666666666666667,4161.400142138481,1709.5024076513553,1183.0,haco_safemarl_pilot,acoustic_degradation,21621754,3
0.0,0.0,300.0,0.7411111111111112,0.7013535691848873,0.6124351558944218,1.0,0.33333333314913394,0.0,0.0,0.08333333333333333,1266.3898741778737,1592.3609933033138,1181.0,mappo_acoustic_shield,acoustic_degradation,21621754,3
0.0,0.3333333333333333,300.0,0.918888888888889,0.36373564660127167,0.15968857189151164,1.0,0.33333333145680866,0.0,75.0,0.05,5560.499999999976,2329.3110867553614,0.0,fixed_auv_ga_pso_tlbo_proxy,acoustic_degradation,21631761,3
0.0,1.0,247.0,0.979757085020243,0.2728226443360412,0.2199308624309572,1.0,0.33333330320543486,0.0728744939271255,75.0,0.1902834008097166,6072.495000000008,1981.0000000000018,0.0,independent_greedy,acoustic_degradation,21631761,3
0.0,0.0,300.0,0.9222222222222223,0.61843968290457,0.520722665688548,1.0,0.333333331292517,0.0,33.0,0.02666666666666667,7815.624153671779,2902.512803470767,0.0,communication_aware,acoustic_degradation,21631761,3
0.0,0.0,300.0,0.8544444444444446,0.5190662235257413,0.42067285187707676,1.0,0.6663172176288661,0.0,0.0,0.08666666666666667,8809.16507639437,3021.7998056735637,933.0,haco_safemarl_pilot_no_acoustic,acoustic_degradation,21631761,3
0.0,0.0,300.0,0.9522222222222221,0.42368718192942456,0.37764631628455153,1.0,0.33333332792500464,0.0,34.0,0.07333333333333333,8947.869932673371,2975.9476024861146,0.0,haco_safemarl_pilot_no_shield,acoustic_degradation,21631761,3
0.0,0.0,300.0,0.85,0.6742922095899998,0.652314392970102,1.0,0.6657534224687558,0.0,0.0,0.08666666666666667,8640.508160768855,2978.708783440439,931.0,haco_safemarl_pilot,acoustic_degradation,21631761,3
0.0,0.0,300.0,0.3922222222222222,0.7597812987334505,0.6927573024914861,0.8222222222222222,0.6652770087006478,0.0,0.0,0.07666666666666666,486.40454722988056,294.79117692214726,918.0,mappo_acoustic_shield,acoustic_degradation,21631761,3
1.0,1.0,150.0,1.0,0.542852728127789,0.47575466703020053,1.0,0.0,0.0,0.0,0.0,2780.2499999999977,1264.091599051914,0.0,fixed_auv_ga_pso_tlbo_proxy,acoustic_degradation,21641768,3
1.0,1.0,115.0,1.0,0.5352339144150453,0.497361959261393,1.0,0.0,0.0,0.0,0.0,2827.2750000000033,1099.3999999999996,0.0,independent_greedy,acoustic_degradation,21641768,3
0.0,0.6666666666666666,300.0,1.0,0.5984779632235937,0.5582973638386389,1.0,0.0,0.0,0.0,0.0,7713.2058505668465,2985.6480621248725,0.0,communication_aware,acoustic_degradation,21641768,3
1.0,1.0,194.0,1.0,0.5945926231849054,0.564991807342969,1.0,0.0,0.0,0.0,0.0,6053.6268035960575,1804.9557270492976,582.0,haco_safemarl_pilot_no_acoustic,acoustic_degradation,21641768,3
1.0,1.0,139.0,1.0,0.5430610812395484,0.48841920135465555,1.0,0.0,0.0,0.0,0.0,4320.3990634957345,1165.4744374108477,0.0,haco_safemarl_pilot_no_shield,acoustic_degradation,21641768,3
1.0,1.0,296.0,1.0,0.6247868719140699,0.5804801228449613,1.0,0.0,0.0,0.0,0.0,8971.330524123921,2920.5059709321604,888.0,haco_safemarl_pilot,acoustic_degradation,21641768,3
0.0,0.3333333333333333,300.0,1.0,0.6852276817997492,0.6720853961054507,1.0,0.0,0.0,0.0,0.0,424.9295806694101,40.643013553109284,900.0,mappo_acoustic_shield,acoustic_degradation,21641768,3
0.0,1.0,185.0,1.0,0.1742013788364933,0.06613135776960186,1.0,0.0,0.0,35.0,0.10810810810810811,3428.974999999993,1531.0435845027564,0.0,fixed_auv_ga_pso_tlbo_proxy,acoustic_degradation,21651775,3
0.0,1.0,141.0,1.0,0.2303324425438186,0.021331876112471546,1.0,0.0,0.0,27.0,0.0,3466.485000000004,1188.2000000000016,0.0,independent_greedy,acoustic_degradation,21651775,3
0.0,0.0,300.0,1.0,0.3248085182613992,0.16826961567323104,1.0,0.0,0.0,40.0,0.21666666666666667,7572.6289630032425,2915.0800813064084,0.0,communication_aware,acoustic_degradation,21651775,3
0.0,0.6666666666666666,300.0,1.0,0.2709416715551957,0.036601806769817946,1.0,0.0,0.0,0.0,0.06666666666666667,8772.634060381813,2719.8072674076284,910.0,haco_safemarl_pilot_no_acoustic,acoustic_degradation,21651775,3
0.0,0.0,300.0,1.0,0.23634343290296184,0.08550630729258185,1.0,0.0,0.0,31.0,0.02,8585.023803698987,3181.889560947263,0.0,haco_safemarl_pilot_no_shield,acoustic_degradation,21651775,3
0.0,0.0,300.0,1.0,0.5541811743737841,0.370987150667325,1.0,0.0,0.0,0.0,0.07,8538.449151233195,3106.883253008337,901.0,haco_safemarl_pilot,acoustic_degradation,21651775,3
0.0,0.0,300.0,0.7344444444444445,0.7117092835311682,0.6343373133840421,1.0,0.33333333315826635,0.0,0.0,0.39,276.6911169479636,138.79571489227774,996.0,mappo_acoustic_shield,acoustic_degradation,21651775,3
1.0,1.0,241.0,0.1479944674965422,0.8290912445075515,0.798791636553704,0.6666666666666667,0.984030662638925,0.0,0.0,0.0,4466.934999999985,2381.892766670429,0.0,fixed_auv_ga_pso_tlbo_proxy,emergency,21161782,3
1.0,1.0,184.0,0.48007246376811585,0.7756470796878446,0.7444171064532803,0.7719298245614035,0.8710489300308764,0.0,0.0,0.0,4523.640000000006,1941.8000000000002,0.0,independent_greedy,emergency,21161782,3
0.0,0.6666666666666666,300.0,0.2988888888888889,0.79997634020489,0.7620877236284861,0.6666666666666669,0.9157863260711386,0.0,0.0,0.0,8294.027579236681,3795.1652890654836,0.0,communication_aware,emergency,21161782,3
1.0,1.0,176.0,0.017045454545454544,0.844589979319873,0.8421723961122622,0.16666666666666666,0.9997105094994894,0.0,0.0,0.0,5638.309999999984,1402.9082715978298,118.0,haco_safemarl_pilot_no_acoustic,emergency,21161782,3
1.0,1.0,179.0,0.1415270018621974,0.8380773710384029,0.8320870702558966,0.6666666666666665,0.9936506153860942,0.0,0.0,0.0,5621.344109741408,1512.4841261436252,0.0,haco_safemarl_pilot_no_shield,emergency,21161782,3
1.0,1.0,176.0,0.013257575757575756,0.8450067185850765,0.8424618454231471,0.12962962962962962,0.9998600258916097,0.0,0.0,0.0,5644.811842689398,1454.7190033636039,121.0,haco_safemarl_pilot,emergency,21161782,3
0.0,0.0,300.0,0.1,0.8223498911753025,0.8016900443798446,0.3333333333333334,0.9854725039672851,0.0,0.0,0.0,467.924885857348,73.15923184577873,511.0,mappo_acoustic_shield,emergency,21161782,3
0.0,1.0,281.0,1.0,0.294403491874362,0.1716785888740612,1.0,0.0,0.0,43.0,0.0,5208.334999999979,1696.1859673847691,0.0,fixed_auv_ga_pso_tlbo_proxy,emergency,21171789,3
0.0,1.0,215.0,0.951937984496124,0.24774092705097556,0.061052558144445795,1.0,0.3333333279887849,0.0,33.0,0.0,5285.775000000007,1363.0000000000002,0.0,independent_greedy,emergency,21171789,3
0.0,0.0,300.0,1.0,0.6336872368666817,0.6157302991826049,1.0,0.0,0.0,18.0,0.0,7664.136547197157,2969.044152665488,0.0,communication_aware,emergency,21171789,3
0.0,0.0,300.0,0.8511111111111112,0.42004490587354687,0.187012226195244,1.0,0.3333333327764164,0.0,0.0,0.0,9117.39792455769,2865.2945921591977,900.0,haco_safemarl_pilot_no_acoustic,emergency,21171789,3
0.0,0.0,300.0,0.9777777777777777,0.3655238990903868,0.2112724689378192,1.0,0.33333330833333524,0.0,42.0,0.0,8922.117687252761,2898.313876967174,0.0,haco_safemarl_pilot_no_shield,emergency,21171789,3
0.0,0.0,300.0,0.8477777777777779,0.6386521931899063,0.5461969488385126,1.0,0.3333333328005399,0.0,0.0,0.0,8955.228286299181,3042.3428537175587,900.0,haco_safemarl_pilot,emergency,21171789,3
0.0,0.0,300.0,0.28888888888888886,0.7832944142160875,0.7484715581132393,0.8777777777777778,0.9464524206972214,0.0,0.0,0.0,1242.3906012584043,463.9561684106659,814.0,mappo_acoustic_shield,emergency,21171789,3
0.0,1.0,237.0,0.580872011251758,0.6911035188945979,0.5815147210907697,1.0,0.9212415447555375,0.0,59.0,0.0,4392.7949999999855,2462.6901184016733,0.0,fixed_auv_ga_pso_tlbo_proxy,emergency,21181796,3
0.0,1.0,181.0,0.49539594843462226,0.6341860511229731,0.34945637591669915,0.6666666666666665,0.631857125850458,0.0,45.0,0.0,4449.885000000006,2113.399999999998,0.0,independent_greedy,emergency,21181796,3
0.0,0.6666666666666666,300.0,0.7244444444444444,0.6816780719425214,0.6164554547844615,1.0,0.9393939381026171,0.0,54.0,0.0,7926.049967720872,3234.026569392564,0.0,communication_aware,emergency,21181796,3
1.0,1.0,252.0,0.2526455026455026,0.7877900190144067,0.7498201153486271,0.6666666666666667,0.9506770659365259,0.0,0.0,0.0,7664.773836501149,2768.8097214874633,414.0,haco_safemarl_pilot_no_acoustic,emergency,21181796,3
0.0,1.0,177.0,0.3352165725047081,0.709212879140775,0.49069757610992304,0.6666666666666665,0.86669448772629,0.0,77.0,0.0,5548.718897568519,1479.1984786290054,0.0,haco_safemarl_pilot_no_shield,emergency,21181796,3
0.0,0.3333333333333333,300.0,0.3044444444444444,0.7844312611238439,0.7479805332468481,0.6666666666666669,0.9186416677621707,0.0,0.0,0.0,8998.85197321803,3396.0532423005156,504.0,haco_safemarl_pilot,emergency,21181796,3
0.0,0.0,300.0,0.17444444444444446,0.8083065906794333,0.7614788946032799,0.3333333333333334,0.9236608523308997,0.0,0.0,0.0,314.47281315334703,406.14063115460004,692.0,mappo_acoustic_shield,emergency,21181796,3
1.0,1.0,237.0,0.4345991561181435,0.6898389559742509,0.5175845388575965,1.0,0.9587441708263528,0.0,0.0,0.1518987341772152,4392.7949999999855,2166.671656080844,0.0,fixed_auv_ga_pso_tlbo_proxy,emergency,21191803,3
0.0,1.0,181.0,0.4769797421731123,0.6856453045402864,0.5753160644592467,1.0,0.9746006424523441,0.0055248618784530384,0.0,0.2154696132596685,4449.885000000006,1953.8000000000013,0.0,independent_greedy,emergency,21191803,3
0.0,0.6666666666666666,300.0,0.6211111111111112,0.6785437956088685,0.5899436380740632,1.0,0.963683978628647,0.01,0.0,0.12666666666666668,8022.460930685035,3210.0226251521244,0.0,communication_aware,emergency,21191803,3
1.0,1.0,229.0,0.3842794759825328,0.6993211390955599,0.5811694779376106,0.8840579710144927,0.9863727319489618,0.0,0.0,0.16593886462882096,6874.31683006661,1768.1404137233653,433.0,haco_safemarl_pilot_no_acoustic,emergency,21191803,3
0.0,1.0,191.0,0.4502617801047122,0.6679821418285468,0.6065097412716702,1.0,0.9898841764571478,0.015706806282722512,0.0,0.17277486910994763,6037.885032640316,1596.8165879343933,0.0,haco_safemarl_pilot_no_shield,emergency,21191803,3
0.0,0.3333333333333333,300.0,0.44111111111111106,0.7397043495736373,0.6626998399583252,0.8666666666666667,0.8223682711248066,0.0033333333333333335,0.0,0.10666666666666667,8561.221345413645,2959.320424917886,586.0,haco_safemarl_pilot,emergency,21191803,3
0.0,0.0,300.0,0.14666666666666667,0.8233082137252042,0.7972772409035453,0.522222222222222,0.9622835438155559,0.0,0.0,0.07,478.5111459281009,111.21064915419717,539.0,mappo_acoustic_shield,emergency,21191803,3
1.0,1.0,198.0,0.898989898989899,0.4058928774705241,0.15549623042264177,1.0,0.5046257331394244,0.0,0.0,0.0,3669.929999999991,1989.8372168790422,0.0,fixed_auv_ga_pso_tlbo_proxy,emergency,21201810,3
1.0,1.0,152.0,0.875,0.35544607540495127,0.1336127681577797,1.0,0.3452342994393483,0.0,0.0,0.0,3736.9200000000046,1642.0000000000018,0.0,independent_greedy,emergency,21201810,3
0.0,0.3333333333333333,300.0,0.9544444444444444,0.5242792167441022,0.37147142669047584,1.0,0.44435632038274675,0.0,0.0,0.0,7692.512646756518,3301.379910039575,0.0,communication_aware,emergency,21201810,3
1.0,1.0,292.0,0.684931506849315,0.5107327841637193,0.24426238537460235,0.8555555555555555,0.5115229650576517,0.0,0.0,0.04794520547945205,5069.1126188613225,1241.4908476117796,922.0,haco_safemarl_pilot_no_acoustic,emergency,21201810,3
0.0,0.3333333333333333,300.0,0.8477777777777777,0.4345227508570465,0.25945691698570084,1.0,0.47508036442257734,0.0,0.0,0.08666666666666667,8735.269550062198,2953.8942811824513,0.0,haco_safemarl_pilot_no_shield,emergency,21201810,3
0.0,0.3333333333333333,300.0,0.6833333333333333,0.6794347870616262,0.5574582652040286,0.8444444444444444,0.4871619552222167,0.0,0.0,0.03333333333333333,4482.612722712965,1734.7615370331282,958.0,haco_safemarl_pilot,emergency,21201810,3
0.0,0.3333333333333333,300.0,0.41,0.7901932288562162,0.7288003234248174,0.6666666666666669,0.6555967102652194,0.0,0.0,0.0,322.0115618771653,183.1170046302923,605.0,mappo_acoustic_shield,emergency,21201810,3
0.0,0.6666666666666666,300.0,0.5011111111111111,0.7082125579723899,0.6193313567592621,0.6777777777777779,0.600533805017983,0.0,0.0,0.07666666666666666,5560.499999999976,2591.9457233605253,0.0,fixed_auv_ga_pso_tlbo_proxy,emergency,21211817,3
1.0,1.0,243.0,0.5994513031550067,0.5650005222727748,0.27955097254977235,0.7066666666666666,0.6111588964670542,0.0,0.0,0.0,5974.155000000008,2324.2,0.0,independent_greedy,emergency,21211817,3
0.0,1.0,279.0,0.49342891278375145,0.7716725584896261,0.728377116504953,0.7619047619047619,0.6187437616652429,0.0035842293906810036,0.0,0.08243727598566308,7652.443028024074,2678.131939845886,0.0,communication_aware,emergency,21211817,3
1.0,1.0,219.0,0.28614916286149156,0.7988870992103194,0.7463203424783804,0.6969696969696968,0.9104609817185653,0.0,0.0,0.0730593607305936,7168.778401950481,1690.1385792034432,391.0,haco_safemarl_pilot_no_acoustic,emergency,21211817,3
1.0,1.0,236.0,0.49717514124293777,0.7602751203216699,0.655501037697239,0.6944444444444443,0.664130377629359,0.0,0.0,0.0847457627118644,7430.985153659906,1793.9987964628906,0.0,haco_safemarl_pilot_no_shield,emergency,21211817,3
1.0,1.0,220.0,0.2439393939393939,0.8084958585119368,0.7653586027206812,0.6818181818181817,0.9398853267296634,0.0,0.0,0.1,7163.319743452663,1815.8442189779098,395.0,haco_safemarl_pilot,emergency,21211817,3
0.0,0.3333333333333333,300.0,0.25222222222222224,0.8053273274973283,0.7527171681241323,0.6666666666666669,0.9170032574256913,0.0,0.0,0.11333333333333333,1316.2350552257817,130.7958625791332,496.0,mappo_acoustic_shield,emergency,21211817,3
0.0,0.6666666666666666,300.0,0.69,0.5960893590820127,0.38917691374970187,1.0,0.8777443244026817,0.0,33.0,0.04,5560.499999999976,3138.6074599237877,0.0,fixed_auv_ga_pso_tlbo_proxy,emergency,21221824,3
0.0,1.0,259.0,0.6666666666666665,0.5021904332763041,0.1597907035703916,0.6666666666666667,0.3333333332222222,0.0,26.0,0.10424710424710425,6367.5150000000085,3068.0000000000086,0.0,independent_greedy,emergency,21221824,3
0.0,0.6666666666666666,300.0,0.7633333333333333,0.6515416599396612,0.5122579003088038,1.0,0.7497397242331967,0.0,0.0,0.03666666666666667,7925.2339564761905,2920.113842869326,0.0,communication_aware,emergency,21221824,3
1.0,1.0,283.0,0.43698468786808015,0.6778480602230318,0.398719334583441,0.6666666666666669,0.7629102806066957,0.0,0.0,0.04240282685512368,8735.70447749892,2363.034733264607,573.0,haco_safemarl_pilot_no_acoustic,emergency,21221824,3
0.0,1.0,256.0,0.6015625,0.6425238951356622,0.3879773434735419,0.8333333333333333,0.7282314508654115,0.0,18.0,0.0,7977.657609617769,1964.65111972788,0.0,haco_safemarl_pilot_no_shield,emergency,21221824,3
0.0,0.3333333333333333,300.0,0.48222222222222216,0.7280145018802516,0.5763813761042363,0.6666666666666669,0.6900807797646281,0.0,0.0,0.07666666666666666,8914.596756182204,3009.7937692570995,635.0,haco_safemarl_pilot,emergency,21221824,3
0.0,0.0,300.0,0.17999999999999997,0.8035662583344267,0.7339945687630525,0.4111111111111109,0.9221532552410953,0.0,0.0,0.05333333333333334,422.8638123149473,214.34844190474465,524.0,mappo_acoustic_shield,emergency,21221824,3
0.0,1.0,290.0,0.4942528735632184,0.5466036611534892,0.37119645963841114,0.6666666666666669,0.6766770123559663,0.0,179.0,0.0,5375.149999999978,2727.454186835356,0.0,fixed_auv_ga_pso_tlbo_proxy,emergency,21231831,3
0.0,1.0,222.0,0.5225225225225226,0.5186499474510772,0.22064943878239623,0.6666666666666664,0.5982748214506326,0.0,136.0,0.0,5457.870000000007,2305.2000000000085,0.0,independent_greedy,emergency,21231831,3
0.0,0.3333333333333333,300.0,0.5255555555555556,0.6854099979184457,0.5952901600908144,0.6666666666666669,0.6197303257374035,0.0,140.0,0.0,8050.463923979863,3490.2953246673264,0.0,communication_aware,emergency,21231831,3
0.0,0.3333333333333333,300.0,0.36666666666666664,0.6992524290066293,0.602603562835506,0.6666666666666669,0.8564514596392817,0.0,5.0,0.0,7627.05294693965,2840.6297300080123,656.0,haco_safemarl_pilot_no_acoustic,emergency,21231831,3
0.0,0.3333333333333333,300.0,0.5466666666666666,0.5576079623587943,0.38118508963461506,0.6666666666666669,0.5778073973536508,0.0,97.0,0.0,8899.688583567127,3242.2001594564927,0.0,haco_safemarl_pilot_no_shield,emergency,21231831,3
0.0,0.3333333333333333,300.0,0.3522222222222222,0.7704151809934424,0.7140630773715861,0.6666666666666669,0.8711282999546314,0.0,5.0,0.0,6813.984264357071,2572.8611539146664,685.0,haco_safemarl_pilot,emergency,21231831,3
0.0,0.0,300.0,0.09333333333333332,0.8318236714858935,0.799886000321303,0.3333333333333334,0.9792460820389604,0.0,8.0,0.0,744.2314159473472,648.8514911538119,623.0,mappo_acoustic_shield,emergency,21231831,3
0.0,1.0,265.0,0.7610062893081762,0.5389555356339373,0.5090385374244532,1.0,0.7177223736450347,0.0,49.0,0.0,4911.774999999981,2232.4912945954243,0.0,fixed_auv_ga_pso_tlbo_proxy,emergency,21241838,3
0.0,1.0,203.0,0.8160919540229886,0.5013238901973751,0.3028508325865004,1.0,0.47172081756020073,0.0,37.0,0.0,4990.7550000000065,1860.200000000006,0.0,independent_greedy,emergency,21241838,3
0.0,0.3333333333333333,300.0,0.8066666666666666,0.6552677976968782,0.6526061511444544,1.0,0.7162526599370065,0.0,0.0,0.0,7877.683686411301,2929.5361018854396,0.0,communication_aware,emergency,21241838,3
0.0,0.3333333333333333,300.0,0.6477777777777777,0.631637348904964,0.5558875024595502,1.0,0.8801622121272947,0.0,0.0,0.0,9165.954917518442,3199.512074655151,832.0,haco_safemarl_pilot_no_acoustic,emergency,21241838,3
0.0,0.3333333333333333,300.0,0.8522222222222222,0.5500960622895021,0.4676014880040842,1.0,0.6402794346970301,0.0,119.0,0.0,9030.233142756086,2957.6168389749027,0.0,haco_safemarl_pilot_no_shield,emergency,21241838,3
0.0,0.3333333333333333,300.0,0.6177777777777778,0.7203018827229931,0.6961667859433582,1.0,0.9293062551348571,0.0,0.0,0.0,9035.115371744261,3103.0245500081137,832.0,haco_safemarl_pilot,emergency,21241838,3
0.0,0.0,300.0,0.14555555555555552,0.8124238017980816,0.8094686197720674,0.6666666666666669,0.9846121313269913,0.0,0.0,0.0,341.6586738425648,175.37753782838138,647.0,mappo_acoustic_shield,emergency,21241838,3
0.0,1.0,260.0,0.7897435897435897,0.35200389020899286,0.1888884580368079,1.0,0.3333333330540683,0.0,93.0,0.0,4819.099999999982,2317.1935788643254,0.0,fixed_auv_ga_pso_tlbo_proxy,emergency,21251845,3
0.0,1.0,199.0,0.8023450586264657,0.3535333209314134,0.15289290007401143,1.0,0.33333333301732415,0.0,71.0,0.0,4892.415000000006,2125.0000000000077,0.0,independent_greedy,emergency,21251845,3
0.0,0.0,300.0,0.8322222222222222,0.5586547902344545,0.4806298766455779,1.0,0.3333333328947561,0.0,82.0,0.0,7747.287087365294,2928.328486499561,0.0,communication_aware,emergency,21251845,3
0.0,0.6666666666666666,300.0,0.8122222222222223,0.43376526960879525,0.29124636997937603,1.0,0.41644430780980735,0.0,0.0,0.0,8904.713325391695,2623.6877672374794,814.0,haco_safemarl_pilot_no_acoustic,emergency,21251845,3
0.0,0.3333333333333333,300.0,0.8688888888888887,0.3619413974821907,0.2522030338372953,1.0,0.3333333326151489,0.0,186.0,0.0,8864.068701422699,3007.202724505972,0.0,haco_safemarl_pilot_no_shield,emergency,21251845,3
0.0,0.0,300.0,0.8422222222222222,0.6304350363278967,0.5902615317219213,1.0,0.3333333328374,0.0,0.0,0.0,8674.416046884251,3179.8736079973105,812.0,haco_safemarl_pilot,emergency,21251845,3
0.0,0.0,300.0,0.043333333333333335,0.8267401533950217,0.8242673513499327,0.43333333333333324,0.99996762628736,0.0,0.0,0.0,278.9281448708335,289.93895154135294,528.0,mappo_acoustic_shield,emergency,21251845,3
0.0,1.0,157.0,0.7876857749469214,0.6377076319133973,0.4989951514730218,1.0,0.44742729257142566,0.0,52.0,0.0,2909.994999999997,1568.3852861197395,0.0,fixed_auv_ga_pso_tlbo_proxy,emergency,21261852,3
0.0,1.0,120.0,0.9472222222222222,0.5760104656855783,0.5363884742651092,1.0,0.49930842712304097,0.0,40.0,0.0,2950.2000000000035,1225.2000000000005,0.0,independent_greedy,emergency,21261852,3
0.0,0.6666666666666666,300.0,0.8822222222222221,0.6587663276883184,0.6037855807573003,1.0,0.38739484088865206,0.0,209.0,0.0,7805.731798904119,3292.8504213149376,0.0,communication_aware,emergency,21261852,3
0.0,0.6666666666666666,300.0,0.7955555555555556,0.6696121139308144,0.5610184789592032,1.0,0.665408803854426,0.0,7.0,0.013333333333333334,9446.587586080834,3605.3853037465506,907.0,haco_safemarl_pilot_no_acoustic,emergency,21261852,3
0.0,1.0,142.0,0.8967136150234742,0.6627606755403823,0.607018367170279,1.0,0.38185404187382554,0.0,52.0,0.0,4343.611160212101,1240.840122269977,0.0,haco_safemarl_pilot_no_shield,emergency,21261852,3
0.0,0.3333333333333333,300.0,0.8055555555555555,0.7075207332821961,0.6619020741495721,1.0,0.6463834175863882,0.0,7.0,0.056666666666666664,9155.403352187108,3954.196499623153,924.0,haco_safemarl_pilot,emergency,21261852,3
0.0,0.3333333333333333,300.0,0.46777777777777774,0.7803483272574228,0.7485274318791857,0.6666666666666669,0.6266773732969495,0.0,8.0,0.0,875.5888924408669,365.0741286942994,757.0,mappo_acoustic_shield,emergency,21261852,3
0.0,1.0,277.0,1.0,0.3752623786690266,0.20178266557619276,1.0,0.0,0.0,41.0,0.0,5134.19499999998,2194.2164400554075,0.0,fixed_auv_ga_pso_tlbo_proxy,emergency,21271859,3
0.0,1.0,212.0,1.0,0.2927966180624102,0.08306680075388831,1.0,0.0,0.0,31.0,0.0,5212.020000000007,1840.7999999999975,0.0,independent_greedy,emergency,21271859,3
0.0,0.0,300.0,1.0,0.6464785133360705,0.5519409084436975,1.0,0.0,0.0,118.0,0.0,7696.004406934341,3050.0064889829946,0.0,communication_aware,emergency,21271859,3
0.0,0.6666666666666666,300.0,0.9155555555555555,0.4847904262343719,0.30662877706275704,1.0,0.3333333316020314,0.0,0.0,0.0,8190.1068505318635,2213.853253351271,965.0,haco_safemarl_pilot_no_acoustic,emergency,21271859,3
0.0,0.3333333333333333,300.0,0.9344444444444445,0.44249372044365154,0.30726558044708346,1.0,0.33333333046059566,0.0,35.0,0.0,8919.294620250734,3025.5783643587947,0.0,haco_safemarl_pilot_no_shield,emergency,21271859,3
0.0,0.3333333333333333,300.0,0.89,0.6433725848232759,0.5784744020165825,1.0,0.33333333231302925,0.0,14.0,0.0,7822.952072918787,2628.6477788600137,968.0,haco_safemarl_pilot,emergency,21271859,3
0.0,0.0,300.0,0.6455555555555555,0.7585786594966875,0.7078937721914104,1.0,0.6478910001699283,0.0,0.0,0.0,1227.230394486302,1051.280735132972,998.0,mappo_acoustic_shield,emergency,21271859,3
0.0,1.0,204.0,0.6879084967320261,0.46513143437610455,0.24089625116835864,1.0,0.41867217516011396,0.0,36.0,0.0,3781.1399999999903,1728.4238917968314,0.0,fixed_auv_ga_pso_tlbo_proxy,emergency,21281866,3
0.0,1.0,156.0,0.6837606837606837,0.46140301404542805,0.262422714352123,1.0,0.4075769414997806,0.0,27.0,0.0,3835.2600000000048,1441.600000000003,0.0,independent_greedy,emergency,21281866,3
0.0,0.3333333333333333,300.0,0.8133333333333332,0.556514788441584,0.4182168777784175,1.0,0.4169843093471532,0.0,133.0,0.0,7785.572069029298,2911.8049645960705,0.0,communication_aware,emergency,21281866,3
0.0,0.6666666666666666,300.0,0.7844444444444444,0.4941963931948582,0.34798055111888476,1.0,0.5044769711355567,0.0,0.0,0.0,9083.911758823904,2744.08342498832,795.0,haco_safemarl_pilot_no_acoustic,emergency,21281866,3
0.0,0.3333333333333333,300.0,0.8211111111111111,0.4331709987346201,0.26197366666246097,1.0,0.3962546811027605,0.0,85.0,0.0,8859.432788031707,3001.7431244973945,0.0,haco_safemarl_pilot_no_shield,emergency,21281866,3
0.0,0.3333333333333333,300.0,0.7777777777777777,0.6653985916905126,0.5757040982053417,1.0,0.5075111646661085,0.0,0.0,0.0,8871.38007047132,3260.151170982703,801.0,haco_safemarl_pilot,emergency,21281866,3
0.0,0.0,300.0,0.3655555555555555,0.8029092442213603,0.7695560248869322,0.6555555555555557,0.664951470643136,0.0,0.0,0.0,354.7194432470154,160.82984500409287,784.0,mappo_acoustic_shield,emergency,21281866,3
0.0,0.6666666666666666,300.0,0.8166666666666667,0.5714004401306814,0.4008426907871518,1.0,0.5999999988099174,0.0,65.0,0.0,5560.499999999976,2867.740634119255,0.0,fixed_auv_ga_pso_tlbo_proxy,emergency,21291873,3
0.0,1.0,260.0,0.7525641025641024,0.4693630942097283,0.1352334343875331,1.0,0.4093881540475603,0.0,49.0,0.0,6392.100000000009,2867.0000000000086,0.0,independent_greedy,emergency,21291873,3
0.0,0.3333333333333333,300.0,0.841111111111111,0.6556501331814755,0.5880251625013753,1.0,0.6718909130780291,0.0,185.0,0.0,7909.117855989104,3085.6788596644487,0.0,communication_aware,emergency,21291873,3
1.0,1.0,273.0,0.37484737484737485,0.6682273064608171,0.39095363641765984,0.6785714285714287,0.7975660214815572,0.0,0.0,0.0,7316.719450336503,2280.2113462040575,723.0,haco_safemarl_pilot_no_acoustic,emergency,21291873,3
0.0,1.0,255.0,0.47843137254901963,0.6407616204361787,0.3255729915297534,0.8717948717948717,0.740073913729292,0.0,46.0,0.0,8009.1331543424,2203.2060746323687,0.0,haco_safemarl_pilot_no_shield,emergency,21291873,3
0.0,0.3333333333333333,300.0,0.6588888888888889,0.6977438135116403,0.6217343759000653,1.0,0.9112258405892787,0.0,0.0,0.0,6859.179604725846,2579.696889580286,1003.0,haco_safemarl_pilot,emergency,21291873,3
0.0,0.0,300.0,0.18777777777777777,0.8086608038775404,0.7742516088341164,0.4999999999999999,0.925353310088227,0.0,0.0,0.0,1152.8271200336171,852.9977014445993,671.0,mappo_acoustic_shield,emergency,21291873,3
0.0,1.0,249.0,0.7309236947791165,0.7103312258825782,0.6207986390541405,1.0,0.37921324563294556,0.0,53.0,0.0,4615.214999999984,2438.130175612382,0.0,fixed_auv_ga_pso_tlbo_proxy,emergency,21301880,3
0.0,1.0,191.0,0.6666666666666669,0.5964394373573622,0.3499999263819809,0.6666666666666665,0.3333333332222222,0.0,40.0,0.0,4695.735000000006,2072.799999999996,0.0,independent_greedy,emergency,21301880,3
0.0,0.6666666666666666,300.0,0.88,0.7274192449552588,0.6691018079078646,1.0,0.4853932566090139,0.0,52.0,0.0,8075.171760630137,3763.3333752061617,0.0,communication_aware,emergency,21301880,3
1.0,1.0,178.0,0.4194756554307116,0.7840539304297275,0.6949758655659367,0.6666666666666665,0.7173997430295763,0.0,0.0,0.0,5806.778657373431,1248.0147336899759,317.0,haco_safemarl_pilot_no_acoustic,emergency,21301880,3
0.0,1.0,188.0,0.6187943262411348,0.6814843490530245,0.45080420994109593,0.6666666666666665,0.6634373875357226,0.0,38.0,0.0,5857.385088175115,1573.7590816949948,0.0,haco_safemarl_pilot_no_shield,emergency,21301880,3
1.0,1.0,179.0,0.3705772811918062,0.7943673268268491,0.7208686938743701,0.6666666666666665,0.7876180625630055,0.0,0.0,0.0,5856.545968574927,1457.8112494151453,314.0,haco_safemarl_pilot,emergency,21301880,3
0.0,0.3333333333333333,300.0,0.006666666666666667,0.8260170139910267,0.8215883487822252,0.06666666666666667,0.9999099219700142,0.0,0.0,0.0,870.8828255752499,148.21073131004414,424.0,mappo_acoustic_shield,emergency,21301880,3
1.0,1.0,249.0,0.6666666666666666,0.5649473154433461,0.3329985334222783,0.6666666666666667,0.3387421939158384,0.0,0.0,0.0,4615.214999999984,2662.218744624278,0.0,fixed_auv_ga_pso_tlbo_proxy,emergency,21311887,3
1.0,1.0,191.0,0.5253054101221639,0.5275295152933897,0.07573530783694747,0.6666666666666665,0.6511415040770776,0.0,0.0,0.0,4695.735000000006,2168.599999999998,0.0,independent_greedy,emergency,21311887,3
0.0,0.6666666666666666,300.0,0.8911111111111111,0.6468652875478567,0.5299240714813493,1.0,0.3618961476912105,0.0,0.0,0.0,7842.156328033676,3211.7231527588447,0.0,communication_aware,emergency,21311887,3
1.0,1.0,187.0,0.3707664884135473,0.6564269895966446,0.29960898340245307,0.6666666666666665,0.6643156069666509,0.0,0.0,0.0,6121.153268386759,1286.1416294902997,364.0,haco_safemarl_pilot_no_acoustic,emergency,21311887,3
1.0,1.0,186.0,0.4946236559139785,0.5912220406678022,0.158747669688981,0.6666666666666665,0.6050397149872794,0.0,0.0,0.0,5833.454265124431,1365.6320309030843,0.0,haco_safemarl_pilot_no_shield,emergency,21311887,3
1.0,1.0,190.0,0.35087719298245623,0.7102641116798704,0.4576595718207118,0.5087719298245613,0.6661800485447732,0.0,0.0,0.0,6291.28334361465,1366.8767015194392,367.0,haco_safemarl_pilot,emergency,21311887,3
0.0,0.0,300.0,0.2677777777777778,0.8094389681716212,0.7830346577365592,0.6666666666666669,0.8921889475483824,0.0,0.0,0.0,602.093387989501,158.86314722384583,624.0,mappo_acoustic_shield,emergency,21311887,3
1.0,1.0,299.0,0.2385730211817168,0.7809491306997501,0.722225556787659,0.8333333333333334,0.969204942154557,0.0,0.0,0.0,5541.9649999999765,2346.900182520656,0.0,fixed_auv_ga_pso_tlbo_proxy,emergency,21321894,3
1.0,1.0,229.0,0.6229985443959244,0.6398317768435922,0.49443103028440955,1.0,0.7419069418482548,0.0,0.0,0.0,5629.965000000007,1915.8000000000006,0.0,independent_greedy,emergency,21321894,3
0.0,0.6666666666666666,300.0,0.29333333333333333,0.7977642659439983,0.7702978287115445,0.7888888888888889,0.9375704052004235,0.0,0.0,0.0,8281.53682115376,3032.2279017532287,0.0,communication_aware,emergency,21321894,3
1.0,1.0,255.0,0.2797385620915032,0.7769334411959166,0.7134535230823977,0.6666666666666667,0.9533799971047189,0.0,0.0,0.0,8166.620216437069,1915.0704814083779,361.0,haco_safemarl_pilot_no_acoustic,emergency,21321894,3
1.0,1.0,227.0,0.3465491923641703,0.7462132585026073,0.6938288912552494,0.753623188405797,0.924059374763224,0.0,0.0,0.0,7249.573679695829,1654.5269864624388,0.0,haco_safemarl_pilot_no_shield,emergency,21321894,3
1.0,1.0,274.0,0.27250608272506077,0.7857393075470244,0.7306684715327931,0.6666666666666669,0.9758922380504587,0.0,0.0,0.0,8695.928598189019,2178.7660598411744,395.0,haco_safemarl_pilot,emergency,21321894,3
0.0,0.0,300.0,0.0044444444444444444,0.8421743327219363,0.8357412636291489,0.04444444444444444,0.9999601417827579,0.0,0.0,0.0,854.682931012089,172.95629582952625,152.0,mappo_acoustic_shield,emergency,21321894,3
0.0,1.0,237.0,0.6455696202531646,0.5402087097175711,0.3740703281111826,1.0,0.6874066372387375,0.0,41.0,0.0,4392.7949999999855,1928.7714093566133,0.0,fixed_auv_ga_pso_tlbo_proxy,emergency,21331901,3
0.0,1.0,182.0,0.6245421245421245,0.5354975155355276,0.21215101046979987,1.0,0.7277434321418293,0.0,32.0,0.0,4474.470000000006,1644.800000000003,0.0,independent_greedy,emergency,21331901,3
0.0,0.0,300.0,0.77,0.6151240185016861,0.5196366623685411,1.0,0.7209631002155926,0.0,36.0,0.0,7838.858497979004,2861.7121474344876,0.0,communication_aware,emergency,21331901,3
1.0,1.0,295.0,0.6485875706214689,0.5386114705127816,0.37025067031584236,1.0,0.7885999880257656,0.0,0.0,0.0,8965.418693539448,2711.8811812154677,767.0,haco_safemarl_pilot_no_acoustic,emergency,21331901,3
0.0,0.3333333333333333,300.0,0.7955555555555556,0.47883798008977446,0.3892428926192985,1.0,0.7393431152484957,0.0,31.0,0.0,8985.158585575584,2929.7988590459036,0.0,haco_safemarl_pilot_no_shield,emergency,21331901,3
0.0,0.0,300.0,0.6777777777777777,0.683179277525595,0.5929432462604963,1.0,0.8169172779119306,0.0,0.0,0.0,8852.16747372308,3089.6225138639616,788.0,haco_safemarl_pilot,emergency,21331901,3
0.0,0.0,300.0,0.2544444444444444,0.8110585821996392,0.785497920877692,0.6666666666666669,0.875303032800895,0.0,0.0,0.0,576.1990990615733,221.0386679035521,704.0,mappo_acoustic_shield,emergency,21331901,3
0.0,1.0,195.0,0.8957264957264957,0.45485376622834084,0.2731566342204847,1.0,0.37988769633024694,0.0,103.0,0.24102564102564103,3614.324999999991,1577.5162549895297,0.0,fixed_auv_ga_pso_tlbo_proxy,emergency,21341908,3
0.0,1.0,149.0,0.843400447427293,0.45129736804909987,0.1713165134973804,1.0,0.6410256391638657,0.0,78.0,0.35570469798657717,3663.1650000000045,1231.600000000001,0.0,independent_greedy,emergency,21341908,3
0.0,0.0,300.0,0.9777777777777779,0.5506246710585593,0.4558998185002095,1.0,0.3683240947061062,0.0,21.0,0.06666666666666667,7711.02111495486,2960.64240728128,0.0,communication_aware,emergency,21341908,3
0.0,0.3333333333333333,300.0,0.8122222222222223,0.46995614191658946,0.264900889717612,1.0,0.6114143802575882,0.0,0.0,0.18,8972.200529188085,3130.203575629487,968.0,haco_safemarl_pilot_no_acoustic,emergency,21341908,3
0.0,0.3333333333333333,300.0,0.9844444444444443,0.3993644437610929,0.28091203863684444,1.0,0.33333328231293297,0.0,251.0,0.20666666666666667,8840.448911169238,3058.7650448222134,0.0,haco_safemarl_pilot_no_shield,emergency,21341908,3
0.0,0.0,300.0,0.8311111111111111,0.645120078421978,0.5653418484223612,1.0,0.5860092311484596,0.0,0.0,0.13666666666666666,8675.424529150352,3166.67094999958,917.0,haco_safemarl_pilot,emergency,21341908,3
0.0,0.0,300.0,0.30666666666666664,0.7677985681506178,0.7199371960208706,0.6666666666666669,0.9058120706048354,0.0,0.0,0.14333333333333334,972.9827671863193,520.3774721796498,808.0,mappo_acoustic_shield,emergency,21341908,3
0.0,0.6666666666666666,300.0,0.5877777777777777,0.5976284288091359,0.2716077723652554,0.6666666666666669,0.4827425355252055,0.0,2.0,0.0,5560.499999999976,2824.1529456389385,0.0,fixed_auv_ga_pso_tlbo_proxy,emergency,21351915,3
0.0,1.0,256.0,0.8372395833333333,0.4422869966479386,0.20768646056445011,1.0,0.4033403023714265,0.0,1.0,0.0,6293.760000000008,2637.2000000000053,0.0,independent_greedy,emergency,21351915,3
0.0,0.3333333333333333,300.0,0.5377777777777778,0.7080787172765393,0.5380841679018306,0.6666666666666669,0.5595628413672175,0.0,1.0,0.0,8078.494976752565,3195.680735298224,0.0,communication_aware,emergency,21351915,3
1.0,1.0,253.0,0.49670619235836627,0.6767274493143269,0.4160503657798377,1.0,0.6461903621376038,0.0,0.0,0.0,8113.8024302883505,1985.6877145534534,563.0,haco_safemarl_pilot_no_acoustic,emergency,21351915,3
0.0,1.0,254.0,0.7047244094488188,0.6119335860596036,0.3261693902624279,1.0,0.5799566961380155,0.0,1.0,0.0,7962.819376110959,1959.623001488994,0.0,haco_safemarl_pilot_no_shield,emergency,21351915,3
0.0,0.3333333333333333,300.0,0.5522222222222222,0.71231869281207,0.5534658787052987,0.9777777777777777,0.6431861292641915,0.0,0.0,0.0,9152.764993543824,3228.7482083568448,670.0,haco_safemarl_pilot,emergency,21351915,3
0.0,0.0,300.0,0.3455555555555555,0.7647911181191376,0.6462651335503299,0.6666666666666669,0.7083157233637173,0.0,1.0,0.0,711.0959928130368,163.36200116877268,556.0,mappo_acoustic_shield,emergency,21351915,3
0.0,0.6666666666666666,300.0,0.5866666666666667,0.5284255397919062,0.3962458104658364,1.0,0.8787959606331894,0.03333333333333333,109.0,0.08,5560.499999999976,2446.1706212527015,0.0,fixed_auv_ga_pso_tlbo_proxy,emergency,21361922,3
0.0,1.0,240.0,0.6472222222222221,0.4914186329583965,0.24797231677032514,1.0,0.7627627622433244,0.0,83.0,0.09583333333333334,5900.400000000008,2064.6000000000026,0.0,independent_greedy,emergency,21361922,3
0.0,0.0,300.0,0.6533333333333333,0.6606392529059465,0.5789362728787725,1.0,0.8994843924437399,0.03,181.0,0.08,7940.483459220714,2954.730415035068,0.0,communication_aware,emergency,21361922,3
0.0,0.3333333333333333,300.0,0.3644444444444444,0.7484293491595364,0.6945434043422736,1.0,0.9686591464985661,0.0,0.0,0.05333333333333334,9149.514468122301,3351.766355832971,678.0,haco_safemarl_pilot_no_acoustic,emergency,21361922,3
0.0,0.3333333333333333,300.0,0.6988888888888889,0.4987582917448496,0.398965220315025,1.0,0.8990537040053518,0.03666666666666667,126.0,0.09,9082.90488460145,2927.923812147734,0.0,haco_safemarl_pilot_no_shield,emergency,21361922,3
0.0,0.3333333333333333,300.0,0.34111111111111103,0.7803598782981442,0.7481696431471103,1.0,0.9761763976785565,0.0,0.0,0.05333333333333334,8997.216823814219,3349.577446947751,683.0,haco_safemarl_pilot,emergency,21361922,3
0.0,0.0,300.0,0.09333333333333332,0.8298017931940245,0.8036660421208041,0.3333333333333334,0.9915211077518622,0.0,0.0,0.1,641.8692478708781,176.79464123292678,431.0,mappo_acoustic_shield,emergency,21361922,3
0.0,0.6666666666666666,300.0,0.6333333333333333,0.4162172781979498,0.12393651068307673,0.6666666666666669,0.399339933861604,0.04,0.0,0.11333333333333333,5560.499999999976,2395.3527827017924,0.0,fixed_auv_ga_pso_tlbo_proxy,emergency,21371929,3
1.0,1.0,272.0,0.7990196078431372,0.2852604368242985,0.0595674165987606,1.0,0.4443563304111278,0.0,0.0,0.058823529411764705,6687.120000000009,2645.000000000007,0.0,independent_greedy,emergency,21371929,3
0.0,0.0,300.0,0.731111111111111,0.6087041172716628,0.441417917957655,1.0,0.3834177892491416,0.0,0.0,0.10333333333333333,7881.352004076029,2965.7333310914746,0.0,communication_aware,emergency,21371929,3
0.0,0.6666666666666666,300.0,0.6755555555555556,0.4610363889350911,0.2042848693228241,1.0,0.4595946526446555,0.0,0.0,0.08,9129.481043077007,2608.1716466703574,765.0,haco_safemarl_pilot_no_acoustic,emergency,21371929,3
0.0,0.3333333333333333,300.0,0.77,0.4447786596169606,0.2378839773168373,1.0,0.4000280069457824,0.0,30.0,0.12333333333333334,9029.753386142784,2918.321405811724,0.0,haco_safemarl_pilot_no_shield,emergency,21371929,3
0.0,0.0,300.0,0.6877777777777777,0.6632507021227847,0.5358663768950322,1.0,0.44997407074067164,0.0,0.0,0.1,8876.018727370574,3020.61683032603,786.0,haco_safemarl_pilot,emergency,21371929,3
0.0,0.0,300.0,0.4511111111111111,0.7744723362245488,0.6773821059886034,0.6666666666666669,0.637322803239005,0.0,0.0,0.05333333333333334,292.50205698357706,19.81983099464208,589.0,mappo_acoustic_shield,emergency,21371929,3
0.0,0.6666666666666666,300.0,0.0733333333333333,0.8336639407603085,0.8156218163591106,0.3333333333333334,0.9897208228904142,0.0,0.0,0.0,5560.499999999976,2581.5947276953134,0.0,fixed_auv_ga_pso_tlbo_proxy,emergency,21381936,3
1.0,1.0,253.0,0.5652173913043477,0.6304777399935771,0.5130140863163173,1.0,0.6843117291671248,0.0,0.0,0.0,6220.005000000008,2079.6000000000026,0.0,independent_greedy,emergency,21381936,3
0.0,0.6666666666666666,300.0,0.08444444444444443,0.8332483661746894,0.8155567744707435,0.3333333333333334,0.9851453973821438,0.0,0.0,0.0,8462.62980238921,3080.9735549721445,0.0,communication_aware,emergency,21381936,3
1.0,1.0,234.0,0.1054131054131054,0.834378130227998,0.824989770644618,0.6666666666666666,0.9936458505177346,0.0,0.0,0.0,7595.058749999999,1798.8146503236112,212.0,haco_safemarl_pilot_no_acoustic,emergency,21381936,3
1.0,1.0,246.0,0.18428184281842813,0.8252866709613477,0.8193549273849692,0.6666666666666667,0.9990516830955414,0.0,0.0,0.0,7840.164257975834,1939.591313332258,0.0,haco_safemarl_pilot_no_shield,emergency,21381936,3
1.0,1.0,234.0,0.08831908831908833,0.836220120674155,0.8275283961987293,0.6666666666666666,0.9961719368088781,0.0,0.0,0.0,7593.69073944967,1817.5043587732196,208.0,haco_safemarl_pilot,emergency,21381936,3
0.0,0.0,300.0,0.0022222222222222222,0.8519653386418098,0.8385115840451525,0.02222222222222222,0.9999900794011012,0.0,0.0,0.0,1119.0152381959558,51.79336010992587,136.0,mappo_acoustic_shield,emergency,21381936,3
1.0,1.0,246.0,0.42276422764227645,0.7134097728326452,0.4907606068624856,0.9333333333333332,0.6641925423448759,0.0,0.0,0.0,4559.609999999984,2085.0504040786686,0.0,fixed_auv_ga_pso_tlbo_proxy,emergency,21391943,3
1.0,1.0,188.0,0.7393617021276596,0.6218254682675566,0.5543789036535497,1.0,0.6741226010349028,0.0,0.0,0.0,4621.980000000006,1744.2,0.0,independent_greedy,emergency,21391943,3
0.0,0.6666666666666666,300.0,0.5444444444444444,0.7649647143394674,0.6885692354963908,1.0,0.6664129458545341,0.0,0.0,0.0,8117.9814496000035,3322.6625874335346,0.0,communication_aware,emergency,21391943,3
1.0,1.0,205.0,0.16422764227642278,0.809532327688912,0.7758534504359345,0.42857142857142855,0.9469594326767029,0.0,0.0,0.0,6407.371309558589,1846.9501590922325,375.0,haco_safemarl_pilot_no_acoustic,emergency,21391943,3
1.0,1.0,185.0,0.38558558558558564,0.7325477846845644,0.5917072038666232,0.9473684210526315,0.8523062938102763,0.0,0.0,0.0,5841.959723025529,1440.1133597717696,0.0,haco_safemarl_pilot_no_shield,emergency,21391943,3
1.0,1.0,227.0,0.14096916299559467,0.8102604256322743,0.792274972694294,0.579710144927536,0.9815013980050885,0.0,0.0,0.0,7057.561696604283,2097.233237400832,421.0,haco_safemarl_pilot,emergency,21391943,3
0.0,0.0,300.0,0.0033333333333333335,0.8459091630180425,0.8251061720583912,0.03333333333333333,0.999977629274188,0.0,0.0,0.0,314.0942020959041,61.09807466457621,249.0,mappo_acoustic_shield,emergency,21391943,3
1.0,1.0,235.0,0.5702127659574469,0.6850535812477662,0.5547645516278705,0.6666666666666666,0.5113368642849027,0.0,0.0,0.0,4355.724999999986,1891.6445427525155,0.0,fixed_auv_ga_pso_tlbo_proxy,emergency,21401950,3
1.0,1.0,180.0,0.8703703703703705,0.548776366278698,0.4802372608245439,1.0,0.6644968780133307,0.0,0.0,0.0,4425.300000000006,1466.6000000000015,0.0,independent_greedy,emergency,21401950,3
0.0,0.6666666666666666,300.0,0.6988888888888889,0.7586578379185757,0.7397442761237966,1.0,0.502335856981168,0.0,0.0,0.0,8064.428923360031,3385.7884930049345,0.0,communication_aware,emergency,21401950,3
1.0,1.0,209.0,0.215311004784689,0.7925612912436071,0.7658080249056816,0.42857142857142855,0.9661613619983759,0.0,0.0,0.0,6733.349915855401,1619.218370988864,482.0,haco_safemarl_pilot_no_acoustic,emergency,21401950,3
1.0,1.0,175.0,0.6476190476190475,0.7222981932872415,0.664341580138151,1.0,0.9800131709757781,0.0,0.0,0.0,5556.280134907021,1332.9441547270335,0.0,haco_safemarl_pilot_no_shield,emergency,21401950,3
1.0,1.0,212.0,0.22484276729559746,0.7979804655224627,0.7823482097608316,0.4090909090909091,0.9662631441213837,0.0,0.0,0.0,6815.539972374654,1669.0665095474553,478.0,haco_safemarl_pilot,emergency,21401950,3
0.0,0.0,300.0,0.21444444444444444,0.8163973043662888,0.7897184933347705,0.6666666666666669,0.9640754133048524,0.0,0.0,0.0,673.985392821889,134.05937089689334,519.0,mappo_acoustic_shield,emergency,21401950,3
1.0,1.0,253.0,0.857707509881423,0.4842597929489804,0.30711412705607244,1.0,0.4304694409671569,0.0,0.0,0.0,4689.354999999983,2853.8181889272246,0.0,fixed_auv_ga_pso_tlbo_proxy,emergency,21411957,3
1.0,1.0,193.0,0.7841105354058723,0.5058605161864912,0.08182467256533306,1.0,0.4905654447812291,0.0,0.0,0.09326424870466321,4744.905000000006,2495.4000000000024,0.0,independent_greedy,emergency,21411957,3
0.0,0.6666666666666666,300.0,0.9188888888888888,0.5552596894061351,0.4837468991195637,1.0,0.44800335936777624,0.0,0.0,0.0033333333333333335,7720.151605636744,3122.843171163755,0.0,communication_aware,emergency,21411957,3
1.0,1.0,188.0,0.5992907801418439,0.6263514010059574,0.26907032405570186,0.6666666666666665,0.46624310789353623,0.0,0.0,0.05319148936170213,5971.709178901916,1443.6866333712746,376.0,haco_safemarl_pilot_no_acoustic,emergency,21411957,3
1.0,1.0,188.0,0.6595744680851066,0.579584217477431,0.19628485649369903,0.6666666666666665,0.34751131210140984,0.0,0.0,0.0425531914893617,5800.6710550126245,1560.9461197627659,0.0,haco_safemarl_pilot_no_shield,emergency,21411957,3
1.0,1.0,266.0,0.7293233082706767,0.6280667013378082,0.4303104509032199,1.0,0.3491222554610029,0.0,0.0,0.03007518796992481,8169.00385975818,2212.8856292154323,676.0,haco_safemarl_pilot,emergency,21411957,3
0.0,0.0,300.0,0.2122222222222222,0.7999830102426561,0.7142088827882183,0.3333333333333334,0.8732513031886211,0.0,0.0,0.03,218.45804114294694,192.40505725196246,421.0,mappo_acoustic_shield,emergency,21411957,3
0.0,0.6666666666666666,300.0,0.7255555555555555,0.6456581313065225,0.48760747189553383,1.0,0.3585074186439508,0.0,0.0,0.0,5560.499999999976,2739.4306535421774,0.0,fixed_auv_ga_pso_tlbo_proxy,emergency,21421964,3
0.0,0.6666666666666666,300.0,0.6866666666666666,0.479934282755469,0.0898302974290163,1.0,0.5586512114486926,0.0,0.0,0.0,7375.50000000001,3339.0000000000114,0.0,independent_greedy,emergency,21421964,3
0.0,0.6666666666666666,300.0,0.7777777777777777,0.6893310521709436,0.5969863569156475,1.0,0.34348326351251574,0.0,0.0,0.0,7999.912173076174,2833.8294550222413,0.0,communication_aware,emergency,21421964,3
1.0,1.0,288.0,0.45023148148148145,0.6569442544040663,0.3343294296992694,0.6666666666666669,0.6660025088768625,0.0,0.0,0.0,9319.623290279631,2277.480688208367,568.0,haco_safemarl_pilot_no_acoustic,emergency,21421964,3
1.0,1.0,299.0,0.5808249721293199,0.6201218950235085,0.32171427264927654,0.6666666666666669,0.5854951460576159,0.0,0.0,0.0,9362.445981500006,2304.0325324439136,0.0,haco_safemarl_pilot_no_shield,emergency,21421964,3
0.0,0.3333333333333333,300.0,0.5533333333333332,0.7245515192211519,0.5897629112778872,1.0,0.651177408980038,0.0,0.0,0.0,9269.795624130715,3125.7110794064397,749.0,haco_safemarl_pilot,emergency,21421964,3
0.0,0.0,300.0,0.35111111111111104,0.7911910168778498,0.7274085953732524,0.6666666666666669,0.7582560749055267,0.0,0.0,0.0,935.3766393214485,114.70020767030512,602.0,mappo_acoustic_shield,emergency,21421964,3
0.0,0.6666666666666666,300.0,0.6666666666666666,0.7137995323836324,0.5617729588182293,0.6666666666666669,0.3333333332222222,0.0,0.0,0.0,5560.499999999976,2435.5845260862757,0.0,fixed_auv_ga_pso_tlbo_proxy,emergency,21431971,3
1.0,1.0,244.0,0.7021857923497267,0.5503257174805137,0.2752892746086462,1.0,0.33333333319413816,0.0,0.0,0.0,5998.740000000008,2203.3999999999983,0.0,independent_greedy,emergency,21431971,3
0.0,0.6666666666666666,300.0,0.6666666666666666,0.7414729579572071,0.633779325154236,0.6666666666666669,0.3333333332222222,0.0,0.0,0.0,8282.738377440248,3520.89104432101,0.0,communication_aware,emergency,21431971,3
1.0,1.0,232.0,0.46120689655172403,0.7553145685206533,0.6149192471068406,0.6666666666666666,0.6383369873019948,0.0,0.0,0.0,7507.84557993749,1824.999229485683,458.0,haco_safemarl_pilot_no_acoustic,emergency,21431971,3
1.0,1.0,246.0,0.6666666666666666,0.7185211545733162,0.6078905633272217,0.6666666666666667,0.3333333332222222,0.0,0.0,0.0,7728.552866493366,2233.583663732525,0.0,haco_safemarl_pilot_no_shield,emergency,21431971,3
1.0,1.0,236.0,0.4562146892655367,0.7714997873856747,0.6579028398506661,0.6666666666666666,0.6342777426801771,0.0,0.0,0.0,7619.758783931333,2024.1791977961325,467.0,haco_safemarl_pilot,emergency,21431971,3
0.0,0.0,300.0,0.22555555555555556,0.8025780194815202,0.733416476198822,0.4111111111111109,0.8675238170375142,0.0,0.0,0.1,362.0248283809205,111.39975850522421,423.0,mappo_acoustic_shield,emergency,21431971,3
1.0,1.0,198.0,0.5033670033670036,0.6381525173163564,0.45852321907308974,0.6666666666666665,0.5967196701609733,0.0,0.0,0.0,3669.929999999991,1621.0246923776663,0.0,fixed_auv_ga_pso_tlbo_proxy,emergency,21441978,3
1.0,1.0,151.0,0.6158940397350994,0.6387889971717684,0.543499352101764,0.6666666666666666,0.5783381086306268,0.0,0.0,0.0,3712.3350000000046,1301.6000000000022,0.0,independent_greedy,emergency,21441978,3
0.0,0.6666666666666666,300.0,0.58,0.6788727162768062,0.5909483583062564,0.9,0.5434380774479913,0.0,0.0,0.0,8018.518189032309,3388.7359851146894,0.0,communication_aware,emergency,21441978,3
0.0,0.6666666666666666,300.0,0.601111111111111,0.63191381727068,0.4814513464689407,0.9444444444444444,0.5195913609867515,0.0,0.0,0.0,9098.814392771197,2791.1196174760294,609.0,haco_safemarl_pilot_no_acoustic,emergency,21441978,3
1.0,1.0,296.0,0.617117117117117,0.5636439524197844,0.40757146886944,0.8555555555555555,0.4775004748492871,0.0,0.0,0.0,8887.355158349159,2750.3082915910654,0.0,haco_safemarl_pilot_no_shield,emergency,21441978,3
0.0,0.3333333333333333,300.0,0.5733333333333334,0.7203148082760721,0.6421800476341104,0.6666666666666669,0.5086829630196791,0.0,0.0,0.0,8855.841211107927,3244.120611939354,565.0,haco_safemarl_pilot,emergency,21441978,3
0.0,0.0,300.0,0.07333333333333333,0.8200633552750823,0.7863704052061316,0.3333333333333334,0.9965699547393206,0.0,0.0,0.0,482.1893000150884,105.14194511857988,510.0,mappo_acoustic_shield,emergency,21441978,3
0.0,0.6666666666666666,300.0,0.681111111111111,0.6223038500322456,0.3840332625454594,0.8111111111111111,0.5826277626706526,0.0,0.0,0.0,5560.499999999976,3145.7928302711507,0.0,fixed_auv_ga_pso_tlbo_proxy,emergency,21451985,3
1.0,1.0,264.0,0.6792929292929292,0.5015254888122205,0.15795326224020595,1.0,0.5677825884502747,0.0,0.0,0.0,6490.440000000009,3282.40000000001,0.0,independent_greedy,emergency,21451985,3
0.0,0.6666666666666666,300.0,0.8122222222222222,0.6877603418256308,0.5627423755892158,1.0,0.33333333298320555,0.0,0.0,0.0,7982.042806084462,3364.3811710775467,0.0,communication_aware,emergency,21451985,3
1.0,1.0,250.0,0.568,0.6701526860486635,0.41233778953731903,1.0,0.5862484919546054,0.0,0.0,0.0,8045.779957906266,2062.103041437392,558.0,haco_safemarl_pilot_no_acoustic,emergency,21451985,3
1.0,1.0,257.0,0.6562905317769132,0.6292082274967723,0.31209281217820545,1.0,0.5097966618487594,0.0,0.0,0.0,7962.8920385844385,2361.1697417699443,0.0,haco_safemarl_pilot_no_shield,emergency,21451985,3
0.0,0.3333333333333333,300.0,0.5455555555555556,0.7148529872124257,0.5832187527272481,0.9888888888888888,0.6283491657123862,0.0,0.0,0.0,9207.90189847027,3710.4449574596456,843.0,haco_safemarl_pilot,emergency,21451985,3
0.0,0.0,300.0,0.4877777777777778,0.7745051941590478,0.7452937546882855,0.6666666666666669,0.6111087146850016,0.0,0.0,0.0,339.43523704401713,125.04707184184556,776.0,mappo_acoustic_shield,emergency,21451985,3
0.0,1.0,141.0,0.6832151300236406,0.5500370576449507,0.38676343210625536,1.0,0.45942073459385574,0.0,44.0,0.14893617021276595,2613.4349999999995,1234.157364649184,0.0,fixed_auv_ga_pso_tlbo_proxy,emergency,21461992,3
0.0,1.0,108.0,0.7037037037037037,0.5485938310773735,0.33820517882688206,1.0,0.36985311805466065,0.0,33.0,0.0,2655.180000000003,1012.7999999999997,0.0,independent_greedy,emergency,21461992,3
0.0,0.6666666666666666,300.0,0.8744444444444444,0.5454150639391605,0.4402399561331907,1.0,0.43303828673742845,0.0,38.0,0.07666666666666666,7763.598332325486,3123.527551749965,0.0,communication_aware,emergency,21461992,3
0.0,1.0,190.0,0.6526315789473687,0.6171818275311814,0.43226547899252604,0.9473684210526315,0.4235705949339762,0.0,36.0,0.14210526315789473,3424.876311660715,853.2272856044275,665.0,haco_safemarl_pilot_no_acoustic,emergency,21461992,3
0.0,1.0,138.0,0.7608695652173914,0.6007998500339988,0.39957517683174065,1.0,0.3686942780340288,0.0,32.0,0.15942028985507245,4262.379098042319,1086.0001835983462,0.0,haco_safemarl_pilot_no_shield,emergency,21461992,3
0.0,0.3333333333333333,300.0,0.7066666666666667,0.6565517328090933,0.501588506884115,1.0,0.38185404320421396,0.0,35.0,0.05,3650.0124793557497,1617.4826406273323,1072.0,haco_safemarl_pilot,emergency,21461992,3
0.0,0.0,300.0,0.33444444444444443,0.7823488394139834,0.6789231129989091,0.3444444444444445,0.6666648085202055,0.0,24.0,0.10666666666666667,581.6813776791122,190.3701071730885,574.0,mappo_acoustic_shield,emergency,21461992,3
0.0,0.6666666666666666,300.0,0.9555555555555554,0.22166492410715022,0.12149139128787159,1.0,0.33333332708333346,0.0,128.0,0.07333333333333333,5560.499999999976,2561.656336585111,0.0,fixed_auv_ga_pso_tlbo_proxy,emergency,21471999,3
0.0,1.0,239.0,0.8131101813110181,0.2330791636952684,0.031899632500904905,1.0,0.33333333297987056,0.0,99.0,0.0,5875.815000000008,2101.0000000000014,0.0,independent_greedy,emergency,21471999,3
0.0,0.0,300.0,0.9733333333333334,0.48862979815402646,0.350795220861854,1.0,0.3333333159722231,0.0,229.0,0.06,7640.314935935186,2922.4799598464424,0.0,communication_aware,emergency,21471999,3
0.0,0.0,300.0,0.8366666666666666,0.30919898114535216,0.0885674894447776,1.0,0.3333333328705632,0.03666666666666667,13.0,0.11,8407.970765154054,2949.833830661387,898.0,haco_safemarl_pilot_no_acoustic,emergency,21471999,3
0.0,0.0,300.0,0.9388888888888888,0.2993849143258906,0.16234958778261266,1.0,0.3333333300275482,0.0,214.0,0.08,8752.84227703853,3071.2378398807546,0.0,haco_safemarl_pilot_no_shield,emergency,21471999,3
0.0,0.0,300.0,0.9055555555555554,0.509803599125084,0.3641406586772606,1.0,0.3333333319492503,0.0,16.0,0.08666666666666667,8680.264581149297,3255.1437055784218,908.0,haco_safemarl_pilot,emergency,21471999,3
0.0,0.0,300.0,0.6666666666666666,0.6307603300083605,0.3992005263635873,0.6666666666666669,0.3333333332222222,0.0,29.0,0.11333333333333333,613.9016485168922,756.521539884626,884.0,mappo_acoustic_shield,emergency,21471999,3
0.0,1.0,185.0,0.9909909909909909,0.2819775294511055,0.15802439570768903,1.0,0.33333318122229166,0.10270270270270271,56.0,0.23783783783783785,3428.974999999993,1869.221705892311,0.0,fixed_auv_ga_pso_tlbo_proxy,emergency,21482006,3
0.0,1.0,141.0,0.9479905437352245,0.30195208832666814,0.052158096303313375,1.0,0.3333333287692838,0.09929078014184398,42.0,0.19858156028368795,3466.485000000004,1646.5999999999972,0.0,independent_greedy,emergency,21482006,3
0.0,0.6666666666666666,300.0,0.9955555555555554,0.42704380869833863,0.3039458800502755,1.0,0.3333327083345052,0.04666666666666667,7.0,0.11666666666666667,7592.777787646242,2940.8456273142842,0.0,communication_aware,emergency,21482006,3
0.0,1.0,278.0,0.7877697841726619,0.4846346588890176,0.1272385039436914,1.0,0.5874444498434296,0.046762589928057555,1.0,0.22661870503597123,7829.198343749579,2285.227522893806,964.0,haco_safemarl_pilot_no_acoustic,emergency,21482006,3
0.0,1.0,230.0,0.9391304347826087,0.3675820923808825,0.21122403592839742,1.0,0.44144143559753446,0.0,84.0,0.09130434782608696,6839.456344596385,1818.2522929170182,0.0,haco_safemarl_pilot_no_shield,emergency,21482006,3
0.0,0.0,300.0,0.9722222222222221,0.5668081396086392,0.41871127097068644,1.0,0.3333333173333341,0.04666666666666667,1.0,0.14,7909.060254083701,2888.6800613184378,963.0,haco_safemarl_pilot,emergency,21482006,3
0.0,0.0,300.0,0.37777777777777777,0.7734276129086306,0.6751322747035131,0.6666666666666669,0.6632825717857541,0.0,1.0,0.12333333333333334,382.8054855280565,29.708568929863535,648.0,mappo_acoustic_shield,emergency,21482006,3
1.0,1.0,284.0,0.47183098591549294,0.7333798251344011,0.6520158667608339,0.8850574712643677,0.6857108025514986,0.0,0.0,0.0,5263.939999999979,2962.612785079627,0.0,fixed_auv_ga_pso_tlbo_proxy,emergency,21492013,3
1.0,1.0,217.0,0.6251920122887866,0.5931748446727151,0.41568754647059836,0.9393939393939393,0.8082321951880366,0.0,0.0,0.0,5334.945000000007,2318.4000000000055,0.0,independent_greedy,emergency,21492013,3
0.0,0.3333333333333333,300.0,0.5622222222222222,0.7624914575298896,0.7396045440334793,1.0,0.7422090896334816,0.0,0.0,0.0,8134.677396683236,3408.7235671713447,0.0,communication_aware,emergency,21492013,3
1.0,1.0,193.0,0.16753022452504318,0.8056096352738163,0.7525605453064733,0.33333333333333326,0.9313449587705286,0.0,0.0,0.0,6197.072292613933,1582.8050075439858,290.0,haco_safemarl_pilot_no_acoustic,emergency,21492013,3
1.0,1.0,212.0,0.4402515723270441,0.7811378758957894,0.755812981855268,0.6666666666666665,0.9009839046202737,0.0,0.0,0.0,6597.9032277221395,1693.4887708469055,0.0,haco_safemarl_pilot_no_shield,emergency,21492013,3
1.0,1.0,193.0,0.15544041450777202,0.8120649790428389,0.7709609840789245,0.33333333333333326,0.9423302002518146,0.0,0.0,0.0,6199.730564830415,1604.5564184052428,289.0,haco_safemarl_pilot,emergency,21492013,3
0.0,0.0,300.0,0.21666666666666667,0.8134749425168547,0.7862551434805412,0.3333333333333334,0.8925252523810061,0.0,0.0,0.0,304.89895432257276,324.8341767949507,651.0,mappo_acoustic_shield,emergency,21492013,3
0.0,0.6666666666666666,300.0,0.6033333333333334,0.6444395025532313,0.5208586604299076,0.6666666666666669,0.455586654938202,0.0,249.0,0.0,5560.499999999976,3199.46220532168,0.0,fixed_auv_ga_pso_tlbo_proxy,emergency,21502020,3
0.0,1.0,245.0,0.6217687074829934,0.517961535917892,0.19070972178901932,0.6666666666666667,0.4215291639378741,0.0,207.0,0.0,6023.325000000008,2952.800000000006,0.0,independent_greedy,emergency,21502020,3
0.0,0.6666666666666666,300.0,0.6088888888888888,0.7088834763933181,0.6262279463094935,0.6666666666666669,0.44600908533242334,0.0,271.0,0.0,8122.849209930946,3561.6164195974943,0.0,communication_aware,emergency,21502020,3
0.0,0.3333333333333333,300.0,0.581111111111111,0.7107673069235655,0.6123869479427021,0.6666666666666669,0.4938687291488212,0.0,0.0,0.0,9029.90772141091,3407.1739892106816,602.0,haco_safemarl_pilot_no_acoustic,emergency,21502020,3
0.0,1.0,247.0,0.6828609986504723,0.635678961523194,0.35531938348771364,1.0,0.38825497912888135,0.0,117.0,0.0,7648.5094554752195,2021.1922423382132,0.0,haco_safemarl_pilot_no_shield,emergency,21502020,3
0.0,0.3333333333333333,300.0,0.5688888888888889,0.7465545947437795,0.6735360355717537,0.6666666666666669,0.5133955364823567,0.0,0.0,0.0,8975.542390712728,3313.996174611505,603.0,haco_safemarl_pilot,emergency,21502020,3
0.0,0.0,300.0,0.21444444444444444,0.7882134983280616,0.6990025505709528,0.36666666666666664,0.8755042236944558,0.0,0.0,0.0,459.32460679766353,314.4087774026,651.0,mappo_acoustic_shield,emergency,21502020,3
0.0,0.6666666666666666,300.0,0.25222222222222224,0.7716140640131677,0.6769076603792613,0.6777777777777779,0.9423005305488312,0.0,409.0,0.09333333333333334,5560.499999999976,2789.288460307637,0.0,fixed_auv_ga_pso_tlbo_proxy,emergency,21512027,3
0.0,1.0,252.0,0.6732804232804231,0.5064474408359922,0.2744569335897563,1.0,0.8437962456110474,0.01984126984126984,341.0,0.051587301587301584,6195.420000000008,2336.000000000009,0.0,independent_greedy,emergency,21512027,3
0.0,0.6666666666666666,300.0,0.3166666666666666,0.7724128078465455,0.7018981011204227,0.8333333333333334,0.9281344550612568,0.0,398.0,0.09666666666666666,8297.0090921594,3309.1915818486746,0.0,communication_aware,emergency,21512027,3
0.0,1.0,267.0,0.2846441947565543,0.7248512329246437,0.5231494249019315,0.3703703703703703,0.8870616077463448,0.0,14.0,0.018726591760299626,6652.4618083620935,2057.5018060403236,586.0,haco_safemarl_pilot_no_acoustic,emergency,21512027,3
0.0,1.0,245.0,0.3551020408163265,0.7673240653548682,0.6818500466748406,0.5599999999999999,0.8783336849673495,0.0,288.0,0.0326530612244898,7772.776405765393,1954.4048682848907,0.0,haco_safemarl_pilot_no_shield,emergency,21512027,3
0.0,1.0,277.0,0.26714801444043323,0.740971195647235,0.5571065103009089,0.369047619047619,0.892555718236156,0.0,14.0,0.01444043321299639,6753.721570465928,1984.3485399607591,611.0,haco_safemarl_pilot,emergency,21512027,3
0.0,0.0,300.0,0.10777777777777776,0.8307970763041789,0.7842083201083353,0.3888888888888889,0.9816551191528944,0.0,0.0,0.15,943.3209409499318,465.07114022993574,381.0,mappo_acoustic_shield,emergency,21512027,3
0.0,1.0,207.0,0.4863123993558777,0.6336518389205089,0.38959643757874307,0.6666666666666665,0.6379480040665311,0.0,52.0,0.04830917874396135,3836.7449999999894,2321.146635601321,0.0,fixed_auv_ga_pso_tlbo_proxy,emergency,21522034,3
0.0,1.0,158.0,0.4345991561181433,0.5842911212720612,0.1475494979324997,0.6666666666666666,0.653563368854958,0.0,40.0,0.0,3884.430000000005,1929.799999999996,0.0,independent_greedy,emergency,21522034,3
0.0,0.6666666666666666,300.0,0.711111111111111,0.6334897188403354,0.49785453403222996,1.0,0.560056999466412,0.02,45.0,0.17333333333333334,8019.220562493607,3710.5998198495804,0.0,communication_aware,emergency,21522034,3
1.0,1.0,154.0,0.38311688311688313,0.7166235530350213,0.4754316683669866,0.6666666666666666,0.670820841770445,0.0,0.0,0.0,4319.2853885183295,997.7099675814624,317.0,haco_safemarl_pilot_no_acoustic,emergency,21522034,3
0.0,1.0,154.0,0.4718614718614718,0.6431809345856887,0.26393330019222155,0.6666666666666666,0.6272625743844306,0.0,74.0,0.0,4779.019652910549,1091.867470762353,0.0,haco_safemarl_pilot_no_shield,emergency,21522034,3
1.0,1.0,154.0,0.38961038961038963,0.7296527110304184,0.5208931436680002,0.6666666666666666,0.6694615616402586,0.0,0.0,0.0,4627.85940753592,1116.8328687109367,304.0,haco_safemarl_pilot,emergency,21522034,3
0.0,0.0,300.0,0.0,0.8331962318744004,0.8257463336995194,0.0,0.9999999998888889,0.0,0.0,0.31666666666666665,157.05648066093462,203.86549855727648,647.0,mappo_acoustic_shield,emergency,21522034,3
0.0,0.6666666666666666,300.0,0.6355555555555557,0.6804565412801445,0.576739547074382,1.0,0.6160682582863988,0.0,15.0,0.0,5560.499999999976,3061.5967773298717,0.0,fixed_auv_ga_pso_tlbo_proxy,emergency,21532041,3
0.0,1.0,288.0,0.960648148148148,0.47616552441616283,0.33224556628670765,1.0,0.33333332536101523,0.0,11.0,0.0,7080.48000000001,3239.800000000016,0.0,independent_greedy,emergency,21532041,3
0.0,0.3333333333333333,300.0,0.5888888888888889,0.7393661166298572,0.6725093567494994,1.0,0.7509681945628196,0.0,17.0,0.0,8202.020017086832,3447.75430898892,0.0,communication_aware,emergency,21532041,3
0.0,0.6666666666666666,300.0,0.43333333333333335,0.7066473091267825,0.587684200963004,0.7111111111111111,0.8301576052308096,0.0,8.0,0.0,7698.178983171823,2241.2088460708665,770.0,haco_safemarl_pilot_no_acoustic,emergency,21532041,3
0.0,1.0,292.0,0.5742009132420091,0.654548093546463,0.49138849046033073,0.7444444444444444,0.8401357459005374,0.0,63.0,0.0,9062.972814298264,2394.511368772822,0.0,haco_safemarl_pilot_no_shield,emergency,21532041,3
0.0,0.3333333333333333,300.0,0.4177777777777777,0.7476172937654332,0.688111385402379,0.7222222222222222,0.799026882731501,0.0,8.0,0.0,8350.952871043266,2707.825583309449,727.0,haco_safemarl_pilot,emergency,21532041,3
0.0,0.0,300.0,0.17555555555555555,0.8098920529925734,0.7704677979648724,0.6777777777777777,0.9686445477418903,0.0,8.0,0.0,449.3890178218795,72.15020801863822,508.0,mappo_acoustic_shield,emergency,21532041,3
0.0,0.3333333333333333,300.0,0.4777777777777778,0.6146058027247735,0.4630738555893882,1.0,0.9703151214219207,0.0,139.0,0.0,5560.499999999976,2173.920401280043,0.0,fixed_auv_ga_pso_tlbo_proxy,emergency,21542048,3
0.0,1.0,297.0,0.6307519640852973,0.4587599408445566,0.3203502569827329,1.0,0.9192675815002701,0.0,106.0,0.0,7301.74500000001,2837.0000000000095,0.0,independent_greedy,emergency,21542048,3
0.0,0.0,300.0,0.5644444444444444,0.6878533500057361,0.6008814127091103,1.0,0.979750063197032,0.0,347.0,0.0,8021.454622892236,2955.746944254169,0.0,communication_aware,emergency,21542048,3
0.0,0.0,300.0,0.33,0.7033960159265626,0.4944056257039561,0.6777777777777779,0.8603462593197582,0.0,0.0,0.0,9169.615904141394,3504.6027008797214,611.0,haco_safemarl_pilot_no_acoustic,emergency,21542048,3
0.0,0.0,300.0,0.64,0.546108147741625,0.4351453609713167,1.0,0.9774847748666254,0.0,167.0,0.0,9135.42470506928,3019.089999121355,0.0,haco_safemarl_pilot_no_shield,emergency,21542048,3
0.0,0.0,300.0,0.34888888888888886,0.7785169084664822,0.7074507473678892,1.0,0.8935623208940394,0.0,0.0,0.0,9097.62186252065,3552.4240150060104,624.0,haco_safemarl_pilot,emergency,21542048,3
0.0,0.0,300.0,0.16444444444444442,0.8171292143288941,0.7703755381309968,0.3333333333333334,0.932095163549999,0.0,0.0,0.0,465.1829892185556,69.17500242460332,518.0,mappo_acoustic_shield,emergency,21542048,3
1.0,1.0,261.0,0.7075351213282248,0.5431174868626898,0.3149052598990547,1.0,0.662108757937155,0.0,0.0,0.13026819923371646,4837.634999999982,1956.250901444944,0.0,fixed_auv_ga_pso_tlbo_proxy,emergency,21552055,3
1.0,1.0,200.0,0.7133333333333333,0.47186314264980145,0.09328342215613422,1.0,0.4731471704742685,0.0,0.0,0.0,4917.000000000006,1641.4,0.0,independent_greedy,emergency,21552055,3
0.0,0.0,300.0,0.7955555555555556,0.6270269711617686,0.4719495965677556,1.0,0.6208237052870844,0.0,0.0,0.13333333333333333,7897.17682514589,2842.681765206629,0.0,communication_aware,emergency,21552055,3
1.0,1.0,285.0,0.5871345029239765,0.5914768477193232,0.2768292598284588,1.0,0.6497259978373193,0.0,0.0,0.0,8908.541385796474,2238.383510533233,660.0,haco_safemarl_pilot_no_acoustic,emergency,21552055,3
0.0,0.3333333333333333,300.0,0.7277777777777777,0.5211639043800087,0.3075660028840303,1.0,0.6150165467335579,0.0,0.0,0.09333333333333334,9042.28655811574,2896.5740877661415,0.0,haco_safemarl_pilot_no_shield,emergency,21552055,3
0.0,0.3333333333333333,300.0,0.6122222222222223,0.680057057160502,0.5116179659853809,1.0,0.5821253611853118,0.0,0.0,0.043333333333333335,9051.334305597544,2931.4109730556406,720.0,haco_safemarl_pilot,emergency,21552055,3
0.0,0.0,300.0,0.20888888888888885,0.790632397330034,0.6927800184714757,0.46666666666666656,0.8973095438955715,0.0,0.0,0.16666666666666666,911.3674184156213,108.99927404898622,506.0,mappo_acoustic_shield,emergency,21552055,3
1.0,1.0,156.0,0.6111111111111109,0.599371639652858,0.46570225801883824,0.6666666666666666,0.44690898282635844,0.0,0.0,0.0,2891.459999999997,1375.671750696978,0.0,fixed_auv_ga_pso_tlbo_proxy,emergency,21562062,3
1.0,1.0,119.0,0.6582633053221291,0.5737741158981629,0.3681472209371916,0.8888888888888888,0.6132674079652046,0.0,0.0,0.0,2925.6150000000034,1033.599999999999,0.0,independent_greedy,emergency,21562062,3
0.0,0.3333333333333333,300.0,0.69,0.6699472747654212,0.5895746997858192,1.0,0.39425341479908826,0.0,0.0,0.006666666666666667,7935.222420904011,3611.1909835511547,0.0,communication_aware,emergency,21562062,3
1.0,1.0,234.0,0.556980056980057,0.6460929983584028,0.446230499344144,0.6666666666666666,0.5635929258464581,0.0,0.0,0.0,7004.961553481631,1897.9046621574018,497.0,haco_safemarl_pilot_no_acoustic,emergency,21562062,3
1.0,1.0,260.0,0.6346153846153846,0.5291238868199258,0.34503773179857833,0.6666666666666667,0.3968486623826703,0.0,0.0,0.0,7661.809972928298,2507.1376267516944,0.0,haco_safemarl_pilot_no_shield,emergency,21562062,3
0.0,0.3333333333333333,300.0,0.5544444444444445,0.7176285248951093,0.631420940726927,0.6666666666666669,0.5565916586186601,0.0,0.0,0.0,8712.793109976968,3146.5237657063763,620.0,haco_safemarl_pilot,emergency,21562062,3
0.0,0.0,300.0,0.07444444444444442,0.8169430692588805,0.7904201338347077,0.3333333333333334,0.9872266017769358,0.0,0.0,0.0,368.52095073308976,129.23900164108392,648.0,mappo_acoustic_shield,emergency,21562062,3
0.0,1.0,274.0,0.840632603406326,0.3892677829882678,0.30418526786992284,1.0,0.5414418665199783,0.0,12.0,0.0,5078.58999999998,2699.458004885762,0.0,fixed_auv_ga_pso_tlbo_proxy,emergency,21572069,3
0.0,1.0,210.0,0.919047619047619,0.331889036818379,0.1499183089902596,1.0,0.3333333314494425,0.0,9.0,0.0,5162.850000000007,2310.400000000009,0.0,independent_greedy,emergency,21572069,3
0.0,0.3333333333333333,300.0,0.8644444444444443,0.5528900939615954,0.4468567490127466,1.0,0.5298305550446833,0.0,10.0,0.0,7771.956138420179,3086.302027472623,0.0,communication_aware,emergency,21572069,3
0.0,0.3333333333333333,300.0,0.83,0.46675036588061647,0.3529809712911792,1.0,0.5593949375021974,0.0,6.0,0.0,7682.634404240295,2649.6614923724087,955.0,haco_safemarl_pilot_no_acoustic,emergency,21572069,3
0.0,0.3333333333333333,300.0,0.908888888888889,0.4490963890702644,0.4015587406456117,1.0,0.4965293129015183,0.0,96.0,0.0,8943.173031465218,2937.940940323793,0.0,haco_safemarl_pilot_no_shield,emergency,21572069,3
0.0,0.3333333333333333,300.0,0.801111111111111,0.6505443864601244,0.534155903774429,1.0,0.6641585295322789,0.0,6.0,0.0,7050.829897927119,2489.075874954121,1005.0,haco_safemarl_pilot,emergency,21572069,3
0.0,0.0,300.0,0.20444444444444443,0.7931151965402574,0.7267177867766498,0.4222222222222221,0.8963771155394566,0.0,6.0,0.0,541.6539743837848,349.79962237747606,696.0,mappo_acoustic_shield,emergency,21572069,3
0.0,1.0,212.0,0.9433962264150944,0.43596026266970733,0.22234273624856776,1.0,0.5790884602204864,0.0,20.0,0.15566037735849056,3929.4199999999887,1943.4683462743055,0.0,fixed_auv_ga_pso_tlbo_proxy,emergency,21582076,3
0.0,1.0,162.0,0.8106995884773663,0.47430801888310314,0.08394410318284609,1.0,0.35577973899381743,0.0,15.0,0.19135802469135801,3982.770000000005,1574.999999999999,0.0,independent_greedy,emergency,21582076,3
0.0,0.3333333333333333,300.0,0.971111111111111,0.5306782122042696,0.4070638169605455,1.0,0.6090089596299043,0.08333333333333333,140.0,0.20666666666666667,7657.603005082494,2987.2764855783134,0.0,communication_aware,emergency,21582076,3
0.0,1.0,226.0,0.6976401179941004,0.5822396615713598,0.2080593630216699,1.0,0.5310813710540052,0.0,10.0,0.10619469026548672,3860.2165957490374,895.5792349016597,811.0,haco_safemarl_pilot_no_acoustic,emergency,21582076,3
0.0,0.3333333333333333,300.0,0.961111111111111,0.35939933668796936,0.2081088192198318,1.0,0.39528879135979633,0.11333333333333333,15.0,0.26666666666666666,8824.911516641638,2916.622484940177,0.0,haco_safemarl_pilot_no_shield,emergency,21582076,3
0.0,0.0,300.0,0.9233333333333333,0.6311891964856442,0.4876147742218775,1.0,0.36357388066272245,0.0,10.0,0.05333333333333334,3132.972220550872,1214.4238609389856,1259.0,haco_safemarl_pilot,emergency,21582076,3
0.0,0.0,300.0,0.3644444444444444,0.7529979403944871,0.6508294236472468,0.6444444444444445,0.7000445036480178,0.0,12.0,0.0,422.5161217445473,337.3113940779485,850.0,mappo_acoustic_shield,emergency,21582076,3
0.0,1.0,286.0,0.712121212121212,0.45353287249569024,0.36409739321404205,1.0,0.7716894969184899,0.0,103.0,0.0,5301.009999999978,2507.9833375952385,0.0,fixed_auv_ga_pso_tlbo_proxy,emergency,21592083,3
0.0,1.0,219.0,0.8614916286149163,0.4118778026633219,0.26582626054569924,1.0,0.4573874608154233,0.0,79.0,0.0,5384.115000000007,2053.6000000000045,0.0,independent_greedy,emergency,21592083,3
0.0,0.0,300.0,0.7466666666666667,0.6332361764540221,0.5545705137680883,1.0,0.757011794551754,0.0,205.0,0.0,7868.843945207218,2872.529665912897,0.0,communication_aware,emergency,21592083,3
0.0,0.3333333333333333,300.0,0.5111111111111112,0.6299328388356716,0.45605511931268117,1.0,0.7755850937440305,0.0,0.0,0.0,9048.133365428688,3248.1750325047697,779.0,haco_safemarl_pilot_no_acoustic,emergency,21592083,3
0.0,0.6666666666666666,300.0,0.8088888888888889,0.45231956099800386,0.4019820401746332,1.0,0.8282658582635107,0.0,214.0,0.0,9075.329664410818,2437.3745101066024,0.0,haco_safemarl_pilot_no_shield,emergency,21592083,3
0.0,0.0,300.0,0.5066666666666667,0.7345026534251965,0.6616205528527522,1.0,0.814133855038481,0.0,0.0,0.0,8917.318705906999,3411.337650153415,797.0,haco_safemarl_pilot,emergency,21592083,3
0.0,0.0,300.0,0.055555555555555546,0.8231371510962248,0.8011865015372479,0.3333333333333334,0.993127147643462,0.0,0.0,0.0,322.2971843697197,130.93796167674992,581.0,mappo_acoustic_shield,emergency,21592083,3
0.0,0.3333333333333333,300.0,0.7433333333333333,0.5728251963099021,0.46860269844975627,1.0,0.6563226441943221,0.0,8.0,0.0,5560.499999999976,1986.6365644331418,0.0,fixed_auv_ga_pso_tlbo_proxy,emergency,21602090,3
0.0,1.0,267.0,0.9238451935081149,0.31949027797868734,0.15134833156226726,1.0,0.5574531775669992,0.0,44.0,0.13857677902621723,6564.195000000009,2098.0000000000036,0.0,independent_greedy,emergency,21602090,3
0.0,0.0,300.0,0.7733333333333333,0.6791181381587978,0.6157693305363412,1.0,0.6905615282399024,0.0,0.0,0.0,7988.097098637663,2840.723928768258,0.0,communication_aware,emergency,21602090,3
0.0,0.0,300.0,0.6822222222222222,0.6109206064349193,0.5399263165305308,1.0,0.9563428026882866,0.0,0.0,0.0,9219.180788638078,2929.1509000343835,831.0,haco_safemarl_pilot_no_acoustic,emergency,21602090,3
0.0,0.3333333333333333,300.0,0.8122222222222223,0.5261509835824585,0.46408228858852435,1.0,0.8409445550839145,0.0,56.0,0.0,9193.946799268737,2840.9987983695514,0.0,haco_safemarl_pilot_no_shield,emergency,21602090,3
0.0,0.0,300.0,0.6611111111111111,0.7025660494054216,0.6691703836695685,1.0,0.968737958207729,0.0,0.0,0.0,9107.931368470823,3011.4833511401266,830.0,haco_safemarl_pilot,emergency,21602090,3
0.0,0.0,300.0,0.10444444444444442,0.8139489023580613,0.7809065626911639,0.3333333333333334,0.9927989386544287,0.0,0.0,0.0,779.6416829951869,332.2399854217469,555.0,mappo_acoustic_shield,emergency,21602090,3
1.0,1.0,274.0,0.44403892944038925,0.6599282972999441,0.4844689699088925,0.7857142857142857,0.7876843814125349,0.0,0.0,0.08759124087591241,5078.58999999998,2012.5532554648105,0.0,fixed_auv_ga_pso_tlbo_proxy,emergency,21612097,3
1.0,1.0,210.0,0.7619047619047619,0.5279572477577237,0.3193888853379954,1.0,0.5860290663686022,0.0,0.0,0.04285714285714286,5162.850000000007,1589.2000000000053,0.0,independent_greedy,emergency,21612097,3
0.0,0.0,300.0,0.5877777777777777,0.7199509304533848,0.6408380923844466,1.0,0.8363319292776643,0.03,0.0,0.12,8042.654525732829,2961.5772747156693,0.0,communication_aware,emergency,21612097,3
1.0,1.0,261.0,0.3639846743295018,0.695078567926964,0.5230668848313742,1.0,0.8889988168600226,0.0,0.0,0.12643678160919541,7926.555059080909,2335.7439390065383,586.0,haco_safemarl_pilot_no_acoustic,emergency,21612097,3
1.0,1.0,240.0,0.6138888888888889,0.6461471222747673,0.5329234518133581,1.0,0.7884352487664618,0.0,0.0,0.0625,7487.476889768346,2175.159455669085,0.0,haco_safemarl_pilot_no_shield,emergency,21612097,3
0.0,0.3333333333333333,300.0,0.4566666666666668,0.7441151621145855,0.6796333914827016,1.0,0.9042303369621105,0.06,0.0,0.18333333333333332,8355.880444734219,2780.820294989415,775.0,haco_safemarl_pilot,emergency,21612097,3
0.0,0.0,300.0,0.0,0.8370073861457856,0.8181751403387828,0.0,0.9999999998888889,0.0,0.0,0.02,336.95380436630904,175.97839349735233,465.0,mappo_acoustic_shield,emergency,21612097,3
1.0,1.0,225.0,0.5377777777777778,0.6472244338130361,0.5090399170811162,0.6666666666666664,0.5640187726487428,0.0,0.0,0.0,4170.374999999987,1977.6284826930023,0.0,fixed_auv_ga_pso_tlbo_proxy,emergency,21622104,3
1.0,1.0,172.0,0.567829457364341,0.5643194437387183,0.2132120306150643,0.6666666666666665,0.7203656219299278,0.0,0.0,0.0,4228.620000000005,1614.4,0.0,independent_greedy,emergency,21622104,3
0.0,0.6666666666666666,300.0,0.7166666666666667,0.729607689948286,0.6813911745858626,1.0,0.6228985251979493,0.0,0.0,0.0,7995.685480594472,3371.1190641135977,0.0,communication_aware,emergency,21622104,3
1.0,1.0,214.0,0.23831775700934585,0.7424607828619872,0.5499506648004188,0.33333333333333326,0.8362657768324796,0.0,0.0,0.0,6782.281329318831,1764.198131865278,344.0,haco_safemarl_pilot_no_acoustic,emergency,21622104,3
1.0,1.0,174.0,0.34482758620689646,0.6818121464473935,0.4068956788110305,0.6666666666666665,0.800805159428137,0.0,0.0,0.0,5511.248647086238,1271.8355439465897,0.0,haco_safemarl_pilot_no_shield,emergency,21622104,3
1.0,1.0,225.0,0.2311111111111111,0.7569727892110324,0.5947998920724094,0.3333333333333332,0.8469592776759729,0.0,0.0,0.0,7132.332375965275,1876.6273672615525,379.0,haco_safemarl_pilot,emergency,21622104,3
0.0,0.0,300.0,0.0,0.8329329276694403,0.8285328659090158,0.0,0.9999999998888889,0.0,0.0,0.0,399.8487381561043,310.7588708155204,345.0,mappo_acoustic_shield,emergency,21622104,3
0.0,1.0,195.0,0.947008547008547,0.2740316708331567,0.18534659008597662,1.0,0.4039512335602162,0.05641025641025641,75.0,0.09230769230769231,3614.324999999991,1576.3508709444773,0.0,fixed_auv_ga_pso_tlbo_proxy,emergency,21632111,3
0.0,1.0,149.0,0.9530201342281879,0.2719319788605127,0.2168510795117997,1.0,0.33333332773973307,0.03355704697986577,58.0,0.15436241610738255,3663.1650000000045,1381.400000000002,0.0,independent_greedy,emergency,21632111,3
0.0,0.0,300.0,0.9755555555555554,0.4549051794760821,0.3819151192542464,1.0,0.33333331267217764,0.03666666666666667,9.0,0.07,7626.634207650273,2980.8300063530355,0.0,communication_aware,emergency,21632111,3
0.0,0.6666666666666666,300.0,0.9466666666666667,0.3262649446709182,0.2701701005315603,1.0,0.4098185633433528,0.03333333333333333,0.0,0.08333333333333333,8396.282329401844,2896.3466359761314,933.0,haco_safemarl_pilot_no_acoustic,emergency,21632111,3
0.0,0.0,300.0,0.98,0.27339751381263955,0.23179576207785932,1.0,0.33333330246913867,0.02,66.0,0.07666666666666666,8637.309326993955,3194.0520219119844,0.0,haco_safemarl_pilot_no_shield,emergency,21632111,3
0.0,0.0,300.0,0.9433333333333334,0.5982606996616671,0.5516138024998002,1.0,0.3748378680306373,0.02,0.0,0.07666666666666666,8171.891072158825,3071.3403283939515,937.0,haco_safemarl_pilot,emergency,21632111,3
0.0,0.0,300.0,0.25333333333333335,0.8091059319638205,0.7706228564098979,0.36666666666666664,0.8188256795556602,0.0,0.0,0.13333333333333333,317.89373897774743,167.12083711905845,649.0,mappo_acoustic_shield,emergency,21632111,3
0.0,0.6666666666666666,300.0,0.3088888888888889,0.6971077490445483,0.5653909610983254,0.6666666666666669,0.9040908940298833,0.0,122.0,0.0,5560.499999999976,2818.6636798501636,0.0,fixed_auv_ga_pso_tlbo_proxy,emergency,21642118,3
0.0,1.0,246.0,0.6084010840108401,0.6057080798896025,0.46570000458268224,0.6666666666666667,0.4522985609833731,0.0,93.0,0.0,6047.910000000008,2565.0000000000114,0.0,independent_greedy,emergency,21642118,3
0.0,0.3333333333333333,300.0,0.3577777777777777,0.7684442944702349,0.7087683024466614,0.6666666666666669,0.8622368127000807,0.0,105.0,0.0,8211.077712553575,3506.4919497961155,0.0,communication_aware,emergency,21642118,3
0.0,0.3333333333333333,300.0,0.3333333333333333,0.7470923408761125,0.6752873039931316,0.6666666666666669,0.888559792471997,0.0,24.0,0.0,9260.624601136115,3278.4146499478184,567.0,haco_safemarl_pilot_no_acoustic,emergency,21642118,3
0.0,0.3333333333333333,300.0,0.40777777777777774,0.6621874050862951,0.5419552914657726,0.6666666666666669,0.8075964190547723,0.0,182.0,0.0,9073.895582944884,3122.701825480001,0.0,haco_safemarl_pilot_no_shield,emergency,21642118,3
0.0,0.3333333333333333,300.0,0.32888888888888884,0.7933825757518299,0.7511396317522678,0.6666666666666669,0.8926734493162328,0.0,21.0,0.0,9124.159922247614,3354.079245106685,555.0,haco_safemarl_pilot,emergency,21642118,3
0.0,0.3333333333333333,300.0,0.057777777777777775,0.8324056479547097,0.8145247723218596,0.3333333333333334,0.9925356652625101,0.0,13.0,0.0,1664.2052195893407,865.2450871565181,537.0,mappo_acoustic_shield,emergency,21642118,3
1.0,1.0,198.0,0.6952861952861954,0.5103473920090656,0.12441712108149604,1.0,0.6666463173567914,0.0,0.0,0.0,3669.9299999999907,1573.1097084436124,0.0,fixed_auv_ga_pso_tlbo_proxy,emergency,21652125,3
0.0,1.0,152.0,0.6535087719298245,0.4985630964326425,0.05856463306433312,1.0,0.6598995502181781,0.11842105263157894,0.0,0.21710526315789475,3736.9200000000046,1282.400000000001,0.0,independent_greedy,emergency,21652125,3
0.0,0.3333333333333333,300.0,0.8911111111111112,0.5249810583359926,0.2886786865803377,1.0,0.6533333293333333,0.0,0.0,0.0,7748.472020859403,2928.827549406615,0.0,communication_aware,emergency,21652125,3
1.0,1.0,230.0,0.6159420289855073,0.5026058251207348,0.13408473156430178,1.0,0.6662018192101197,0.0,0.0,0.13478260869565217,7049.537299827496,2053.223504348051,572.0,haco_safemarl_pilot_no_acoustic,emergency,21652125,3
0.0,0.6666666666666666,300.0,0.8422222222222222,0.4443014851828036,0.2230875706790249,1.0,0.48167789299720487,0.0,0.0,0.1,8873.296874027952,2775.3938060395194,0.0,haco_safemarl_pilot_no_shield,emergency,21652125,3
0.0,0.3333333333333333,300.0,0.6855555555555556,0.6436186760398495,0.44654047237456995,1.0,0.6566232952169276,0.0,0.0,0.09333333333333334,8846.24624855,2956.8623888612806,850.0,haco_safemarl_pilot,emergency,21652125,3
0.0,0.0,300.0,0.3333333333333333,0.7723516056576295,0.638469552937944,0.3333333333333334,0.6666666665555555,0.0,0.0,0.0,207.47821105867453,57.27924294058683,341.0,mappo_acoustic_shield,emergency,21652125,3
0.0,0.5,300.0,0.685,0.6490006650713074,0.5759810749533049,1.0,0.9219274226249556,0.0,0.0,0.0,5306.999999999983,2510.643151285966,0.0,fixed_auv_ga_pso_tlbo_proxy,generalization,21162032,2
1.0,1.0,232.0,0.8620689655172413,0.49319485050766637,0.3973103746414128,1.0,0.9110320175633034,0.0,0.0,0.0,5368.4800000000105,1990.9000000000065,0.0,independent_greedy,generalization,21162032,2
0.0,0.5,300.0,0.7016666666666667,0.7249572372791129,0.6921344904655978,1.0,0.9137340990635923,0.0,0.0,0.04,7823.465309540098,2865.9708043595447,0.0,communication_aware,generalization,21162032,2
1.0,1.0,230.0,0.3347826086956522,0.7079819993000921,0.5636022419407326,0.5,0.8228119504083766,0.0,0.0,0.0,7082.782223179763,1813.4141144492557,273.0,haco_safemarl_pilot_no_acoustic,generalization,21162032,2
1.0,1.0,228.0,0.4298245614035088,0.6451613207676387,0.435242142848458,1.0,0.7950696269132138,0.0,0.0,0.0,6967.74012657606,1644.9546345353392,0.0,haco_safemarl_pilot_no_shield,generalization,21162032,2
1.0,1.0,250.0,0.312,0.7407176141015449,0.6417797309756843,0.6,0.847363445901525,0.0,0.0,0.0,7646.9529423650565,2019.242569165138,346.0,haco_safemarl_pilot,generalization,21162032,2
0.0,0.0,300.0,0.021666666666666667,0.8199097950648523,0.8137203440831117,0.21666666666666667,0.9995097723779915,0.0,0.0,0.013333333333333334,536.8832099875484,199.5634254867162,427.0,mappo_acoustic_shield,generalization,21162032,2
0.0,0.5,300.0,0.10833333333333334,0.8455270154650647,0.7935426900272792,0.5,0.9854536061673581,0.0,29.0,0.0,5306.999999999984,2251.894119524662,0.0,fixed_auv_ga_pso_tlbo_proxy,generalization,21172039,2
0.0,1.0,298.0,0.5453020134228188,0.5708542998889834,0.3158780047908577,1.0,0.6588645859857731,0.0,22.0,0.0,6895.720000000032,2162.1000000000076,0.0,independent_greedy,generalization,21172039,2
0.0,0.5,300.0,0.08166666666666667,0.8474000925456079,0.7988150100888323,0.5,0.9921536457627929,0.0,41.0,0.0,8171.191266854174,2606.3604655026934,0.0,communication_aware,generalization,21172039,2
1.0,1.0,294.0,0.27380952380952384,0.7823898049470036,0.6597533413348128,0.5,0.8755294114013096,0.0,0.0,0.0,6360.521348636962,1709.2437467674454,434.0,haco_safemarl_pilot_no_acoustic,generalization,21172039,2
0.0,1.0,290.0,0.3396551724137931,0.7982605141527025,0.6920234767278228,0.5,0.7907848059466679,0.0,75.0,0.0,8909.189839588706,2391.2513528266218,0.0,haco_safemarl_pilot_no_shield,generalization,21172039,2
1.0,1.0,282.0,0.2712765957446808,0.8060654011754208,0.7093799155689469,0.5,0.8782873183078825,0.0,0.0,0.0,6250.391587913571,1603.3595960844796,394.0,haco_safemarl_pilot,generalization,21172039,2
0.0,0.0,300.0,0.023333333333333334,0.8541720155146811,0.824686042921319,0.23333333333333334,0.9994295557232162,0.0,0.0,0.0,352.5893485341092,164.02172599675941,214.0,mappo_acoustic_shield,generalization,21172039,2
0.0,0.5,300.0,0.4666666666666667,0.6274413687061502,0.6098757410945795,1.0,0.9985957238856137,0.0,0.0,0.0,5306.999999999984,2322.239034030253,0.0,fixed_auv_ga_pso_tlbo_proxy,generalization,21182046,2
1.0,1.0,237.0,0.7383966244725738,0.5499983674751486,0.5495721715515723,1.0,0.6549667730112101,0.0,0.0,0.0,5484.180000000012,1886.900000000001,0.0,independent_greedy,generalization,21182046,2
0.0,0.0,300.0,0.54,0.7358449923997155,0.7219019396380536,1.0,0.9991605444658386,0.0,0.0,0.0,7860.017715089342,2887.151340441009,0.0,communication_aware,generalization,21182046,2
0.0,0.0,300.0,0.54,0.6611185754456637,0.6401394170499402,1.0,0.9936864063470938,0.0,0.0,0.0,8923.109835900468,3080.1435808233223,394.0,haco_safemarl_pilot_no_acoustic,generalization,21182046,2
0.0,0.0,300.0,0.6066666666666667,0.5649157377786466,0.5534336327020994,1.0,0.9997128071156276,0.0,0.0,0.0,8919.44972241397,3082.7130054212525,0.0,haco_safemarl_pilot_no_shield,generalization,21182046,2
0.0,0.0,300.0,0.5333333333333333,0.7526428048432752,0.747511875670792,1.0,0.9949238567316859,0.0,0.0,0.0,8857.48988290157,3152.5789602223895,390.0,haco_safemarl_pilot,generalization,21182046,2
0.0,0.0,300.0,0.0,0.8483887272009347,0.8391292355639692,0.0,0.99999999975,0.0,0.0,0.0,473.9546227414718,97.19303259678463,54.0,mappo_acoustic_shield,generalization,21182046,2
1.0,1.0,263.0,0.41825095057034223,0.715092372460344,0.6890170859674078,1.0,0.99791115963611,0.0,0.0,0.0,4652.469999999998,2170.075105246264,0.0,fixed_auv_ga_pso_tlbo_proxy,generalization,21192053,2
1.0,1.0,201.0,0.46766169154228854,0.6830188198909839,0.6146808928306703,1.0,0.9831687410965865,0.0,0.0,0.0,4651.14,1867.700000000005,0.0,independent_greedy,generalization,21192053,2
0.0,0.5,300.0,0.5566666666666666,0.728000865370986,0.7141245864242625,1.0,0.9990962992104115,0.0,0.0,0.0,7859.343774544239,2990.3711301604144,0.0,communication_aware,generalization,21192053,2
1.0,1.0,232.0,0.3254310344827586,0.7433078330105733,0.6448675776341588,1.0,0.9484113917883471,0.0,0.0,0.0,7063.812398358335,2001.86073244754,211.0,haco_safemarl_pilot_no_acoustic,generalization,21192053,2
1.0,1.0,199.0,0.27638190954773867,0.7340960775705846,0.6150476312964273,1.0,0.9557081619826819,0.0,0.0,0.0,6123.932490679061,1631.3040239769875,0.0,haco_safemarl_pilot_no_shield,generalization,21192053,2
1.0,1.0,268.0,0.40671641791044777,0.7404952905441989,0.6596795390813034,1.0,0.9562734040484605,0.0,0.0,0.0,8091.996973861769,2390.2227241793826,284.0,haco_safemarl_pilot,generalization,21192053,2
0.0,0.0,300.0,0.0,0.8641773247459568,0.8571176450295707,0.0,0.99999999975,0.0,0.0,0.0,290.53635693314425,43.15881480312461,182.0,mappo_acoustic_shield,generalization,21192053,2
0.0,1.0,253.0,0.40118577075098816,0.7528907639356905,0.7107368151212301,1.0,0.9802579591412872,0.0,66.0,0.09486166007905138,4475.570000000002,1906.0928711306294,0.0,fixed_auv_ga_pso_tlbo_proxy,generalization,21202060,2
0.0,1.0,194.0,0.7474226804123711,0.6555294406839755,0.6061293864805861,1.0,0.8925650526400948,0.030927835051546393,52.0,0.06701030927835051,4489.159999999998,1540.100000000004,0.0,independent_greedy,generalization,21202060,2
0.0,0.5,300.0,0.5566666666666666,0.7397371283326097,0.7121304181750665,1.0,0.9857341865600994,0.0,42.0,0.08666666666666667,7872.208378330009,2990.9446935027763,0.0,communication_aware,generalization,21202060,2
0.0,1.0,218.0,0.30963302752293576,0.7692846174794237,0.7042749609726423,1.0,0.9261443783450811,0.03669724770642202,0.0,0.11926605504587157,3426.192240165441,736.1267680722747,424.0,haco_safemarl_pilot_no_acoustic,generalization,21202060,2
0.0,1.0,190.0,0.2578947368421053,0.7463887795401555,0.6490355841982411,0.868421052631579,0.9419596319292529,0.05789473684210526,4.0,0.11052631578947368,5850.31310184389,1534.7807020463786,0.0,haco_safemarl_pilot_no_shield,generalization,21202060,2
0.0,0.0,300.0,0.5166666666666667,0.745077897904812,0.7174924123370131,1.0,0.9688493607760419,0.023333333333333334,0.0,0.10333333333333333,4000.8491801582218,1524.4763981305712,708.0,haco_safemarl_pilot,generalization,21202060,2
0.0,0.0,300.0,0.008333333333333333,0.8505818246093467,0.8280842655062198,0.08333333333333333,0.9999293882502651,0.0,0.0,0.15,515.4720552901952,67.96128944958197,257.0,mappo_acoustic_shield,generalization,21202060,2
1.0,1.0,182.0,0.0,0.873944968562876,0.8710369655361612,0.0,0.99999999975,0.0,0.0,0.0,3219.580000000008,1390.0720725830836,0.0,fixed_auv_ga_pso_tlbo_proxy,generalization,21212067,2
1.0,1.0,139.0,0.11870503597122302,0.8313479378950107,0.8242635302456236,0.6071428571428571,0.9880007897572315,0.0,0.0,0.0,3216.4599999999973,1143.5000000000002,0.0,independent_greedy,generalization,21212067,2
1.0,1.0,158.0,0.0,0.8739114419161617,0.8719880700231004,0.0,0.99999999975,0.0,0.0,0.0,4305.5,1530.8633904221,0.0,communication_aware,generalization,21212067,2
1.0,1.0,135.0,0.1037037037037037,0.8623089161162071,0.8300053375066009,0.5,0.9867897819979742,0.0,0.0,0.0,4172.718749999991,998.5565065701048,53.0,haco_safemarl_pilot_no_acoustic,generalization,21212067,2
1.0,1.0,135.0,0.24814814814814815,0.8335587789520412,0.7726123641086474,0.5,0.9017681295366375,0.0,0.0,0.0,4114.857867862607,1062.416197264993,0.0,haco_safemarl_pilot_no_shield,generalization,21212067,2
1.0,1.0,135.0,0.1037037037037037,0.8629292146557758,0.8312400804935438,0.5,0.9867897819979742,0.0,0.0,0.0,4174.585362599686,1005.3133741409933,51.0,haco_safemarl_pilot,generalization,21212067,2
0.0,0.0,300.0,0.0,0.8573785977341477,0.8534255784413138,0.0,0.99999999975,0.0,0.0,0.0,316.8955781065532,72.10777912267096,31.0,mappo_acoustic_shield,generalization,21212067,2
0.0,0.5,300.0,0.12833333333333333,0.8677298267742185,0.8677160416263197,1.0,0.9999963437648531,0.0,44.0,0.07666666666666666,5306.999999999984,2012.6928137312784,0.0,fixed_auv_ga_pso_tlbo_proxy,generalization,21222074,2
0.0,1.0,250.0,0.836,0.6434803255757952,0.6234766173770935,1.0,0.9853458291934181,0.0,34.0,0.0,5785.000000000016,1652.9000000000012,0.0,independent_greedy,generalization,21222074,2
0.0,0.0,300.0,0.24833333333333332,0.8507054479292974,0.849569658678623,1.0,0.9999950831850251,0.0,39.0,0.08333333333333333,8053.289958487866,2518.71299496774,0.0,communication_aware,generalization,21222074,2
0.0,0.5,300.0,0.08166666666666667,0.8357821548604443,0.8212961497381609,0.5,0.9921536457627929,0.03,0.0,0.08333333333333333,7466.325429361454,2171.032329293105,391.0,haco_safemarl_pilot_no_acoustic,generalization,21222074,2
0.0,1.0,248.0,0.1875,0.8318100612023958,0.8123351854424637,1.0,0.9977821462101887,0.036290322580645164,33.0,0.07258064516129033,7674.404268537604,1907.8323663217568,0.0,haco_safemarl_pilot_no_shield,generalization,21222074,2
0.0,0.5,300.0,0.06,0.8406850043112584,0.8348527536604945,0.5,0.9959422900710261,0.03,0.0,0.08333333333333333,7753.157547011459,2257.3806964715886,389.0,haco_safemarl_pilot,generalization,21222074,2
0.0,0.0,300.0,0.0,0.8472280221655739,0.8348407452638849,0.0,0.99999999975,0.0,0.0,0.15,1282.7216736003925,880.7989778068596,427.0,mappo_acoustic_shield,generalization,21222074,2
0.0,1.0,174.0,0.10344827586206896,0.839997273890335,0.8153382724954024,0.5,0.9868613135657115,0.0,43.0,0.0,3078.0600000000077,1514.1427055611955,0.0,fixed_auv_ga_pso_tlbo_proxy,generalization,21232081,2
0.0,1.0,133.0,0.41353383458646614,0.7936645414845764,0.7161765813880383,0.5,0.667910857069528,0.0,33.0,0.0,3077.619999999998,1229.9000000000005,0.0,independent_greedy,generalization,21232081,2
0.0,1.0,151.0,0.0728476821192053,0.8402801988146837,0.819796871243443,0.5625,0.9958843551813024,0.0,37.0,0.0,4114.75,1732.0541103688322,0.0,communication_aware,generalization,21232081,2
1.0,1.0,145.0,0.16896551724137931,0.8422520943422884,0.7757558058636749,0.5,0.960302238348759,0.0,0.0,0.0,3767.6039817713963,1025.0787412403038,165.0,haco_safemarl_pilot_no_acoustic,generalization,21232081,2
0.0,1.0,129.0,0.4108527131782946,0.7481222364863137,0.5882394728916132,0.5,0.6728013974608014,0.0,32.0,0.0,3895.3055655301555,882.5725490443745,0.0,haco_safemarl_pilot_no_shield,generalization,21232081,2
1.0,1.0,145.0,0.15862068965517243,0.8456345678462283,0.782538818350689,0.5,0.9656783231638327,0.0,0.0,0.0,3785.9905869494737,1037.7690822301156,159.0,haco_safemarl_pilot,generalization,21232081,2
0.0,0.0,300.0,0.0,0.8625839827161783,0.8292351446434547,0.0,0.99999999975,0.0,0.0,0.10333333333333333,131.31843294995807,185.31854646860512,188.0,mappo_acoustic_shield,generalization,21232081,2
0.0,0.5,300.0,0.5216666666666666,0.5734563373804059,0.5379276547751148,1.0,0.9924693340564108,0.0,73.0,0.0,5306.999999999984,2320.1162693352544,0.0,fixed_auv_ga_pso_tlbo_proxy,generalization,21242088,2
0.0,1.0,237.0,0.689873417721519,0.5273704125179799,0.5217373062929546,1.0,0.861259463994576,0.0,55.0,0.0,5484.180000000012,2051.700000000003,0.0,independent_greedy,generalization,21242088,2
0.0,0.0,300.0,0.5916666666666667,0.7057874109595179,0.6849444948835672,1.0,0.9952084078394942,0.0,63.0,0.0,7829.062710932569,2898.750064684025,0.0,communication_aware,generalization,21242088,2
0.0,0.0,300.0,0.19833333333333333,0.8343893455108923,0.7704292418848248,0.5,0.9423228872165875,0.0,0.0,0.0,5331.784657032069,2766.916597806119,586.0,haco_safemarl_pilot_no_acoustic,generalization,21242088,2
0.0,0.0,300.0,0.6483333333333333,0.5297604388237928,0.5194494140182815,1.0,0.9989006037715716,0.0,53.0,0.0,8873.993816612134,3069.6283621804296,0.0,haco_safemarl_pilot_no_shield,generalization,21242088,2
0.0,0.0,300.0,0.15,0.851571734791925,0.8091064188682651,0.5,0.9697986573926849,0.0,0.0,0.0,5538.627243055748,2822.7019206027553,579.0,haco_safemarl_pilot,generalization,21242088,2
0.0,0.0,300.0,0.0,0.8586584772581576,0.8396854119040718,0.0,0.99999999975,0.0,0.0,0.0,797.2778590613627,386.558571755645,82.0,mappo_acoustic_shield,generalization,21242088,2
1.0,1.0,293.0,0.7679180887372014,0.4364468967534449,0.42001740988709296,1.0,0.9895142261422637,0.0,0.0,0.0,5183.169999999986,1955.007951313762,0.0,fixed_auv_ga_pso_tlbo_proxy,generalization,21252095,2
1.0,1.0,224.0,0.8816964285714286,0.24838088258830537,0.20410922195394687,1.0,0.9719723014637777,0.0,0.0,0.044642857142857144,5183.360000000008,1450.5000000000016,0.0,independent_greedy,generalization,21252095,2
0.0,0.0,300.0,0.8066666666666666,0.7080676620517437,0.6990797186752914,1.0,0.9973317454966011,0.0,0.0,0.0,7740.431412772646,2929.3501417696248,0.0,communication_aware,generalization,21252095,2
0.0,0.0,300.0,0.695,0.5911563924893443,0.5542117854919576,1.0,0.8940413241373346,0.0,0.0,0.0,8924.024622229192,2922.49822590118,556.0,haco_safemarl_pilot_no_acoustic,generalization,21252095,2
0.0,0.0,300.0,0.8916666666666667,0.4618866899551631,0.4458869354890689,1.0,0.9615384418437735,0.0,0.0,0.0,8835.163724918073,2975.4092185627746,0.0,haco_safemarl_pilot_no_shield,generalization,21252095,2
0.0,0.0,300.0,0.6066666666666667,0.7203074674803998,0.7078621299172684,1.0,0.9861189785986065,0.0,0.0,0.0,8842.586659202127,2978.3079714075616,560.0,haco_safemarl_pilot,generalization,21252095,2
0.0,0.0,300.0,0.0,0.835795852877176,0.8342817432677541,0.0,0.99999999975,0.0,0.0,0.0,463.6942308551435,353.59783661274673,216.0,mappo_acoustic_shield,generalization,21252095,2
0.0,1.0,234.0,0.09615384615384616,0.8577690361651825,0.8512638018083524,0.8541666666666666,0.9993242108086065,0.0,16.0,0.0,4139.46000000001,1955.7522706162028,0.0,fixed_auv_ga_pso_tlbo_proxy,generalization,21262102,2
0.0,1.0,179.0,0.4329608938547486,0.7726167402983758,0.6676165540539949,0.5,0.6317104574264858,0.0,12.0,0.0,4142.059999999993,1441.5000000000027,0.0,independent_greedy,generalization,21262102,2
0.0,1.0,214.0,0.14018691588785046,0.8515784981036525,0.8470833958686592,1.0,0.9998818661710678,0.0,25.0,0.0,5802.4845640014,2065.0966839265575,0.0,communication_aware,generalization,21262102,2
0.0,0.5,300.0,0.11666666666666667,0.8593892022508478,0.8160388324050128,0.5,0.9828551431474564,0.0,0.0,0.0,6072.61482914755,1714.1694952709854,379.0,haco_safemarl_pilot_no_acoustic,generalization,21262102,2
0.0,1.0,174.0,0.1867816091954023,0.808572878228794,0.7174654355845209,0.5,0.9498896976924488,0.0,12.0,0.0,5342.778011301674,1300.1984919827194,0.0,haco_safemarl_pilot_no_shield,generalization,21262102,2
0.0,0.5,300.0,0.11,0.8619089450222083,0.8211250003970183,0.5,0.9849539912382013,0.0,0.0,0.0,6099.45837511558,1727.0171308532636,372.0,haco_safemarl_pilot,generalization,21262102,2
0.0,0.0,300.0,0.0,0.843208627622043,0.8431657677042418,0.0,0.99999999975,0.0,0.0,0.0,271.0291517178512,154.19857655181517,69.0,mappo_acoustic_shield,generalization,21262102,2
0.0,1.0,135.0,0.8814814814814815,0.4968427267679315,0.4274359570417949,1.0,0.49999999555053715,0.0,38.0,0.16296296296296298,2388.1500000000055,1013.605209058198,0.0,fixed_auv_ga_pso_tlbo_proxy,generalization,21272109,2
0.0,1.0,103.0,0.8689320388349514,0.473738789389326,0.3808912460525719,1.0,0.9370179820812032,0.0,29.0,0.038834951456310676,2383.420000000002,802.6999999999998,0.0,independent_greedy,generalization,21272109,2
0.0,0.5,300.0,0.955,0.5336600099060618,0.5010863705071241,1.0,0.5384046909479895,0.0,12.0,0.09333333333333334,7617.9490185018285,2979.151613662523,0.0,communication_aware,generalization,21272109,2
0.0,0.5,300.0,0.605,0.6441273417054518,0.5052072245992311,1.0,0.7495396185185277,0.0,0.0,0.08,7067.412605884399,2188.818753669771,700.0,haco_safemarl_pilot_no_acoustic,generalization,21272109,2
0.0,1.0,131.0,0.8244274809160306,0.5521029550925671,0.4429400054913295,1.0,0.841017482339944,0.0,30.0,0.03816793893129771,3919.526379589443,907.3139165463122,0.0,haco_safemarl_pilot_no_shield,generalization,21272109,2
0.0,0.0,300.0,0.8883333333333333,0.6273348200730834,0.6244248720906312,1.0,0.9395144234917752,0.0,0.0,0.07333333333333333,8496.546560929362,3125.5944092928917,626.0,haco_safemarl_pilot,generalization,21272109,2
0.0,0.0,300.0,0.1,0.8131759411544677,0.7926900707716564,0.5,0.9939869919640485,0.0,0.0,0.18666666666666668,394.1745336710549,134.26487497441144,428.0,mappo_acoustic_shield,generalization,21272109,2
0.0,0.5,300.0,0.8633333333333333,0.3322205037698269,0.2566606332056357,1.0,0.49999999665377753,0.0,60.0,0.13,5306.999999999984,2593.55835810775,0.0,fixed_auv_ga_pso_tlbo_proxy,generalization,21282116,2
0.0,1.0,236.0,0.7966101694915254,0.3060881373850684,0.1284756853420615,1.0,0.6399999975246223,0.0,46.0,0.2076271186440678,5461.040000000012,2170.1000000000085,0.0,independent_greedy,generalization,21282116,2
0.0,0.5,300.0,0.8516666666666667,0.6084064621506706,0.5504060058213077,1.0,0.4999999971594496,0.0,106.0,0.14666666666666667,7683.368879263591,2974.0801895610475,0.0,communication_aware,generalization,21282116,2
0.0,0.5,300.0,0.675,0.5571926603410641,0.4655782849986331,1.0,0.9687898066957686,0.05333333333333334,0.0,0.14666666666666667,8064.788882116485,2325.943673615135,634.0,haco_safemarl_pilot_no_acoustic,generalization,21282116,2
0.0,0.5,300.0,0.8933333333333333,0.3966890235532514,0.3763523798249647,1.0,0.9961089276143473,0.06333333333333334,63.0,0.17666666666666667,8733.218795475343,2796.4413233350333,0.0,haco_safemarl_pilot_no_shield,generalization,21282116,2
0.0,0.0,300.0,0.7266666666666667,0.6757868276812156,0.6736425319301478,1.0,0.9976261094292894,0.05,0.0,0.18,7964.492980288919,2992.9940612082555,658.0,haco_safemarl_pilot,generalization,21282116,2
0.0,0.0,300.0,0.12666666666666668,0.8087027335659497,0.7933981763077055,0.5,0.9843832902334815,0.0,0.0,0.02,293.1936564051731,61.272345255621396,644.0,mappo_acoustic_shield,generalization,21282116,2
0.0,1.0,160.0,0.775,0.6138304270042474,0.4981176803860342,1.0,0.49999999876543205,0.0,47.0,0.0,2830.400000000007,1172.0143189877035,0.0,fixed_auv_ga_pso_tlbo_proxy,generalization,21292123,2
0.0,1.0,122.0,0.7704918032786885,0.5704512839117475,0.4743237459175846,1.0,0.8226652643639689,0.0,35.0,0.0,2823.0799999999995,893.1000000000001,0.0,independent_greedy,generalization,21292123,2
0.0,0.5,300.0,0.7516666666666667,0.7182188581272241,0.6640991616862312,1.0,0.49999999898653213,0.0,127.0,0.0,7781.0118124854625,3320.288992441653,0.0,communication_aware,generalization,21292123,2
0.0,0.5,300.0,0.18833333333333332,0.8120168266698007,0.787440691110074,0.5,0.9587621777649327,0.0,42.0,0.0,6416.960862409721,2147.291218842432,555.0,haco_safemarl_pilot_no_acoustic,generalization,21292123,2
0.0,1.0,132.0,0.7007575757575758,0.6311714611055812,0.4957232004618737,1.0,0.8040453473319138,0.0,51.0,0.0,4012.4507656355167,860.9705877511166,0.0,haco_safemarl_pilot_no_shield,generalization,21292123,2
0.0,0.5,300.0,0.17,0.8159454045906568,0.7940523440401079,0.5,0.9669978317488739,0.0,34.0,0.0,6634.804439727392,2211.7328327505666,540.0,haco_safemarl_pilot,generalization,21292123,2
0.0,0.0,300.0,0.01,0.8372666786529132,0.8294848459762455,0.1,0.9998979797490568,0.0,4.0,0.0,828.9277625931791,781.3910260019135,247.0,mappo_acoustic_shield,generalization,21292123,2
0.0,1.0,163.0,0.5950920245398773,0.7140174582562833,0.6147519876534048,1.0,0.49999999961878727,0.0,27.0,0.0,2883.470000000007,1190.4052919924525,0.0,fixed_auv_ga_pso_tlbo_proxy,generalization,21302130,2
0.0,1.0,125.0,0.952,0.6428465828693841,0.6319196185886294,1.0,0.49999997287326536,0.0,20.0,0.0,2892.499999999999,786.8999999999997,0.0,independent_greedy,generalization,21302130,2
0.0,0.5,300.0,0.5083333333333333,0.7810266684475462,0.7297323850632111,0.5833333333333334,0.4999999997414536,0.0,23.0,0.0,7907.103074236803,3465.7965728620043,0.0,communication_aware,generalization,21302130,2
1.0,1.0,154.0,0.38636363636363635,0.786443153122777,0.771781773808621,0.5,0.9878048774009517,0.0,0.0,0.0,4750.776448754946,1124.1782023724913,202.0,haco_safemarl_pilot_no_acoustic,generalization,21302130,2
0.0,1.0,131.0,0.7519083969465649,0.7051011425930108,0.6579841945423749,1.0,0.9997633655568055,0.0,10.0,0.0,4004.5413671739575,953.1488177866238,0.0,haco_safemarl_pilot_no_shield,generalization,21302130,2
1.0,1.0,156.0,0.1891025641025641,0.794797241067514,0.7772114851893986,0.5,0.9666404901458189,0.0,0.0,0.0,4828.984075832355,1277.304109594204,207.0,haco_safemarl_pilot,generalization,21302130,2
0.0,0.0,300.0,0.008333333333333333,0.8286707599686846,0.8272746956765434,0.08333333333333333,0.9999293882502651,0.0,0.0,0.0,277.41123742633914,490.07599951060763,318.0,mappo_acoustic_shield,generalization,21302130,2
1.0,1.0,249.0,0.0,0.903705638612228,0.9012551124715689,0.0,0.99999999975,0.0,0.0,0.0,4404.810000000003,2088.930667967364,0.0,fixed_auv_ga_pso_tlbo_proxy,generalization,21312137,2
1.0,1.0,191.0,0.12303664921465969,0.8504070949916398,0.8190766560449697,0.7,0.9915095503315667,0.0,0.0,0.0,4419.739999999997,1453.7000000000032,0.0,independent_greedy,generalization,21312137,2
1.0,1.0,216.0,0.0,0.903662699952742,0.9012226412652581,0.0,0.99999999975,0.0,0.0,0.0,5886.0,2270.6163809213585,0.0,communication_aware,generalization,21312137,2
1.0,1.0,185.0,0.0,0.894261970465746,0.8774700867925516,0.0,0.99999999975,0.0,0.0,0.0,5712.647500000004,1458.9549158028203,26.0,haco_safemarl_pilot_no_acoustic,generalization,21312137,2
1.0,1.0,185.0,0.021621621621621623,0.8902111021899277,0.8694005942410307,0.21052631578947367,0.9995118525627094,0.0,0.0,0.0,5683.075348148198,1414.2946282228702,0.0,haco_safemarl_pilot_no_shield,generalization,21312137,2
1.0,1.0,185.0,0.0,0.8942915418079411,0.8775312083938079,0.0,0.99999999975,0.0,0.0,0.0,5710.731756282621,1459.0583271126895,24.0,haco_safemarl_pilot,generalization,21312137,2
0.0,0.0,300.0,0.0,0.8859335025519829,0.8730512338979162,0.0,0.99999999975,0.0,0.0,0.0,727.4056688526706,356.5950983387156,121.0,mappo_acoustic_shield,generalization,21312137,2
0.0,0.5,300.0,0.3566666666666667,0.719609973702711,0.7189702206492654,1.0,0.9999999993959569,0.0,25.0,0.03333333333333333,5306.999999999984,2146.302233929161,0.0,fixed_auv_ga_pso_tlbo_proxy,generalization,21322144,2
0.0,1.0,296.0,0.6554054054054054,0.5042089263378857,0.3692804745545905,1.0,0.6798222677149225,0.013513513513513514,19.0,0.08108108108108109,6849.440000000031,2522.500000000005,0.0,independent_greedy,generalization,21322144,2
0.0,0.0,300.0,0.44333333333333336,0.7760350353778055,0.7730961365107047,1.0,0.9999999991932302,0.0,21.0,0.04,7915.6580482895,2859.2719467704364,0.0,communication_aware,generalization,21322144,2
0.0,0.0,300.0,0.4683333333333333,0.695699226228204,0.6498364568832155,1.0,0.9867254912362525,0.0,7.0,0.09333333333333334,8978.02393997352,2999.9425558017015,370.0,haco_safemarl_pilot_no_acoustic,generalization,21322144,2
0.0,0.0,300.0,0.525,0.6217851902136924,0.601443482757918,1.0,0.9990037624540583,0.0,18.0,0.08666666666666667,8979.885710795299,3013.514852322639,0.0,haco_safemarl_pilot_no_shield,generalization,21322144,2
0.0,0.0,300.0,0.45,0.7766562355389236,0.7634692724183694,1.0,0.9976547318535957,0.0,7.0,0.09333333333333334,8911.48566266911,3040.28142044391,375.0,haco_safemarl_pilot,generalization,21322144,2
0.0,0.0,300.0,0.0,0.8728537976502511,0.8690040080012524,0.0,0.99999999975,0.0,8.0,0.09,403.525661276081,207.70073279989373,194.0,mappo_acoustic_shield,generalization,21322144,2
0.0,0.5,300.0,0.515,0.6325043461600982,0.5777818092415569,1.0,0.990166271963764,0.0,29.0,0.0,5306.999999999984,2593.8166562692045,0.0,fixed_auv_ga_pso_tlbo_proxy,generalization,21332151,2
0.0,1.0,269.0,0.6877323420074349,0.4699306216616607,0.2896193696290865,1.0,0.8151571147474127,0.0,22.0,0.0,6224.660000000023,2612.100000000012,0.0,independent_greedy,generalization,21332151,2
0.0,0.5,300.0,0.5816666666666667,0.7258503356776317,0.696584057013458,1.0,0.9930487675455633,0.0,25.0,0.0,7850.201651282787,3030.813699698146,0.0,communication_aware,generalization,21332151,2
1.0,1.0,299.0,0.362876254180602,0.6579907104003266,0.46330273510985887,0.8333333333333334,0.835593649194098,0.0,0.0,0.046822742474916385,6090.797735096499,1497.9427551597119,484.0,haco_safemarl_pilot_no_acoustic,generalization,21332151,2
0.0,1.0,264.0,0.3371212121212121,0.6477959044353827,0.43636254688176435,0.8148148148148148,0.855231924518932,0.0,72.0,0.007575757575757576,8095.355482801106,2121.5788088700556,0.0,haco_safemarl_pilot_no_shield,generalization,21332151,2
0.0,0.5,300.0,0.43166666666666664,0.7018821187375319,0.5830645850572383,1.0,0.897881178626401,0.0,0.0,0.01,5023.074975719336,1173.6210849015565,577.0,haco_safemarl_pilot,generalization,21332151,2
0.0,0.0,300.0,0.0,0.846333568032259,0.8375188721793583,0.0,0.99999999975,0.0,0.0,0.0,1148.1185591550366,620.1761213621518,398.0,mappo_acoustic_shield,generalization,21332151,2
0.0,0.5,300.0,0.0,0.8675714432822358,0.8666390797641748,0.0,0.99999999975,0.0,0.0,0.013333333333333334,5306.999999999984,2795.766964776655,0.0,fixed_auv_ga_pso_tlbo_proxy,generalization,21342158,2
1.0,1.0,254.0,0.6141732283464567,0.7078170091513414,0.6332566445176488,1.0,0.9342412436703913,0.0,0.0,0.0,5877.560000000018,2367.9000000000087,0.0,independent_greedy,generalization,21342158,2
1.0,1.0,288.0,0.003472222222222222,0.8614468527326161,0.8602119114006467,0.034482758620689655,0.9999878594059032,0.0,0.0,0.03125,7848.0,3368.0786207746246,0.0,communication_aware,generalization,21342158,2
1.0,1.0,238.0,0.0819327731092437,0.8587384259553971,0.8524698551103206,0.5,0.9920982905283577,0.0,0.0,0.0,7245.0387500000015,1985.5139058791435,82.0,haco_safemarl_pilot_no_acoustic,generalization,21342158,2
1.0,1.0,247.0,0.07489878542510121,0.8587153345604329,0.8550622015923948,0.5,0.9934877124670024,0.0,0.0,0.0,7463.871563156491,2059.9365776755776,0.0,haco_safemarl_pilot_no_shield,generalization,21342158,2
1.0,1.0,239.0,0.06276150627615062,0.8619457852711918,0.8595577315281157,0.5,0.9955358025789864,0.0,0.0,0.0,7273.774195939936,2090.9810927802823,79.0,haco_safemarl_pilot,generalization,21342158,2
0.0,0.0,300.0,0.0,0.8482349047664645,0.8331274701468547,0.0,0.99999999975,0.0,0.0,0.10666666666666667,763.7621569276037,174.7902110203095,233.0,mappo_acoustic_shield,generalization,21342158,2
1.0,1.0,238.0,0.9138655462184874,0.2901911293535275,0.28951749477805616,1.0,0.9946745228743528,0.0,0.0,0.0,4210.220000000008,2027.74236209224,0.0,fixed_auv_ga_pso_tlbo_proxy,generalization,21352165,2
1.0,1.0,182.0,0.9560439560439561,0.2649510550525565,0.1978797236269557,1.0,0.9411763559723323,0.0,0.0,0.0,4211.479999999994,1658.500000000005,0.0,independent_greedy,generalization,21352165,2
0.0,0.0,300.0,0.94,0.539921468436909,0.5341209716308427,1.0,0.9969230079053302,0.0,0.0,0.0,7618.640327071338,2942.8975496518333,0.0,communication_aware,generalization,21352165,2
0.0,0.5,300.0,0.8433333333333334,0.4202257767929275,0.34736507962678104,1.0,0.9185031099100541,0.0,0.0,0.0,8514.473466592635,2583.0507602771627,605.0,haco_safemarl_pilot_no_acoustic,generalization,21352165,2
0.0,0.0,300.0,0.955,0.3210606737420426,0.3017340265856997,1.0,0.9986300138675324,0.0,0.0,0.0,8626.879449917744,3155.9884312915315,0.0,haco_safemarl_pilot_no_shield,generalization,21352165,2
0.0,0.0,300.0,0.8466666666666667,0.6380677845892169,0.6251815759597584,1.0,0.9706421918167663,0.0,0.0,0.0,8549.903610310825,3166.973607768721,594.0,haco_safemarl_pilot,generalization,21352165,2
0.0,0.0,300.0,0.06666666666666667,0.8046196718766015,0.7978928966670762,0.5,0.9949238575839366,0.0,0.0,0.0,88.858175824498,33.99391541660377,586.0,mappo_acoustic_shield,generalization,21352165,2
0.0,1.0,147.0,0.10204081632653061,0.8341574308083956,0.7911792657499032,0.5,0.9872514020435503,0.0,50.0,0.0,2600.430000000006,1023.9059913405418,0.0,fixed_auv_ga_pso_tlbo_proxy,generalization,21362172,2
0.0,1.0,113.0,0.48672566371681414,0.7483542529686513,0.6018851322374656,0.5,0.5265299731286875,0.0,39.0,0.0,2614.8200000000006,798.4999999999999,0.0,independent_greedy,generalization,21362172,2
0.0,1.0,128.0,0.08984375,0.834629448877586,0.7941886552819162,0.5,0.9903498847782499,0.0,43.0,0.0,3486.163484346174,1135.9124216652538,0.0,communication_aware,generalization,21362172,2
1.0,1.0,129.0,0.4108527131782946,0.8251565736545118,0.7493113038013358,0.5,0.6728013974608014,0.0,0.0,0.0,3957.376536513951,1090.181313418202,170.0,haco_safemarl_pilot_no_acoustic,generalization,21362172,2
0.0,1.0,110.0,0.44545454545454544,0.7750191066705745,0.6543653495516134,0.5,0.6078079056127705,0.0,38.0,0.0,3374.83687414516,722.8429482798257,0.0,haco_safemarl_pilot_no_shield,generalization,21362172,2
1.0,1.0,129.0,0.35271317829457366,0.8304216468213184,0.760763479592258,0.5,0.7710533587826625,0.0,0.0,0.0,4066.048660590584,1135.0085986068148,167.0,haco_safemarl_pilot,generalization,21362172,2
0.0,0.0,300.0,0.06166666666666667,0.8520813795959774,0.805512947863621,0.5,0.9956995392016883,0.0,0.0,0.0,658.7601518859306,431.750510566456,356.0,mappo_acoustic_shield,generalization,21362172,2
0.0,0.5,300.0,0.5166666666666667,0.6177773704615256,0.5755734327240519,1.0,0.9688493607760419,0.0,0.0,0.0,5306.999999999984,2182.453727120222,0.0,fixed_auv_ga_pso_tlbo_proxy,generalization,21372179,2
1.0,1.0,234.0,0.9423076923076923,0.5240571412911343,0.49648468081142905,1.0,0.49999998122222294,0.0,0.0,0.0,5414.760000000011,1856.9000000000024,0.0,independent_greedy,generalization,21372179,2
0.0,0.0,300.0,0.5766666666666667,0.7228644163220029,0.6946882722827893,1.0,0.975800107571208,0.0,0.0,0.0,7858.191693548117,2960.1968547683696,0.0,communication_aware,generalization,21372179,2
0.0,0.5,300.0,0.6033333333333334,0.6474365689494626,0.6417264986201708,1.0,0.9799999984740485,0.0,0.0,0.0,8960.085900173413,2813.5372830468873,451.0,haco_safemarl_pilot_no_acoustic,generalization,21372179,2
0.0,0.5,300.0,0.6383333333333333,0.5711637175014725,0.5523649387431595,1.0,0.9888907537275786,0.0,0.0,0.0,8966.529198321938,2718.475794355148,0.0,haco_safemarl_pilot_no_shield,generalization,21372179,2
0.0,0.0,300.0,0.5883333333333334,0.7298760231887784,0.7210660123993256,1.0,0.992823432231829,0.0,0.0,0.0,8867.478324752323,3166.549813652795,465.0,haco_safemarl_pilot,generalization,21372179,2
0.0,0.0,300.0,0.03666666666666667,0.8434269088599106,0.8238474430682933,0.36666666666666664,0.998553358092018,0.0,0.0,0.0,526.703571550867,176.2014913672781,208.0,mappo_acoustic_shield,generalization,21372179,2
1.0,1.0,206.0,0.6092233009708737,0.7090405343868275,0.585624186666032,1.0,0.4999999995907179,0.0,0.0,0.0,3644.1400000000094,1314.9795539330962,0.0,fixed_auv_ga_pso_tlbo_proxy,generalization,21382186,2
1.0,1.0,158.0,0.9335443037974683,0.5707709798262511,0.4844624180688965,1.0,0.499999985848073,0.0,0.0,0.0,3656.119999999995,1081.9,0.0,independent_greedy,generalization,21382186,2
0.0,0.5,300.0,0.6316666666666667,0.7587741380804005,0.6956105983870163,1.0,0.49999999953932145,0.0,0.0,0.0,7911.909970740097,3241.1948124571513,0.0,communication_aware,generalization,21382186,2
0.0,1.0,193.0,0.48704663212435234,0.7658724786766493,0.690740112879786,0.5,0.5258893596127482,0.0,2.0,0.0,5788.7765615404915,1791.6580981913567,261.0,haco_safemarl_pilot_no_acoustic,generalization,21382186,2
1.0,1.0,156.0,0.5961538461538461,0.7161291709089637,0.6172695059263577,1.0,0.5161248370428994,0.0,0.0,0.0,4780.766148687323,1221.7825792267306,0.0,haco_safemarl_pilot_no_shield,generalization,21382186,2
0.0,1.0,205.0,0.35609756097560974,0.7694900648627423,0.7656883857931153,0.6904761904761905,0.9040626778654954,0.0,3.0,0.0,6184.015147934369,1943.9078796840188,282.0,haco_safemarl_pilot,generalization,21382186,2
0.0,0.0,300.0,0.0033333333333333335,0.8362171306730802,0.8333074990683981,0.03333333333333333,0.9999888143162371,0.0,0.0,0.0,296.0188959995595,262.69345019602235,166.0,mappo_acoustic_shield,generalization,21382186,2
1.0,1.0,268.0,0.7854477611940298,0.35694109651456263,0.356937358828365,1.0,0.9999243859202654,0.0,0.0,0.0,4740.919999999996,1985.7806563795677,0.0,fixed_auv_ga_pso_tlbo_proxy,generalization,21392193,2
1.0,1.0,205.0,0.9,0.2834566500963182,0.2547894603684822,1.0,0.9853458139453942,0.0,0.0,0.0,4743.700000000002,1660.1000000000026,0.0,independent_greedy,generalization,21392193,2
0.0,0.0,300.0,0.8366666666666667,0.5788002166030359,0.570482093906302,1.0,0.9999999906289048,0.0,101.0,0.0,7677.678302428578,2926.2857359022514,0.0,communication_aware,generalization,21392193,2
0.0,0.0,300.0,0.795,0.48574119793403736,0.4704999268585473,1.0,0.9946745503273697,0.0,0.0,0.0,8787.859150778495,3267.5710819353776,542.0,haco_safemarl_pilot_no_acoustic,generalization,21392193,2
0.0,0.0,300.0,0.865,0.37442065286170795,0.361636002551116,1.0,0.9986301233064366,0.0,103.0,0.0,8695.887004875975,3109.9700607270074,0.0,haco_safemarl_pilot_no_shield,generalization,21392193,2
0.0,0.0,300.0,0.7866666666666666,0.6906019639115291,0.6884475120196417,1.0,0.9912875067028147,0.0,0.0,0.0,8674.8042576626,3209.63390742984,541.0,haco_safemarl_pilot,generalization,21392193,2
0.0,0.0,300.0,0.0,0.8706047183274139,0.8703757022048711,0.0,0.99999999975,0.0,0.0,0.0,47.92571322478633,6.635042499882959,0.0,mappo_acoustic_shield,generalization,21392193,2
0.0,1.0,200.0,0.56,0.6305125242573353,0.579025144037159,1.0,0.9753148602326009,0.0,56.0,0.015,3538.000000000009,1593.3701051536352,0.0,fixed_auv_ga_pso_tlbo_proxy,generalization,21402200,2
0.0,1.0,153.0,0.6274509803921569,0.6153173357282027,0.6067236651745284,1.0,0.9756756739609915,0.0,43.0,0.1111111111111111,3540.4199999999955,1395.7000000000025,0.0,independent_greedy,generalization,21402200,2
0.0,0.5,300.0,0.75,0.6264781298643904,0.6043282138262404,1.0,0.988750215811763,0.0,0.0,0.01,7738.925792842164,2934.568912014035,0.0,communication_aware,generalization,21402200,2
1.0,1.0,220.0,0.49772727272727274,0.6803135487706182,0.5949946954961209,1.0,0.9807035852482621,0.0,0.0,0.02727272727272727,6444.211123921951,1930.3880919932271,320.0,haco_safemarl_pilot_no_acoustic,generalization,21402200,2
0.0,1.0,170.0,0.5264705882352941,0.6586441599337118,0.5828676815045961,1.0,0.979999998929225,0.0,45.0,0.058823529411764705,5160.9943848759485,1360.9042081318098,0.0,haco_safemarl_pilot_no_shield,generalization,21402200,2
0.0,0.0,300.0,0.6933333333333334,0.6840576358364548,0.6802512297659035,1.0,0.9995276307877452,0.0,0.0,0.02,8665.832841990064,3188.0294335545937,501.0,haco_safemarl_pilot,generalization,21402200,2
0.0,0.0,300.0,0.0,0.832123129597619,0.825441674406393,0.0,0.99999999975,0.0,0.0,0.0,351.3966874178254,549.743287156434,424.0,mappo_acoustic_shield,generalization,21402200,2
0.0,1.0,274.0,0.3193430656934307,0.7515626775858139,0.7379798483283107,1.0,0.9994181447091998,0.0,63.0,0.08759124087591241,4847.059999999994,2154.2076888792685,0.0,fixed_auv_ga_pso_tlbo_proxy,generalization,21412207,2
0.0,1.0,209.0,0.3253588516746411,0.7457842673248686,0.7216321547170547,1.0,0.9975413943355044,0.0,48.0,0.09090909090909091,4836.260000000003,1753.9,0.0,independent_greedy,generalization,21412207,2
0.0,0.0,300.0,0.4633333333333333,0.7605471238617192,0.7555974250559535,1.0,0.9998457079075589,0.0,79.0,0.08,7899.651661388017,2973.641050690877,0.0,communication_aware,generalization,21412207,2
0.0,0.5,300.0,0.5,0.7431648413245732,0.700205491666363,1.0,0.9964129125185203,0.0,0.0,0.07333333333333333,8954.263486647327,3197.90830723242,369.0,haco_safemarl_pilot_no_acoustic,generalization,21412207,2
0.0,1.0,289.0,0.5207612456747405,0.6228856587524105,0.613237708677347,1.0,0.9996742829885896,0.0,129.0,0.07958477508650519,8650.498165286797,2960.3616299945475,0.0,haco_safemarl_pilot_no_shield,generalization,21412207,2
0.0,0.0,300.0,0.485,0.7846142548940667,0.7721050147467939,1.0,0.9991523818052811,0.0,0.0,0.07666666666666666,8872.376783729407,3183.762831931668,372.0,haco_safemarl_pilot,generalization,21412207,2
0.0,0.0,300.0,0.0,0.8665829240430626,0.8559692219109292,0.0,0.99999999975,0.0,0.0,0.1,392.1649071090478,128.0443274308729,204.0,mappo_acoustic_shield,generalization,21412207,2
0.0,1.0,248.0,0.0,0.8669009826503706,0.8350251230462763,0.0,0.99999999975,0.0,49.0,0.0,4387.120000000004,1801.6218659218737,0.0,fixed_auv_ga_pso_tlbo_proxy,generalization,21422214,2
0.0,1.0,189.0,0.5158730158730159,0.6609633395256089,0.47915483979610685,1.0,0.702812171561277,0.0,37.0,0.0,4373.459999999996,1072.3000000000004,0.0,independent_greedy,generalization,21422214,2
0.0,1.0,215.0,0.0,0.8670018497128181,0.8353726958076273,0.0,0.99999999975,0.0,43.0,0.0,5858.75,1637.5036710507939,0.0,communication_aware,generalization,21422214,2
1.0,1.0,217.0,0.16129032258064516,0.8491952971484868,0.7940786717022303,0.5,0.9643366615810529,0.0,0.0,0.0,5776.807913578584,1430.7080662292055,238.0,haco_safemarl_pilot_no_acoustic,generalization,21422214,2
0.0,1.0,184.0,0.25815217391304346,0.8357019215145371,0.7717589325470692,0.5,0.891986020654917,0.0,37.0,0.0,5706.376168665601,1476.6261768153092,0.0,haco_safemarl_pilot_no_shield,generalization,21422214,2
1.0,1.0,217.0,0.1382488479262673,0.8533070859442264,0.8037451751033499,0.5,0.9749086952109933,0.0,0.0,0.0,5809.180060528867,1594.2536659125215,236.0,haco_safemarl_pilot,generalization,21422214,2
0.0,0.0,300.0,0.0,0.8800963577631791,0.863479635296359,0.0,0.99999999975,0.0,0.0,0.11,868.9050214576193,50.41194455570429,68.0,mappo_acoustic_shield,generalization,21422214,2
1.0,1.0,257.0,0.0,0.9064305988007162,0.9060179526935256,0.0,0.99999999975,0.0,0.0,0.0,4546.330000000001,1549.6222714232406,0.0,fixed_auv_ga_pso_tlbo_proxy,generalization,21432221,2
1.0,1.0,197.0,0.28426395939086296,0.8044933521194327,0.7593265867259025,1.0,0.9782993795152198,0.0,0.0,0.0,4558.579999999999,1234.7000000000016,0.0,independent_greedy,generalization,21432221,2
1.0,1.0,223.0,0.0,0.9064362976092318,0.9059584997041323,0.0,0.99999999975,0.0,0.0,0.0,6076.75,1733.9265964269587,0.0,communication_aware,generalization,21432221,2
1.0,1.0,191.0,0.0,0.8994671768343189,0.8940641482007866,0.0,0.99999999975,0.0,0.0,0.0,5906.395000000012,1414.2733823266012,0.0,haco_safemarl_pilot_no_acoustic,generalization,21432221,2
1.0,1.0,191.0,0.0,0.8994671768343189,0.8940641482007866,0.0,0.99999999975,0.0,0.0,0.0,5906.395000000012,1414.2733823266012,0.0,haco_safemarl_pilot_no_shield,generalization,21432221,2
1.0,1.0,191.0,0.0,0.8994671768343189,0.8940641482007866,0.0,0.99999999975,0.0,0.0,0.0,5906.395000000012,1414.2733823266012,0.0,haco_safemarl_pilot,generalization,21432221,2
0.0,0.0,300.0,0.0,0.871585640565822,0.8488690663069252,0.0,0.99999999975,0.0,0.0,0.03666666666666667,439.17992061845524,61.096821447478256,64.0,mappo_acoustic_shield,generalization,21432221,2
0.0,0.5,300.0,0.7666666666666667,0.5008142854619447,0.42229260987839545,1.0,0.7908327924800294,0.0,313.0,0.0,5306.999999999984,2912.6933244445536,0.0,fixed_auv_ga_pso_tlbo_proxy,generalization,21442228,2
0.0,1.0,232.0,0.625,0.4299677547814255,0.10036523375706309,1.0,0.5671787180493102,0.0,242.0,0.0,5368.4800000000105,2316.700000000009,0.0,independent_greedy,generalization,21442228,2
0.0,0.5,300.0,0.8166666666666667,0.6636256966891226,0.6307025911188608,1.0,0.9032546968279397,0.0,311.0,0.0,7744.365651722679,3212.164893362427,0.0,communication_aware,generalization,21442228,2
0.0,1.0,226.0,0.4889380530973451,0.520898021140706,0.13268325876849227,0.5,0.5221130699333921,0.0,46.0,0.0,6656.335824892764,1784.9800017648556,262.0,haco_safemarl_pilot_no_acoustic,generalization,21442228,2
0.0,1.0,226.0,0.48008849557522126,0.5381273250506989,0.16703598536314587,0.5,0.5397599543799598,0.0,94.0,0.0,6872.372127578468,1557.7915847100658,0.0,haco_safemarl_pilot_no_shield,generalization,21442228,2
0.0,1.0,228.0,0.48903508771929827,0.5532520811411379,0.20789329905055515,0.5,0.5219192829401502,0.0,63.0,0.0,6984.590282298927,1642.0502269613744,253.0,haco_safemarl_pilot,generalization,21442228,2
0.0,0.5,300.0,0.485,0.7024011894018126,0.584909363272393,0.5,0.5299730240134014,0.0,11.0,0.0,695.2312232836912,672.5115494772936,557.0,mappo_acoustic_shield,generalization,21442228,2
0.0,0.5,300.0,0.6933333333333334,0.4576115228559154,0.4375929933827309,1.0,0.9905207697733506,0.0,0.0,0.0,5306.999999999984,2177.8396341751145,0.0,fixed_auv_ga_pso_tlbo_proxy,generalization,21452235,2
1.0,1.0,248.0,0.844758064516129,0.2900725013956606,0.17106406601711519,1.0,0.5404740170244927,0.0,0.0,0.0,5738.720000000016,2013.7000000000044,0.0,independent_greedy,generalization,21452235,2
0.0,0.0,300.0,0.735,0.6841530679500827,0.6738603445221301,1.0,0.9990120884410383,0.0,0.0,0.0,7766.982006801269,2865.5725269055833,0.0,communication_aware,generalization,21452235,2
0.0,0.0,300.0,0.8083333333333333,0.5380829073796932,0.5101551803937883,1.0,0.6254137871802118,0.0,0.0,0.0,8894.65017754141,2976.496837269043,521.0,haco_safemarl_pilot_no_acoustic,generalization,21452235,2
0.0,0.0,300.0,0.8633333333333333,0.4692086842922305,0.45453108422340327,1.0,0.551147536917764,0.0,0.0,0.0,8824.902955866612,3010.209519969455,0.0,haco_safemarl_pilot_no_shield,generalization,21452235,2
0.0,0.0,300.0,0.765,0.7028687760541286,0.6888376107486631,1.0,0.9075595689911274,0.0,0.0,0.0,8799.136448925896,3069.2292886282094,528.0,haco_safemarl_pilot,generalization,21452235,2
0.0,0.0,300.0,0.0,0.8897373448373491,0.8709328754965656,0.0,0.99999999975,0.0,0.0,0.0,386.62776405879566,79.78091940697432,22.0,mappo_acoustic_shield,generalization,21452235,2
1.0,1.0,247.0,0.39271255060728744,0.7723409144587071,0.7337485630973982,1.0,0.9686168145519141,0.0,0.0,0.0,4369.430000000004,2527.833356912263,0.0,fixed_auv_ga_pso_tlbo_proxy,generalization,21462242,2
1.0,1.0,189.0,0.5317460317460317,0.6394547085132442,0.43851701377192137,1.0,0.5852606011413022,0.0,0.0,0.0,4373.459999999996,1955.1000000000058,0.0,independent_greedy,generalization,21462242,2
0.0,0.5,300.0,0.5683333333333334,0.7555615164407529,0.7375023569594689,1.0,0.9957102554606809,0.0,0.0,0.0,7892.8918202295945,3432.9702398966365,0.0,communication_aware,generalization,21462242,2
1.0,1.0,183.0,0.1721311475409836,0.8438312634677003,0.7783939760214343,0.5,0.9585604206383382,0.0,0.0,0.0,5378.200261993953,1546.2082136404297,202.0,haco_safemarl_pilot_no_acoustic,generalization,21462242,2
0.0,1.0,183.0,0.46994535519125685,0.7285553983736511,0.547536002697723,0.5,0.5598928887421861,0.0,3.0,0.0,5497.406078571194,1411.0264163793772,0.0,haco_safemarl_pilot_no_shield,generalization,21462242,2
1.0,1.0,183.0,0.15027322404371585,0.8474117045078181,0.7856064346329655,0.5,0.9696729690165682,0.0,0.0,0.0,5455.862013167069,1594.7504714126699,198.0,haco_safemarl_pilot,generalization,21462242,2
0.0,0.5,300.0,0.035,0.8495050236887834,0.848183913060515,0.35,0.998686256367986,0.0,0.0,0.0,1917.7375223049498,679.1537148942052,298.0,mappo_acoustic_shield,generalization,21462242,2
0.0,1.0,161.0,1.0,0.44074275068939195,0.4323954117738919,1.0,0.0,0.0,43.0,0.0,2848.090000000007,1392.7563294744039,0.0,fixed_auv_ga_pso_tlbo_proxy,generalization,21472249,2
0.0,1.0,123.0,1.0,0.4033461345807216,0.23796496300574968,1.0,0.0,0.0,33.0,0.0,2846.2199999999993,1029.6999999999996,0.0,independent_greedy,generalization,21472249,2
0.0,0.5,300.0,1.0,0.5942108734840743,0.5897725767176368,1.0,0.0,0.0,0.0,0.0,7592.769993952433,3037.983377641617,0.0,communication_aware,generalization,21472249,2
1.0,1.0,166.0,0.7650602409638554,0.5866867820377761,0.38754673622714036,1.0,0.4999999988676857,0.0,0.0,0.0,3092.4106643476434,637.6556141362993,386.0,haco_safemarl_pilot_no_acoustic,generalization,21472249,2
0.0,1.0,136.0,0.7904411764705882,0.5338069486851483,0.3329019835977641,1.0,0.49999999857679284,0.0,37.0,0.0,4097.711389915726,960.9779085913515,0.0,haco_safemarl_pilot_no_shield,generalization,21472249,2
1.0,1.0,265.0,0.8622641509433963,0.6142669468740503,0.5000028714601071,1.0,0.49999999670552636,0.0,0.0,0.0,3711.0377930446252,1158.2708339733863,715.0,haco_safemarl_pilot,generalization,21472249,2
0.0,0.0,300.0,0.025,0.8144463252283246,0.7992513643556707,0.25,0.999997077691351,0.0,0.0,0.0,351.18285731142873,254.85321147629662,419.0,mappo_acoustic_shield,generalization,21472249,2
0.0,0.0,300.0,0.20333333333333334,0.838108619567556,0.8344633989747726,1.0,0.9999299777243161,0.0,29.0,0.0,5306.999999999984,2252.0241569796526,0.0,fixed_auv_ga_pso_tlbo_proxy,generalization,21482256,2
0.0,0.5,300.0,0.8666666666666667,0.3927157408202955,0.3890424206190459,1.0,0.9975062204215152,0.0,22.0,0.16,6942.000000000033,2032.9000000000005,0.0,independent_greedy,generalization,21482256,2
0.0,0.0,300.0,0.31,0.8350085850570705,0.8322135969737758,1.0,0.999976662252054,0.0,25.0,0.0,8009.8387111275715,2963.201745244928,0.0,communication_aware,generalization,21482256,2
0.0,0.0,300.0,0.305,0.8025662062705424,0.8022461372935741,1.0,0.9999482450057198,0.0,11.0,0.0,7892.906327117678,2348.991608670542,359.0,haco_safemarl_pilot_no_acoustic,generalization,21482256,2
0.0,0.0,300.0,0.42,0.7154054686270903,0.7124905045719563,1.0,0.9999669708855154,0.0,21.0,0.0,9118.166683844987,2786.687016246865,0.0,haco_safemarl_pilot_no_shield,generalization,21482256,2
0.0,0.0,300.0,0.2866666666666667,0.8244243226228236,0.8231336956510802,1.0,0.9999781640173044,0.0,11.0,0.0,7805.632891343305,2347.8507751349985,358.0,haco_safemarl_pilot,generalization,21482256,2
0.0,0.0,300.0,0.0,0.8934316292122755,0.8916438187761933,0.0,0.99999999975,0.0,6.0,0.0,436.81185875217693,24.713932451068615,18.0,mappo_acoustic_shield,generalization,21482256,2
0.0,1.0,260.0,0.676923076923077,0.5195675059905286,0.5159213024253996,1.0,0.9994334253696279,0.06153846153846154,0.0,0.16538461538461538,4599.4,2276.1643809527254,0.0,fixed_auv_ga_pso_tlbo_proxy,generalization,21492263,2
1.0,1.0,199.0,0.6557788944723618,0.4427063484993276,0.1770262549103078,1.0,0.6211198615197244,0.0,0.0,0.0,4604.86,1702.9000000000046,0.0,independent_greedy,generalization,21492263,2
0.0,0.5,300.0,0.7533333333333333,0.6441812881772686,0.6379913540674272,1.0,0.9998174141873486,0.06666666666666667,0.0,0.13666666666666666,7739.854937733275,2929.375418169611,0.0,communication_aware,generalization,21492263,2
1.0,1.0,252.0,0.5257936507936508,0.6361088408327539,0.45026438231862276,1.0,0.7852115573383542,0.0,0.0,0.11507936507936507,7734.632060713835,2033.9800326030074,434.0,haco_safemarl_pilot_no_acoustic,generalization,21492263,2
1.0,1.0,211.0,0.5497630331753555,0.6183383187721345,0.4309906101813893,1.0,0.7830802595474291,0.0,0.0,0.18009478672985782,6413.132961068094,1523.2721901610057,0.0,haco_safemarl_pilot_no_shield,generalization,21492263,2
0.0,0.0,300.0,0.7066666666666667,0.6832387777324819,0.6522706197544281,1.0,0.9717655889239897,0.0,0.0,0.11,8806.147427490527,3094.492628741111,595.0,haco_safemarl_pilot,generalization,21492263,2
0.0,0.0,300.0,0.0,0.828667271050021,0.8282513106124058,0.0,0.99999999975,0.0,0.0,0.10333333333333333,744.3766394568,402.822455121716,495.0,mappo_acoustic_shield,generalization,21492263,2
1.0,1.0,167.0,0.0,0.9045669253861293,0.903196479429759,0.0,0.99999999975,0.0,0.0,0.0,2954.2300000000073,1395.2755627580377,0.0,fixed_auv_ga_pso_tlbo_proxy,generalization,21502270,2
1.0,1.0,128.0,0.0,0.8985867854690036,0.8929634321933181,0.0,0.99999999975,0.0,0.0,0.0,2961.9199999999987,1099.7000000000005,0.0,independent_greedy,generalization,21502270,2
1.0,1.0,145.0,0.0,0.9045594572464771,0.9032196690604659,0.0,0.99999999975,0.0,0.0,0.0,3951.25,1507.9719780308803,0.0,communication_aware,generalization,21502270,2
1.0,1.0,124.0,0.0,0.8993098036034622,0.886803659785777,0.0,0.99999999975,0.0,0.0,0.0,3845.5774999999985,1041.468222727132,22.0,haco_safemarl_pilot_no_acoustic,generalization,21502270,2
1.0,1.0,124.0,0.06048387096774194,0.8964326203642948,0.8810591620338196,0.5,0.9958726195965706,0.0,0.0,0.0,3819.8537007195323,1051.1411938415076,0.0,haco_safemarl_pilot_no_shield,generalization,21502270,2
1.0,1.0,124.0,0.0,0.8993853571305725,0.8869547819501689,0.0,0.99999999975,0.0,0.0,0.0,3846.4240741980807,1041.020825145959,22.0,haco_safemarl_pilot,generalization,21502270,2
0.0,0.0,300.0,0.0,0.8993494068163184,0.8961667532236226,0.0,0.99999999975,0.0,0.0,0.0,521.0412529388714,30.02879616842145,0.0,mappo_acoustic_shield,generalization,21502270,2
0.0,1.0,272.0,0.18382352941176472,0.8368783875322912,0.7876238131858362,0.5,0.9517225394406947,0.0,43.0,0.0,4811.679999999995,1510.066136407004,0.0,fixed_auv_ga_pso_tlbo_proxy,generalization,21512277,2
0.0,1.0,208.0,0.71875,0.6074370889274902,0.5894740649799298,1.0,0.8081827822077446,0.0,33.0,0.0,4813.120000000003,1175.9000000000012,0.0,independent_greedy,generalization,21512277,2
0.0,1.0,236.0,0.1419491525423729,0.8379420397260285,0.7912109218818572,0.5,0.9733612634308585,0.0,37.0,0.0,6431.0,2203.2852463700874,0.0,communication_aware,generalization,21512277,2
0.0,1.0,257.0,0.11089494163424124,0.8332293129902717,0.7932381402341688,0.5,0.9846816091380529,0.0,1.0,0.0,7180.117829468195,2037.5955030731884,310.0,haco_safemarl_pilot_no_acoustic,generalization,21512277,2
0.0,1.0,202.0,0.07920792079207921,0.8184624290749059,0.7818299541344206,0.5,0.9926546536747942,0.0,32.0,0.0,6259.037683627681,1632.4163194289886,0.0,haco_safemarl_pilot_no_shield,generalization,21512277,2
0.0,1.0,259.0,0.09266409266409266,0.8360512835558614,0.8004078364615446,0.5,0.9896776040465735,0.0,1.0,0.0,7273.556797747649,2196.9838688605105,314.0,haco_safemarl_pilot,generalization,21512277,2
0.0,0.0,300.0,0.043333333333333335,0.8485445516472597,0.8426299893348531,0.43333333333333335,0.9979524579896056,0.0,1.0,0.0,838.412553323479,110.44807492159346,102.0,mappo_acoustic_shield,generalization,21512277,2
0.0,1.0,187.0,0.660427807486631,0.65632217170465,0.6268753011340993,1.0,0.9294110849083453,0.0,59.0,0.0,3308.0300000000084,1251.2273523321276,0.0,fixed_auv_ga_pso_tlbo_proxy,generalization,21522284,2
0.0,1.0,143.0,0.6923076923076923,0.5798613186353544,0.4458893443138659,1.0,0.5990099000426088,0.0,45.0,0.0,3309.019999999997,1004.7000000000002,0.0,independent_greedy,generalization,21522284,2
0.0,0.5,300.0,0.8066666666666666,0.6715382038271368,0.6557144245670724,1.0,0.9764876569024753,0.0,91.0,0.0,7753.3343669024025,2863.8435487591955,0.0,communication_aware,generalization,21522284,2
1.0,1.0,219.0,0.7488584474885844,0.7000558360944297,0.6998965080221676,1.0,0.8287671205651712,0.0,0.0,0.0,6579.907428934585,2205.370264649583,391.0,haco_safemarl_pilot_no_acoustic,generalization,21522284,2
0.0,1.0,165.0,0.7545454545454545,0.6568776340076246,0.6545183007194625,1.0,0.8426663212250719,0.0,56.0,0.0,4987.799863336345,1465.7970431620583,0.0,haco_safemarl_pilot_no_shield,generalization,21522284,2
0.0,0.0,300.0,0.7616666666666667,0.7036297838126234,0.702912299222152,1.0,0.9891167607129483,0.0,0.0,0.0,8805.117452675897,3094.124938106552,556.0,haco_safemarl_pilot,generalization,21522284,2
0.0,0.0,300.0,0.021666666666666667,0.8639907616467972,0.8567022026945578,0.21666666666666667,0.9995097723779915,0.0,0.0,0.0,262.71446272542386,162.04665289067745,68.0,mappo_acoustic_shield,generalization,21522284,2
0.0,1.0,231.0,0.03463203463203463,0.8503246751970257,0.8369544328300763,0.3333333333333333,0.9987146785025386,0.0,82.0,0.0,4086.390000000011,1648.1947463881706,0.0,fixed_auv_ga_pso_tlbo_proxy,generalization,21532291,2
0.0,1.0,177.0,0.5903954802259888,0.7462735172522343,0.6777124081196133,1.0,0.5581957198139512,0.0,62.0,0.0,4095.7799999999925,1351.1000000000022,0.0,independent_greedy,generalization,21532291,2
0.0,1.0,200.0,0.03,0.8504575965270734,0.8380056311006318,0.3,0.9993361830542641,0.0,71.0,0.0,5450.0,2042.8513910449742,0.0,communication_aware,generalization,21532291,2
0.0,0.5,300.0,0.006666666666666667,0.8633520086582066,0.8558582357209599,0.06666666666666667,0.9999549587593575,0.0,11.0,0.0,5547.32521896775,1884.0260821816723,422.0,haco_safemarl_pilot_no_acoustic,generalization,21532291,2
0.0,1.0,172.0,0.13662790697674418,0.825596707569808,0.7859755804417243,0.5,0.9755690235477312,0.0,60.0,0.0,5292.875600236649,1385.9188801426062,0.0,haco_safemarl_pilot_no_shield,generalization,21532291,2
0.0,0.5,300.0,0.0033333333333333335,0.8628179597040234,0.8548767360406955,0.03333333333333333,0.9999888143162371,0.0,11.0,0.0,5559.6902553546615,1789.7980356461383,415.0,haco_safemarl_pilot,generalization,21532291,2
0.0,0.0,300.0,0.0,0.8513765709802796,0.8464173025167346,0.0,0.99999999975,0.0,13.0,0.0,353.0172943104976,200.40172285844588,127.0,mappo_acoustic_shield,generalization,21532291,2
0.0,1.0,208.0,0.5240384615384616,0.6398285451597583,0.624282019366927,1.0,0.9974557285987704,0.0,74.0,0.0,3679.5200000000095,1645.4658948950778,0.0,fixed_auv_ga_pso_tlbo_proxy,generalization,21542298,2
0.0,1.0,159.0,0.5283018867924528,0.6370217195960229,0.601293317428604,1.0,0.9858044153118594,0.0,57.0,0.0,3679.2599999999948,1377.1000000000006,0.0,independent_greedy,generalization,21542298,2
0.0,0.0,300.0,0.7116666666666667,0.6482528924463554,0.6381584892287517,1.0,0.999699375710704,0.0,166.0,0.0,7750.185481131805,2982.8896951985785,0.0,communication_aware,generalization,21542298,2
0.0,0.5,300.0,0.3466666666666667,0.7176316301393797,0.5968135982625016,0.8833333333333333,0.8541254414652416,0.0,0.0,0.0,6514.282856424963,2332.599941230795,602.0,haco_safemarl_pilot_no_acoustic,generalization,21542298,2
0.0,1.0,223.0,0.6524663677130045,0.574441946736064,0.5429382880199233,1.0,0.9979646070604061,0.0,116.0,0.0,6653.966747554002,2052.1863601594932,0.0,haco_safemarl_pilot_no_shield,generalization,21542298,2
0.0,0.0,300.0,0.43666666666666665,0.7723413956903854,0.7523173357395169,1.0,0.9713965028958431,0.0,0.0,0.0,5629.76305145383,2486.3315695976166,665.0,haco_safemarl_pilot,generalization,21542298,2
0.0,0.0,300.0,0.0,0.8310172075363672,0.8307636013368009,0.0,0.99999999975,0.0,0.0,0.0,459.5052456773404,425.5332814340621,413.0,mappo_acoustic_shield,generalization,21542298,2
0.0,1.0,284.0,0.6056338028169014,0.7273868657587772,0.6606388043366559,1.0,0.4999999995981345,0.0,56.0,0.11971830985915492,5023.95999999999,2006.6353544976894,0.0,fixed_auv_ga_pso_tlbo_proxy,generalization,21552305,2
0.0,1.0,217.0,0.9792626728110599,0.533685331581383,0.4631414543881199,1.0,0.4999998546636225,0.0,42.0,0.0,5021.380000000006,1631.100000000004,0.0,independent_greedy,generalization,21552305,2
0.0,0.5,300.0,0.5,0.774166370979521,0.7439796924197261,0.5,0.49999999975,0.0,34.0,0.13666666666666666,8032.965625219836,3530.366512609558,0.0,communication_aware,generalization,21552305,2
1.0,1.0,207.0,0.39855072463768115,0.7903702561809002,0.779288546468281,0.5,0.9963841474191808,0.0,0.0,0.0,5330.304689933026,1152.2892997538954,309.0,haco_safemarl_pilot_no_acoustic,generalization,21552305,2
0.0,1.0,218.0,0.7087155963302753,0.6995151247663928,0.6337323855818976,1.0,0.8323356363114914,0.0,37.0,0.0,6654.341154952426,1763.060860236919,0.0,haco_safemarl_pilot_no_shield,generalization,21552305,2
1.0,1.0,208.0,0.30288461538461536,0.7993991899474499,0.7851778968166172,0.5,0.9998097859710902,0.0,0.0,0.0,5516.026293830563,1294.1211197018674,319.0,haco_safemarl_pilot,generalization,21552305,2
0.0,0.0,300.0,0.29833333333333334,0.8140295933667473,0.7955569344370919,1.0,0.970811195227184,0.0,0.0,0.13666666666666666,1485.5399061217493,596.6683095696105,479.0,mappo_acoustic_shield,generalization,21552305,2
0.0,1.0,289.0,0.32698961937716264,0.786387348518118,0.7569131845495136,1.0,0.9970941336877591,0.0,44.0,0.0,5112.409999999988,2205.0744414493715,0.0,fixed_auv_ga_pso_tlbo_proxy,generalization,21562312,2
0.0,1.0,221.0,0.5475113122171946,0.712513177315279,0.627271116762239,1.0,0.7288098528606552,0.0,34.0,0.0,5113.940000000007,1766.5000000000052,0.0,independent_greedy,generalization,21562312,2
0.0,0.5,300.0,0.445,0.79435456235951,0.7788368452617542,1.0,0.9989100072975234,0.0,38.0,0.0,7937.050528822665,2854.7270145875873,0.0,communication_aware,generalization,21562312,2
1.0,1.0,243.0,0.15637860082304528,0.8006331756593409,0.7245583204769087,0.5,0.9667809240085612,0.0,0.0,0.0,4768.8643645888915,1096.703797353045,359.0,haco_safemarl_pilot_no_acoustic,generalization,21562312,2
0.0,1.0,216.0,0.18287037037037038,0.7724045418420973,0.6659906368426937,0.6136363636363636,0.9672058614564014,0.0,32.0,0.0,6663.8704512978165,1611.980740647104,0.0,haco_safemarl_pilot_no_shield,generalization,21562312,2
1.0,1.0,245.0,0.15714285714285714,0.80712622794439,0.7371119071895416,0.5,0.9664075510316908,0.0,0.0,0.0,5348.02100872605,1250.5511614158902,351.0,haco_safemarl_pilot,generalization,21562312,2
0.0,0.0,300.0,0.0,0.8635296271171963,0.8612810108190523,0.0,0.99999999975,0.0,0.0,0.0,639.1827864514856,287.91393203387076,220.0,mappo_acoustic_shield,generalization,21562312,2
1.0,1.0,296.0,0.4966216216216216,0.7617070871542989,0.6700898164925778,0.5,0.5067564480461084,0.0,0.0,0.0,5236.239999999984,2150.2233825960966,0.0,fixed_auv_ga_pso_tlbo_proxy,generalization,21572319,2
1.0,1.0,226.0,0.8053097345132744,0.46286222975785374,0.3155373727891947,1.0,0.5857791202784224,0.0,0.0,0.2168141592920354,5229.6400000000085,1278.1000000000006,0.0,independent_greedy,generalization,21572319,2
0.0,0.5,300.0,0.51,0.7896434864582428,0.7391655450087034,0.6333333333333333,0.5068489934933598,0.0,0.0,0.0,8032.146270059219,3041.770353104997,0.0,communication_aware,generalization,21572319,2
1.0,1.0,238.0,0.38235294117647056,0.8017772959697294,0.7498279298752254,0.5,0.7803054919636766,0.0,0.0,0.0,5943.830445975179,1267.471938859682,345.0,haco_safemarl_pilot_no_acoustic,generalization,21572319,2
1.0,1.0,224.0,0.5178571428571429,0.7464242291265054,0.6815782121005171,0.782608695652174,0.523683383173839,0.0,0.0,0.0,6921.028764756847,1998.2549400024989,0.0,haco_safemarl_pilot_no_shield,generalization,21572319,2
1.0,1.0,240.0,0.3125,0.8028243460270911,0.7654902009979413,0.5,0.8832116784195215,0.0,0.0,0.0,6484.865696238361,1652.5792225631767,327.0,haco_safemarl_pilot,generalization,21572319,2
0.0,0.0,300.0,0.10833333333333334,0.8504889325330347,0.7998299320098604,0.5,0.9854536061673581,0.0,0.0,0.0,758.4261461087552,272.9502264367505,205.0,mappo_acoustic_shield,generalization,21572319,2
0.0,0.5,300.0,0.7533333333333333,0.4605962106052014,0.4478907070441257,1.0,0.9605332359915807,0.0,48.0,0.19,5306.999999999984,2383.1685651176012,0.0,fixed_auv_ga_pso_tlbo_proxy,generalization,21582326,2
0.0,0.5,300.0,0.9516666666666667,0.2600080066812055,0.17754924775554154,1.0,0.499999973246137,0.0,37.0,0.0,6942.000000000033,2803.3000000000116,0.0,independent_greedy,generalization,21582326,2
0.0,0.0,300.0,0.7716666666666666,0.6750616800269016,0.6630552087152837,1.0,0.9811291119549598,0.0,36.0,0.19333333333333333,7759.024198434381,2898.5149336480304,0.0,communication_aware,generalization,21582326,2
0.0,0.5,300.0,0.685,0.5669346294572721,0.47716084253197844,1.0,0.9630897792753281,0.0,12.0,0.06666666666666667,8873.027221756056,3051.3072431294413,522.0,haco_safemarl_pilot_no_acoustic,generalization,21582326,2
0.0,0.0,300.0,0.9,0.4656565457128509,0.42400099408540953,1.0,0.5344417980849522,0.0,30.0,0.08666666666666667,8816.75189366116,3025.1502748164185,0.0,haco_safemarl_pilot_no_shield,generalization,21582326,2
0.0,0.0,300.0,0.6683333333333333,0.7033185187899776,0.6679764787112744,1.0,0.9665853041983726,0.0,11.0,0.09333333333333334,8768.9272650892,3084.0435789453727,529.0,haco_safemarl_pilot,generalization,21582326,2
0.0,0.0,300.0,0.03833333333333333,0.8334962033359661,0.8286975320137538,0.38333333333333336,0.9989168589219523,0.0,11.0,0.01,357.5883278516952,162.92987036599504,310.0,mappo_acoustic_shield,generalization,21582326,2
0.0,1.0,242.0,0.8491735537190083,0.36269361010093054,0.3334662514601968,1.0,0.9096961329335191,0.0,55.0,0.0,4280.980000000007,2120.520619063342,0.0,fixed_auv_ga_pso_tlbo_proxy,generalization,21592333,2
0.0,1.0,185.0,0.9081081081081082,0.3349334338002112,0.21042866741018307,1.0,0.9965516947353604,0.0,42.0,0.0,4280.899999999995,1629.7000000000044,0.0,independent_greedy,generalization,21592333,2
0.0,0.0,300.0,0.8966666666666666,0.5798218463833358,0.5556294779114391,1.0,0.9514851273184005,0.0,97.0,0.0,7655.364095729111,2926.6003274302643,0.0,communication_aware,generalization,21592333,2
0.0,0.0,300.0,0.8066666666666666,0.47562088013770887,0.4042245879540893,1.0,0.8109932453598488,0.0,0.0,0.0,8764.384575858105,3303.62994753967,568.0,haco_safemarl_pilot_no_acoustic,generalization,21592333,2
0.0,1.0,282.0,0.8457446808510638,0.4234000693495414,0.31522503984260936,1.0,0.7740846735980456,0.0,168.0,0.0,8278.020922493775,2338.1958400697595,0.0,haco_safemarl_pilot_no_shield,generalization,21592333,2
0.0,0.0,300.0,0.79,0.6588785471960557,0.6282719632272236,1.0,0.8999999954081632,0.0,0.0,0.0,8601.978746796542,3081.347889004362,571.0,haco_safemarl_pilot,generalization,21592333,2
0.0,0.0,300.0,0.0,0.8477821370494542,0.8472433958314665,0.0,0.99999999975,0.0,0.0,0.0,225.62674160327705,172.49785433525267,54.0,mappo_acoustic_shield,generalization,21592333,2
0.0,1.0,241.0,0.7199170124481328,0.6207842624146287,0.5020403206319123,1.0,0.5227155386233052,0.0,20.0,0.0,4263.290000000007,2005.464576995153,0.0,fixed_auv_ga_pso_tlbo_proxy,generalization,21602340,2
0.0,1.0,184.0,0.5896739130434783,0.5116809937065101,0.1859549973440322,1.0,0.5202619445622692,0.0,15.0,0.0,4257.759999999995,1616.5000000000036,0.0,independent_greedy,generalization,21602340,2
0.0,0.5,300.0,0.81,0.64359306562861,0.5842312946315966,1.0,0.5457752373122892,0.0,60.0,0.0,7762.925393769609,2860.6760439565196,0.0,communication_aware,generalization,21602340,2
1.0,1.0,196.0,0.4897959183673469,0.623969046888001,0.3687156370406374,0.5,0.5203996666841216,0.0,0.0,0.0,6017.482758464597,1587.8360718776905,233.0,haco_safemarl_pilot_no_acoustic,generalization,21602340,2
0.0,1.0,180.0,0.49722222222222223,0.6429780062170235,0.4004008624031088,0.5277777777777778,0.5111717894123581,0.0,31.0,0.0,5507.522970602105,1268.757122422311,0.0,haco_safemarl_pilot_no_shield,generalization,21602340,2
0.0,0.0,300.0,0.6783333333333333,0.7245699365291652,0.6584713117798031,1.0,0.5211545450526917,0.0,0.0,0.0,8780.356343254442,3032.6304755873703,497.0,haco_safemarl_pilot,generalization,21602340,2
0.0,0.0,300.0,0.0,0.8352266688995535,0.8257529019294048,0.0,0.99999999975,0.0,0.0,0.0,666.0991385710388,113.79054100049319,400.0,mappo_acoustic_shield,generalization,21602340,2
0.0,0.5,300.0,0.10666666666666667,0.8654693194060402,0.8303724424464037,0.5,0.9859433337609306,0.0,0.0,0.0,5306.999999999984,2349.818041070345,0.0,fixed_auv_ga_pso_tlbo_proxy,generalization,21612347,2
1.0,1.0,262.0,0.6202290076335878,0.646874238422795,0.533808535682646,1.0,0.6043924171806734,0.0,0.0,0.0,6062.68000000002,1925.5000000000066,0.0,independent_greedy,generalization,21612347,2
0.0,0.5,300.0,0.15,0.8576136766745621,0.8225903305141108,0.5,0.9697986573926849,0.0,0.0,0.0,8124.459133111581,3151.068738448553,0.0,communication_aware,generalization,21612347,2
1.0,1.0,248.0,0.16129032258064516,0.8468980795305087,0.833020555451931,0.5,0.9985228947712036,0.0,0.0,0.0,7746.315027263378,1784.7557182096994,157.0,haco_safemarl_pilot_no_acoustic,generalization,21612347,2
1.0,1.0,255.0,0.21372549019607842,0.8233423063922578,0.8192080961862119,0.5,0.9932732098055,0.0,0.0,0.0,7847.245485208728,2006.1398244188263,0.0,haco_safemarl_pilot_no_shield,generalization,21612347,2
1.0,1.0,247.0,0.145748987854251,0.8485982629875543,0.8350293818519783,0.5,0.9989006054468144,0.0,0.0,0.0,7721.260417419371,1884.5499210292248,150.0,haco_safemarl_pilot,generalization,21612347,2
0.0,0.0,300.0,0.0,0.8674247409990795,0.8531903509509199,0.0,0.99999999975,0.0,0.0,0.0,858.7830260760741,65.29240103109069,56.0,mappo_acoustic_shield,generalization,21612347,2
1.0,1.0,168.0,0.8392857142857143,0.4831303915358931,0.47397912006350157,1.0,0.987804868604402,0.0,0.0,0.005952380952380952,2971.9200000000073,1296.4138678078834,0.0,fixed_auv_ga_pso_tlbo_proxy,generalization,21622354,2
1.0,1.0,129.0,0.8294573643410853,0.43262758353398545,0.30772047356792687,1.0,0.6540540503769887,0.0,0.0,0.0,2985.0599999999986,973.3,0.0,independent_greedy,generalization,21622354,2
0.0,0.0,300.0,0.9216666666666666,0.5766209112966811,0.5665714256253265,1.0,0.9888092708178898,0.0,0.0,0.0,7633.626317985518,2927.8318185989388,0.0,communication_aware,generalization,21622354,2
1.0,1.0,242.0,0.8181818181818182,0.5454666257591498,0.4582342559179695,1.0,0.6261319504633901,0.0,0.0,0.01652892561983471,7119.339357760963,2018.0141359567026,460.0,haco_safemarl_pilot_no_acoustic,generalization,21622354,2
1.0,1.0,233.0,0.9120171673819742,0.4316089001776368,0.3849339359148168,1.0,0.7606334654778143,0.0,0.0,0.0,6816.881636229606,2027.459696746909,0.0,haco_safemarl_pilot_no_shield,generalization,21622354,2
0.0,0.0,300.0,0.8466666666666667,0.6477026115991975,0.6422343479842406,1.0,0.9548736365141438,0.0,0.0,0.0,8564.370353339778,3134.9323132234636,586.0,haco_safemarl_pilot,generalization,21622354,2
0.0,0.0,300.0,0.11,0.8150339523855223,0.8053978505764874,0.5,0.9849539912382013,0.0,0.0,0.05333333333333334,356.4235595864406,181.69385232848336,624.0,mappo_acoustic_shield,generalization,21622354,2
0.0,1.0,234.0,0.8589743589743589,0.342448849651595,0.2675197093362743,1.0,0.5814201772775969,0.0,82.0,0.07692307692307693,4139.46000000001,1839.763662838027,0.0,fixed_auv_ga_pso_tlbo_proxy,generalization,21632361,2
0.0,1.0,179.0,0.888268156424581,0.33124958109445735,0.2693016303323047,1.0,0.767754306814004,0.0,62.0,0.0,4142.059999999993,1483.9,0.0,independent_greedy,generalization,21632361,2
0.0,0.0,300.0,0.8933333333333333,0.5322225914190091,0.4722652476546504,1.0,0.6399999910000002,0.0,216.0,0.07,7639.77809613768,2963.585125819829,0.0,communication_aware,generalization,21632361,2
0.0,0.0,300.0,0.845,0.44135733739877897,0.3694259289599503,1.0,0.6718191657244273,0.0,4.0,0.05,8773.737605874909,3381.9559144057143,576.0,haco_safemarl_pilot_no_acoustic,generalization,21632361,2
0.0,0.0,300.0,0.9116666666666666,0.34008063724621695,0.29759320119078997,1.0,0.8643076683730183,0.0,149.0,0.06,8640.767979714234,3089.6793700122616,0.0,haco_safemarl_pilot_no_shield,generalization,21632361,2
0.0,0.0,300.0,0.83,0.6651729424440941,0.6403163454122073,1.0,0.7810810758035063,0.0,4.0,0.043333333333333335,8634.684763504334,3336.4918878632147,565.0,haco_safemarl_pilot,generalization,21632361,2
0.0,0.0,300.0,0.5216666666666666,0.7935574106160584,0.7847999618237466,1.0,0.9853458371571988,0.0,6.0,0.0,288.90319644528483,202.95510450293807,567.0,mappo_acoustic_shield,generalization,21632361,2
0.0,0.0,300.0,0.2633333333333333,0.7990356937875879,0.7939827000476896,1.0,0.9999181078411679,0.0,42.0,0.0,5306.999999999984,1993.7845189871007,0.0,fixed_auv_ga_pso_tlbo_proxy,generalization,21642368,2
0.0,1.0,261.0,0.7509578544061303,0.5411026439478887,0.42625559574704575,1.0,0.6282527865131149,0.0,85.0,0.0,6039.54000000002,1860.9000000000005,0.0,independent_greedy,generalization,21642368,2
0.0,0.0,300.0,0.3616666666666667,0.8135718326528977,0.8134066884424966,1.0,0.9999931822891857,0.0,80.0,0.0,7977.89508192653,2930.5453564437826,0.0,communication_aware,generalization,21642368,2
0.0,0.0,300.0,0.39166666666666666,0.7586251555445127,0.7461103803322016,1.0,0.9983139745983646,0.0,0.0,0.0,9077.624880357356,2820.9912136939183,326.0,haco_safemarl_pilot_no_acoustic,generalization,21642368,2
0.0,0.0,300.0,0.4583333333333333,0.6802428532763762,0.6705078674927355,1.0,0.9999905317819557,0.0,89.0,0.0,9072.773885344051,2899.5262121740475,0.0,haco_safemarl_pilot_no_shield,generalization,21642368,2
0.0,0.0,300.0,0.35333333333333333,0.7997938081128201,0.7898319728949552,1.0,0.9998937294766843,0.0,0.0,0.0,9032.204693741582,2942.1454542336346,328.0,haco_safemarl_pilot,generalization,21642368,2
0.0,0.0,300.0,0.0,0.8853373672629584,0.8816060726990617,0.0,0.99999999975,0.0,0.0,0.0,535.5165251982387,105.81510908853072,34.0,mappo_acoustic_shield,generalization,21642368,2
0.0,1.0,266.0,0.0,0.8975587817934305,0.8867651503087717,0.0,0.99999999975,0.0,61.0,0.13157894736842105,4705.539999999997,2406.209293458932,0.0,fixed_auv_ga_pso_tlbo_proxy,generalization,21652375,2
0.0,1.0,204.0,0.15931372549019607,0.8321017298841014,0.7935230256031837,0.5,0.9653330485569251,0.0,47.0,0.0,4720.560000000001,1834.9000000000058,0.0,independent_greedy,generalization,21652375,2
0.0,1.0,231.0,0.0,0.8975542104128775,0.8867835582710835,0.0,0.99999999975,0.0,52.0,0.04329004329004329,6294.75,2704.886562911943,0.0,communication_aware,generalization,21652375,2
0.0,1.0,222.0,0.0,0.8936097746628927,0.8908199503504606,0.0,0.99999999975,0.0,13.0,0.0,4846.05199952298,1523.4924626824338,196.0,haco_safemarl_pilot_no_acoustic,generalization,21652375,2
0.0,1.0,198.0,0.0,0.8943465742394794,0.8935036231527088,0.0,0.99999999975,0.0,108.0,0.0,5982.972504518928,1616.5657461745852,0.0,haco_safemarl_pilot_no_shield,generalization,21652375,2
0.0,1.0,222.0,0.0,0.8936085174398677,0.8907616541667519,0.0,0.99999999975,0.0,13.0,0.0,4825.276187905018,1585.0951476153648,196.0,haco_safemarl_pilot,generalization,21652375,2
0.0,0.5,300.0,0.0,0.8813695332542623,0.853296159788882,0.0,0.99999999975,0.0,13.0,0.12666666666666668,1436.9272088142407,633.4315804073102,291.0,mappo_acoustic_shield,generalization,21652375,2
0.0,0.8333333333333334,300.0,0.45555555555555555,0.7225949170501024,0.5619985208308536,1.0,0.8747577200932614,0.0,0.0,0.0,6320.999999999983,3669.4471165461364,0.0,fixed_auv_ga_pso_tlbo_proxy,generalization,21162782,6
1.0,1.0,300.0,0.6255555555555555,0.615451653014804,0.48177294276309435,1.0,0.8728087364670942,0.0,0.0,0.0,8676.000000000018,5156.699999999995,0.0,independent_greedy,generalization,21162782,6
0.0,0.5,300.0,0.4894444444444444,0.7618558769223682,0.7073710558353506,0.9277777777777778,0.8170287646164234,0.0,0.0,0.0,8715.366496778575,3637.9232982307262,0.0,communication_aware,generalization,21162782,6
0.0,0.6666666666666666,300.0,0.2561111111111111,0.7885271445561608,0.651026270751455,0.5055555555555555,0.9401028967327182,0.0,0.0,0.0,9974.012859443621,2932.7525073456854,674.0,haco_safemarl_pilot_no_acoustic,generalization,21162782,6
0.0,0.6666666666666666,300.0,0.37277777777777776,0.7419321671687643,0.6022725920248543,0.7833333333333331,0.910264100868584,0.0,0.0,0.0,9881.744129694285,2863.1649414672747,0.0,haco_safemarl_pilot_no_shield,generalization,21162782,6
0.0,0.6666666666666666,300.0,0.30222222222222217,0.8061736055224475,0.7174257340884502,0.6666666666666669,0.9217594539785454,0.0,0.0,0.0,9849.13977831481,2913.388262556548,791.0,haco_safemarl_pilot,generalization,21162782,6
0.0,0.16666666666666666,300.0,0.0,0.877241353104811,0.8378842549179566,0.0,0.9999999999722223,0.0,0.0,0.0,774.2030943662552,103.19204027035616,209.0,mappo_acoustic_shield,generalization,21162782,6
0.0,1.0,299.0,0.46376811594202894,0.6354837267690517,0.1944068865635961,0.7833333333333331,0.7062754327481754,0.0,261.0,0.010033444816053512,6299.929999999983,3461.040595798541,0.0,fixed_auv_ga_pso_tlbo_proxy,generalization,21172789,6
0.0,1.0,229.0,0.5371179039301309,0.5728818870887612,0.08037261526964475,0.746376811594203,0.6557338779716834,0.0,201.0,0.0,6622.680000000013,2776.100000000004,0.0,independent_greedy,generalization,21172789,6
0.0,0.3333333333333333,300.0,0.6977777777777778,0.669179044764333,0.34032581202404383,1.0,0.7947321493787776,0.0,263.0,0.07,8336.061752252153,3014.387710937754,0.0,communication_aware,generalization,21172789,6
0.0,0.8333333333333334,300.0,0.37555555555555553,0.7165647302065786,0.3267756961139785,0.5611111111111111,0.8140015565976613,0.0,59.0,0.0,8288.07559280259,2195.9521492367785,1146.0,haco_safemarl_pilot_no_acoustic,generalization,21172789,6
0.0,1.0,222.0,0.4594594594594594,0.6806342272808991,0.2110033414235213,0.6666666666666664,0.6981705345712818,0.0,247.0,0.0,7749.101048187095,1659.8244594492007,0.0,haco_safemarl_pilot_no_shield,generalization,21172789,6
0.0,0.0,300.0,0.46611111111111103,0.7412734555440299,0.43635323240827545,0.8333333333333331,0.8005709192858641,0.0,0.0,0.043333333333333335,8723.95793474546,3306.306451133419,1427.0,haco_safemarl_pilot,generalization,21172789,6
0.0,0.0,300.0,0.020000000000000004,0.8530017154195786,0.8038011002336883,0.1666666666666667,0.9980562943059608,0.0,0.0,0.0,1645.6349203525144,983.2317270447772,701.0,mappo_acoustic_shield,generalization,21172789,6
0.0,0.8333333333333334,300.0,0.6522222222222223,0.599160632948842,0.46394144329971926,1.0,0.7624106022836424,0.0,142.0,0.0,6320.999999999983,3074.722459329607,0.0,fixed_auv_ga_pso_tlbo_proxy,generalization,21182796,6
0.0,1.0,233.0,0.6874105865522175,0.5738807995500425,0.42017532618687214,1.0,0.7540968716052664,0.0,109.0,0.0,6738.360000000013,2691.3000000000065,0.0,independent_greedy,generalization,21182796,6
0.0,0.3333333333333333,300.0,0.6911111111111111,0.7121356612193928,0.6774670628016134,1.0,0.7860535601695887,0.0,99.0,0.0,8438.449578791497,3287.4910169105306,0.0,communication_aware,generalization,21182796,6
0.0,0.3333333333333333,300.0,0.40166666666666667,0.7193771925040717,0.4844656782610979,0.8499999999999999,0.8866941863855042,0.0,5.0,0.0,7882.546361441923,3054.2800511555974,1399.0,haco_safemarl_pilot_no_acoustic,generalization,21182796,6
0.0,0.5,300.0,0.5705555555555555,0.6278465352269473,0.43525832927963365,0.8333333333333331,0.8675456400098741,0.0,286.0,0.0,9829.24484954009,2989.1962569129087,0.0,haco_safemarl_pilot_no_shield,generalization,21182796,6
0.0,0.16666666666666666,300.0,0.47055555555555545,0.7524972185505122,0.7013063672976498,0.8388888888888887,0.879449250530017,0.0,5.0,0.0,9617.570544231594,3736.7846250480166,1330.0,haco_safemarl_pilot,generalization,21182796,6
0.0,0.0,300.0,0.03611111111111111,0.839655650634564,0.8236332975359646,0.17777777777777778,0.9946691699760835,0.0,5.0,0.0,971.3155868643892,420.35315183310655,750.0,mappo_acoustic_shield,generalization,21182796,6
0.0,1.0,281.0,0.66785290628707,0.48718956490850873,0.27730273192831495,1.0,0.6099078913676274,0.0,171.0,0.0035587188612099642,5920.669999999988,3177.4148326689424,0.0,fixed_auv_ga_pso_tlbo_proxy,generalization,21192803,6
0.0,1.0,215.0,0.6534883720930232,0.47931887114612687,0.20478188305758568,1.0,0.578402084160554,0.0,131.0,0.0,6217.800000000012,2703.6999999999985,0.0,independent_greedy,generalization,21192803,6
0.0,0.16666666666666666,300.0,0.7433333333333333,0.6284332261203841,0.4802352587372956,1.0,0.6244558346902328,0.0,415.0,0.0,8203.425560882595,3015.324764193628,0.0,communication_aware,generalization,21192803,6
0.0,0.3333333333333333,300.0,0.5377777777777778,0.6335789305751219,0.3134950478922157,0.8333333333333331,0.6944267214980936,0.0,0.0,0.0,9918.878420810368,4078.146752191157,1370.0,haco_safemarl_pilot_no_acoustic,generalization,21192803,6
0.0,0.6666666666666666,300.0,0.7205555555555554,0.5336795285432786,0.3070276967450272,1.0,0.7595541303613912,0.0,388.0,0.0,9601.700003414515,2797.847988580266,0.0,haco_safemarl_pilot_no_shield,generalization,21192803,6
0.0,0.0,300.0,0.5477777777777776,0.7261970324506625,0.589857281215612,0.8333333333333331,0.7007148899502281,0.0,0.0,0.03,9492.897802514635,4111.935562253125,1405.0,haco_safemarl_pilot,generalization,21192803,6
0.0,0.0,300.0,0.03555555555555555,0.8527132229187563,0.8318018669267602,0.1666666666666667,0.9932502267207334,0.0,0.0,0.0,897.4343945630134,1001.5505525569952,601.0,mappo_acoustic_shield,generalization,21192803,6
0.0,0.8333333333333334,300.0,0.39944444444444444,0.6765247464092533,0.31273788276195796,0.6666666666666669,0.7640859759004971,0.0,174.0,0.0,6320.999999999983,3761.4474131181137,0.0,fixed_auv_ga_pso_tlbo_proxy,generalization,21202810,6
0.0,1.0,259.0,0.5495495495495496,0.5864487461828001,0.24798318654915139,0.8333333333333333,0.5731798614560529,0.0,163.0,0.0,7490.280000000015,4023.699999999995,0.0,independent_greedy,generalization,21202810,6
0.0,0.6666666666666666,300.0,0.4949999999999999,0.7272060109579395,0.5134712312060266,0.8333333333333331,0.718001991591441,0.0,104.0,0.0,8760.26511112902,3795.8564376096583,0.0,communication_aware,generalization,21202810,6
1.0,1.0,252.0,0.3505291005291005,0.7279872926287572,0.504147755611276,0.6346153846153845,0.7851522552924116,0.0,0.0,0.0,8680.517699942455,2101.273789137161,727.0,haco_safemarl_pilot_no_acoustic,generalization,21202810,6
0.0,1.0,252.0,0.45833333333333326,0.7090639931489566,0.5152027759865465,0.6666666666666667,0.7002279944165709,0.0,54.0,0.015873015873015872,8526.331702561889,1885.876011705685,0.0,haco_safemarl_pilot_no_shield,generalization,21202810,6
0.0,0.5,300.0,0.335,0.7812205715947061,0.6098436579578368,0.5,0.7885323418014352,0.0,0.0,0.0,9677.091340105077,3215.0490213056073,869.0,haco_safemarl_pilot,generalization,21202810,6
0.0,0.0,300.0,0.0,0.8612966207678816,0.8294254474880418,0.0,0.9999999999722223,0.0,0.0,0.0,1142.5926552593426,442.0984412078022,429.0,mappo_acoustic_shield,generalization,21202810,6
0.0,1.0,294.0,0.4642857142857143,0.6649851225694635,0.30387554172264686,0.6666666666666669,0.6440588853436567,0.0,171.0,0.0,6194.5799999999845,4044.3441521870145,0.0,fixed_auv_ga_pso_tlbo_proxy,generalization,21212817,6
0.0,1.0,225.0,0.47407407407407415,0.6543828069130312,0.264050975948744,0.6666666666666664,0.6189346612848038,0.0,129.0,0.0,6507.000000000013,3630.699999999991,0.0,independent_greedy,generalization,21212817,6
0.0,0.5,300.0,0.49222222222222217,0.7450516105580816,0.5484072667234319,0.6666666666666669,0.6232326487319751,0.0,157.0,0.0,8701.855932809476,4485.103920524238,0.0,communication_aware,generalization,21212817,6
0.0,0.5,300.0,0.34388888888888886,0.7437664191190727,0.47795059711083904,0.5,0.8365517604933024,0.0,0.0,0.0,9775.237931957641,3740.669629089303,1059.0,haco_safemarl_pilot_no_acoustic,generalization,21212817,6
0.0,0.5,300.0,0.44777777777777783,0.6802694045456087,0.4196260300880121,0.5222222222222221,0.7052302192533179,0.0,192.0,0.0,9427.086181732895,3465.150543182454,0.0,haco_safemarl_pilot_no_shield,generalization,21212817,6
0.0,0.5,300.0,0.3522222222222222,0.8006531628665273,0.6735066157813182,0.5,0.8364501275539867,0.0,0.0,0.0,9375.760612707045,3750.3430075648175,988.0,haco_safemarl_pilot,generalization,21212817,6
0.0,0.0,300.0,0.0005555555555555556,0.8438449389695848,0.8243040141124632,0.005555555555555555,0.9999984550485944,0.0,0.0,0.0,939.6181443079577,586.4939174669362,733.0,mappo_acoustic_shield,generalization,21212817,6
0.0,1.0,247.0,0.6228070175438596,0.5435533815332431,0.37197614480474966,1.0,0.8074068905082994,0.0,167.0,0.0,5204.289999999998,2523.4948117999006,0.0,fixed_auv_ga_pso_tlbo_proxy,generalization,21222824,6
0.0,1.0,189.0,0.6199294532627866,0.5420376493621706,0.3302951898858119,1.0,0.7955026249885828,0.0,128.0,0.0,5465.88000000001,2202.5000000000005,0.0,independent_greedy,generalization,21222824,6
0.0,0.3333333333333333,300.0,0.7394444444444443,0.6283437511772303,0.5391206920487213,1.0,0.8261818370241802,0.0,102.0,0.0,8216.686082390146,3018.1234899443534,0.0,communication_aware,generalization,21222824,6
0.0,0.5,300.0,0.6305555555555556,0.6047354591169527,0.4315150933002206,1.0,0.8208779294814785,0.0,0.0,0.0,8602.000763995864,2822.58954673714,1476.0,haco_safemarl_pilot_no_acoustic,generalization,21222824,6
0.0,0.5,300.0,0.7033333333333335,0.5519874361708634,0.37751473654827045,1.0,0.7891014144278986,0.0,105.0,0.0,9565.044686332843,3053.5395885663456,0.0,haco_safemarl_pilot_no_shield,generalization,21222824,6
0.0,0.16666666666666666,300.0,0.6566666666666666,0.7050527130654991,0.6444410309904435,1.0,0.8396517608152647,0.0,0.0,0.0,9257.942186357073,3347.622228408415,1453.0,haco_safemarl_pilot,generalization,21222824,6
0.0,0.0,300.0,0.0,0.8594878443390171,0.8295298980498613,0.0,0.9999999999722223,0.0,0.0,0.0,613.8094594682507,897.7309541273404,455.0,mappo_acoustic_shield,generalization,21222824,6
0.0,0.3333333333333333,300.0,0.6227777777777778,0.5562074383426093,0.4339526193301768,1.0,0.7598082354102059,0.0,127.0,0.0,6320.999999999983,2861.7740005271685,0.0,fixed_auv_ga_pso_tlbo_proxy,generalization,21232831,6
0.0,1.0,280.0,0.6630952380952381,0.47410872323514386,0.2908778175767566,1.0,0.835173887936082,0.0,101.0,0.0,8097.600000000017,3309.90000000001,0.0,independent_greedy,generalization,21232831,6
0.0,0.16666666666666666,300.0,0.6672222222222222,0.6886785622974324,0.6297289794083383,1.0,0.839713075251997,0.0,47.0,0.0,8403.282889762984,3070.550461971491,0.0,communication_aware,generalization,21232831,6
0.0,0.16666666666666666,300.0,0.5366666666666666,0.6200039686124323,0.4963330250469312,0.95,0.8299160962425994,0.0,0.0,0.0,9722.024285585987,3407.9817658402685,1338.0,haco_safemarl_pilot_no_acoustic,generalization,21232831,6
0.0,0.16666666666666666,300.0,0.6183333333333333,0.5500224509089167,0.44402772325148343,0.861111111111111,0.7280843027895366,0.0,121.0,0.0,9661.717000673581,3190.593798586514,0.0,haco_safemarl_pilot_no_shield,generalization,21232831,6
0.0,0.16666666666666666,300.0,0.5577777777777777,0.7311084067937552,0.6862430056825662,1.0,0.9021088538820031,0.0,0.0,0.0,9512.160569762003,3483.5584575232197,1361.0,haco_safemarl_pilot,generalization,21232831,6
0.0,0.0,300.0,0.06055555555555555,0.8387928193775307,0.8016282950965171,0.3333333333333334,0.9910522240374497,0.0,0.0,0.0,774.4898846030385,309.51875637485443,892.0,mappo_acoustic_shield,generalization,21232831,6
0.0,0.6666666666666666,300.0,0.3455555555555555,0.6442247388490993,0.22620614517098564,0.5,0.7366142425762869,0.0,68.0,0.0,6320.999999999983,4198.03661654385,0.0,fixed_auv_ga_pso_tlbo_proxy,generalization,21242838,6
0.0,1.0,284.0,0.3755868544600939,0.6019961513405094,0.11488363536611186,0.5,0.7267983523500683,0.0,69.0,0.0,8213.280000000017,5200.099999999994,0.0,independent_greedy,generalization,21242838,6
0.0,0.5,300.0,0.37611111111111106,0.7330420531378495,0.44322193159898776,0.5,0.7082455838504277,0.0,77.0,0.0,8841.055334836092,4999.529658791353,0.0,communication_aware,generalization,21242838,6
0.0,0.5,300.0,0.3472222222222222,0.726421826211747,0.26065162267189523,0.5,0.7500111363894398,0.0,0.0,0.0,9384.87853091541,3638.533035797101,725.0,haco_safemarl_pilot_no_acoustic,generalization,21242838,6
0.0,0.5,300.0,0.38944444444444437,0.6694888168585935,0.24847299675536613,0.5,0.6928078368660006,0.0,232.0,0.0,9345.060885284067,3170.6362707223666,0.0,haco_safemarl_pilot_no_shield,generalization,21242838,6
0.0,0.5,300.0,0.3494444444444444,0.7905334840518317,0.5498294215110149,0.5,0.7465973449178813,0.0,0.0,0.0,9185.684373015381,3376.1232082816173,751.0,haco_safemarl_pilot,generalization,21242838,6
0.0,0.16666666666666666,300.0,0.1322222222222222,0.8280717784465814,0.7137321671922142,0.1666666666666667,0.8959921617410979,0.0,0.0,0.0,644.3754280407796,497.4644229912878,925.0,mappo_acoustic_shield,generalization,21242838,6
0.0,0.8333333333333334,300.0,0.6211111111111111,0.5133490613560685,0.3669394971828805,0.8333333333333331,0.6153508283782598,0.0,348.0,0.0,6320.999999999983,3541.8841440595857,0.0,fixed_auv_ga_pso_tlbo_proxy,generalization,21252845,6
0.0,1.0,278.0,0.6756594724220623,0.4408095919272347,0.25842292015100693,0.8333333333333331,0.5017038811486735,0.0,267.0,0.0,8039.760000000017,4437.899999999994,0.0,independent_greedy,generalization,21252845,6
0.0,0.3333333333333333,300.0,0.6466666666666666,0.6791420531581515,0.5771244490368129,0.8333333333333331,0.5704904714436808,0.0,461.0,0.0,8392.708672306486,3531.4761161886627,0.0,communication_aware,generalization,21252845,6
0.0,0.5,300.0,0.4022222222222222,0.7139459189937113,0.5611738493791835,0.6666666666666669,0.8632208691753452,0.0,39.0,0.0,10022.813751006719,3758.701023218772,1277.0,haco_safemarl_pilot_no_acoustic,generalization,21252845,6
0.0,0.5,300.0,0.6188888888888888,0.5775551874751789,0.42866928201797366,0.8333333333333331,0.6410516277650257,0.0,363.0,0.0,9560.335290655423,2987.639450290358,0.0,haco_safemarl_pilot_no_shield,generalization,21252845,6
0.0,0.16666666666666666,300.0,0.4388888888888889,0.7645601483539508,0.6569075550679546,0.8333333333333331,0.7692574527185053,0.0,40.0,0.0,8896.959390565984,3792.8336862689594,1403.0,haco_safemarl_pilot,generalization,21252845,6
0.0,0.0,300.0,0.0,0.856201354248442,0.8342292262453768,0.0,0.9999999999722223,0.0,18.0,0.0,879.041327411573,754.2777866323337,686.0,mappo_acoustic_shield,generalization,21252845,6
0.0,0.6666666666666666,300.0,0.3877777777777778,0.6817428389812823,0.39486056808063963,0.6666666666666669,0.7805596048428408,0.0,106.0,0.0,6320.999999999983,3010.5198639327737,0.0,fixed_auv_ga_pso_tlbo_proxy,generalization,21262852,6
0.0,1.0,273.0,0.5506715506715506,0.5474215298190057,0.19801539847967328,0.6666666666666669,0.5956971368008764,0.0,81.0,0.0,7895.160000000016,3600.6999999999944,0.0,independent_greedy,generalization,21262852,6
0.0,0.5,300.0,0.435,0.7751771862010848,0.6711267236401466,0.6666666666666669,0.7535770334936079,0.0,131.0,0.0,8835.627316593595,3809.1788851342553,0.0,communication_aware,generalization,21262852,6
0.0,0.5,300.0,0.3105555555555555,0.7736226535938817,0.5379259355338907,0.6055555555555556,0.8697749885758919,0.0,0.0,0.0,10080.306551836095,3015.57034657114,926.0,haco_safemarl_pilot_no_acoustic,generalization,21262852,6
0.0,0.6666666666666666,300.0,0.485,0.696584460059791,0.4477282473513283,0.6666666666666669,0.6348048666554881,0.0,161.0,0.0,9887.861001368583,2823.664117863798,0.0,haco_safemarl_pilot_no_shield,generalization,21262852,6
0.0,0.5,300.0,0.24555555555555558,0.8180839873539729,0.7163409256232406,0.5,0.900542816865682,0.0,0.0,0.0,9927.109022761822,3314.5670696348925,943.0,haco_safemarl_pilot,generalization,21262852,6
0.0,0.0,300.0,0.005,0.8502303456361606,0.817011386508418,0.05,0.9998737564734895,0.0,0.0,0.0,1281.9844698514385,372.43884673292166,832.0,mappo_acoustic_shield,generalization,21262852,6
0.0,0.8333333333333334,300.0,0.3616666666666667,0.7130351127719347,0.33287320563189354,0.6666666666666669,0.8579140266580809,0.0,151.0,0.0,6320.999999999983,3201.1957772858646,0.0,fixed_auv_ga_pso_tlbo_proxy,generalization,21272859,6
0.0,1.0,251.0,0.47675962815405043,0.6282050673346541,0.10367820130457327,0.6666666666666667,0.7557152314722188,0.0,116.0,0.0,7258.920000000015,3352.899999999995,0.0,independent_greedy,generalization,21272859,6
0.0,0.5,300.0,0.4172222222222222,0.7485432216619946,0.5196056605094951,0.6666666666666669,0.8184182615740501,0.0,115.0,0.0,8868.86059974709,3841.718069424425,0.0,communication_aware,generalization,21272859,6
0.0,0.6666666666666666,300.0,0.32166666666666666,0.7599343122214057,0.4400444156923597,0.5,0.8271559113420416,0.0,0.0,0.0,9948.260977325366,3439.467339093365,741.0,haco_safemarl_pilot_no_acoustic,generalization,21272859,6
0.0,0.5,300.0,0.4072222222222222,0.7018281190378179,0.38165305067879485,0.5499999999999999,0.7629385849824195,0.0,90.0,0.0,9781.609889063415,3026.8584823608994,0.0,haco_safemarl_pilot_no_shield,generalization,21272859,6
0.0,0.5,300.0,0.3088888888888889,0.8166387290523999,0.6739033922397559,0.5,0.8503374895453338,0.0,0.0,0.0,9841.286462127344,3461.7398283368125,768.0,haco_safemarl_pilot,generalization,21272859,6
0.0,0.0,300.0,0.19666666666666666,0.8556484336417524,0.7707741819469763,0.3333333333333334,0.8907536819808467,0.0,0.0,0.0,788.4785405757639,663.8737992016165,657.0,mappo_acoustic_shield,generalization,21272859,6
0.0,0.6666666666666666,300.0,0.673888888888889,0.45664645171464513,0.2624337934640805,1.0,0.8668533359547141,0.0,147.0,0.0,6320.999999999983,3203.5324429413918,0.0,fixed_auv_ga_pso_tlbo_proxy,generalization,21282866,6
0.0,1.0,268.0,0.7151741293532339,0.3962408973561057,0.2018735563409994,1.0,0.8349015297481096,0.0,151.0,0.0,7750.560000000016,3833.2999999999934,0.0,independent_greedy,generalization,21282866,6
0.0,0.0,300.0,0.7177777777777778,0.6370682570267856,0.5177174700328997,1.0,0.8591136675810954,0.0,40.0,0.0,8259.457107895214,2988.0424135855574,0.0,communication_aware,generalization,21282866,6
0.0,0.5,300.0,0.6977777777777778,0.551584127384975,0.36208966840266277,1.0,0.9076009615238599,0.0,0.0,0.01,9158.970129654434,2938.421971563685,1501.0,haco_safemarl_pilot_no_acoustic,generalization,21282866,6
0.0,0.3333333333333333,300.0,0.7622222222222222,0.4672901498001296,0.3468885518926803,1.0,0.8537658460251726,0.0,34.0,0.0,9623.754522680198,3028.892603825168,0.0,haco_safemarl_pilot_no_shield,generalization,21282866,6
0.0,0.0,300.0,0.6783333333333333,0.6928340994733578,0.6249321183786589,1.0,0.9270686420231624,0.0,0.0,0.0,9206.316170775266,3310.5551714665767,1455.0,haco_safemarl_pilot,generalization,21282866,6
0.0,0.0,300.0,0.02222222222222222,0.8479585185207206,0.8132581927944081,0.1666666666666667,0.9974240082142687,0.0,0.0,0.0,581.0336580827892,432.9207015784787,924.0,mappo_acoustic_shield,generalization,21282866,6
0.0,1.0,283.0,0.6236749116607774,0.5122774827097408,0.1996324058659121,0.8333333333333331,0.5370425902416486,0.0,52.0,0.0,5962.809999999988,3137.779233761084,0.0,fixed_auv_ga_pso_tlbo_proxy,generalization,21292873,6
0.0,1.0,217.0,0.738863287250384,0.4619383243848485,0.10755101406590382,0.8333333333333333,0.47706300854064754,0.0,40.0,0.0,6275.640000000012,2618.0999999999995,0.0,independent_greedy,generalization,21292873,6
0.0,0.3333333333333333,300.0,0.6838888888888888,0.6584372499923582,0.41791297110897113,0.8333333333333331,0.46241134138063544,0.0,0.0,0.0,8360.878237664787,3393.3590794827023,0.0,communication_aware,generalization,21292873,6
0.0,0.5,300.0,0.6088888888888889,0.5771328459557935,0.3126851231073886,0.8333333333333331,0.6082043578537087,0.0,0.0,0.0,8557.596107886735,2378.0752457175718,1393.0,haco_safemarl_pilot_no_acoustic,generalization,21292873,6
0.0,0.3333333333333333,300.0,0.7133333333333334,0.5253205482598987,0.26090609376943863,0.8333333333333331,0.4086639407104842,0.0,0.0,0.0,9526.5713940556,3105.8659470631565,0.0,haco_safemarl_pilot_no_shield,generalization,21292873,6
0.0,0.16666666666666666,300.0,0.6099999999999999,0.7119269394220598,0.5732520906520165,0.8333333333333331,0.5982257312013941,0.0,0.0,0.0,9299.674887896248,3316.15772839944,1333.0,haco_safemarl_pilot,generalization,21292873,6
0.0,0.0,300.0,0.011666666666666667,0.8502215918302639,0.8285007693274485,0.11666666666666668,0.9995613078993122,0.0,0.0,0.0,693.8196856464817,385.2055325262236,277.0,mappo_acoustic_shield,generalization,21292873,6
0.0,1.0,253.0,0.3201581027667984,0.7114701129282132,0.442094231440476,0.5,0.8044522596279116,0.0,180.0,0.0,5330.709999999996,3398.267074530963,0.0,fixed_auv_ga_pso_tlbo_proxy,generalization,21302880,6
0.0,1.0,194.0,0.33934707903780065,0.7067125763610613,0.37706335450346623,0.5,0.7630090395197183,0.0,138.0,0.0,5610.4800000000105,3102.4999999999945,0.0,independent_greedy,generalization,21302880,6
0.0,0.6666666666666666,300.0,0.37,0.7571317902331963,0.58222767796883,0.5,0.7368750386406661,0.0,122.0,0.0,8879.438150110658,4850.186644948078,0.0,communication_aware,generalization,21302880,6
0.0,0.6666666666666666,300.0,0.31555555555555553,0.7512750262618795,0.368556771688035,0.5,0.8159659727068929,0.0,0.0,0.0,9514.197925523638,3447.32505701018,751.0,haco_safemarl_pilot_no_acoustic,generalization,21302880,6
0.0,0.6666666666666666,300.0,0.3377777777777778,0.7282781165068253,0.4656621146405789,0.5,0.7830988771731675,0.0,39.0,0.0,9457.530797815562,3371.453106300509,0.0,haco_safemarl_pilot_no_shield,generalization,21302880,6
0.0,0.5,300.0,0.33,0.8093316180921435,0.6401003642446403,0.5,0.7982126274771532,0.0,0.0,0.0,9345.36054668319,3575.328291972047,772.0,haco_safemarl_pilot,generalization,21302880,6
0.0,0.0,300.0,0.0027777777777777775,0.8729713340060665,0.8404776359964621,0.027777777777777776,0.9999612059991011,0.0,0.0,0.0,605.1277038769698,197.14972123972024,171.0,mappo_acoustic_shield,generalization,21302880,6
0.0,1.0,297.0,0.6835016835016835,0.4551909057231944,0.23279276811945046,1.0,0.8816896721609488,0.0,201.0,0.0,6257.789999999984,3121.4388917461565,0.0,fixed_auv_ga_pso_tlbo_proxy,generalization,21312887,6
0.0,1.0,227.0,0.7011747430249633,0.4495334007473588,0.2548651272925786,1.0,0.8767002209881367,0.0,154.0,0.0,6564.840000000013,2797.2999999999975,0.0,independent_greedy,generalization,21312887,6
0.0,0.0,300.0,0.7283333333333334,0.6306477803148695,0.4906616553491881,1.0,0.884081279237312,0.0,215.0,0.0,8226.029416583777,3017.9671925303014,0.0,communication_aware,generalization,21312887,6
0.0,0.16666666666666666,300.0,0.6988888888888889,0.555975605755369,0.36235289773961965,1.0,0.9088670253022768,0.0,0.0,0.013333333333333334,9652.019808118026,3767.365058639122,1449.0,haco_safemarl_pilot_no_acoustic,generalization,21312887,6
0.0,0.5,300.0,0.7711111111111111,0.48011715308366004,0.3349719011301129,1.0,0.875113420364389,0.0,262.0,0.0,9564.537559176806,3001.240702163517,0.0,haco_safemarl_pilot_no_shield,generalization,21312887,6
0.0,0.0,300.0,0.675,0.6999779504555702,0.6293318360662606,1.0,0.9252875425615351,0.0,0.0,0.0,9241.502245213547,3490.9437183290515,1460.0,haco_safemarl_pilot,generalization,21312887,6
0.0,0.0,300.0,0.0016666666666666668,0.8528739993272906,0.8393586346542069,0.016666666666666666,0.9999860648651366,0.0,0.0,0.023333333333333334,757.4705318211332,854.6577730912998,731.0,mappo_acoustic_shield,generalization,21312887,6
0.0,0.8333333333333334,300.0,0.6072222222222221,0.47700353088500425,0.2033863539047419,0.8333333333333331,0.6042472068644094,0.0,45.0,0.0,6320.999999999983,3794.692786151892,0.0,fixed_auv_ga_pso_tlbo_proxy,generalization,21322894,6
0.0,1.0,257.0,0.6316472114137484,0.4448914303954367,0.16449185487140483,0.8333333333333333,0.5719918586087067,0.0,35.0,0.0,7432.440000000015,4173.099999999996,0.0,independent_greedy,generalization,21322894,6
0.0,0.16666666666666666,300.0,0.6394444444444444,0.6340454985339041,0.4596039098386306,0.8333333333333331,0.5619834820336781,0.0,158.0,0.0,8359.583990655769,3716.4309487459327,0.0,communication_aware,generalization,21322894,6
0.0,0.5,300.0,0.5855555555555555,0.6772297858454858,0.3669221414943444,0.8333333333333331,0.6456491574223635,0.0,0.0,0.04,9905.971864186728,4586.587184250513,1214.0,haco_safemarl_pilot_no_acoustic,generalization,21322894,6
0.0,0.5,300.0,0.6638888888888889,0.5316768277846615,0.26254869176690837,0.8333333333333331,0.5225330557430055,0.0,47.0,0.0,9411.088047144967,3070.959228818041,0.0,haco_safemarl_pilot_no_shield,generalization,21322894,6
0.0,0.16666666666666666,300.0,0.6155555555555554,0.735986408154547,0.6388615594775372,0.8333333333333331,0.6245845788710295,0.0,0.0,0.043333333333333335,9358.733211130588,4209.925391539131,1247.0,haco_safemarl_pilot,generalization,21322894,6
0.0,0.0,300.0,0.06166666666666667,0.8429174927836453,0.7867703264784653,0.1666666666666667,0.9788613215926779,0.0,0.0,0.13666666666666666,437.6734399661125,335.3773154504711,775.0,mappo_acoustic_shield,generalization,21322894,6
0.0,0.6666666666666666,300.0,0.5311111111111111,0.6112917079712273,0.19780360263664362,1.0,0.7519518301520551,0.0,229.0,0.0,6320.999999999983,3361.51419588096,0.0,fixed_auv_ga_pso_tlbo_proxy,generalization,21332901,6
0.0,1.0,290.0,0.6275862068965518,0.5262749711699789,0.058033384319264594,0.8333333333333331,0.5770829209703083,0.0,175.0,0.06896551724137931,8386.800000000017,4305.89999999999,0.0,independent_greedy,generalization,21332901,6
0.0,0.3333333333333333,300.0,0.5599999999999998,0.6991244472075113,0.4075440781348502,0.8333333333333331,0.6651651077815264,0.0,287.0,0.0,8552.727589488146,3643.123590489131,0.0,communication_aware,generalization,21332901,6
0.0,0.5,300.0,0.33666666666666667,0.7192480719294482,0.26547279649314953,0.6666666666666669,0.7923422191294955,0.0,0.0,0.06666666666666667,9844.697381552176,3342.3594251021896,940.0,haco_safemarl_pilot_no_acoustic,generalization,21332901,6
0.0,0.5,300.0,0.5005555555555555,0.6369366972912939,0.23807152756028435,0.6666666666666669,0.6848035153020333,0.0,154.0,0.0,9663.55617205027,2996.988798767509,0.0,haco_safemarl_pilot_no_shield,generalization,21332901,6
0.0,0.3333333333333333,300.0,0.3072222222222222,0.7861323352812996,0.5520639538965971,0.5166666666666666,0.7910609107926558,0.0,0.0,0.056666666666666664,9633.365958795002,3397.2170505720505,974.0,haco_safemarl_pilot,generalization,21332901,6
0.0,0.0,300.0,0.0,0.8542598446986747,0.8316931714455601,0.0,0.9999999999722223,0.0,0.0,0.0,662.9211480070627,485.56103907121627,571.0,mappo_acoustic_shield,generalization,21332901,6
0.0,0.8333333333333334,300.0,0.5266666666666666,0.6122758890379851,0.44975661562353897,1.0,0.8984004870310546,0.0,72.0,0.0,6320.999999999983,3368.8171963378677,0.0,fixed_auv_ga_pso_tlbo_proxy,generalization,21342908,6
0.0,1.0,266.0,0.6892230576441102,0.509528359313635,0.33887781906675013,1.0,0.6448988150214156,0.0,64.0,0.015037593984962405,7692.720000000016,3795.1000000000076,0.0,independent_greedy,generalization,21342908,6
0.0,0.16666666666666666,300.0,0.5666666666666667,0.7228612475733007,0.6444060980262609,1.0,0.9111822003732095,0.0,0.0,0.0,8611.16343202297,3674.3197895404473,0.0,communication_aware,generalization,21342908,6
0.0,0.5,300.0,0.4300000000000001,0.6769542363851614,0.3951084470682547,0.8333333333333331,0.8439285782393796,0.0,0.0,0.0,9811.798380373617,3075.122831787905,1004.0,haco_safemarl_pilot_no_acoustic,generalization,21342908,6
0.0,0.3333333333333333,300.0,0.5233333333333331,0.6208523147523188,0.4367613480995514,0.8333333333333331,0.7738505202673744,0.0,54.0,0.0,9728.886528514899,3014.165578143211,0.0,haco_safemarl_pilot_no_shield,generalization,21342908,6
0.0,0.16666666666666666,300.0,0.4444444444444443,0.7644978076863107,0.6308955709692723,0.8333333333333331,0.8480728392152895,0.0,0.0,0.0,9511.849603450135,3093.7620587236597,1024.0,haco_safemarl_pilot,generalization,21342908,6
0.0,0.0,300.0,0.0,0.8440750920527589,0.8197955173962942,0.0,0.9999999999722223,0.0,0.0,0.0,953.9588954079186,359.9474104678992,965.0,mappo_acoustic_shield,generalization,21342908,6
1.0,1.0,296.0,0.7038288288288289,0.5297113004505132,0.2478534449536279,1.0,0.6161006153658173,0.0,0.0,0.0,6236.719999999984,3543.0745482848556,0.0,fixed_auv_ga_pso_tlbo_proxy,generalization,21352915,6
1.0,1.0,227.0,0.7870778267254039,0.45611167978167705,0.16058145431391935,1.0,0.4390636092875552,0.0,0.0,0.0,6564.840000000013,3022.299999999993,0.0,independent_greedy,generalization,21352915,6
0.0,0.5,300.0,0.78,0.6844552831582198,0.5533572733325441,1.0,0.5777954633977335,0.0,0.0,0.0,8317.44640006978,3375.5940462993876,0.0,communication_aware,generalization,21352915,6
0.0,0.6666666666666666,300.0,0.4655555555555555,0.6640085805123037,0.3581555763425942,0.7277777777777775,0.6811246043561484,0.0,0.0,0.0,10140.54708978101,2925.4018329526225,1190.0,haco_safemarl_pilot_no_acoustic,generalization,21352915,6
0.0,0.6666666666666666,300.0,0.6083333333333333,0.5651186157596542,0.29377386145325796,0.8388888888888887,0.5313195517387079,0.0,63.0,0.0,9848.713108434597,2661.1237792602633,0.0,haco_safemarl_pilot_no_shield,generalization,21352915,6
0.0,0.3333333333333333,300.0,0.5016666666666667,0.7440180240401598,0.5671440171187297,0.8222222222222221,0.6609859966684175,0.0,0.0,0.0,9266.244753031087,3068.2763864190047,1216.0,haco_safemarl_pilot,generalization,21352915,6
0.0,0.0,300.0,0.07277777777777776,0.8391719236467032,0.7806333362413852,0.23888888888888882,0.9763764485534404,0.0,0.0,0.0,795.2190239567802,495.19351975874474,935.0,mappo_acoustic_shield,generalization,21352915,6
0.0,0.6666666666666666,300.0,0.44444444444444436,0.6554860598359338,0.44240531469165784,0.8333333333333331,0.8361092158673047,0.0,257.0,0.0,6320.999999999983,3460.70761091694,0.0,fixed_auv_ga_pso_tlbo_proxy,generalization,21362922,6
0.0,1.0,254.0,0.5557742782152232,0.5753677855155935,0.27988816720507437,0.8333333333333333,0.7462769923371876,0.0,221.0,0.0,7345.680000000015,3471.2999999999934,0.0,independent_greedy,generalization,21362922,6
0.0,0.3333333333333333,300.0,0.5077777777777777,0.7405678645720061,0.620412426834216,0.8333333333333331,0.7945721838887152,0.0,413.0,0.0,8650.118571021118,3559.660739717883,0.0,communication_aware,generalization,21362922,6
0.0,0.5,300.0,0.40611111111111103,0.6990948808176167,0.4892627639499083,0.8166666666666664,0.8335930193502427,0.0,15.0,0.0,7303.44253246391,2360.52145756634,1364.0,haco_safemarl_pilot_no_acoustic,generalization,21362922,6
0.0,0.6666666666666666,300.0,0.4205555555555555,0.678834934498794,0.42777369000214693,0.6833333333333333,0.822464409055908,0.0,247.0,0.0,9817.658360195537,3007.818853202728,0.0,haco_safemarl_pilot_no_shield,generalization,21362922,6
0.0,0.16666666666666666,300.0,0.3961111111111111,0.7694948888135681,0.6710888720864735,0.811111111111111,0.809554445559283,0.0,15.0,0.0,5487.366522239935,2253.4326482046663,1511.0,haco_safemarl_pilot,generalization,21362922,6
0.0,0.0,300.0,0.0,0.8527235990066555,0.8328279484322106,0.0,0.9999999999722223,0.0,16.0,0.0,924.251594338747,560.3545623262683,400.0,mappo_acoustic_shield,generalization,21362922,6
0.0,0.8333333333333334,300.0,0.6249999999999999,0.5720376985604698,0.2621163300769935,1.0,0.6750300012433845,0.0,387.0,0.0,6320.999999999983,3633.3450116225877,0.0,fixed_auv_ga_pso_tlbo_proxy,generalization,21372929,6
0.0,1.0,231.0,0.6017316017316018,0.5640297164215458,0.13814664323039302,1.0,0.7028927334774924,0.0,299.0,0.0,6680.520000000013,3224.699999999996,0.0,independent_greedy,generalization,21372929,6
0.0,0.3333333333333333,300.0,0.6327777777777777,0.7055476911252677,0.5088112292251286,1.0,0.6806450003874954,0.0,115.0,0.0,8489.8195320663,3601.1531464705376,0.0,communication_aware,generalization,21372929,6
0.0,0.6666666666666666,300.0,0.38444444444444437,0.7049083586562882,0.31188097675088305,0.6333333333333334,0.7499676227904127,0.0,8.0,0.0,5797.675914108673,1765.6539586885442,1268.0,haco_safemarl_pilot_no_acoustic,generalization,21372929,6
0.0,0.6666666666666666,300.0,0.5105555555555557,0.6525475543280143,0.30320539661615226,0.7444444444444441,0.6606041571473826,0.0,113.0,0.0,9664.746021216059,2960.0572482470125,0.0,haco_safemarl_pilot_no_shield,generalization,21372929,6
0.0,0.5,300.0,0.36999999999999994,0.7765846527676755,0.5712826918724735,0.5833333333333334,0.7612035714641249,0.0,8.0,0.0,5546.651994370552,1980.1159969836756,1349.0,haco_safemarl_pilot,generalization,21372929,6
0.0,0.0,300.0,0.007777777777777778,0.8654955367975226,0.8227267321115219,0.07777777777777777,0.9998432747024143,0.0,13.0,0.0,1447.974389259486,1058.161906867504,676.0,mappo_acoustic_shield,generalization,21372929,6
0.0,1.0,271.0,0.518450184501845,0.5854612612759781,0.27013648903053766,0.8333333333333331,0.638941865724,0.0,173.0,0.0,5709.969999999991,3328.7101665001246,0.0,fixed_auv_ga_pso_tlbo_proxy,generalization,21382936,6
0.0,1.0,207.0,0.5088566827697264,0.5704116166768074,0.2482196133828348,0.6666666666666665,0.6191265340452557,0.0,132.0,0.0,5986.440000000011,2909.0999999999954,0.0,independent_greedy,generalization,21382936,6
0.0,0.5,300.0,0.6783333333333335,0.6669302773561431,0.4582191437410057,1.0,0.6894983647764242,0.0,169.0,0.0,8552.496667884821,3756.5031454005066,0.0,communication_aware,generalization,21382936,6
0.0,0.6666666666666666,300.0,0.42111111111111116,0.7173140734651288,0.5917585567503576,0.7166666666666665,0.7952357514402527,0.0,10.0,0.0,9817.407147964017,3189.1677806771954,962.0,haco_safemarl_pilot_no_acoustic,generalization,21382936,6
0.0,0.6666666666666666,300.0,0.4605555555555556,0.6784028153498661,0.48319585854740355,0.6833333333333333,0.7236180248380791,0.0,131.0,0.0,9650.718578296468,2940.283288881482,0.0,haco_safemarl_pilot_no_shield,generalization,21382936,6
0.0,0.3333333333333333,300.0,0.5133333333333333,0.738139449537831,0.5903131089180098,0.6666666666666669,0.6101384422656828,0.0,10.0,0.0,9340.170505806047,3262.687055211919,1090.0,haco_safemarl_pilot,generalization,21382936,6
0.0,0.0,300.0,0.005555555555555555,0.8464084270512646,0.8049727794909616,0.05555555555555556,0.9998439742588823,0.0,14.0,0.0,746.055280121576,503.8024035014601,842.0,mappo_acoustic_shield,generalization,21382936,6
0.0,1.0,251.0,0.6586985391766269,0.56807081138859,0.28213085748583216,0.8333333333333333,0.4756585864156783,0.0,180.0,0.0,5288.569999999997,3188.122269015816,0.0,fixed_auv_ga_pso_tlbo_proxy,generalization,21392943,6
0.0,1.0,192.0,0.6180555555555556,0.5660909235199303,0.17129641556673625,0.8333333333333334,0.5600101819435933,0.0,137.0,0.0,5552.64000000001,2811.699999999999,0.0,independent_greedy,generalization,21392943,6
0.0,0.5,300.0,0.7116666666666664,0.675730195436389,0.4920577219659389,0.8333333333333331,0.3982709521209529,0.0,16.0,0.0,8320.094246546261,3706.7758677819256,0.0,communication_aware,generalization,21392943,6
0.0,0.6666666666666666,300.0,0.5622222222222223,0.6157222934496688,0.39432994605443883,0.6666666666666669,0.5604693563945822,0.0,0.0,0.0,9438.37011774491,3512.4697389314815,1163.0,haco_safemarl_pilot_no_acoustic,generalization,21392943,6
0.0,0.6666666666666666,300.0,0.5833333333333334,0.6005772121197952,0.40943744651558056,0.7166666666666665,0.5945661410664866,0.0,20.0,0.0,9465.249139674508,2936.951900035492,0.0,haco_safemarl_pilot_no_shield,generalization,21392943,6
0.0,0.3333333333333333,300.0,0.5666666666666667,0.7425352614581786,0.6381635257757823,0.6833333333333333,0.5662337081691022,0.0,0.0,0.0,9243.446267582032,3619.5141892636693,1179.0,haco_safemarl_pilot,generalization,21392943,6
0.0,0.16666666666666666,300.0,0.017222222222222222,0.8430152819387755,0.7882183436616428,0.17222222222222217,0.9987881236471667,0.0,0.0,0.0,750.5400720307418,663.0933014486405,910.0,mappo_acoustic_shield,generalization,21392943,6
0.0,0.8333333333333334,300.0,0.4722222222222222,0.5736215162143273,0.34917707397780523,0.7777777777777776,0.7343703211325388,0.0,195.0,0.0,6320.999999999983,3794.682115280421,0.0,fixed_auv_ga_pso_tlbo_proxy,generalization,21402950,6
0.0,1.0,258.0,0.6317829457364341,0.5351521427312167,0.286591953429635,0.8333333333333333,0.6233882850557667,0.0,207.0,0.0,7461.360000000015,4203.899999999993,0.0,independent_greedy,generalization,21402950,6
0.0,0.3333333333333333,300.0,0.5822222222222222,0.6977273263090757,0.586842063104008,0.9722222222222222,0.7762879011549296,0.0,0.0,0.0,8675.792346346621,4207.1238730264795,0.0,communication_aware,generalization,21402950,6
0.0,0.3333333333333333,300.0,0.46277777777777773,0.6609870701939812,0.43861765074338555,0.6666666666666669,0.7253441371667564,0.0,0.0,0.0,9470.48725324146,3507.8065320372907,1009.0,haco_safemarl_pilot_no_acoustic,generalization,21402950,6
0.0,0.3333333333333333,300.0,0.5111111111111111,0.5998528648031037,0.3755383165170445,0.6666666666666669,0.6442702873109503,0.0,106.0,0.0,9459.724758037593,3289.117240251757,0.0,haco_safemarl_pilot_no_shield,generalization,21402950,6
0.0,0.3333333333333333,300.0,0.4572222222222222,0.7595133812334298,0.6552172872046563,0.6666666666666669,0.7347063341645201,0.0,0.0,0.0,9257.360614177614,3380.0177606352236,1007.0,haco_safemarl_pilot,generalization,21402950,6
0.0,0.0,300.0,0.01111111111111111,0.8391289671059847,0.8163393160687215,0.11111111111111108,0.9993691647457915,0.0,0.0,0.0,614.7074991102867,397.6528112074823,994.0,mappo_acoustic_shield,generalization,21402950,6
0.0,1.0,297.0,0.600448933782267,0.5239368655518116,0.2708612929028912,0.8333333333333331,0.6150680410111835,0.0,178.0,0.10774410774410774,6257.789999999984,3257.135604291133,0.0,fixed_auv_ga_pso_tlbo_proxy,generalization,21412957,6
0.0,1.0,227.0,0.5814977973568282,0.5222270758400988,0.23870789016308303,0.8333333333333333,0.6401617250023901,0.0,185.0,0.1013215859030837,6564.840000000013,2842.899999999994,0.0,independent_greedy,generalization,21412957,6
0.0,0.3333333333333333,300.0,0.6361111111111111,0.6593832043707287,0.47730138825078283,0.8333333333333331,0.5669129752726413,0.0,365.0,0.09666666666666666,8433.638609467514,3624.6652023081497,0.0,communication_aware,generalization,21412957,6
0.0,0.3333333333333333,300.0,0.4777777777777777,0.6221519668937339,0.3548894037662196,0.6833333333333333,0.6927913941585114,0.0,7.0,0.08666666666666667,9488.39702591366,3288.189251157288,1086.0,haco_safemarl_pilot_no_acoustic,generalization,21412957,6
0.0,0.3333333333333333,300.0,0.595,0.5529395693681602,0.3639277901656207,0.8333333333333331,0.5582281352477584,0.013333333333333334,133.0,0.09,9433.972735883191,3178.0089306346104,0.0,haco_safemarl_pilot_no_shield,generalization,21412957,6
0.0,0.3333333333333333,300.0,0.46,0.7596699856203443,0.6462344986035653,0.7166666666666665,0.7374050519764114,0.0,7.0,0.08,9138.440658330292,3464.0490423765973,1133.0,haco_safemarl_pilot,generalization,21412957,6
0.0,0.0,300.0,0.235,0.7988887316515911,0.6331297293626451,0.3333333333333334,0.8380999233228625,0.0,7.0,0.25333333333333335,1190.7341005078645,401.39743743394035,1098.0,mappo_acoustic_shield,generalization,21412957,6
0.0,0.6666666666666666,300.0,0.7,0.4257149618175685,0.23241048814486556,1.0,0.8345066792726812,0.0,49.0,0.0,6320.999999999983,3293.2503498638334,0.0,fixed_auv_ga_pso_tlbo_proxy,generalization,21422964,6
0.0,0.8333333333333334,300.0,0.7705555555555557,0.32822271131838765,0.13326291501164328,1.0,0.7358900016988511,0.0,38.0,0.0,8676.000000000018,4645.5,0.0,independent_greedy,generalization,21422964,6
0.0,0.16666666666666666,300.0,0.741111111111111,0.609077748109694,0.4819332422705157,1.0,0.8335482877513458,0.0,0.0,0.0,8181.523560727011,3025.150729179416,0.0,communication_aware,generalization,21422964,6
0.0,0.6666666666666666,300.0,0.72,0.543702311754834,0.3286597546514072,1.0,0.8526544748894339,0.0,0.0,0.0,9644.294298103901,3075.6557664452125,1445.0,haco_safemarl_pilot_no_acoustic,generalization,21422964,6
0.0,0.5,300.0,0.7911111111111111,0.47784511287214315,0.32476247301333117,1.0,0.8648119596892934,0.0,39.0,0.0,9576.694307641405,2953.889984146738,0.0,haco_safemarl_pilot_no_shield,generalization,21422964,6
0.0,0.0,300.0,0.7144444444444443,0.6810961569864444,0.6107260128520149,1.0,0.8702796002374193,0.0,0.0,0.0,9086.399593020877,3294.3469550273335,1466.0,haco_safemarl_pilot,generalization,21422964,6
0.0,0.0,300.0,0.11722222222222221,0.8447673002791322,0.7670072950942878,0.1666666666666667,0.9189798385592318,0.0,0.0,0.0,445.92089823081955,222.1046494312585,701.0,mappo_acoustic_shield,generalization,21422964,6
0.0,1.0,263.0,0.4144486692015208,0.618803995318633,0.278450951050495,0.6666666666666669,0.7542457330186838,0.0,185.0,0.09125475285171103,5541.4099999999935,3215.5250772687373,0.0,fixed_auv_ga_pso_tlbo_proxy,generalization,21432971,6
0.0,1.0,201.0,0.43200663349917084,0.6162436192312849,0.25875105592352177,0.6666666666666665,0.7506711204908091,0.0,143.0,0.13432835820895522,5812.920000000011,2904.299999999996,0.0,independent_greedy,generalization,21432971,6
0.0,0.3333333333333333,300.0,0.47277777777777774,0.7039995955378284,0.537920930600609,0.6666666666666669,0.6855610617113124,0.0,188.0,0.08333333333333333,8672.683056901298,4471.880780476747,0.0,communication_aware,generalization,21432971,6
0.0,0.5,300.0,0.295,0.778083131012917,0.5593926911784538,0.5,0.8603762153015215,0.03,11.0,0.09333333333333334,7190.992339267998,3371.354344266447,1214.0,haco_safemarl_pilot_no_acoustic,generalization,21432971,6
0.0,0.6666666666666666,300.0,0.5072222222222222,0.60210921373538,0.33087961112653935,0.6666666666666669,0.6546751873828429,0.0,139.0,0.06333333333333334,9445.263774472007,3171.0427301337227,0.0,haco_safemarl_pilot_no_shield,generalization,21432971,6
0.0,0.3333333333333333,300.0,0.33222222222222225,0.7864312029596499,0.6420855898881497,0.5,0.8113995479846338,0.0,11.0,0.08666666666666667,9492.145412770282,3901.868324474363,1078.0,haco_safemarl_pilot,generalization,21432971,6
0.0,0.16666666666666666,300.0,0.0011111111111111111,0.8558867112594294,0.8327869596031078,0.01111111111111111,0.9999938134306109,0.0,8.0,0.04,1116.814999645942,1424.69640683635,814.0,mappo_acoustic_shield,generalization,21432971,6
0.0,1.0,283.0,0.6313309776207302,0.557493596693413,0.1446405421541869,0.8333333333333331,0.624093821984636,0.0,199.0,0.0,5962.809999999988,3929.6946821691845,0.0,fixed_auv_ga_pso_tlbo_proxy,generalization,21442978,6
0.0,1.0,216.0,0.6651234567901235,0.5605940407748881,0.13932235708917087,0.8333333333333333,0.5447467665445741,0.0,91.0,0.0,6246.720000000012,3571.100000000002,0.0,independent_greedy,generalization,21442978,6
0.0,0.5,300.0,0.6533333333333332,0.6718250678432683,0.44136604547055935,0.8333333333333331,0.580776803215396,0.0,27.0,0.0,8485.822434302694,4102.280821594655,0.0,communication_aware,generalization,21442978,6
0.0,0.6666666666666666,300.0,0.4266666666666667,0.6758500050914023,0.35072412839333017,0.6666666666666669,0.7315348284703931,0.0,0.0,0.0,8706.030136027732,2905.680625991892,1225.0,haco_safemarl_pilot_no_acoustic,generalization,21442978,6
0.0,0.6666666666666666,300.0,0.5405555555555556,0.6519195200473238,0.308128574627074,0.8944444444444445,0.7371147797518767,0.0,88.0,0.0,9420.520737387358,3121.083918578531,0.0,haco_safemarl_pilot_no_shield,generalization,21442978,6
0.0,0.5,300.0,0.5155555555555555,0.7437611756873341,0.6310330731275724,0.6666666666666669,0.6354325444100238,0.0,0.0,0.0,8736.396034831878,3151.115689239669,1256.0,haco_safemarl_pilot,generalization,21442978,6
0.0,0.16666666666666666,300.0,0.04111111111111112,0.8372285244741255,0.8054317052786328,0.2944444444444444,0.9956418801645365,0.0,0.0,0.0,1180.4980543515185,970.8194731193292,1020.0,mappo_acoustic_shield,generalization,21442978,6
0.0,0.8333333333333334,300.0,0.6761111111111111,0.5184086134357504,0.21121434617282503,1.0,0.7162403643388383,0.0,194.0,0.0,6320.999999999983,3580.4421357229676,0.0,fixed_auv_ga_pso_tlbo_proxy,generalization,21452985,6
0.0,1.0,244.0,0.6967213114754098,0.4854417394631527,0.11557345135990124,1.0,0.6404428676005828,0.0,147.0,0.0,7056.480000000014,3590.099999999994,0.0,independent_greedy,generalization,21452985,6
0.0,0.3333333333333333,300.0,0.7305555555555555,0.63236091212987,0.4247730252697716,1.0,0.7263662693526609,0.0,232.0,0.0,8245.874622394409,3031.5463570039124,0.0,communication_aware,generalization,21452985,6
0.0,0.5,300.0,0.495,0.6555543537978906,0.3418262573824085,0.7333333333333331,0.6482007954168032,0.0,22.0,0.0,9209.566399328342,3429.611404236785,1369.0,haco_safemarl_pilot_no_acoustic,generalization,21452985,6
0.0,0.5,300.0,0.64,0.5800931902508539,0.29669841593536267,0.9388888888888889,0.6591320071401542,0.0,155.0,0.0,9559.352011381168,3072.3256222698283,0.0,haco_safemarl_pilot_no_shield,generalization,21452985,6
0.0,0.3333333333333333,300.0,0.515,0.7384204301276337,0.6062657625617699,0.7722222222222219,0.6556320616404827,0.0,23.0,0.0,7422.974755926361,3074.598167460398,1504.0,haco_safemarl_pilot,generalization,21452985,6
0.0,0.0,300.0,0.035,0.8685027554316428,0.8301534598619713,0.1666666666666667,0.9934656211366124,0.0,47.0,0.0,1256.9137989198614,1499.5722070137238,656.0,mappo_acoustic_shield,generalization,21452985,6
0.0,0.3333333333333333,300.0,0.4327777777777778,0.6231031609907002,0.2762510804667687,0.9388888888888889,0.7681398100438341,0.0,168.0,0.0,6320.999999999983,2953.4886221474985,0.0,fixed_auv_ga_pso_tlbo_proxy,generalization,21462992,6
0.0,1.0,287.0,0.63472706155633,0.503696357904489,0.1959982937256021,1.0,0.6903211509216803,0.0,133.0,0.0,8300.040000000017,3510.300000000001,0.0,independent_greedy,generalization,21462992,6
0.0,0.0,300.0,0.556111111111111,0.7010301356984479,0.5530285913038812,1.0,0.7965455628941996,0.0,395.0,0.0,8538.841930833658,2993.7060295979204,0.0,communication_aware,generalization,21462992,6
0.0,0.16666666666666666,300.0,0.39777777777777773,0.7169254407688238,0.3805750586267169,0.6499999999999998,0.8048108270510173,0.0,0.0,0.0,10072.556439567561,3404.5647807089385,1093.0,haco_safemarl_pilot_no_acoustic,generalization,21462992,6
0.0,0.5,300.0,0.582777777777778,0.5916233127031937,0.384890209605684,1.0,0.8105349232537629,0.0,278.0,0.0,9997.10724599317,2812.9854489737495,0.0,haco_safemarl_pilot_no_shield,generalization,21462992,6
0.0,0.0,300.0,0.4594444444444444,0.7627211453284802,0.6250704400432873,0.8499999999999999,0.7536871183175055,0.0,0.0,0.0,9708.395173249894,3477.6102922289515,1164.0,haco_safemarl_pilot,generalization,21462992,6
0.0,0.0,300.0,0.04444444444444444,0.8611005405964304,0.8245536678729595,0.1666666666666667,0.9892990903929119,0.0,0.0,0.0,1235.629543760925,284.824607352565,414.0,mappo_acoustic_shield,generalization,21462992,6
0.0,0.6666666666666666,300.0,0.6794444444444445,0.4934818244787442,0.2803826443860849,1.0,0.8727436205913196,0.0,0.0,0.0,6320.999999999983,3629.386511532873,0.0,fixed_auv_ga_pso_tlbo_proxy,generalization,21472999,6
1.0,1.0,259.0,0.8146718146718147,0.43269120091766466,0.18656075095397565,1.0,0.6309447737538078,0.0,0.0,0.0,7490.280000000015,3889.699999999988,0.0,independent_greedy,generalization,21472999,6
0.0,0.3333333333333333,300.0,0.7527777777777778,0.6490233170006695,0.4981681450895198,1.0,0.8765814096177511,0.0,0.0,0.0,8336.393524109359,3516.6008443735022,0.0,communication_aware,generalization,21472999,6
0.0,0.5,300.0,0.5566666666666666,0.6581632455274052,0.42437553024045666,0.8333333333333331,0.8231525717228135,0.0,0.0,0.0,9658.783285425627,2934.8448397113525,1255.0,haco_safemarl_pilot_no_acoustic,generalization,21472999,6
0.0,0.6666666666666666,300.0,0.6744444444444444,0.584677369478014,0.390056136191091,0.9611111111111111,0.8250110513505666,0.0,0.0,0.0,9593.18698464192,2910.3657562353387,0.0,haco_safemarl_pilot_no_shield,generalization,21472999,6
0.0,0.16666666666666666,300.0,0.5966666666666666,0.7166636869097576,0.6113636440153343,0.8333333333333331,0.7538876110388564,0.0,0.0,0.1,9216.211669375238,3297.1702291620513,1307.0,haco_safemarl_pilot,generalization,21472999,6
0.0,0.16666666666666666,300.0,0.10222222222222221,0.8370434129939504,0.766183636793151,0.1666666666666667,0.9520034879729182,0.0,0.0,0.0,560.6425055661995,196.16248261419582,898.0,mappo_acoustic_shield,generalization,21472999,6
0.0,0.6666666666666666,300.0,0.6883333333333334,0.5600377557079308,0.37981256468288527,1.0,0.8597384076167237,0.0,181.0,0.0,6320.999999999983,3372.40849900437,0.0,fixed_auv_ga_pso_tlbo_proxy,generalization,21483006,6
0.0,0.8333333333333334,300.0,0.8433333333333334,0.37051511329510967,0.11680504930181179,1.0,0.45928338738342045,0.0,138.0,0.0,8676.000000000018,4557.700000000081,0.0,independent_greedy,generalization,21483006,6
0.0,0.5,300.0,0.7161111111111111,0.7149686719022919,0.6682735239982956,1.0,0.8517833490671894,0.0,77.0,0.0,8397.78643354153,3300.442723696936,0.0,communication_aware,generalization,21483006,6
0.0,0.5,300.0,0.5077777777777777,0.7098574441736106,0.3956466055847579,0.7555555555555552,0.7267916198504827,0.0,8.0,0.0,8895.946052677284,2664.4059190462826,1331.0,haco_safemarl_pilot_no_acoustic,generalization,21483006,6
0.0,0.5,300.0,0.7066666666666667,0.6268267072666915,0.3407388288639564,0.8444444444444443,0.4780345273856405,0.0,149.0,0.0,9828.758476445975,2817.92879942856,0.0,haco_safemarl_pilot_no_shield,generalization,21483006,6
0.0,0.3333333333333333,300.0,0.4988888888888889,0.7481416990608792,0.6281316081033601,0.6999999999999997,0.6743282443510458,0.0,8.0,0.0,7942.685710273018,2694.2979906729593,1365.0,haco_safemarl_pilot,generalization,21483006,6
0.0,0.0,300.0,0.01,0.8462477688160103,0.8098389909847827,0.1,0.9997808715737639,0.0,8.0,0.0,1688.6903628648827,879.0138589356702,794.0,mappo_acoustic_shield,generalization,21483006,6
0.0,1.0,280.0,0.5517857142857143,0.5502185334989143,0.20737449059570717,1.0,0.6687294341808155,0.0,133.0,0.0,5899.5999999999885,2961.915138070236,0.0,fixed_auv_ga_pso_tlbo_proxy,generalization,21493013,6
0.0,1.0,214.0,0.5467289719626168,0.536281613383413,0.08202951062949501,0.9848484848484849,0.6745286399843662,0.0,102.0,0.0,6188.880000000012,2445.700000000003,0.0,independent_greedy,generalization,21493013,6
0.0,0.0,300.0,0.6744444444444445,0.6456190873303711,0.3779049247269932,1.0,0.6897662720408824,0.0,141.0,0.0,8310.667092989446,2997.038706833437,0.0,communication_aware,generalization,21493013,6
0.0,1.0,300.0,0.5638888888888888,0.5904210555169728,0.17533588556188992,1.0,0.6656696070095444,0.0,24.0,0.0,8512.765244684319,2492.310840336878,1430.0,haco_safemarl_pilot_no_acoustic,generalization,21493013,6
0.0,0.6666666666666666,300.0,0.695,0.5291662460217967,0.2456013068981527,1.0,0.6776314900626665,0.0,113.0,0.0,9778.151117648222,2917.63713710748,0.0,haco_safemarl_pilot_no_shield,generalization,21493013,6
0.0,0.16666666666666666,300.0,0.5944444444444444,0.7121270004056216,0.5007317841408567,1.0,0.690513952732841,0.0,24.0,0.0,6613.349227599886,2388.001899310873,1531.0,haco_safemarl_pilot,generalization,21493013,6
0.0,0.0,300.0,0.16166666666666665,0.8464799591168759,0.6639437901646449,0.1666666666666667,0.8432115552252859,0.0,23.0,0.0,1263.0230374407085,917.0043117820072,615.0,mappo_acoustic_shield,generalization,21493013,6
0.0,0.8333333333333334,300.0,0.5183333333333333,0.5816531605658413,0.3218600967463226,0.8333333333333331,0.6650573052443989,0.0,42.0,0.0,6320.999999999983,3668.431460990081,0.0,fixed_auv_ga_pso_tlbo_proxy,generalization,21503020,6
0.0,1.0,249.0,0.5876840696117803,0.5456732117388652,0.2920111089185073,0.8333333333333333,0.6300953139399776,0.0,33.0,0.0,7201.0800000000145,3705.6999999999935,0.0,independent_greedy,generalization,21503020,6
0.0,0.3333333333333333,300.0,0.5816666666666667,0.7151365385331229,0.5801388769138006,1.0,0.7021905022957711,0.0,37.0,0.0,8630.414252347076,3945.836120459216,0.0,communication_aware,generalization,21503020,6
0.0,0.5,300.0,0.35944444444444446,0.6986154307656423,0.3637383609610946,0.5833333333333334,0.7762963196131354,0.0,0.0,0.0,9611.24960534856,3096.785784850143,887.0,haco_safemarl_pilot_no_acoustic,generalization,21503020,6
0.0,0.5,300.0,0.4216666666666667,0.6437751560905377,0.3575074131408529,0.6666666666666669,0.68984107337379,0.0,54.0,0.0,9559.352949481608,2932.112757487804,0.0,haco_safemarl_pilot_no_shield,generalization,21503020,6
0.0,0.5,300.0,0.3733333333333334,0.7775610599464498,0.6113358074740589,0.6666666666666669,0.7746686733359875,0.0,0.0,0.0,9427.745797266389,3105.8184641458206,915.0,haco_safemarl_pilot,generalization,21503020,6
0.0,0.16666666666666666,300.0,0.025555555555555557,0.8575132801059415,0.8133741701170843,0.1666666666666667,0.9965728308774033,0.0,0.0,0.0,813.6887206178898,832.7961415111326,705.0,mappo_acoustic_shield,generalization,21503020,6
0.0,1.0,117.0,0.3162393162393161,0.7793551966116505,0.5883135602081745,0.6666666666666666,0.8728859792236887,0.0,31.0,0.0,2465.190000000001,1062.7392496966181,0.0,fixed_auv_ga_pso_tlbo_proxy,generalization,21513027,6
0.0,1.0,89.0,0.31835205992509363,0.7766744160126714,0.5824777145930131,0.6666666666666666,0.8534034110967706,0.0,23.0,0.0,2573.8800000000033,872.9000000000012,0.0,independent_greedy,generalization,21513027,6
0.0,1.0,251.0,0.5298804780876494,0.7277335215123517,0.5686695346577801,0.6666666666666667,0.6079729866943411,0.0,233.0,0.0,7207.022475703171,3674.9305091863926,0.0,communication_aware,generalization,21513027,6
0.0,0.6666666666666666,300.0,0.2483333333333333,0.7979998858091144,0.5748334451937606,0.5611111111111111,0.8854121019850395,0.0,0.0,0.0,9567.740423877049,3411.3322894081643,870.0,haco_safemarl_pilot_no_acoustic,generalization,21513027,6
1.0,1.0,108.0,0.34104938271604934,0.7832540044266629,0.6432134912053454,0.6666666666666667,0.8208802686477451,0.0,0.0,0.0,3690.9684309137865,914.5378920057238,0.0,haco_safemarl_pilot_no_shield,generalization,21513027,6
0.0,0.5,300.0,0.3761111111111111,0.7891220838300871,0.6390999769519393,0.6666666666666669,0.765330842731266,0.0,0.0,0.0,9218.56961083134,3624.5420251004807,933.0,haco_safemarl_pilot,generalization,21513027,6
0.0,0.0,300.0,0.0,0.8527378152807384,0.8223191981781927,0.0,0.9999999999722223,0.0,0.0,0.0,416.72664947505365,324.55695952577736,646.0,mappo_acoustic_shield,generalization,21513027,6
0.0,0.8333333333333334,300.0,0.6644444444444444,0.5189492367766319,0.1735572753905899,1.0,0.6905470375503516,0.0,85.0,0.0,6320.999999999983,2813.5447529682087,0.0,fixed_auv_ga_pso_tlbo_proxy,generalization,21523034,6
0.0,1.0,237.0,0.6765119549929676,0.5020968264187893,0.064616094007217,1.0,0.5837499033535586,0.0,65.0,0.0,6854.040000000014,2634.4999999999973,0.0,independent_greedy,generalization,21523034,6
0.0,0.0,300.0,0.7483333333333333,0.6340330896793436,0.3383664526052442,1.0,0.7064528120422863,0.0,72.0,0.09333333333333334,8212.297846965741,2969.04211955854,0.0,communication_aware,generalization,21523034,6
0.0,0.3333333333333333,300.0,0.5949999999999999,0.5874900959210718,0.15230778974859943,1.0,0.7662664047244684,0.0,0.0,0.09666666666666666,6777.178766938966,2069.7194761054234,1633.0,haco_safemarl_pilot_no_acoustic,generalization,21523034,6
0.0,0.3333333333333333,300.0,0.7733333333333332,0.4956553423297411,0.23238466925303353,1.0,0.6327023943103642,0.0,62.0,0.043333333333333335,9592.273845513595,3020.948390026755,0.0,haco_safemarl_pilot_no_shield,generalization,21523034,6
0.0,0.0,300.0,0.5872222222222222,0.7165651924347551,0.4867960849038592,0.9666666666666667,0.7184601848768947,0.0,0.0,0.0,6558.558330429471,2375.49926142365,1646.0,haco_safemarl_pilot,generalization,21523034,6
0.0,0.0,300.0,0.11944444444444442,0.8429923071689657,0.788594176064093,0.23888888888888882,0.9628194131441234,0.0,0.0,0.15333333333333332,1442.2055669449057,955.1217521443442,982.0,mappo_acoustic_shield,generalization,21523034,6
0.0,0.5,300.0,0.4644444444444444,0.6802533429217945,0.31523922301673285,0.6666666666666669,0.7413420638111186,0.0,267.0,0.0,6320.999999999983,3703.097953962204,0.0,fixed_auv_ga_pso_tlbo_proxy,generalization,21533041,6
0.0,1.0,290.0,0.5160919540229885,0.589825501502623,0.06411974334569186,0.8333333333333331,0.6796311207703927,0.0,264.0,0.0,8386.800000000017,4367.299999999983,0.0,independent_greedy,generalization,21533041,6
0.0,0.3333333333333333,300.0,0.6338888888888888,0.7193003349626503,0.4631989478278893,1.0,0.6238432608819718,0.0,172.0,0.0,8469.78183645791,3188.869701717079,0.0,communication_aware,generalization,21533041,6
0.0,0.5,300.0,0.2772222222222222,0.7478319145662923,0.546346860628061,0.5,0.8932449904319555,0.0,33.0,0.0,7046.443919335622,1866.0714044156582,1064.0,haco_safemarl_pilot_no_acoustic,generalization,21533041,6
0.0,0.6666666666666666,300.0,0.36222222222222217,0.7293968598436825,0.5663654651545349,0.5555555555555555,0.8862814087388029,0.0,105.0,0.0,9937.988382363212,2810.464901246989,0.0,haco_safemarl_pilot_no_shield,generalization,21533041,6
0.0,0.3333333333333333,300.0,0.2761111111111111,0.7879333814528109,0.6096017980411167,0.5,0.9057792871805967,0.0,36.0,0.0,6774.858288505588,1876.0296216000006,1072.0,haco_safemarl_pilot,generalization,21533041,6
0.0,0.0,300.0,0.0,0.8613056597078698,0.8275187756720523,0.0,0.9999999999722223,0.0,25.0,0.0,539.1970524204245,585.728382527953,512.0,mappo_acoustic_shield,generalization,21533041,6
0.0,0.8333333333333334,300.0,0.16333333333333333,0.8408111871182683,0.7819432370511815,0.3333333333333334,0.9608449200213197,0.0,36.0,0.0,6320.999999999983,4115.746236024652,0.0,fixed_auv_ga_pso_tlbo_proxy,generalization,21543048,6
0.0,1.0,243.0,0.25445816186556924,0.7946647333301624,0.5880933060019327,0.6666666666666667,0.8519828444900815,0.0,27.0,0.0,7027.560000000014,3961.099999999998,0.0,independent_greedy,generalization,21543048,6
0.0,0.8333333333333334,300.0,0.1911111111111111,0.838530810207936,0.782937782098687,0.33888888888888896,0.9462310301351721,0.0,64.0,0.0,9296.101166546041,5169.449230358319,0.0,communication_aware,generalization,21543048,6
1.0,1.0,287.0,0.08826945412311263,0.8456950942278803,0.65960636321269,0.1666666666666667,0.9552320939697098,0.0,0.0,0.04878048780487805,8161.192418165244,2206.208072322586,387.0,haco_safemarl_pilot_no_acoustic,generalization,21543048,6
0.0,1.0,236.0,0.0769774011299435,0.8337958864595597,0.6216212899112502,0.18055555555555555,0.9677993026663275,0.0,27.0,0.0,7958.292187531337,2018.9829528947396,0.0,haco_safemarl_pilot_no_shield,generalization,21543048,6
0.0,0.8333333333333334,300.0,0.08444444444444445,0.8589147155907072,0.734848527499479,0.18333333333333332,0.9610295126861468,0.0,0.0,0.006666666666666667,9185.731540947172,2660.22203459469,395.0,haco_safemarl_pilot,generalization,21543048,6
0.0,0.16666666666666666,300.0,0.01611111111111111,0.8783853790826824,0.8461320500948658,0.16111111111111112,0.9986611034513666,0.0,0.0,0.0,799.7647084407907,78.05126221119403,252.0,mappo_acoustic_shield,generalization,21543048,6
0.0,0.8333333333333334,300.0,0.6733333333333333,0.46595120652154237,0.22594082638359814,1.0,0.5879999999100001,0.0,67.0,0.0,6320.999999999983,3946.9411586828646,0.0,fixed_auv_ga_pso_tlbo_proxy,generalization,21553055,6
0.0,1.0,238.0,0.7696078431372548,0.4369026579639065,0.1601430157867128,1.0,0.5557147109453948,0.0,51.0,0.0,6882.960000000014,3830.2999999999997,0.0,independent_greedy,generalization,21553055,6
0.0,0.3333333333333333,300.0,0.667222222222222,0.6378700798595466,0.5213017303693817,0.8333333333333331,0.5008766712662891,0.0,79.0,0.0,8326.979146231097,3613.4054531061806,0.0,communication_aware,generalization,21553055,6
0.0,0.5,300.0,0.6077777777777778,0.5986815677202034,0.331376153228693,0.8333333333333331,0.6181645904885492,0.0,12.0,0.0,9644.476949212369,3381.4225032421755,1292.0,haco_safemarl_pilot_no_acoustic,generalization,21553055,6
0.0,0.6666666666666666,300.0,0.6594444444444444,0.5537865124751259,0.29645035035836464,0.8333333333333331,0.5046141491011873,0.0,145.0,0.0,9500.952374801625,2881.944974050358,0.0,haco_safemarl_pilot_no_shield,generalization,21553055,6
0.0,0.16666666666666666,300.0,0.601111111111111,0.7156169294651952,0.6231126771480948,0.8333333333333331,0.6290498920639508,0.0,12.0,0.0,9238.938008386713,3592.276230944854,1297.0,haco_safemarl_pilot,generalization,21553055,6
0.0,0.0,300.0,0.0,0.8395906326598823,0.8203552701744778,0.0,0.9999999999722223,0.0,12.0,0.0,692.0930661490418,373.85705870445327,990.0,mappo_acoustic_shield,generalization,21553055,6
0.0,0.6666666666666666,300.0,0.3899999999999999,0.739610994871742,0.34141047917386436,0.8333333333333331,0.7984978540296555,0.0,289.0,0.0,6320.999999999983,3642.1644465085683,0.0,fixed_auv_ga_pso_tlbo_proxy,generalization,21563062,6
0.0,0.8333333333333334,300.0,0.5966666666666666,0.5695792843623709,0.048341755326007874,0.8333333333333331,0.7163266303737553,0.0,292.0,0.09666666666666666,8676.000000000018,4666.099999999987,0.0,independent_greedy,generalization,21563062,6
0.0,0.5,300.0,0.5033333333333332,0.7384431926371352,0.4206473863641143,0.8666666666666667,0.7535980990534967,0.0,291.0,0.0,8846.47717474753,3772.748747342984,0.0,communication_aware,generalization,21563062,6
0.0,0.6666666666666666,300.0,0.2872222222222222,0.7280688248153451,0.24044656021116442,0.5333333333333332,0.798547459547526,0.0,2.0,0.043333333333333335,10179.626778413502,3228.2146427578145,688.0,haco_safemarl_pilot_no_acoustic,generalization,21563062,6
0.0,1.0,297.0,0.43827160493827155,0.6823341536848436,0.28972260378729786,0.6666666666666669,0.7104727261969396,0.0,51.0,0.13131313131313133,10229.878363623264,2497.528775788365,0.0,haco_safemarl_pilot_no_shield,generalization,21563062,6
0.0,0.3333333333333333,300.0,0.305,0.7768741813986602,0.435985414898068,0.6500000000000002,0.7993255024654251,0.0,2.0,0.0,9846.68085330753,2917.1609523577836,774.0,haco_safemarl_pilot,generalization,21563062,6
0.0,0.0,300.0,0.16166666666666665,0.8576517868318579,0.7131583860575764,0.18333333333333332,0.8464613819631029,0.0,2.0,0.03333333333333333,1461.957735997442,41.529991628139385,431.0,mappo_acoustic_shield,generalization,21563062,6
0.0,0.6666666666666666,300.0,0.4299999999999999,0.6215076845469621,0.37768923186438336,0.6777777777777778,0.8117614398178113,0.0,290.0,0.0,6320.999999999983,3376.022522992272,0.0,fixed_auv_ga_pso_tlbo_proxy,generalization,21573069,6
0.0,0.8333333333333334,300.0,0.48222222222222216,0.5385782461638726,0.27288589058753615,0.6666666666666669,0.6901992193462455,0.0,306.0,0.0,8676.000000000018,4623.299999999994,0.0,independent_greedy,generalization,21573069,6
0.0,0.3333333333333333,300.0,0.551111111111111,0.7317477725850244,0.6279581174350306,0.8333333333333331,0.7442081024246192,0.0,291.0,0.0,8737.016701084438,4022.4311377304516,0.0,communication_aware,generalization,21573069,6
0.0,0.3333333333333333,300.0,0.3822222222222222,0.6951922924730978,0.4802588573933456,0.6666666666666669,0.8265314852343295,0.0,0.0,0.0,9655.41028256011,3368.8080912535415,990.0,haco_safemarl_pilot_no_acoustic,generalization,21573069,6
0.0,0.3333333333333333,300.0,0.465,0.6265790141137826,0.428854589222914,0.6666666666666669,0.7239109357879119,0.0,75.0,0.0,9621.841468740637,3205.114711287661,0.0,haco_safemarl_pilot_no_shield,generalization,21573069,6
0.0,0.16666666666666666,300.0,0.38111111111111107,0.7721257318910492,0.6709820095753859,0.6666666666666669,0.8260024546699972,0.0,0.0,0.0,9516.8855707385,3822.2563998421306,1137.0,haco_safemarl_pilot,generalization,21573069,6
0.0,0.0,300.0,0.03222222222222223,0.8564120945626793,0.812076629457555,0.18333333333333332,0.9951334752333368,0.0,0.0,0.0,837.0394414897646,275.99546238094683,801.0,mappo_acoustic_shield,generalization,21573069,6
0.0,1.0,256.0,0.6354166666666667,0.5383360197774348,0.2601532715002395,0.8333333333333333,0.475194714623841,0.0,85.0,0.0,5393.9199999999955,2903.069920888992,0.0,fixed_auv_ga_pso_tlbo_proxy,generalization,21583076,6
0.0,1.0,196.0,0.6122448979591836,0.530705203475449,0.23555912962167472,0.8333333333333334,0.5168525919687819,0.0,65.0,0.0,5668.320000000011,2620.499999999996,0.0,independent_greedy,generalization,21583076,6
0.0,0.3333333333333333,300.0,0.6933333333333331,0.6585125010599026,0.45940260619327317,0.8333333333333331,0.42119930325687993,0.0,41.0,0.0,8336.604384301909,3767.020267804136,0.0,communication_aware,generalization,21583076,6
0.0,0.5,300.0,0.5494444444444444,0.626664398237776,0.37876961418584176,0.6666666666666669,0.6054456146825863,0.0,0.0,0.0,9013.983531033617,3162.611616447088,1177.0,haco_safemarl_pilot_no_acoustic,generalization,21583076,6
0.0,0.5,300.0,0.63,0.5637293603021527,0.26018403992158806,0.7833333333333331,0.5108279550044749,0.0,223.0,0.0,9393.885202404264,3011.28047593263,0.0,haco_safemarl_pilot_no_shield,generalization,21583076,6
0.0,0.3333333333333333,300.0,0.5388888888888889,0.7549457999388025,0.632806433086993,0.6666666666666669,0.6478106650771818,0.0,0.0,0.0,9272.874654853815,3672.455525839859,1157.0,haco_safemarl_pilot,generalization,21583076,6
0.0,0.0,300.0,0.0022222222222222222,0.8435115402944805,0.8095898250409916,0.02222222222222222,0.9999900794848046,0.0,0.0,0.0,821.032790218467,534.5229291776483,999.0,mappo_acoustic_shield,generalization,21583076,6
0.0,1.0,236.0,0.7980225988700566,0.43479217057466807,0.26389561839726533,1.0,0.5858976560610267,0.0,130.0,0.05508474576271186,4972.520000000001,2813.7238404001027,0.0,fixed_auv_ga_pso_tlbo_proxy,generalization,21593083,6
0.0,1.0,181.0,0.8084714548802946,0.4268794847913645,0.2240409556516469,1.0,0.6285448625553265,0.0,100.0,0.0,5234.5200000000095,2518.099999999999,0.0,independent_greedy,generalization,21593083,6
0.0,0.5,300.0,0.8572222222222221,0.5777379373391064,0.4985386942278157,1.0,0.5742093087503796,0.0,19.0,0.08333333333333333,8004.112863770846,3110.2265829062694,0.0,communication_aware,generalization,21593083,6
0.0,0.5,300.0,0.686111111111111,0.5749326218362992,0.41139937314745234,1.0,0.6598966407041019,0.0,8.0,0.03333333333333333,9624.811223772334,3262.446889184768,1462.0,haco_safemarl_pilot_no_acoustic,generalization,21593083,6
0.0,0.6666666666666666,300.0,0.7966666666666665,0.512507936552448,0.3494797348443809,1.0,0.6443661969041361,0.04,95.0,0.09666666666666666,9387.885526909316,3027.099261978167,0.0,haco_safemarl_pilot_no_shield,generalization,21593083,6
0.0,0.16666666666666666,300.0,0.7727777777777777,0.6648275348967286,0.5948575808215476,1.0,0.6002576411321033,0.0,8.0,0.013333333333333334,5274.239891448848,2127.714486040826,1865.0,haco_safemarl_pilot,generalization,21593083,6
0.0,0.0,300.0,0.19444444444444442,0.8143610950899884,0.7773640572081725,0.3333333333333334,0.9379762376002365,0.0,21.0,0.04,778.3367790301118,726.4676021122482,1250.0,mappo_acoustic_shield,generalization,21593083,6
0.0,0.8333333333333334,300.0,0.542222222222222,0.6178847274804264,0.3184377250123995,0.8333333333333331,0.6422763304218884,0.0,365.0,0.0,6320.999999999983,2885.281679958651,0.0,fixed_auv_ga_pso_tlbo_proxy,generalization,21603090,6
0.0,1.0,235.0,0.6397163120567375,0.523043582411733,0.16458424984286746,0.8333333333333334,0.5870000363203381,0.0,275.0,0.0,6796.2000000000135,2552.2999999999956,0.0,independent_greedy,generalization,21603090,6
0.0,0.0,300.0,0.6416666666666667,0.7082186224115038,0.4916304668276915,1.0,0.7089216517157894,0.0,487.0,0.0,8483.461012866905,3109.488622256611,0.0,communication_aware,generalization,21603090,6
0.0,0.3333333333333333,300.0,0.3411111111111111,0.715757266111624,0.31344171921617425,0.5055555555555555,0.7781790580000993,0.0,13.0,0.0,7870.013193192526,3138.3591439102515,1479.0,haco_safemarl_pilot_no_acoustic,generalization,21603090,6
0.0,0.6666666666666666,300.0,0.6988888888888889,0.5980278193251598,0.37053958335648357,1.0,0.696592019124972,0.0,515.0,0.0,9921.149518801785,2759.5744134023207,0.0,haco_safemarl_pilot_no_shield,generalization,21603090,6
0.0,0.16666666666666666,300.0,0.37055555555555547,0.7660865100211242,0.600802716808956,0.6666666666666669,0.7861608296185251,0.0,13.0,0.0,9274.677097876427,3799.3577277651775,1433.0,haco_safemarl_pilot,generalization,21603090,6
0.0,0.0,300.0,0.0011111111111111111,0.8576719913637266,0.8259588226081361,0.01111111111111111,0.9999938134306109,0.0,13.0,0.0,999.6809196699255,827.1001324126119,581.0,mappo_acoustic_shield,generalization,21603090,6
0.0,0.8333333333333334,300.0,0.41888888888888887,0.6781215796935627,0.28894023924849893,0.6666666666666669,0.7605062460078035,0.0,160.0,0.0,6320.999999999983,3828.7025826443205,0.0,fixed_auv_ga_pso_tlbo_proxy,generalization,21613097,6
0.0,1.0,265.0,0.571069182389937,0.6183015679352811,0.16177239239763477,0.8086419753086419,0.7107684031535741,0.0,122.0,0.0,7663.800000000016,4137.299999999997,0.0,independent_greedy,generalization,21613097,6
0.0,0.5,300.0,0.47,0.7371005748772838,0.46796474530067467,0.8333333333333331,0.7382247875104715,0.0,193.0,0.0,8796.058942420357,4125.2040886851155,0.0,communication_aware,generalization,21613097,6
0.0,0.8333333333333334,300.0,0.24388888888888885,0.7669297215595043,0.5135005721716617,0.4611111111111111,0.8485402780291034,0.0,1.0,0.0,8763.867130027122,2793.454791130671,725.0,haco_safemarl_pilot_no_acoustic,generalization,21613097,6
0.0,0.6666666666666666,300.0,0.37277777777777776,0.6954291019159785,0.33915973502072944,0.5166666666666666,0.7779439893034524,0.0,161.0,0.0,9693.766500660604,2881.3544198502573,0.0,haco_safemarl_pilot_no_shield,generalization,21613097,6
0.0,0.5,300.0,0.26833333333333337,0.8063327238387228,0.6309742301600839,0.5,0.8552631189284444,0.0,1.0,0.0,9001.532315212959,3042.220942794246,805.0,haco_safemarl_pilot,generalization,21613097,6
0.0,0.16666666666666666,300.0,0.0,0.848661986972632,0.8200124528858185,0.0,0.9999999999722223,0.0,1.0,0.0,1217.1163156869618,730.2871009299677,861.0,mappo_acoustic_shield,generalization,21613097,6
0.0,1.0,294.0,0.47619047619047616,0.579966968733624,0.16292140044514397,0.6666666666666669,0.661503416812191,0.0,166.0,0.0,6194.5799999999845,3596.9732998956383,0.0,fixed_auv_ga_pso_tlbo_proxy,generalization,21623104,6
0.0,1.0,225.0,0.5303703703703704,0.5608114955259793,0.22250138503760958,0.6666666666666664,0.626064581998993,0.0,127.0,0.0,6507.000000000013,3142.8999999999955,0.0,independent_greedy,generalization,21623104,6
0.0,0.5,300.0,0.5077777777777777,0.7089632593445933,0.4833364769392451,0.6666666666666669,0.6212259342526649,0.0,105.0,0.0,8619.541913761372,4081.467367220672,0.0,communication_aware,generalization,21623104,6
0.0,0.5,300.0,0.465,0.6751931197709399,0.4514672977713722,0.8166666666666664,0.7186600578847723,0.0,0.0,0.0,9696.176624430595,3285.8079824052015,1108.0,haco_safemarl_pilot_no_acoustic,generalization,21623104,6
0.0,0.6666666666666666,300.0,0.5461111111111111,0.5930469656686915,0.39491936977887143,0.7388888888888886,0.5853225859735289,0.0,91.0,0.0,9571.521330306616,2872.0264052553316,0.0,haco_safemarl_pilot_no_shield,generalization,21623104,6
0.0,0.3333333333333333,300.0,0.43944444444444436,0.7639816015301726,0.6381521763140967,0.6666666666666669,0.7302751727159019,0.0,0.0,0.0,9309.526254876439,3590.124589069027,1070.0,haco_safemarl_pilot,generalization,21623104,6
0.0,0.0,300.0,0.005,0.8667781958301294,0.8008254233004775,0.05,0.9998737564734895,0.0,0.0,0.0,765.2311050609411,632.5167003070128,567.0,mappo_acoustic_shield,generalization,21623104,6
0.0,1.0,202.0,0.5396039603960394,0.6401918677198156,0.41082159381550476,0.8571428571428571,0.6476549434090746,0.0,619.0,0.0,4256.140000000011,2528.653587532651,0.0,fixed_auv_ga_pso_tlbo_proxy,generalization,21633111,6
0.0,1.0,155.0,0.5344086021505376,0.6052074062308969,0.17233495101278637,0.75,0.619352004126349,0.0,475.0,0.0,4482.600000000008,2195.6999999999953,0.0,independent_greedy,generalization,21633111,6
0.0,0.8333333333333334,300.0,0.7933333333333333,0.6380532681322753,0.47024623822411626,1.0,0.683458779996092,0.0,985.0,0.0,8173.783129267168,3274.8977104514506,0.0,communication_aware,generalization,21633111,6
0.0,0.6666666666666666,300.0,0.31,0.7343329837568882,0.42606373433796624,0.638888888888889,0.8167159058030731,0.0,7.0,0.0,7404.946238390768,2923.8365850191635,1413.0,haco_safemarl_pilot_no_acoustic,generalization,21633111,6
0.0,1.0,150.0,0.5288888888888889,0.6948274492056183,0.5136700009684995,0.6666666666666665,0.6101879004638818,0.0,328.0,0.0,5150.221105771134,1036.891925850272,0.0,haco_safemarl_pilot_no_shield,generalization,21633111,6
0.0,0.16666666666666666,300.0,0.43944444444444436,0.760718735943496,0.671319066396685,0.6888888888888888,0.7145240370734728,0.0,7.0,0.0,9327.815050055331,4089.568765877098,1439.0,haco_safemarl_pilot,generalization,21633111,6
0.0,0.0,300.0,0.0,0.8589484403723585,0.8282443500206985,0.0,0.9999999999722223,0.0,7.0,0.0,937.2879809750871,802.1368527904892,585.0,mappo_acoustic_shield,generalization,21633111,6
0.0,1.0,293.0,0.5984072810011377,0.5878373542158014,0.1642011541704727,0.8333333333333331,0.5605291804448364,0.0,473.0,0.023890784982935155,6173.509999999985,3716.7170832561083,0.0,fixed_auv_ga_pso_tlbo_proxy,generalization,21643118,6
0.0,1.0,224.0,0.5803571428571429,0.5973164619861647,0.0710542599813507,0.8333333333333333,0.5696724834010575,0.0,361.0,0.0,6478.080000000013,3209.899999999988,0.0,independent_greedy,generalization,21643118,6
0.0,0.3333333333333333,300.0,0.6711111111111111,0.6577637530712791,0.33520763226488054,0.8333333333333331,0.4926177061977314,0.0,503.0,0.016666666666666666,8380.00675000862,3826.3392111402127,0.0,communication_aware,generalization,21643118,6
0.0,0.3333333333333333,300.0,0.49111111111111105,0.668368871014643,0.20043275140332367,0.8333333333333331,0.6671755627595802,0.0,32.0,0.0,7554.896339230119,3048.9485821448898,1672.0,haco_safemarl_pilot_no_acoustic,generalization,21643118,6
0.0,0.5,300.0,0.6033333333333334,0.5823119086684545,0.21500602564206758,0.7166666666666665,0.612438191004465,0.0,456.0,0.03333333333333333,9407.090529722771,3037.3469594823596,0.0,haco_safemarl_pilot_no_shield,generalization,21643118,6
0.0,0.16666666666666666,300.0,0.4555555555555556,0.7541673178950645,0.5562630326279078,0.6666666666666669,0.6564683043793612,0.0,32.0,0.0033333333333333335,6613.343810117906,2721.5896713871894,1719.0,haco_safemarl_pilot,generalization,21643118,6
0.0,0.0,300.0,0.024999999999999998,0.8521640596763195,0.820992265016945,0.25,0.9990473446997032,0.0,12.0,0.0,836.6704075401522,803.6592439805258,473.0,mappo_acoustic_shield,generalization,21643118,6
0.0,0.8333333333333334,300.0,0.551111111111111,0.5807238777982098,0.36925968401909876,1.0,0.762994647326427,0.0,120.0,0.0,6320.999999999983,2851.509376276103,0.0,fixed_auv_ga_pso_tlbo_proxy,generalization,21653125,6
0.0,1.0,274.0,0.6776155717761556,0.4590339645119956,0.14729159134177083,0.8333333333333331,0.5142089346070399,0.0,92.0,0.0,7924.080000000016,3553.0999999999995,0.0,independent_greedy,generalization,21653125,6
0.0,0.3333333333333333,300.0,0.6461111111111111,0.7095390669164966,0.5752253386954965,1.0,0.8139048351140087,0.0,136.0,0.0,8441.071306919444,3112.1621100531397,0.0,communication_aware,generalization,21653125,6
0.0,0.5,300.0,0.32000000000000006,0.7076514352391033,0.4145459852396672,0.5333333333333332,0.8178013008644301,0.0,24.0,0.0,9866.314743223302,3400.5836448618206,1056.0,haco_safemarl_pilot_no_acoustic,generalization,21653125,6
0.0,0.3333333333333333,300.0,0.5527777777777777,0.5968868070960449,0.3851810783333459,0.8055555555555554,0.5934457905863622,0.0,188.0,0.0,9719.262426189787,2990.870681339164,0.0,haco_safemarl_pilot_no_shield,generalization,21653125,6
0.0,0.3333333333333333,300.0,0.31777777777777777,0.7840207188260424,0.6376810699130222,0.5166666666666666,0.820891362436157,0.0,24.0,0.0,9671.846083910263,3402.013436549664,1075.0,haco_safemarl_pilot,generalization,21653125,6
0.0,0.0,300.0,0.04611111111111111,0.8593523298481026,0.819048001886871,0.1666666666666667,0.9884510955821593,0.0,23.0,0.016666666666666666,677.0083130070395,586.9461163912947,633.0,mappo_acoustic_shield,generalization,21653125,6
0.0,0.75,300.0,0.5645833333333333,0.545124425551577,0.24885574360489932,0.875,0.6587384602405629,0.0,565.0,0.02666666666666667,6828.0000000000455,4249.082579960291,0.0,fixed_auv_ga_pso_tlbo_proxy,generalization,21163332,8
0.0,1.0,277.0,0.5925090252707581,0.5063400627938818,0.09476457413198662,0.875,0.6162364495625154,0.0,527.0,0.05054151624548736,8811.370000000035,5149.899999999989,0.0,independent_greedy,generalization,21163332,8
0.0,0.25,300.0,0.6241666666666666,0.6631733515964279,0.48603629659554365,0.875,0.6203973695343111,0.0,544.0,0.05333333333333334,8712.945491634406,3812.4400616116236,0.0,communication_aware,generalization,21163332,8
0.0,0.375,300.0,0.5145833333333333,0.6304192778368901,0.2828737919364888,0.75,0.6937784979336086,0.0,0.0,0.04,9358.718537409832,3439.934977326785,1838.0,haco_safemarl_pilot_no_acoustic,generalization,21163332,8
0.0,0.25,300.0,0.6220833333333333,0.5477262256664066,0.3151001419593396,0.875,0.6151033036427265,0.0,239.0,0.06333333333333334,9767.653690830724,3269.8290347857737,0.0,haco_safemarl_pilot_no_shield,generalization,21163332,8
0.0,0.125,300.0,0.5395833333333333,0.7300868385787633,0.59477302486064,0.875,0.722674468117131,0.0,0.0,0.05,9497.568957936694,3410.9391269465737,1865.0,haco_safemarl_pilot,generalization,21163332,8
0.0,0.0,300.0,0.06625,0.8425608013056093,0.8023724024897927,0.125,0.9851219946439692,0.0,0.0,0.0,1330.757612686393,669.2180362852043,1166.0,mappo_acoustic_shield,generalization,21163332,8
0.0,0.75,300.0,0.5625,0.5981487530195587,0.27525749682054773,1.0,0.7222574524751301,0.0,93.0,0.0,6828.0000000000455,2980.2376541982617,0.0,fixed_auv_ga_pso_tlbo_proxy,generalization,21173339,8
0.0,0.875,300.0,0.7275,0.4579784413523729,0.10925421047574763,1.0,0.58083282628048,0.0,168.0,0.0,9543.000000000024,4700.900000000012,0.0,independent_greedy,generalization,21173339,8
0.0,0.0,300.0,0.6354166666666666,0.7161515286385478,0.6014395295790658,1.0,0.745845185610484,0.0,115.0,0.0,8785.19058631613,2987.7692211189897,0.0,communication_aware,generalization,21173339,8
0.0,0.5,300.0,0.48541666666666666,0.662158119356861,0.4025532803730671,0.875,0.7923707768601012,0.0,10.0,0.0,10464.129147330259,3096.5670753469367,1640.0,haco_safemarl_pilot_no_acoustic,generalization,21173339,8
0.0,0.375,300.0,0.635,0.5815495891908883,0.3829121162840309,0.9958333333333333,0.7162741378451134,0.0,77.0,0.0,10309.334636579524,2947.0078304643744,0.0,haco_safemarl_pilot_no_shield,generalization,21173339,8
0.0,0.125,300.0,0.49166666666666664,0.7496398498312643,0.6419880656167989,0.8833333333333333,0.8557013024798243,0.0,10.0,0.0,10122.84140436179,3380.8376034233675,1670.0,haco_safemarl_pilot,generalization,21173339,8
0.0,0.0,300.0,0.002916666666666667,0.8548123009492,0.8302679790308917,0.029166666666666667,0.9999568686569017,0.0,11.0,0.0,1359.7723547133792,662.5607300873065,479.0,mappo_acoustic_shield,generalization,21173339,8
0.0,0.875,300.0,0.385,0.6477823103475217,0.2697413839726793,0.625,0.7514735749689443,0.0,350.0,0.0,6828.0000000000455,4824.541933599532,0.0,fixed_auv_ga_pso_tlbo_proxy,generalization,21183346,8
0.0,1.0,283.0,0.43904593639575973,0.606538522439516,0.2070266183243786,0.625,0.6994605189876407,0.0,322.0,0.0,9002.230000000034,6179.100000000017,0.0,independent_greedy,generalization,21183346,8
0.0,0.5,300.0,0.4225,0.7531930279376012,0.5597591816736817,0.625,0.7192371053492739,0.0,357.0,0.0,9188.919257505877,5057.856806226806,0.0,communication_aware,generalization,21183346,8
0.0,0.75,300.0,0.33125,0.7333420652198425,0.3949682951788337,0.5,0.799096496147276,0.0,24.0,0.0,6027.248354512538,2715.4255221025956,1553.0,haco_safemarl_pilot_no_acoustic,generalization,21183346,8
0.0,0.75,300.0,0.4320833333333333,0.6621142729831422,0.3731247401573898,0.625,0.6964258937467279,0.0,415.0,0.056666666666666664,9951.789934844383,2867.523573310929,0.0,haco_safemarl_pilot_no_shield,generalization,21183346,8
0.0,0.5,300.0,0.32666666666666666,0.8023937272232504,0.635270923364861,0.5,0.8059054437499903,0.0,24.0,0.0,5473.308359868471,2824.3659072095156,1550.0,haco_safemarl_pilot,generalization,21183346,8
0.0,0.0,300.0,0.0008333333333333334,0.8718569991435576,0.8302381557375446,0.008333333333333333,0.9999951307849567,0.0,27.0,0.0,994.3338714805717,508.0656964999698,596.0,mappo_acoustic_shield,generalization,21183346,8
0.0,1.0,214.0,0.6769859813084113,0.5741229013522287,0.22135352417344137,1.0,0.6671342431138587,0.0,156.0,0.06074766355140187,4870.640000000027,3247.348011980021,0.0,fixed_auv_ga_pso_tlbo_proxy,generalization,21193353,8
0.0,1.0,164.0,0.6890243902439024,0.5713008710720088,0.23251200984966572,1.0,0.6699291692771312,0.0,119.0,0.08536585365853659,5216.840000000008,3001.700000000009,0.0,independent_greedy,generalization,21193353,8
0.0,0.75,300.0,0.7370833333333333,0.6252103172368477,0.45629256035613974,1.0,0.5265955476397512,0.0,86.0,0.14333333333333334,8558.428018479435,4076.7934770960796,0.0,communication_aware,generalization,21193353,8
0.0,0.75,300.0,0.46791666666666665,0.6918077904829509,0.4067623063966093,0.65,0.6806661201254953,0.0,11.0,0.10333333333333333,9931.54716748107,3218.1842854250012,1409.0,haco_safemarl_pilot_no_acoustic,generalization,21193353,8
0.0,1.0,280.0,0.5977678571428572,0.6131781078458504,0.32470576820210323,0.875,0.6663763551997943,0.0,67.0,0.05357142857142857,9194.498939670775,2421.7053735647987,0.0,haco_safemarl_pilot_no_shield,generalization,21193353,8
0.0,0.5,300.0,0.5295833333333333,0.7394507941248117,0.6323641892300157,0.7291666666666666,0.6216572245424539,0.0,11.0,0.11666666666666667,9276.109219609205,3274.5925632687213,1529.0,haco_safemarl_pilot,generalization,21193353,8
0.0,0.0,300.0,0.004166666666666667,0.8440532161829689,0.8306024184168893,0.041666666666666664,0.9999446818841633,0.0,4.0,0.02666666666666667,830.2821274285642,629.0792231927702,958.0,mappo_acoustic_shield,generalization,21193353,8
0.0,1.0,290.0,0.5073275862068966,0.6140946699283911,0.3213413936017268,0.75,0.6702460691437919,0.0,162.0,0.0,6600.400000000043,3894.7754948839315,0.0,fixed_auv_ga_pso_tlbo_proxy,generalization,21203360,8
0.0,1.0,222.0,0.5467342342342343,0.5843390351665352,0.15594990782386609,0.75,0.6067422568163152,0.0,125.0,0.0,7061.8200000000315,3409.7000000000007,0.0,independent_greedy,generalization,21203360,8
0.0,0.375,300.0,0.5491666666666667,0.7319141778922433,0.575298593874733,0.75,0.6426278532279289,0.0,177.0,0.0,8998.004476935743,4295.6123837182895,0.0,communication_aware,generalization,21203360,8
0.0,0.625,300.0,0.43375,0.7214914553977634,0.430034604043073,0.625,0.7800409009059517,0.0,10.0,0.0,10219.861583286292,3404.6752592969565,1413.0,haco_safemarl_pilot_no_acoustic,generalization,21203360,8
0.0,0.625,300.0,0.5304166666666666,0.6474919344139712,0.3654965363151941,0.75,0.6366714587331922,0.0,129.0,0.0,10060.73568604853,3116.3091936243027,0.0,haco_safemarl_pilot_no_shield,generalization,21203360,8
0.0,0.375,300.0,0.4220833333333333,0.7758668858621346,0.6392752587501491,0.625,0.8092937769140007,0.0,10.0,0.0,9983.838841519331,3977.6484149255866,1443.0,haco_safemarl_pilot,generalization,21203360,8
0.0,0.0,300.0,0.020833333333333332,0.8460275943081453,0.8011736505703849,0.20833333333333334,0.998996390753136,0.0,9.0,0.0,928.90481246644,372.7760315064736,804.0,mappo_acoustic_shield,generalization,21203360,8
0.0,0.75,300.0,0.5833333333333334,0.5796897345319271,0.2824845562643745,1.0,0.817848730638571,0.0,221.0,0.0,6828.0000000000455,3818.154347133425,0.0,fixed_auv_ga_pso_tlbo_proxy,generalization,21213367,8
0.0,1.0,242.0,0.6456611570247934,0.5339192383543031,0.12580017742835314,1.0,0.6764858088579028,0.0,181.0,0.0,7698.0200000000395,3760.9000000000046,0.0,independent_greedy,generalization,21213367,8
0.0,0.25,300.0,0.6595833333333333,0.6755948605583151,0.4747298148674989,1.0,0.8578579799750067,0.0,231.0,0.0,8666.960583198479,3044.0845473770078,0.0,communication_aware,generalization,21213367,8
0.0,0.625,300.0,0.50125,0.6685856756799798,0.37394972899205076,0.875,0.802262648619116,0.0,0.0,0.0,10428.170106132808,3186.0134379395595,1550.0,haco_safemarl_pilot_no_acoustic,generalization,21213367,8
0.0,0.625,300.0,0.59,0.602333521700381,0.327067953180972,0.95,0.7773510256474381,0.0,92.0,0.0,10213.846278401552,2822.62177820624,0.0,haco_safemarl_pilot_no_shield,generalization,21213367,8
0.0,0.125,300.0,0.5470833333333334,0.7364714503695371,0.5793180400840865,0.9125,0.8321517913460607,0.0,0.0,0.0,9838.768371519252,3322.2736408640767,1665.0,haco_safemarl_pilot,generalization,21213367,8
0.0,0.0,300.0,0.0,0.871727607478427,0.8397013850457927,0.0,0.9999999999843749,0.0,0.0,0.0,688.4240157019988,481.0066618245888,291.0,mappo_acoustic_shield,generalization,21213367,8
0.0,0.5,300.0,0.45125,0.6204229586180381,0.39097134586549154,0.7666666666666667,0.7935898397567822,0.0,140.0,0.06333333333333334,6828.0000000000455,2462.8595818538174,0.0,fixed_auv_ga_pso_tlbo_proxy,generalization,21223374,8
0.0,1.0,294.0,0.7074829931972789,0.4509556260575894,0.15042194112682983,0.875,0.5930440011385432,0.0,172.0,0.0,9352.140000000027,3689.5000000000105,0.0,independent_greedy,generalization,21223374,8
0.0,0.125,300.0,0.5591666666666667,0.7236653987583694,0.6028023294456784,1.0,0.8452776501854059,0.0,162.0,0.06666666666666667,8908.98124236601,3008.8559506648085,0.0,communication_aware,generalization,21223374,8
0.0,0.25,300.0,0.4379166666666667,0.6785804301530575,0.4146600912005966,0.775,0.78692872237629,0.0,0.0,0.006666666666666667,10585.291260488646,3233.2943399378473,1583.0,haco_safemarl_pilot_no_acoustic,generalization,21223374,8
0.0,0.25,300.0,0.5595833333333333,0.5849387365021965,0.4078607863645501,0.8791666666666667,0.752007823939023,0.0,172.0,0.03666666666666667,10416.29434976085,3015.4354867241955,0.0,haco_safemarl_pilot_no_shield,generalization,21223374,8
0.0,0.0,300.0,0.45666666666666667,0.7561324435283052,0.636778165789526,0.875,0.8074886219101295,0.0,0.0,0.03333333333333333,10192.777717140789,3552.922976273407,1614.0,haco_safemarl_pilot,generalization,21223374,8
0.0,0.0,300.0,0.0033333333333333335,0.8615097472327045,0.83319840197767,0.03333333333333333,0.9999217072140509,0.0,0.0,0.05333333333333334,1443.7273219404565,822.306426358452,448.0,mappo_acoustic_shield,generalization,21223374,8
0.0,1.0,295.0,0.40847457627118644,0.6722256417404804,0.25620609519428816,0.775,0.8225462256076264,0.0,123.0,0.0,6714.200000000044,3688.384022777641,0.0,fixed_auv_ga_pso_tlbo_proxy,generalization,21233381,8
0.0,1.0,226.0,0.45685840707964603,0.6459709316706848,0.14137063642378367,0.75,0.7122038404458076,0.0,95.0,0.0,7189.060000000033,3204.0999999999963,0.0,independent_greedy,generalization,21233381,8
0.0,0.5,300.0,0.47041666666666665,0.7416834162648105,0.5149538471908611,0.85,0.7919666983997927,0.0,93.0,0.0,9170.894866775901,4175.653746798739,0.0,communication_aware,generalization,21233381,8
0.0,0.5,300.0,0.35833333333333334,0.7098953300660635,0.3846491504972713,0.6375,0.7684272190720167,0.0,0.0,0.0,10276.290858879438,3225.0244868817203,1041.0,haco_safemarl_pilot_no_acoustic,generalization,21233381,8
0.0,0.5,300.0,0.43333333333333335,0.6751500661109455,0.3499679872739153,0.75,0.7415437709414193,0.0,96.0,0.0,10129.916770196714,3274.5093553875727,0.0,haco_safemarl_pilot_no_shield,generalization,21233381,8
0.0,0.5,300.0,0.3616666666666667,0.7914794719265376,0.6308826840550216,0.625,0.7724905340203314,0.0,0.0,0.0,10060.054418160717,3406.816744030683,1073.0,haco_safemarl_pilot,generalization,21233381,8
0.0,0.0,300.0,0.002916666666666667,0.87196277854935,0.8305662174887577,0.029166666666666667,0.9999401060681103,0.0,0.0,0.10666666666666667,1075.4969086550582,372.48479490795665,711.0,mappo_acoustic_shield,generalization,21233381,8
0.0,0.75,300.0,0.48,0.6806828313301978,0.22706066883451437,0.75,0.7056111686687225,0.0,359.0,0.0,6828.0000000000455,5376.348223808219,0.0,fixed_auv_ga_pso_tlbo_proxy,generalization,21243388,8
0.0,1.0,241.0,0.5700207468879668,0.6516376058589488,0.2500456121235812,0.75,0.5564992841472579,0.0,297.0,0.0,7666.210000000039,5283.499999999994,0.0,independent_greedy,generalization,21243388,8
0.0,0.75,300.0,0.5304166666666666,0.7148405915759648,0.39977688371380266,0.75,0.6501718941020987,0.0,336.0,0.0,9042.05924858594,4925.837386053132,0.0,communication_aware,generalization,21243388,8
0.0,0.625,300.0,0.22041666666666668,0.8002209147617882,0.6057554708998713,0.36666666666666664,0.9013591551843065,0.0,14.0,0.0,9830.496962968993,3657.3514022468717,999.0,haco_safemarl_pilot_no_acoustic,generalization,21243388,8
0.0,0.75,300.0,0.30666666666666664,0.7636318272647321,0.5127522931762081,0.5,0.8664453689969323,0.0,195.0,0.0,9840.478921195405,3336.1576626759565,0.0,haco_safemarl_pilot_no_shield,generalization,21243388,8
0.0,0.375,300.0,0.37166666666666665,0.7813608367747495,0.5889658229172955,0.5,0.7600521927696121,0.0,14.0,0.0,9722.652285256108,4212.787269982882,1335.0,haco_safemarl_pilot,generalization,21243388,8
0.0,0.0,300.0,0.00375,0.8536101937401488,0.826075156172309,0.0375,0.9999008298650043,0.0,17.0,0.0,1266.6768747599297,767.42679995743,1114.0,mappo_acoustic_shield,generalization,21243388,8
0.0,0.75,300.0,0.4995833333333333,0.5992534508834897,0.1390014556112261,0.875,0.7097787404763153,0.0,161.0,0.0,6828.0000000000455,4150.171049151109,0.0,fixed_auv_ga_pso_tlbo_proxy,generalization,21253395,8
0.0,1.0,280.0,0.5928571428571429,0.5296131449541222,0.04597281674581114,0.875,0.6295825309367322,0.0,174.0,0.0,8906.800000000034,5256.499999999998,0.0,independent_greedy,generalization,21253395,8
0.0,0.25,300.0,0.5995833333333334,0.6993579481279775,0.35937221717606493,0.875,0.6395326773632338,0.0,0.0,0.0,9004.262386664095,4497.12782073844,0.0,communication_aware,generalization,21253395,8
0.0,0.5,300.0,0.45375,0.6546380923647769,0.1433180135416139,0.75,0.7405445673954758,0.0,0.0,0.0,10015.00849009056,3189.9132502836624,1316.0,haco_safemarl_pilot_no_acoustic,generalization,21253395,8
0.0,0.5,300.0,0.5020833333333333,0.612366568308429,0.20046316614818038,0.75,0.6757105245935332,0.0,0.0,0.0,9929.799060456044,3067.195536164868,0.0,haco_safemarl_pilot_no_shield,generalization,21253395,8
0.0,0.25,300.0,0.4558333333333333,0.7521655929915259,0.48297486715994836,0.75,0.7436086580157174,0.0,0.0,0.0,9624.394637478661,3268.988740731653,1348.0,haco_safemarl_pilot,generalization,21253395,8
0.0,0.0,300.0,0.012916666666666667,0.8421720435973487,0.8184543296489463,0.12916666666666668,0.9991100484782489,0.0,0.0,0.0,850.2386963758618,562.2210647672953,1075.0,mappo_acoustic_shield,generalization,21253395,8
0.0,0.75,300.0,0.5366666666666666,0.5865324264555912,0.17932361435218025,0.875,0.6898632484389573,0.0,72.0,0.0,6828.0000000000455,4324.635544816797,0.0,fixed_auv_ga_pso_tlbo_proxy,generalization,21263402,8
0.0,0.875,300.0,0.6225,0.4992526771661689,0.16204241851762255,0.875,0.6171328040001038,0.0,54.0,0.0,9543.000000000024,6112.09999999999,0.0,independent_greedy,generalization,21263402,8
0.0,0.375,300.0,0.5879166666666666,0.6850260049327352,0.449228174525999,0.875,0.6596267971869074,0.0,144.0,0.0,8816.446198178039,3814.7284463615524,0.0,communication_aware,generalization,21263402,8
0.0,0.625,300.0,0.425,0.7080311862610098,0.46023042610473625,0.625,0.7944904647495943,0.0,6.0,0.0,10283.225858570071,3198.3001817871045,1290.0,haco_safemarl_pilot_no_acoustic,generalization,21263402,8
0.0,0.5,300.0,0.49625,0.6452188229928476,0.3453715438486989,0.625,0.7389841048016601,0.0,122.0,0.0,10014.53033067885,3090.2993532890714,0.0,haco_safemarl_pilot_no_shield,generalization,21263402,8
0.0,0.25,300.0,0.4975,0.7616971796853778,0.5951885249369577,0.7833333333333333,0.7368023246053096,0.0,6.0,0.0,9831.530035516356,3996.9037434366583,1509.0,haco_safemarl_pilot,generalization,21263402,8
0.0,0.0,300.0,0.015416666666666667,0.8482286448905172,0.8334044757337079,0.125,0.9982867160711779,0.0,6.0,0.0,932.2352064494834,1483.790135058098,845.0,mappo_acoustic_shield,generalization,21263402,8
0.0,1.0,269.0,0.7453531598513011,0.4577142834567452,0.2205288985667673,0.8796296296296297,0.36326159321740975,0.0,81.0,0.0,6122.440000000039,2954.9286016601277,0.0,fixed_auv_ga_pso_tlbo_proxy,generalization,21273409,8
0.0,1.0,206.0,0.7299757281553398,0.44917516183602635,0.0987718363824549,0.875,0.40311253151798193,0.0,62.0,0.0,6552.860000000025,2488.100000000001,0.0,independent_greedy,generalization,21273409,8
0.0,0.125,300.0,0.825,0.6180578890420302,0.43382799582253495,1.0,0.39111000737166995,0.0,120.0,0.0,8289.683384254635,3003.649919431342,0.0,communication_aware,generalization,21273409,8
0.0,0.5,300.0,0.6304166666666666,0.5732652061010499,0.21860057580641798,0.875,0.6039173272655066,0.0,0.0,0.0,10022.606846732362,3250.929597544393,1894.0,haco_safemarl_pilot_no_acoustic,generalization,21273409,8
0.0,0.375,300.0,0.77,0.47710513784328235,0.2762265753494542,0.875,0.44081292527013627,0.0,39.0,0.0,9705.459303449967,3032.5105537597065,0.0,haco_safemarl_pilot_no_shield,generalization,21273409,8
0.0,0.25,300.0,0.63375,0.720907234741661,0.5698423399717036,0.9416666666666667,0.6257904984219825,0.0,0.0,0.0,9651.937313623146,3598.942637644679,1940.0,haco_safemarl_pilot,generalization,21273409,8
0.0,0.0,300.0,0.015416666666666667,0.8382273809802511,0.815819998744692,0.13333333333333333,0.9988181474573639,0.0,0.0,0.0,913.335792329129,448.5417189903209,888.0,mappo_acoustic_shield,generalization,21273409,8
0.0,0.75,300.0,0.42333333333333334,0.6961686934181491,0.2892833724184593,0.7166666666666667,0.6971175682529476,0.0,277.0,0.0,6828.0000000000455,4466.566331476291,0.0,fixed_auv_ga_pso_tlbo_proxy,generalization,21283416,8
0.0,1.0,272.0,0.46277573529411764,0.624431437314392,0.13165760976430535,0.7544642857142857,0.6386921253233031,0.0,255.0,0.0,8652.320000000038,5177.499999999992,0.0,independent_greedy,generalization,21283416,8
0.0,0.5,300.0,0.5,0.7318505072527834,0.4426889186923671,0.75,0.6592971891691497,0.0,141.0,0.0,9103.61869211177,4545.71049849991,0.0,communication_aware,generalization,21283416,8
0.0,0.625,300.0,0.22916666666666666,0.7734085520948342,0.3070963611475672,0.3125,0.8656036791942754,0.0,17.0,0.0,8379.985749891572,3101.8670694444995,1181.0,haco_safemarl_pilot_no_acoustic,generalization,21283416,8
0.0,0.625,300.0,0.37125,0.7256338683694468,0.3010977943489043,0.5,0.7851765187571322,0.0,397.0,0.0,10071.559968384257,3228.921762440858,0.0,haco_safemarl_pilot_no_shield,generalization,21283416,8
0.0,0.625,300.0,0.2375,0.8134623211383918,0.5792295073162828,0.375,0.8666494832353054,0.0,17.0,0.0,7968.982160538521,3095.4658934028976,1238.0,haco_safemarl_pilot,generalization,21283416,8
0.0,0.0,300.0,0.06541666666666666,0.8415662334976456,0.7994537461487952,0.1875,0.9833504422613163,0.0,14.0,0.0,1587.9126828575852,1049.5474264186337,1165.0,mappo_acoustic_shield,generalization,21283416,8
0.0,0.875,300.0,0.5645833333333333,0.5519143565092389,0.20616680722295166,0.875,0.6529094461285739,0.0,631.0,0.05333333333333334,6828.0000000000455,3583.0179068153366,0.0,fixed_auv_ga_pso_tlbo_proxy,generalization,21293423,8
0.0,1.0,251.0,0.6120517928286853,0.48776775546284357,0.07108912283065769,0.875,0.5257749197414585,0.055776892430278883,504.0,0.17928286852589642,7984.310000000043,3772.5000000003497,0.0,independent_greedy,generalization,21293423,8
0.0,0.25,300.0,0.64,0.6733218991096561,0.42654474075065846,0.875,0.6029309141222573,0.0,772.0,0.05333333333333334,8737.850038658844,3742.8091524405013,0.0,communication_aware,generalization,21293423,8
0.0,0.25,300.0,0.48125,0.6440371840395961,0.2910086222582996,0.625,0.6171759281158737,0.0,0.0,0.12333333333333334,5624.416814295949,2766.2584231316887,2269.0,haco_safemarl_pilot_no_acoustic,generalization,21293423,8
0.0,0.375,300.0,0.665,0.5373664948280888,0.2565851152456719,0.875,0.5336988110567759,0.0,576.0,0.03,9939.080104593648,3244.6878624353167,0.0,haco_safemarl_pilot_no_shield,generalization,21293423,8
0.0,0.0,300.0,0.4666666666666667,0.7575576109876359,0.584869775362707,0.625,0.6464034339952908,0.0,0.0,0.06666666666666667,5351.631245510512,3036.7745793778768,2260.0,haco_safemarl_pilot,generalization,21293423,8
0.0,0.0,300.0,0.09625,0.8454689616186617,0.7681457164005203,0.25,0.9641426383685529,0.0,0.0,0.0,2998.7627622621812,2882.0994476490278,1229.0,mappo_acoustic_shield,generalization,21293423,8
0.0,0.875,300.0,0.53125,0.591170967205488,0.219704314479487,0.75,0.6367476001402128,0.0,144.0,0.0,6828.0000000000455,5035.427421797883,0.0,fixed_auv_ga_pso_tlbo_proxy,generalization,21303430,8
0.0,1.0,263.0,0.5784220532319392,0.5436365197900602,0.27727909424067426,0.75,0.5622702376386495,0.0,110.0,0.0,8366.030000000044,5740.2999999999965,0.0,independent_greedy,generalization,21303430,8
0.0,0.5,300.0,0.5595833333333333,0.7161436780483914,0.5630099754652922,0.75,0.6015330559176487,0.0,289.0,0.0,8904.011519556649,4739.9565239612,0.0,communication_aware,generalization,21303430,8
0.0,0.625,300.0,0.44958333333333333,0.7271748889219437,0.49298375157222213,0.65,0.7398178861009996,0.0,32.0,0.0,5429.591011696402,2302.5479441829157,1741.0,haco_safemarl_pilot_no_acoustic,generalization,21303430,8
0.0,0.625,300.0,0.4683333333333333,0.6748720677132273,0.45487200669254746,0.625,0.7157899919528838,0.0,571.0,0.0,9825.095467332329,3087.0056642519985,0.0,haco_safemarl_pilot_no_shield,generalization,21303430,8
0.0,0.375,300.0,0.42083333333333334,0.7707097274921825,0.6156695583680076,0.625,0.7423159673940337,0.0,32.0,0.0,8650.128664115873,3845.8360436641974,1540.0,haco_safemarl_pilot,generalization,21303430,8
0.0,0.125,300.0,0.005,0.8716651994932768,0.8184512487401545,0.05,0.9998232680108846,0.0,31.0,0.0,1603.1583331485515,1733.8937056524119,825.0,mappo_acoustic_shield,generalization,21303430,8
0.0,0.75,300.0,0.6033333333333334,0.5013939520405631,0.20724883087483295,0.875,0.60304482057498,0.0,480.0,0.0,6828.0000000000455,3342.10252115843,0.0,fixed_auv_ga_pso_tlbo_proxy,generalization,21313437,8
0.0,1.0,247.0,0.6189271255060729,0.4667694720514954,0.12970481659661287,0.875,0.5757465292934314,0.0,384.0,0.0,7857.070000000042,3462.1000000000035,0.0,independent_greedy,generalization,21313437,8
0.0,0.125,300.0,0.6520833333333333,0.6684145030202598,0.48281733404109173,0.875,0.5633431259972879,0.0,526.0,0.0,8662.208495220259,3535.8662125499854,0.0,communication_aware,generalization,21313437,8
0.0,0.125,300.0,0.5029166666666667,0.6398641767025031,0.30335439115458357,0.625,0.5888610944474703,0.0,15.0,0.0,5436.708768662369,3022.9040533369052,2531.0,haco_safemarl_pilot_no_acoustic,generalization,21313437,8
0.0,0.25,300.0,0.69125,0.5160009651678752,0.3131982793110811,0.875,0.49226566586430187,0.0,531.0,0.0,9853.058692884531,3239.829607746325,0.0,haco_safemarl_pilot_no_shield,generalization,21313437,8
0.0,0.0,300.0,0.50125,0.7562802267526944,0.5915855892859625,0.625,0.591801812049889,0.0,15.0,0.0,5400.04286464427,3127.4489506921777,2553.0,haco_safemarl_pilot,generalization,21313437,8
0.0,0.0,300.0,0.12458333333333334,0.8456541980287388,0.7483880576612368,0.125,0.8758321415206437,0.0,11.0,0.0,2122.1636933528334,2667.8042659325174,1123.0,mappo_acoustic_shield,generalization,21313437,8
0.0,1.0,237.0,0.4883966244725738,0.6090631834852896,0.34978122923701455,0.875,0.7328612197780122,0.0,107.0,0.0,5394.120000000032,2738.1504784702893,0.0,fixed_auv_ga_pso_tlbo_proxy,generalization,21323444,8
0.0,1.0,181.0,0.5,0.5988850919437761,0.2601121193332328,0.875,0.6866694612993921,0.0,82.0,0.0,5757.610000000015,2398.4999999999973,0.0,independent_greedy,generalization,21323444,8
0.0,0.375,300.0,0.6241666666666666,0.6553320708941757,0.4953962478785687,0.875,0.6618799379941547,0.0,300.0,0.0,8723.001293301782,3670.525612532449,0.0,communication_aware,generalization,21323444,8
0.0,0.625,300.0,0.5366666666666666,0.6405574914888376,0.4309834085986877,0.875,0.7151357003023753,0.0,0.0,0.0,9454.819496921304,2997.8974235598475,1677.0,haco_safemarl_pilot_no_acoustic,generalization,21323444,8
0.0,0.875,300.0,0.6625,0.5190819800936496,0.36391978793840274,0.875,0.5852350573258557,0.0,195.0,0.0,10074.79611198381,2747.2345640659773,0.0,haco_safemarl_pilot_no_shield,generalization,21323444,8
0.0,0.25,300.0,0.5016666666666667,0.7423891768026339,0.6316527693982646,0.75,0.7118764183301802,0.0,0.0,0.0,9692.297213985295,3824.444518566331,1616.0,haco_safemarl_pilot,generalization,21323444,8
0.0,0.0,300.0,0.02125,0.8503742974339397,0.8220393942613445,0.125,0.9967111680312413,0.0,0.0,0.0,662.1368941546621,753.7950312413896,852.0,mappo_acoustic_shield,generalization,21323444,8
0.0,0.75,300.0,0.5575,0.5456024523648287,0.18372489845652326,0.75,0.5814827799276483,0.0,644.0,0.0,6828.0000000000455,3979.165357218838,0.0,fixed_auv_ga_pso_tlbo_proxy,generalization,21333451,8
0.0,1.0,269.0,0.5943308550185874,0.48415784236184956,0.10227593418271635,0.75,0.5228226270903656,0.0,582.0,0.0,8556.89000000004,4668.699999999995,0.0,independent_greedy,generalization,21333451,8
0.0,0.375,300.0,0.5870833333333333,0.70084895386404,0.5098316374562055,0.75,0.5491173470708961,0.0,571.0,0.0,8829.700675443592,4286.225442090563,0.0,communication_aware,generalization,21333451,8
0.0,0.375,300.0,0.32625,0.7389577844706812,0.2972102003362579,0.375,0.7615593113902804,0.0,40.0,0.0,9928.510347500385,4188.829049253405,1676.0,haco_safemarl_pilot_no_acoustic,generalization,21333451,8
0.0,0.625,300.0,0.5704166666666667,0.6255678761570295,0.24292836982437374,0.75,0.5619113722503012,0.0,97.0,0.0,9900.72834473667,3224.325349181856,0.0,haco_safemarl_pilot_no_shield,generalization,21333451,8
0.0,0.25,300.0,0.3325,0.7960846946280391,0.6006858987882143,0.49166666666666664,0.7650603127760892,0.0,37.0,0.0,9697.76558758196,4072.8708011644703,1725.0,haco_safemarl_pilot,generalization,21333451,8
0.0,0.0,300.0,0.12666666666666668,0.8370892317677031,0.7520420683200943,0.14166666666666666,0.8749808800128683,0.0,23.0,0.0,862.6022827079404,1265.2400288244557,988.0,mappo_acoustic_shield,generalization,21333451,8
0.0,0.75,300.0,0.7745833333333333,0.44780386681341156,0.20625422532892546,1.0,0.5924045046445819,0.0,115.0,0.0,6828.0000000000455,2988.765376263069,0.0,fixed_auv_ga_pso_tlbo_proxy,generalization,21343458,8
0.0,1.0,254.0,0.7854330708661418,0.40064092734030254,0.06525192019130915,1.0,0.4384780040682,0.0,86.0,0.003937007874015748,8079.740000000044,3068.3000000000065,0.0,independent_greedy,generalization,21343458,8
0.0,0.0,300.0,0.8241666666666667,0.6340674429779386,0.411543519738199,1.0,0.6732141774761491,0.0,111.0,0.0,8360.744543743911,3035.069091879953,0.0,communication_aware,generalization,21343458,8
0.0,0.25,300.0,0.6395833333333333,0.5624902582940845,0.17294000250943242,0.975,0.6685021120635802,0.0,0.0,0.0,5069.334881912028,1251.1296510405987,2203.0,haco_safemarl_pilot_no_acoustic,generalization,21343458,8
0.0,0.25,300.0,0.7933333333333333,0.47771545513727603,0.21962584002556848,1.0,0.5772421818054966,0.0,87.0,0.0,9894.303873382445,3072.8129612430944,0.0,haco_safemarl_pilot_no_shield,generalization,21343458,8
0.0,0.125,300.0,0.67375,0.6986076511228483,0.5142799952934548,1.0,0.7642595361894998,0.0,0.0,0.0,4838.539362236745,1389.9575607305221,2278.0,haco_safemarl_pilot,generalization,21343458,8
0.0,0.0,300.0,0.14708333333333334,0.833061752926098,0.7231041922140649,0.375,0.9023823860123462,0.0,0.0,0.056666666666666664,1294.1899227132549,863.0942199475837,1120.0,mappo_acoustic_shield,generalization,21343458,8
0.0,0.875,300.0,0.69375,0.45957746795524373,0.22097766258983081,0.875,0.46487443288129765,0.0,0.0,0.0,6828.0000000000455,4484.312893566884,0.0,fixed_auv_ga_pso_tlbo_proxy,generalization,21353465,8
1.0,1.0,297.0,0.6620370370370371,0.3986735740398588,0.05601560113871925,0.875,0.47652651894991654,0.0,0.0,0.06734006734006734,9447.570000000025,6194.700000000018,0.0,independent_greedy,generalization,21353465,8
0.0,0.375,300.0,0.7275,0.6159292343922257,0.4837812910675433,0.875,0.42553047543984324,0.0,0.0,0.0,8506.986894754562,3616.6917838489917,0.0,communication_aware,generalization,21353465,8
0.0,0.625,300.0,0.62375,0.5681531382167483,0.2829149930087914,0.75,0.5084332646331894,0.0,0.0,0.05,9414.863992689554,2586.5534400528745,1724.0,haco_safemarl_pilot_no_acoustic,generalization,21353465,8
0.0,0.375,300.0,0.6954166666666667,0.5064647214212311,0.29037427996250414,0.875,0.44442679393858875,0.0,0.0,0.02666666666666667,9702.620726448069,3154.296380878766,0.0,haco_safemarl_pilot_no_shield,generalization,21353465,8
0.0,0.25,300.0,0.6433333333333333,0.7029457453042365,0.5819709925083829,0.825,0.5236342015259274,0.0,0.0,0.04,9396.387549055515,3412.2791492427223,1720.0,haco_safemarl_pilot,generalization,21353465,8
0.0,0.0,300.0,0.07041666666666667,0.8439597858060113,0.7984255436928056,0.17083333333333334,0.9829828135465097,0.0,0.0,0.0,553.8478477933706,498.069904544002,1045.0,mappo_acoustic_shield,generalization,21353465,8
0.0,0.75,300.0,0.51375,0.6022506520573535,0.40399177086282256,0.875,0.799039314488131,0.0,72.0,0.09,6828.000000000045,3686.3999041007505,0.0,fixed_auv_ga_pso_tlbo_proxy,generalization,21363472,8
0.0,1.0,271.0,0.6429889298892989,0.531386354128055,0.27764309809802246,0.875,0.5983962218480339,0.02214022140221402,55.0,0.1033210332103321,8620.510000000038,4446.500000000003,0.0,independent_greedy,generalization,21363472,8
0.0,0.25,300.0,0.55875,0.7118371605378631,0.5874990351405531,0.875,0.7655996558880808,0.0,21.0,0.16333333333333333,8906.56274791484,3630.599589298903,0.0,communication_aware,generalization,21363472,8
0.0,0.5,300.0,0.4995833333333333,0.683056307592114,0.44290997218648537,0.875,0.7866120081110882,0.0,0.0,0.08333333333333333,10235.614690544902,3205.9433653834817,1671.0,haco_safemarl_pilot_no_acoustic,generalization,21363472,8
0.0,0.625,300.0,0.5966666666666667,0.6189497796758902,0.4004069177718316,0.875,0.6922049523799578,0.0,130.0,0.08666666666666667,10327.994411150627,2799.1143751416294,0.0,haco_safemarl_pilot_no_shield,generalization,21363472,8
0.0,0.125,300.0,0.46791666666666665,0.7549159147886719,0.6548462064873597,0.75,0.7829954673447337,0.0,0.0,0.15,7422.9987673295245,2987.507126532215,1824.0,haco_safemarl_pilot,generalization,21363472,8
0.0,0.0,300.0,0.0033333333333333335,0.8596046921392552,0.8297017213294833,0.03333333333333333,0.9999664444386582,0.0,0.0,0.06666666666666667,1105.5426908875627,541.5077662136855,812.0,mappo_acoustic_shield,generalization,21363472,8
0.0,0.75,300.0,0.465,0.6292710532824903,0.33313877337271414,0.75,0.7420335150171465,0.0,434.0,0.0,6828.0000000000455,4314.8029052009,0.0,fixed_auv_ga_pso_tlbo_proxy,generalization,21373479,8
0.0,1.0,262.0,0.4952290076335878,0.5755514608117465,0.18159142832991151,0.75,0.7062768158797627,0.0,365.0,0.0,8334.220000000043,4893.099999999995,0.0,independent_greedy,generalization,21373479,8
0.0,0.375,300.0,0.5008333333333334,0.7357987751455223,0.6120861453746733,0.75,0.7025890765800216,0.0,453.0,0.0,9047.662275377244,4391.8073387246795,0.0,communication_aware,generalization,21373479,8
0.0,0.5,300.0,0.44,0.7167990959979736,0.4423699541964,0.75,0.7601451665828894,0.0,0.0,0.0,9755.479436932983,3762.4936124741002,1462.0,haco_safemarl_pilot_no_acoustic,generalization,21373479,8
0.0,0.375,300.0,0.49416666666666664,0.6409596596842395,0.37006458216731775,0.75,0.6992822112604122,0.0,432.0,0.0,9951.737783323368,3414.532924188757,0.0,haco_safemarl_pilot_no_shield,generalization,21373479,8
0.0,0.375,300.0,0.4066666666666667,0.7813517533607371,0.6449760539246658,0.75,0.7698419447454814,0.0,0.0,0.0,9923.551984685959,4426.225902189297,1422.0,haco_safemarl_pilot,generalization,21373479,8
0.0,0.0,300.0,0.01,0.8434319600969405,0.8244241720917392,0.1,0.9996911699963925,0.0,0.0,0.0,1018.1556187083645,796.9309744807742,1119.0,mappo_acoustic_shield,generalization,21373479,8
0.0,0.875,300.0,0.54875,0.5625598969741087,0.25191127652373696,0.875,0.6951194793740603,0.0,394.0,0.07666666666666666,6828.0000000000455,4115.584947050509,0.0,fixed_auv_ga_pso_tlbo_proxy,generalization,21383486,8
0.0,1.0,249.0,0.6410642570281124,0.5232147161622924,0.13196563687134247,0.875,0.5643606874056232,0.0321285140562249,319.0,0.10040160642570281,7920.690000000042,4377.100000000001,0.0,independent_greedy,generalization,21383486,8
0.0,0.25,300.0,0.5479166666666667,0.6991127915451208,0.4758686477529903,0.75,0.6317509841749752,0.0,320.0,0.08,8936.494776774418,4319.1327815176855,0.0,communication_aware,generalization,21383486,8
0.0,0.5,300.0,0.39708333333333334,0.734446150475936,0.5066955072855044,0.75,0.8297623349935334,0.0,10.0,0.10333333333333333,6381.7862674320295,2563.9136977050075,1717.0,haco_safemarl_pilot_no_acoustic,generalization,21383486,8
0.0,0.375,300.0,0.5604166666666667,0.5916706093790233,0.2669556690159384,0.75,0.6199977940963945,0.0,576.0,0.08,9894.529240940628,3174.266658618173,0.0,haco_safemarl_pilot_no_shield,generalization,21383486,8
0.0,0.25,300.0,0.38375,0.7899405879404761,0.6768746014177748,0.75,0.8451330613086442,0.0,10.0,0.07333333333333333,7767.343526240584,3264.6203867274985,1620.0,haco_safemarl_pilot,generalization,21383486,8
0.0,0.125,300.0,0.03875,0.8631700341919781,0.8345815165925083,0.125,0.9907550607513363,0.0,9.0,0.14333333333333334,1051.9162856935216,693.0501178046466,622.0,mappo_acoustic_shield,generalization,21383486,8
0.0,0.875,300.0,0.4820833333333333,0.637658473639251,0.31131785850016364,0.75,0.7549404275280445,0.0,181.0,0.0,6828.0000000000455,4084.456530990684,0.0,fixed_auv_ga_pso_tlbo_proxy,generalization,21393493,8
0.0,1.0,243.0,0.529835390946502,0.590352803866984,0.20811298506557474,0.75,0.602328572721345,0.0,137.0,0.0,7729.83000000004,4048.900000000003,0.0,independent_greedy,generalization,21393493,8
0.0,0.375,300.0,0.5979166666666667,0.7092118785340356,0.5224182456667514,0.875,0.6859064445914638,0.0,177.0,0.0,8889.417577355709,3777.040620570644,0.0,communication_aware,generalization,21393493,8
0.0,0.625,300.0,0.35083333333333333,0.7336016688148145,0.38884178707190153,0.5833333333333334,0.8534507006328685,0.0,25.0,0.0,8693.574724699314,2802.9692639257282,1441.0,haco_safemarl_pilot_no_acoustic,generalization,21393493,8
0.0,0.75,300.0,0.5470833333333334,0.6610008480210503,0.43726798127095484,0.75,0.6538669697435552,0.0,179.0,0.0,10192.916778425157,2850.817110737405,0.0,haco_safemarl_pilot_no_shield,generalization,21393493,8
0.0,0.25,300.0,0.39458333333333334,0.7717127658247538,0.619281179207145,0.625,0.7667108997741845,0.0,19.0,0.0,9789.733361272605,3874.7840284586355,1495.0,haco_safemarl_pilot,generalization,21393493,8
0.0,0.0,300.0,0.017916666666666668,0.8552988225760909,0.8107436741749667,0.125,0.9977960457620353,0.0,0.0,0.0,1568.9962391136296,1409.9669643127975,814.0,mappo_acoustic_shield,generalization,21393493,8
0.0,0.75,300.0,0.6645833333333333,0.45235937184202657,0.2603564663131994,1.0,0.7729822124693823,0.0,244.0,0.0,6828.0000000000455,3501.543840175263,0.0,fixed_auv_ga_pso_tlbo_proxy,generalization,21403500,8
0.0,1.0,283.0,0.7314487632508834,0.37030724482612853,0.20381165862322959,1.0,0.7822848241377472,0.0,240.0,0.0,9002.230000000032,4795.700000000001,0.0,independent_greedy,generalization,21403500,8
0.0,0.0,300.0,0.7095833333333333,0.6347062490235945,0.5259040592305071,1.0,0.78021051470742,0.0,175.0,0.0,8492.945858967023,3045.3099869873013,0.0,communication_aware,generalization,21403500,8
0.0,0.125,300.0,0.6891666666666667,0.5717185352456081,0.41434204867260255,1.0,0.8531752844191738,0.0,0.0,0.0,9981.01785111955,3613.5549493810922,1881.0,haco_safemarl_pilot_no_acoustic,generalization,21403500,8
0.0,0.25,300.0,0.7429166666666667,0.4668028103419503,0.33519316811827127,1.0,0.7976353105319668,0.0,213.0,0.0,9886.25495646921,3142.4030544260618,0.0,haco_safemarl_pilot_no_shield,generalization,21403500,8
0.0,0.0,300.0,0.6833333333333333,0.7003661264756806,0.6432561128241453,1.0,0.8709288297973709,0.0,0.0,0.0,9472.724865867176,3465.8599539070656,1891.0,haco_safemarl_pilot,generalization,21403500,8
0.0,0.0,300.0,0.0,0.8673930885314112,0.8145082123990998,0.0,0.9999999999843749,0.0,0.0,0.0,597.8198620777316,282.29145454251216,513.0,mappo_acoustic_shield,generalization,21403500,8
0.0,1.0,281.0,0.6245551601423488,0.532466440573682,0.21613660963552733,0.875,0.6284193884890992,0.0,229.0,0.0,6395.560000000041,4158.91196269419,0.0,fixed_auv_ga_pso_tlbo_proxy,generalization,21413507,8
0.0,1.0,215.0,0.6255813953488372,0.5318210549369528,0.21611391075034792,0.875,0.6238808125107722,0.0,177.0,0.0,6839.150000000029,3798.6999999999975,0.0,independent_greedy,generalization,21413507,8
0.0,0.5,300.0,0.67125,0.6447451406102871,0.45166235818148837,0.875,0.5656361078543922,0.0,78.0,0.0,8604.695339047668,3793.859198793916,0.0,communication_aware,generalization,21413507,8
0.0,0.625,300.0,0.5,0.6345077409344473,0.35003523080567656,0.75,0.7158025339089468,0.0,16.0,0.02666666666666667,7564.306219538285,2706.121862834117,1662.0,haco_safemarl_pilot_no_acoustic,generalization,21413507,8
0.0,0.5,300.0,0.5633333333333334,0.5952253982362337,0.31227681152120385,0.75,0.6430893470773427,0.0,129.0,0.0,9741.83165947123,3250.3577608014816,0.0,haco_safemarl_pilot_no_shield,generalization,21413507,8
0.0,0.25,300.0,0.55875,0.7265618586724901,0.6068789159435821,0.75,0.6479043707807156,0.0,16.0,0.0,9394.544359554977,3675.2121903672487,1575.0,haco_safemarl_pilot,generalization,21413507,8
0.0,0.0,300.0,0.016666666666666666,0.8693058601926691,0.8172475515109763,0.125,0.9979931192499609,0.0,21.0,0.0,890.9575018988925,1180.181897933359,633.0,mappo_acoustic_shield,generalization,21413507,8
0.0,0.75,300.0,0.7425,0.5103026143353753,0.20813398856519547,1.0,0.5988973077911334,0.0,167.0,0.0,6828.0000000000455,3517.3302431071356,0.0,fixed_auv_ga_pso_tlbo_proxy,generalization,21423514,8
0.0,1.0,262.0,0.7428435114503816,0.44237813518966607,0.05676027840273196,1.0,0.5165662649971922,0.0,172.0,0.0,8334.220000000043,4017.300000000002,0.0,independent_greedy,generalization,21423514,8
0.0,0.25,300.0,0.7808333333333334,0.669391032471971,0.4722440300582063,1.0,0.599551001894027,0.0,263.0,0.0,8495.16881461059,3319.1841723814905,0.0,communication_aware,generalization,21423514,8
0.0,0.375,300.0,0.5508333333333333,0.6214755579222011,0.3250581871807304,0.75,0.678464003103041,0.0,18.0,0.0,10183.401741430662,3486.592779457173,1606.0,haco_safemarl_pilot_no_acoustic,generalization,21423514,8
0.0,0.375,300.0,0.6516666666666666,0.5569819798618422,0.29125355185129315,0.8708333333333333,0.6399865206862712,0.0,250.0,0.0,9922.57442274885,3057.1205290036946,0.0,haco_safemarl_pilot_no_shield,generalization,21423514,8
0.0,0.25,300.0,0.5341666666666667,0.727523892674921,0.5326580767737705,0.75,0.6766235621898732,0.0,18.0,0.0,9736.405571083851,3335.0550660672307,1630.0,haco_safemarl_pilot,generalization,21423514,8
0.0,0.0,300.0,0.12666666666666668,0.8257191575204208,0.6450065056562745,0.14166666666666666,0.8749808800128683,0.0,16.0,0.0,878.9648396187849,619.9169290737877,1076.0,mappo_acoustic_shield,generalization,21423514,8
0.0,1.0,276.0,0.5538949275362319,0.5943485959572662,0.25610938356450813,0.875,0.6689103288545429,0.0,53.0,0.014492753623188406,6281.76000000004,4027.3647205577736,0.0,fixed_auv_ga_pso_tlbo_proxy,generalization,21433521,8
0.0,1.0,211.0,0.5817535545023697,0.5750484363843619,0.19028361810646063,0.875,0.6193413387597497,0.0,40.0,0.014218009478672985,6711.910000000027,3620.50000000001,0.0,independent_greedy,generalization,21433521,8
0.0,0.625,300.0,0.6325,0.6681159172159752,0.4548053264590264,0.875,0.6431675374876933,0.0,144.0,0.013333333333333334,8773.27763382937,3833.8503653218854,0.0,communication_aware,generalization,21433521,8
0.0,0.875,300.0,0.34291666666666665,0.7129010473768065,0.26279215820951307,0.5,0.8176276613690024,0.0,0.0,0.0,10141.684268330566,3082.434564912696,1121.0,haco_safemarl_pilot_no_acoustic,generalization,21433521,8
0.0,0.75,300.0,0.41333333333333333,0.6809680811893039,0.29223876978574487,0.5708333333333333,0.7413053492867194,0.0,49.0,0.0,9991.161268694814,2969.1213680052488,0.0,haco_safemarl_pilot_no_shield,generalization,21433521,8
0.0,0.5,300.0,0.4,0.7732254532152619,0.5602117617877733,0.5791666666666667,0.7553063769523819,0.0,0.0,0.0,9749.258428589605,3273.0162576171406,1255.0,haco_safemarl_pilot,generalization,21433521,8
0.0,0.125,300.0,0.03166666666666667,0.86486166132626,0.8291331956840869,0.125,0.992569570212465,0.0,0.0,0.023333333333333334,879.8714450428605,290.5499671485725,384.0,mappo_acoustic_shield,generalization,21433521,8
0.0,0.625,300.0,0.6216666666666667,0.5675244106366978,0.18182357900172477,1.0,0.6570732702086653,0.0,105.0,0.11666666666666667,6828.0000000000455,3462.6395242745543,0.0,fixed_auv_ga_pso_tlbo_proxy,generalization,21443528,8
0.0,0.75,300.0,0.70625,0.4810592443507945,0.04717105496685076,1.0,0.6021509153515394,0.08333333333333333,81.0,0.19666666666666666,9543.000000000024,4938.6999999999925,0.0,independent_greedy,generalization,21443528,8
0.0,0.125,300.0,0.6929166666666666,0.6716688662737282,0.3964283122312303,1.0,0.6660727423603933,0.0,91.0,0.11,8638.893384184797,3137.774249554659,0.0,communication_aware,generalization,21443528,8
0.0,0.5,300.0,0.5329166666666667,0.6176819617079413,0.20647769702059143,0.875,0.6830669498672199,0.0,0.0,0.09666666666666666,5366.063539305471,1451.8250062896332,1952.0,haco_safemarl_pilot_no_acoustic,generalization,21443528,8
0.0,0.375,300.0,0.64375,0.555679944913884,0.246042054285848,0.875,0.6384765474382657,0.0,83.0,0.10333333333333333,10084.648675984387,3017.7312190371877,0.0,haco_safemarl_pilot_no_shield,generalization,21443528,8
0.0,0.125,300.0,0.5725,0.7287310421165261,0.5457682439676053,0.8291666666666667,0.6880235293712926,0.0,0.0,0.15,3511.8765167547135,1554.5815052175587,2201.0,haco_safemarl_pilot,generalization,21443528,8
0.0,0.0,300.0,0.05291666666666667,0.8436174766939621,0.790973727828357,0.125,0.9880832077307916,0.0,32.0,0.17333333333333334,2067.2274206818465,1270.2677153219695,1195.0,mappo_acoustic_shield,generalization,21443528,8
0.0,0.625,300.0,0.4116666666666667,0.6960133215761337,0.3539732411010745,0.75,0.7992521182211461,0.0,244.0,0.0,6828.0000000000455,4319.4517243035625,0.0,fixed_auv_ga_pso_tlbo_proxy,generalization,21453535,8
0.0,1.0,261.0,0.46024904214559387,0.6322833121638316,0.24127726564713345,0.6574074074074074,0.7257515050389245,0.0,250.0,0.0,8302.410000000044,4610.899999999989,0.0,independent_greedy,generalization,21453535,8
0.0,0.5,300.0,0.4716666666666667,0.7549123932372317,0.5397525721074361,0.75,0.7456167036113012,0.0,197.0,0.0,9146.154485976802,4655.843370362658,0.0,communication_aware,generalization,21453535,8
0.0,0.375,300.0,0.25,0.7620356661971277,0.3047586653216868,0.5,0.8669109714331372,0.0,0.0,0.0,9732.037884091553,3235.111150288341,1007.0,haco_safemarl_pilot_no_acoustic,generalization,21453535,8
0.0,0.5,300.0,0.3120833333333333,0.7191413035964286,0.3371312767518636,0.5,0.807702177318478,0.0,100.0,0.0,10017.157057995255,3222.6017901611076,0.0,haco_safemarl_pilot_no_shield,generalization,21453535,8
0.0,0.375,300.0,0.2604166666666667,0.8068583288449522,0.569486106856036,0.5,0.8556142689026071,0.0,0.0,0.0,9832.313548346943,3297.401991734974,990.0,haco_safemarl_pilot,generalization,21453535,8
0.0,0.0,300.0,0.0,0.8619607032827893,0.8355398017982643,0.0,0.9999999999843749,0.0,0.0,0.0,954.5055234101559,803.6836507041322,541.0,mappo_acoustic_shield,generalization,21453535,8
0.0,0.75,300.0,0.61375,0.5746189366383873,0.1819738652838906,1.0,0.7525984921670971,0.0,142.0,0.0,6828.0000000000455,3826.639335816436,0.0,fixed_auv_ga_pso_tlbo_proxy,generalization,21463542,8
0.0,1.0,289.0,0.648356401384083,0.5167337921906718,0.08151358855705258,1.0,0.7589598202485404,0.0,110.0,0.0,9193.09000000003,5146.699999999993,0.0,independent_greedy,generalization,21463542,8
0.0,0.375,300.0,0.6704166666666667,0.6689335719344627,0.3477809947415783,1.0,0.7551499482615894,0.0,162.0,0.0,8690.174954483855,3200.597910610914,0.0,communication_aware,generalization,21463542,8
0.0,0.5,300.0,0.38958333333333334,0.6894189989880211,0.2910881152556966,0.625,0.7783193690290199,0.0,0.0,0.0,4660.896380110328,1618.4367462773084,1857.0,haco_safemarl_pilot_no_acoustic,generalization,21463542,8
0.0,0.625,300.0,0.6291666666666667,0.5688359442437462,0.33456531215272817,0.9,0.730331484316701,0.0,295.0,0.0,10123.91966934842,2818.5127606991314,0.0,haco_safemarl_pilot_no_shield,generalization,21463542,8
0.0,0.375,300.0,0.4116666666666667,0.7737368511643613,0.5952671885083538,0.625,0.7660185281684575,0.0,0.0,0.0,4246.109924913001,1817.2937598174738,1876.0,haco_safemarl_pilot,generalization,21463542,8
0.0,0.0,300.0,0.05708333333333333,0.8539456987693523,0.7913445808911647,0.25,0.9888488333303088,0.0,0.0,0.05,1781.6461519979462,1334.2915762889584,1094.0,mappo_acoustic_shield,generalization,21463542,8
0.0,1.0,217.0,0.5149769585253456,0.6156542515229186,0.33368019995428044,0.875,0.7101798278318066,0.0,112.0,0.0,4938.920000000027,2626.8888697344023,0.0,fixed_auv_ga_pso_tlbo_proxy,generalization,21473549,8
0.0,1.0,166.0,0.5286144578313253,0.6086648008365961,0.2720139484332423,0.875,0.6739007813900334,0.0,84.0,0.0,5280.46000000001,2357.900000000002,0.0,independent_greedy,generalization,21473549,8
0.0,0.625,300.0,0.6529166666666667,0.6517330479483499,0.5061867089817863,0.875,0.5924558233436581,0.0,71.0,0.0,8641.654633316602,3805.0277014713974,0.0,communication_aware,generalization,21473549,8
0.0,0.75,300.0,0.5029166666666667,0.6701756695570115,0.34906767984194126,0.7875,0.7557641493442947,0.0,9.0,0.0,9181.974877722027,2866.3087991714447,1599.0,haco_safemarl_pilot_no_acoustic,generalization,21473549,8
0.0,0.75,300.0,0.5545833333333333,0.633122329340498,0.30643937406983385,0.8333333333333334,0.6760395319971158,0.0,150.0,0.0,9868.307084382066,3147.5505523723073,0.0,haco_safemarl_pilot_no_shield,generalization,21473549,8
0.0,0.375,300.0,0.6070833333333333,0.720392166892587,0.6329158060690129,0.875,0.6844715419145657,0.0,9.0,0.0,9519.614923930958,3809.033913978088,1742.0,haco_safemarl_pilot,generalization,21473549,8
0.0,0.0,300.0,0.02125,0.8539327712949106,0.8086939594689875,0.16666666666666666,0.9978936414467032,0.0,8.0,0.0,626.5885322031087,471.2618452040059,984.0,mappo_acoustic_shield,generalization,21473549,8
0.0,0.75,300.0,0.5883333333333334,0.5638099913166403,0.27020380138815503,0.9875,0.6864816814760393,0.0,338.0,0.13333333333333333,6828.0000000000455,4713.543296938417,0.0,fixed_auv_ga_pso_tlbo_proxy,generalization,21483556,8
0.0,1.0,289.0,0.7071799307958477,0.4583923522925098,0.08779470114626339,0.875,0.5190024640091819,0.0,320.0,0.0,9193.09000000003,6202.6999999999925,0.0,independent_greedy,generalization,21483556,8
0.0,0.625,300.0,0.5820833333333333,0.6741461675343164,0.5123259929524199,0.875,0.6108248611661101,0.0,240.0,0.13333333333333333,8870.649558425186,4449.013038915149,0.0,communication_aware,generalization,21483556,8
0.0,0.5,300.0,0.4266666666666667,0.6783446697200592,0.297845347277595,0.625,0.7072224712148327,0.0,0.0,0.0,10037.884806955157,3845.1732737377397,1297.0,haco_safemarl_pilot_no_acoustic,generalization,21483556,8
0.0,0.625,300.0,0.67875,0.5415590599353666,0.2365902268926187,0.875,0.5494193784064167,0.0,211.0,0.0,10321.889766428802,2797.2473116895394,0.0,haco_safemarl_pilot_no_shield,generalization,21483556,8
0.0,0.375,300.0,0.45666666666666667,0.7480166298229026,0.555566900262499,0.625,0.6793446646691597,0.0,0.0,0.04666666666666667,9592.035030344188,3737.269966113854,1300.0,haco_safemarl_pilot,generalization,21483556,8
0.0,0.0,300.0,0.052083333333333336,0.8504625179006966,0.7938313477757307,0.125,0.9793046357449127,0.0,0.0,0.0,557.6155908332083,509.2055897770945,790.0,mappo_acoustic_shield,generalization,21483556,8
0.0,0.875,300.0,0.5629166666666666,0.5285315138480102,0.1982548715769565,0.9083333333333333,0.694729179569699,0.0,112.0,0.0,6828.0000000000455,3675.608150464358,0.0,fixed_auv_ga_pso_tlbo_proxy,generalization,21493563,8
0.0,0.875,300.0,0.7108333333333333,0.41834374898153953,0.0876181724534764,1.0,0.7290622198624095,0.0,86.0,0.0,9543.000000000024,5546.70000000001,0.0,independent_greedy,generalization,21493563,8
0.0,0.25,300.0,0.6004166666666667,0.675606386694782,0.505504215453202,0.875,0.6563711495767268,0.0,224.0,0.0,8757.655716306272,3562.033046756084,0.0,communication_aware,generalization,21493563,8
0.0,0.5,300.0,0.56875,0.6235679589444201,0.2554291933426142,0.875,0.6737230252548194,0.0,7.0,0.0,10218.071745703091,3264.900345824778,1665.0,haco_safemarl_pilot_no_acoustic,generalization,21493563,8
0.0,0.375,300.0,0.6333333333333333,0.5467232398766317,0.2666504741993729,0.875,0.6220839812925053,0.0,161.0,0.0,10041.170311533999,3056.402820498282,0.0,haco_safemarl_pilot_no_shield,generalization,21493563,8
0.0,0.125,300.0,0.5875,0.7217943399880626,0.5661162242894511,0.875,0.680693069264383,0.0,7.0,0.0,9671.41701078829,3456.255121401991,1666.0,haco_safemarl_pilot,generalization,21493563,8
0.0,0.0,300.0,0.004166666666666667,0.8605758369199953,0.8198332130398788,0.041666666666666664,0.9998774681259647,0.0,6.0,0.0,1086.8910546867348,1107.8827819182147,932.0,mappo_acoustic_shield,generalization,21493563,8
0.0,0.5,300.0,0.5883333333333334,0.5544308722361078,0.21968455026842992,1.0,0.8048680738188999,0.0,309.0,0.0,6828.0000000000455,2935.037703090257,0.0,fixed_auv_ga_pso_tlbo_proxy,generalization,21503570,8
0.0,0.875,300.0,0.6370833333333333,0.4467204759585771,0.07957680578957131,0.875,0.5933149701454987,0.0,308.0,0.0,9543.000000000024,4441.100000000016,0.0,independent_greedy,generalization,21503570,8
0.0,0.125,300.0,0.65875,0.6740703112492842,0.4550461172325748,1.0,0.8202659537138832,0.0,295.0,0.0,8675.79926421999,3048.549981592709,0.0,communication_aware,generalization,21503570,8
0.0,0.0,300.0,0.51,0.6498901259145826,0.28350531073642726,0.75,0.706794338155285,0.0,10.0,0.0,5876.786635804261,2640.933962738588,2081.0,haco_safemarl_pilot_no_acoustic,generalization,21503570,8
0.0,0.125,300.0,0.6675,0.5371947253957072,0.291411375032862,0.9375,0.6293624187045943,0.0,414.0,0.0,10068.241690288267,3133.5822584949715,0.0,haco_safemarl_pilot_no_shield,generalization,21503570,8
0.0,0.0,300.0,0.5125,0.7499824769083424,0.6071859232753013,0.75,0.7038133118026427,0.0,10.0,0.0,10095.025473045014,4187.153812707493,1891.0,haco_safemarl_pilot,generalization,21503570,8
0.0,0.0,300.0,0.00625,0.8560029661037334,0.821860749530976,0.0625,0.9997625481951591,0.0,8.0,0.0,941.9669692866441,757.3121020915428,941.0,mappo_acoustic_shield,generalization,21503570,8
0.0,0.75,300.0,0.5054166666666666,0.5627419935002356,0.22514707591365124,0.75,0.6895812695710006,0.0,226.0,0.03,6828.0000000000455,3893.113723344914,0.0,fixed_auv_ga_pso_tlbo_proxy,generalization,21513577,8
0.0,1.0,270.0,0.6833333333333333,0.5059191665204352,0.13638753746929602,1.0,0.7055034139210449,0.0,173.0,0.08148148148148149,8588.700000000039,4757.500000000003,0.0,independent_greedy,generalization,21513577,8
0.0,0.375,300.0,0.5391666666666667,0.7050008837475692,0.5225953322917118,0.75,0.6473024917352523,0.0,134.0,0.02,8910.488619482654,4216.030505491796,0.0,communication_aware,generalization,21513577,8
0.0,0.625,300.0,0.46791666666666665,0.6779551911794421,0.29746871044757567,0.75,0.7619004234512907,0.0,26.0,0.03,6796.327317364145,2304.6447814768035,1678.0,haco_safemarl_pilot_no_acoustic,generalization,21513577,8
0.0,0.5,300.0,0.5408333333333334,0.6047451846886829,0.2608922455869236,0.75,0.6397418283272488,0.0,248.0,0.05,9943.371581232193,3178.9849900652903,0.0,haco_safemarl_pilot_no_shield,generalization,21513577,8
0.0,0.25,300.0,0.46708333333333335,0.7572914753942774,0.5816762490078887,0.75,0.762920066529429,0.0,26.0,0.023333333333333334,8258.02878519536,3034.207095776496,1621.0,haco_safemarl_pilot,generalization,21513577,8
0.0,0.0,300.0,0.0675,0.8431843965953222,0.7921166705098521,0.25,0.9782935815769975,0.0,18.0,0.08,1199.538227657966,1024.1762808856324,1091.0,mappo_acoustic_shield,generalization,21513577,8
0.0,0.875,300.0,0.60125,0.5408095037220569,0.26473855545210656,0.875,0.6746685033586349,0.0,328.0,0.0,6828.0000000000455,4593.0842499731025,0.0,fixed_auv_ga_pso_tlbo_proxy,generalization,21523584,8
0.0,1.0,236.0,0.6069915254237288,0.5307993670586559,0.19027632988271864,0.875,0.6049834733621795,0.0,257.0,0.0,7507.160000000037,4385.100000000006,0.0,independent_greedy,generalization,21523584,8
0.0,0.5,300.0,0.655,0.6344538894043361,0.4788741495882667,0.875,0.6167542280896834,0.0,360.0,0.0,8624.434593527047,3642.6931433306063,0.0,communication_aware,generalization,21523584,8
0.0,0.75,300.0,0.48125,0.6436297299271843,0.3447754889411179,0.875,0.7625643987209637,0.0,18.0,0.0,7156.0597011671425,2218.8007116280846,1714.0,haco_safemarl_pilot_no_acoustic,generalization,21523584,8
0.0,0.75,300.0,0.5570833333333334,0.6156208527866005,0.371297539547164,0.875,0.7443134211513406,0.0,301.0,0.0,9922.384145056909,2887.3390923685765,0.0,haco_safemarl_pilot_no_shield,generalization,21523584,8
0.0,0.375,300.0,0.5575,0.7200207504185961,0.6060832895696715,0.875,0.7419557711705208,0.0,18.0,0.0,6403.828657581012,2776.5544147686987,1943.0,haco_safemarl_pilot,generalization,21523584,8
0.0,0.125,300.0,0.15291666666666667,0.8296777378922081,0.7816014963053206,0.25,0.9363777528676888,0.0,17.0,0.0,1890.2274200404738,1397.667405804628,1278.0,mappo_acoustic_shield,generalization,21523584,8
0.0,1.0,279.0,0.6653225806451613,0.5185972661345389,0.17034431841987022,0.75,0.4294834889864419,0.0,289.0,0.0,6350.040000000041,4284.974558353347,0.0,fixed_auv_ga_pso_tlbo_proxy,generalization,21533591,8
0.0,1.0,214.0,0.6839953271028038,0.5133288474698428,0.1939640403353155,0.75,0.421075271883404,0.0,221.0,0.0,6807.340000000028,3964.3000000000084,0.0,independent_greedy,generalization,21533591,8
0.0,0.625,300.0,0.6645833333333333,0.6512705155930605,0.479578806690317,0.75,0.43442861430723473,0.0,201.0,0.04,8684.122184735408,4284.565314142086,0.0,communication_aware,generalization,21533591,8
0.0,0.625,300.0,0.49291666666666667,0.6450037355312194,0.3199194187389235,0.6291666666666667,0.6228234029361965,0.0,40.0,0.0,6792.950483626879,2503.5396327668655,1760.0,haco_safemarl_pilot_no_acoustic,generalization,21533591,8
0.0,0.625,300.0,0.5720833333333334,0.6089105640018728,0.28133618419884604,0.75,0.5254330082380724,0.0,264.0,0.0,9636.206247519318,3383.2202068834763,0.0,haco_safemarl_pilot_no_shield,generalization,21533591,8
0.0,0.5,300.0,0.495,0.7409980753803392,0.5823010357598613,0.625,0.6108952264120656,0.0,40.0,0.0,3765.2196448209356,2188.3441867103,2062.0,haco_safemarl_pilot,generalization,21533591,8
0.0,0.0,300.0,0.15166666666666667,0.8255779067659968,0.7683799614933219,0.26666666666666666,0.9110989200167222,0.0,18.0,0.1,1315.4156423249724,1158.3811739556238,1659.0,mappo_acoustic_shield,generalization,21533591,8
0.0,1.0,296.0,0.5777027027027027,0.5058276138274607,0.2970844171186046,0.875,0.7057202863094271,0.0,212.0,0.11824324324324324,6736.960000000045,4069.960375199905,0.0,fixed_auv_ga_pso_tlbo_proxy,generalization,21543598,8
0.0,1.0,227.0,0.5848017621145375,0.503097494145687,0.2829824723554223,0.875,0.6831023146301143,0.0,161.0,0.13656387665198239,7220.8700000000335,3724.300000000007,0.0,independent_greedy,generalization,21543598,8
0.0,0.125,300.0,0.6225,0.659569635928991,0.5317894596099797,0.875,0.6587345916319288,0.0,172.0,0.10666666666666667,8703.685366510206,3724.749340368322,0.0,communication_aware,generalization,21543598,8
0.0,0.5,300.0,0.5975,0.5911635623565846,0.37604300950536645,0.875,0.7155401923243743,0.0,1.0,0.08,5254.05834452163,1706.732346031869,2026.0,haco_safemarl_pilot_no_acoustic,generalization,21543598,8
0.0,0.25,300.0,0.6575,0.5039863153459898,0.3374366243950249,0.875,0.6119705246794915,0.0,277.0,0.11333333333333333,9760.755756575552,3280.2849550392984,0.0,haco_safemarl_pilot_no_shield,generalization,21543598,8
0.0,0.125,300.0,0.5925,0.7253634717267664,0.6344669200192684,0.875,0.7210692961334537,0.0,1.0,0.06666666666666667,3985.857241948597,2219.8317900078155,2093.0,haco_safemarl_pilot,generalization,21543598,8
0.0,0.0,300.0,0.0,0.8631201644747125,0.8420330176681384,0.0,0.9999999999843749,0.0,1.0,0.18,1075.0700057960064,735.511924121869,561.0,mappo_acoustic_shield,generalization,21543598,8
0.0,0.75,300.0,0.43166666666666664,0.6689407275115274,0.421248234356632,0.875,0.7897324793743438,0.0,471.0,0.0,6828.0000000000455,3607.2060183646054,0.0,fixed_auv_ga_pso_tlbo_proxy,generalization,21553605,8
0.0,1.0,259.0,0.5347490347490348,0.6206851178611503,0.24540313569049538,0.875,0.6706967828031604,0.0,421.0,0.0,8238.790000000045,3988.6999999999975,0.0,independent_greedy,generalization,21553605,8
0.0,0.125,300.0,0.5108333333333334,0.7327102477478832,0.5920574564732081,0.875,0.764194086350624,0.0,633.0,0.0,9012.081283137288,3693.3224950612066,0.0,communication_aware,generalization,21553605,8
0.0,0.5,300.0,0.3958333333333333,0.7120243440562041,0.4302646896514661,0.75,0.8679867495978494,0.0,0.0,0.0,10012.110150021903,3622.9362191664163,1378.0,haco_safemarl_pilot_no_acoustic,generalization,21553605,8
0.0,0.625,300.0,0.5375,0.6453272721464303,0.4588532212375232,0.875,0.8051341432339836,0.0,451.0,0.0,10300.804397417727,2881.303914044579,0.0,haco_safemarl_pilot_no_shield,generalization,21553605,8
0.0,0.25,300.0,0.43416666666666665,0.769232286501703,0.6509784303435509,0.875,0.8416658755486998,0.0,0.0,0.0,10161.630941596482,3902.1653569923096,1465.0,haco_safemarl_pilot,generalization,21553605,8
0.0,0.0,300.0,0.02,0.8703194777645586,0.8138052901255354,0.125,0.9970930232396391,0.0,0.0,0.0,968.2252830087114,506.6802068842648,526.0,mappo_acoustic_shield,generalization,21553605,8
0.0,0.75,300.0,0.4091666666666667,0.6820202916435162,0.4127717636957468,0.875,0.9098298642163416,0.0,126.0,0.0,6828.0000000000455,3703.9185843604932,0.0,fixed_auv_ga_pso_tlbo_proxy,generalization,21563612,8
0.0,1.0,259.0,0.48503861003861004,0.6246007617829951,0.2964684465056176,0.875,0.832301810059485,0.0,94.0,0.0,8238.790000000045,4150.100000000005,0.0,independent_greedy,generalization,21563612,8
0.0,0.25,300.0,0.47375,0.7468693345395466,0.6156223399854486,0.875,0.8746556579133318,0.0,233.0,0.0,9096.2373822562,3753.6431002950285,0.0,communication_aware,generalization,21563612,8
0.0,0.625,300.0,0.3229166666666667,0.7442108233074043,0.45750413019461256,0.7291666666666666,0.8975440983853541,0.0,0.0,0.0,10154.296991972016,3189.1084146893486,1229.0,haco_safemarl_pilot_no_acoustic,generalization,21563612,8
0.0,0.625,300.0,0.42291666666666666,0.698655928215718,0.4180002395799855,0.875,0.8624026650971928,0.0,204.0,0.0,10350.4772029158,2954.600564460665,0.0,haco_safemarl_pilot_no_shield,generalization,21563612,8
0.0,0.25,300.0,0.36875,0.7912154821365591,0.6552958590032377,0.75,0.8838149491867607,0.0,0.0,0.0,10101.400124513966,3622.742309599974,1242.0,haco_safemarl_pilot,generalization,21563612,8
0.0,0.0,300.0,0.0008333333333333334,0.8726938026463976,0.8293829719201349,0.008333333333333333,0.9999951307849567,0.0,0.0,0.0,1054.2003274973376,642.956382704489,602.0,mappo_acoustic_shield,generalization,21563612,8
0.0,0.875,300.0,0.20375,0.7801986353830922,0.5476194199926856,0.5,0.930444696940641,0.0,658.0,0.0,6828.0000000000455,4552.133228240522,0.0,fixed_auv_ga_pso_tlbo_proxy,generalization,21573619,8
0.0,1.0,240.0,0.40729166666666666,0.7329621811848915,0.4249751107487648,0.5208333333333334,0.772286414873383,0.0,524.0,0.0,7634.400000000039,4335.899999999996,0.0,independent_greedy,generalization,21573619,8
0.0,0.75,300.0,0.22666666666666666,0.8102671094344325,0.6673728447249813,0.5,0.9077286966278668,0.0,606.0,0.0,9750.473235555311,5605.69884436978,0.0,communication_aware,generalization,21573619,8
0.0,0.5,300.0,0.17458333333333334,0.8135046649388606,0.5947682120809293,0.375,0.9352106842319089,0.0,0.0,0.0,10225.758140872176,3770.894159236238,1176.0,haco_safemarl_pilot_no_acoustic,generalization,21573619,8
0.0,0.75,300.0,0.20291666666666666,0.789059761022814,0.4836645158162765,0.375,0.8962730731580484,0.0,230.0,0.0,10128.724777610403,3521.2409134842874,0.0,haco_safemarl_pilot_no_shield,generalization,21573619,8
0.0,0.375,300.0,0.17333333333333334,0.8376972538891791,0.7018727373632074,0.375,0.9363797952838945,0.0,0.0,0.0,10078.420686853146,3918.2381967595743,1179.0,haco_safemarl_pilot,generalization,21573619,8
0.0,0.0,300.0,0.0008333333333333334,0.8573121108770931,0.8353345992899155,0.008333333333333333,0.9999951307849567,0.0,0.0,0.0,1579.5001917358038,905.3666735944074,674.0,mappo_acoustic_shield,generalization,21573619,8
0.0,0.5,300.0,0.6004166666666667,0.525914866235107,0.3799840530765397,1.0,0.9090128253993025,0.0,235.0,0.0,6828.0000000000455,2658.323686328058,0.0,fixed_auv_ga_pso_tlbo_proxy,generalization,21583626,8
0.0,0.875,300.0,0.7125,0.3966698237954074,0.30111771574162843,1.0,0.8865525561617548,0.0,178.0,0.0,9543.000000000024,4339.700000000012,0.0,independent_greedy,generalization,21583626,8
0.0,0.0,300.0,0.6566666666666666,0.6839219331165747,0.6041790334542313,1.0,0.9182300117891367,0.0,199.0,0.0,8668.379655307082,2995.935123194127,0.0,communication_aware,generalization,21583626,8
0.0,0.125,300.0,0.5158333333333334,0.6545535387263414,0.48554727047709983,0.9666666666666667,0.8648580095220715,0.0,12.0,0.0,6564.847555588695,2362.574229626975,2009.0,haco_safemarl_pilot_no_acoustic,generalization,21583626,8
0.0,0.0,300.0,0.7025,0.5013099122271283,0.40854617502824,1.0,0.9269018180301434,0.0,152.0,0.0,10069.661209501346,3167.9421777042744,0.0,haco_safemarl_pilot_no_shield,generalization,21583626,8
0.0,0.0,300.0,0.48083333333333333,0.7508884991192595,0.661802277305706,0.9791666666666666,0.8377993921090624,0.0,12.0,0.0,6450.745583952018,2848.7672606289125,2004.0,haco_safemarl_pilot,generalization,21583626,8
0.0,0.0,300.0,0.034583333333333334,0.8514444857918126,0.802334562610043,0.125,0.992240418194697,0.0,12.0,0.0,1067.440898494049,873.3586251198826,1031.0,mappo_acoustic_shield,generalization,21583626,8
0.0,0.375,300.0,0.5879166666666666,0.563474473591147,0.29147427153348504,1.0,0.816914383202775,0.03,179.0,0.14,6828.0000000000455,3362.5980582659154,0.0,fixed_auv_ga_pso_tlbo_proxy,generalization,21593633,8
0.0,0.75,300.0,0.7083333333333334,0.40538909353885266,0.08023074769979863,1.0,0.6658477191862981,0.0,273.0,0.0,9543.000000000024,4503.499999999983,0.0,independent_greedy,generalization,21593633,8
0.0,0.25,300.0,0.6425,0.6874962959987321,0.5527778556952092,1.0,0.8182800383331644,0.02666666666666667,169.0,0.14333333333333334,8703.929610558105,3134.4420291940355,0.0,communication_aware,generalization,21593633,8
0.0,0.375,300.0,0.4820833333333333,0.6830170778205159,0.42524371313019826,0.75,0.7456310782366083,0.0,0.0,0.07333333333333333,10555.984313007988,3345.835710659322,1668.0,haco_safemarl_pilot_no_acoustic,generalization,21593633,8
0.0,0.375,300.0,0.685,0.5827845268394768,0.3455760943281597,1.0,0.802899527882304,0.0,255.0,0.08333333333333333,10408.791075967385,3012.5289538466004,0.0,haco_safemarl_pilot_no_shield,generalization,21593633,8
0.0,0.125,300.0,0.60625,0.7206411344642611,0.5719336645997734,1.0,0.8213325263647536,0.0,0.0,0.07666666666666666,9287.490270304032,3240.868806126011,1836.0,haco_safemarl_pilot,generalization,21593633,8
0.0,0.0,300.0,0.16208333333333333,0.8333607927362746,0.7288902153804231,0.2708333333333333,0.9351399060438746,0.0,0.0,0.03333333333333333,1369.2415961387328,361.1724291319498,1234.0,mappo_acoustic_shield,generalization,21593633,8
0.0,0.875,300.0,0.6483333333333333,0.5406064851929081,0.17558790607895158,1.0,0.8019923260405453,0.0,207.0,0.07,6828.0000000000455,3637.0969891313425,0.0,fixed_auv_ga_pso_tlbo_proxy,generalization,21603640,8
0.0,1.0,280.0,0.7401785714285715,0.4714414358347608,0.06146250992170012,1.0,0.6246385576814371,0.0,359.0,0.05357142857142857,8906.800000000034,4838.100000000014,0.0,independent_greedy,generalization,21603640,8
0.0,0.25,300.0,0.7004166666666667,0.6590138134188416,0.3601900655516115,1.0,0.8170557851383645,0.0,50.0,0.07333333333333333,8573.799302610189,3113.250242871537,0.0,communication_aware,generalization,21603640,8
0.0,0.25,300.0,0.50875,0.6118375630584222,0.19026875209871322,0.7916666666666666,0.7264162084986218,0.0,0.0,0.07666666666666666,9967.072838026696,3339.0773662905913,1586.0,haco_safemarl_pilot_no_acoustic,generalization,21603640,8
0.0,0.375,300.0,0.61875,0.5574254094478512,0.24014904613580687,0.875,0.6654741162304283,0.0,122.0,0.07666666666666666,9980.298275511987,3019.1552464544534,0.0,haco_safemarl_pilot_no_shield,generalization,21603640,8
0.0,0.25,300.0,0.5270833333333333,0.7328057335432335,0.5335156646993205,0.875,0.7485606669467253,0.0,0.0,0.07333333333333333,9570.263343722521,3217.510045810275,1648.0,haco_safemarl_pilot,generalization,21603640,8
0.0,0.0,300.0,0.10458333333333333,0.8430069821858871,0.741797868885212,0.125,0.9205163357464418,0.0,0.0,0.11666666666666667,915.5543369753673,307.5161210636698,1022.0,mappo_acoustic_shield,generalization,21603640,8
0.0,0.625,300.0,0.6008333333333333,0.5502430067356049,0.2702860460378611,0.875,0.7021697881754226,0.0,68.0,0.05333333333333334,6828.0000000000455,3925.2294311476326,0.0,fixed_auv_ga_pso_tlbo_proxy,generalization,21613647,8
0.0,1.0,267.0,0.6048689138576779,0.5004128620131624,0.2387464206513067,0.875,0.6376448346079107,0.0,57.0,0.0749063670411985,8493.27000000004,4582.8999999999905,0.0,independent_greedy,generalization,21613647,8
0.0,0.375,300.0,0.6383333333333333,0.6813186559265351,0.5560193857022038,0.875,0.6532064530833515,0.0,0.0,0.05,8732.926360982294,3921.7024177302415,0.0,communication_aware,generalization,21613647,8
0.0,0.375,300.0,0.49125,0.6622011244814106,0.406808161980044,0.75,0.7379787225288105,0.0,0.0,0.04,9941.531555145788,3668.4037015776366,1429.0,haco_safemarl_pilot_no_acoustic,generalization,21613647,8
0.0,0.375,300.0,0.5483333333333333,0.6028345257496922,0.33501775573684484,0.75,0.6531514304953356,0.0,0.0,0.05,9827.687078166335,3460.8009865609606,0.0,haco_safemarl_pilot_no_shield,generalization,21613647,8
0.0,0.375,300.0,0.5170833333333333,0.7455077653675166,0.6538579963790903,0.75,0.7185503403896641,0.0,0.0,0.04,9607.4713251206,3503.6871150897355,1545.0,haco_safemarl_pilot,generalization,21613647,8
0.0,0.0,300.0,0.11125,0.8419341190101614,0.8009313695858962,0.25,0.9634321790372665,0.0,0.0,0.09,834.8965718427864,366.9651833536293,1030.0,mappo_acoustic_shield,generalization,21613647,8
0.0,1.0,279.0,0.5694444444444444,0.5594730181179766,0.16554999937373074,1.0,0.8016731018423714,0.0,101.0,0.0,6350.040000000041,2951.938143789225,0.0,fixed_auv_ga_pso_tlbo_proxy,generalization,21623654,8
0.0,1.0,214.0,0.5677570093457944,0.5546418187191877,0.10480922455927456,1.0,0.8270903817697597,0.0,77.0,0.0,6807.340000000028,2621.3000000000015,0.0,independent_greedy,generalization,21623654,8
0.0,0.125,300.0,0.6583333333333333,0.660738663907912,0.38704004421687777,1.0,0.8006591982071387,0.0,259.0,0.0,8640.435624871712,3055.1528594670053,0.0,communication_aware,generalization,21623654,8
0.0,0.5,300.0,0.5633333333333334,0.6217420515025367,0.3003633582576665,0.9125,0.7294327672613535,0.0,0.0,0.0,10196.555994407545,3394.614332624946,1602.0,haco_safemarl_pilot_no_acoustic,generalization,21623654,8
0.0,0.5,300.0,0.645,0.5514719767867592,0.24715386389802343,1.0,0.7455997632796924,0.0,363.0,0.0,10067.59036668455,3033.1609369180533,0.0,haco_safemarl_pilot_no_shield,generalization,21623654,8
0.0,0.125,300.0,0.5883333333333334,0.7228033803463642,0.5530785530255138,0.9875,0.7523337402213275,0.0,0.0,0.0,9698.355545648104,3347.808680176753,1660.0,haco_safemarl_pilot,generalization,21623654,8
0.0,0.0,300.0,0.125,0.8324618895176858,0.6761866163829253,0.125,0.874999999984375,0.0,0.0,0.0,782.2703356837449,342.51518582827816,1070.0,mappo_acoustic_shield,generalization,21623654,8
0.0,1.0,287.0,0.6445993031358885,0.534312984371097,0.27553103678738533,0.875,0.6344095856083114,0.0,323.0,0.04529616724738676,6532.120000000043,4428.824723336464,0.0,fixed_auv_ga_pso_tlbo_proxy,generalization,21633661,8
0.0,1.0,219.0,0.651255707762557,0.511402418397429,0.1717064506541464,0.875,0.56990004025968,0.0,247.0,0.0,6966.39000000003,3996.5000000000055,0.0,independent_greedy,generalization,21633661,8
0.0,0.5,300.0,0.7,0.6377012736530908,0.4639923645773798,0.875,0.5406217149214764,0.0,111.0,0.03666666666666667,8586.024915806569,3752.5443404838643,0.0,communication_aware,generalization,21633661,8
0.0,0.75,300.0,0.49541666666666667,0.6835515860859831,0.3117955485305498,0.7875,0.8033125692529887,0.0,11.0,0.06666666666666667,7077.319721481821,2395.1316346325184,1767.0,haco_safemarl_pilot_no_acoustic,generalization,21633661,8
0.0,0.75,300.0,0.5933333333333334,0.6329555553722223,0.3348400406707119,0.875,0.6522991968569511,0.0,338.0,0.07666666666666666,9906.751847444755,2921.0557601428745,0.0,haco_safemarl_pilot_no_shield,generalization,21633661,8
0.0,0.25,300.0,0.5654166666666667,0.7259787531360138,0.5869277377336198,0.775,0.6236207354838285,0.0,12.0,0.006666666666666667,5758.742608550721,2180.140362661802,1903.0,haco_safemarl_pilot,generalization,21633661,8
0.0,0.125,300.0,0.0,0.8608027061266443,0.8223557053742081,0.0,0.9999999999843749,0.0,17.0,0.14666666666666667,1242.7877373617491,1089.959676087447,896.0,mappo_acoustic_shield,generalization,21633661,8
0.0,0.875,300.0,0.7429166666666667,0.43969317204333996,0.24259756099660112,1.0,0.7008781941544312,0.0,114.0,0.0,6828.0000000000455,4068.3832072192504,0.0,fixed_auv_ga_pso_tlbo_proxy,generalization,21643668,8
0.0,1.0,240.0,0.71875,0.4187236723594437,0.11441640411897949,1.0,0.6847127774555748,0.0,86.0,0.0,7634.40000000004,3988.1000000000076,0.0,independent_greedy,generalization,21643668,8
0.0,0.125,300.0,0.7741666666666667,0.6378117940824134,0.4845413619191074,1.0,0.6876755682284662,0.0,98.0,0.0,8397.89883695072,3239.435020472096,0.0,communication_aware,generalization,21643668,8
0.0,0.625,300.0,0.6629166666666667,0.5709794952508017,0.26769266024520516,1.0,0.7734792329633291,0.0,24.0,0.0,10130.985746435943,3338.9963406420143,1978.0,haco_safemarl_pilot_no_acoustic,generalization,21643668,8
0.0,0.375,300.0,0.7454166666666666,0.5053720310508034,0.26112516073711955,1.0,0.6683728640123867,0.0,277.0,0.0,9828.473545865307,3027.3097781411216,0.0,haco_safemarl_pilot_no_shield,generalization,21643668,8
0.0,0.125,300.0,0.6904166666666667,0.6847533599730284,0.5564036768242534,1.0,0.8325325441943128,0.0,24.0,0.0,9555.648215278525,3621.668985453513,2026.0,haco_safemarl_pilot,generalization,21643668,8
0.0,0.0,300.0,0.01,0.850291139820803,0.8268816600480158,0.1,0.9992862968845699,0.0,27.0,0.0,779.6987498304156,488.69814931629475,1169.0,mappo_acoustic_shield,generalization,21643668,8
0.0,0.875,300.0,0.5975,0.5023908577933202,0.1965081280111165,0.75,0.5216705873672002,0.0,29.0,0.0,6828.0000000000455,4909.151042677695,0.0,fixed_auv_ga_pso_tlbo_proxy,generalization,21653675,8
0.0,1.0,264.0,0.6193181818181818,0.45975439879201535,0.16284920867170974,0.75,0.4822905847974686,0.0,56.0,0.0,8397.840000000042,5715.5000000000155,0.0,independent_greedy,generalization,21653675,8
0.0,0.375,300.0,0.62,0.6582337211749407,0.4956534093666457,0.75,0.4956379965982288,0.0,0.0,0.0,8709.71541948036,4597.365216387227,0.0,communication_aware,generalization,21653675,8
0.0,0.625,300.0,0.54875,0.6227703692717425,0.29023561859506997,0.75,0.6208626413584057,0.0,0.0,0.0,9700.758511591785,3367.748363404292,1506.0,haco_safemarl_pilot_no_acoustic,generalization,21653675,8
0.0,0.375,300.0,0.59875,0.5647339144434683,0.2410855229867804,0.75,0.5354349211496421,0.0,136.0,0.0,9527.40590471282,3507.278535300083,0.0,haco_safemarl_pilot_no_shield,generalization,21653675,8
0.0,0.25,300.0,0.5829166666666666,0.7213968961865783,0.5991806902556962,0.75,0.5748081679747653,0.0,0.0,0.0,9141.219524442658,3811.155388982571,1580.0,haco_safemarl_pilot,generalization,21653675,8
0.0,0.0,300.0,0.004166666666666667,0.8425883321927826,0.8157989915823385,0.041666666666666664,0.9998774681259647,0.0,0.0,0.06333333333333334,478.8895312957843,439.4908502197656,1296.0,mappo_acoustic_shield,generalization,21653675,8
