success,task_completion,mission_time,outage_rate,mean_packet,worst_agent_packet,cvar_outage_90,comm_fairness,usv_collision_rate,auv_collision_count,colregs_violation_rate,energy,smoothness,shield_interventions,policy,scenario,seed,num_auvs
0.0,1.0,270.0,0.5592592592592592,0.5527865066090778,0.2677944504153501,0.6666666666666669,0.534397524271534,0.12962962962962962,0.0,0.2037037037037037,5004.449999999981,2274.603619503136,0.0,fixed_auv_ga_pso_tlbo_proxy,survey,21160730,3
0.0,1.0,206.0,0.551779935275081,0.518769176349799,0.09889355347569574,0.6666666666666665,0.5387099716855132,0.03398058252427184,0.0,0.0,5064.510000000007,1934.0,0.0,independent_greedy,survey,21160730,3
0.0,0.3333333333333333,300.0,0.5822222222222222,0.6897826267067927,0.5322235962238144,0.6666666666666669,0.4976906611017511,0.08333333333333333,0.0,0.24,8008.611171023565,3321.4895558958483,0.0,communication_aware,survey,21160730,3
0.0,1.0,294.0,0.5510204081632653,0.6224990217281826,0.2710100125843311,0.6666666666666669,0.6566999168456388,0.034013605442176874,0.0,0.09863945578231292,8892.68228575875,2372.292990076104,570.0,haco_safemarl_pilot_no_acoustic,survey,21160730,3
0.0,0.3333333333333333,300.0,0.6066666666666667,0.567191618520685,0.3045772088796513,0.6666666666666669,0.44956735101072987,0.02,0.0,0.14,8945.3340526123,3036.305033866796,0.0,haco_safemarl_pilot_no_shield,survey,21160730,3
0.0,0.3333333333333333,300.0,0.5755555555555556,0.7428307128453343,0.5733588617614014,0.6666666666666669,0.5104879446498751,0.02666666666666667,0.0,0.12,8717.06083463737,3063.1516500340126,605.0,haco_safemarl_pilot,survey,21160730,3
0.0,0.0,300.0,0.5333333333333333,0.6480313229520387,0.4696373147580721,0.6666666666666669,0.6039317185542824,0.0,0.0,0.0,788.1663794752219,254.0661931430007,652.0,haco_safemarl_mappo,survey,21160730,3
0.0,0.6666666666666666,300.0,0.5477777777777777,0.5526991241767021,0.5074019164183406,1.0,0.9895222899884889,0.0,42.0,0.0,5560.499999999976,2460.4856808602926,0.0,fixed_auv_ga_pso_tlbo_proxy,survey,21170737,3
0.0,1.0,244.0,0.5737704918032787,0.5224682673618546,0.4794651053997836,1.0,0.993691430767436,0.0,32.0,0.0,5998.740000000008,2430.4000000000074,0.0,independent_greedy,survey,21170737,3
0.0,0.0,300.0,0.6144444444444445,0.6972101582058947,0.6799636890152634,1.0,0.99403951020413,0.0,93.0,0.0,7963.364710973352,2945.3635182039784,0.0,communication_aware,survey,21170737,3
0.0,0.3333333333333333,300.0,0.6322222222222222,0.6193247004744198,0.5707743558442283,1.0,0.9902207994259025,0.0,0.0,0.0,9131.28528907857,3145.954007454535,615.0,haco_safemarl_pilot_no_acoustic,survey,21170737,3
0.0,0.0,300.0,0.6666666666666666,0.5209256221345795,0.4991553048456988,1.0,0.9981368102893228,0.0,86.0,0.0,9050.243276107069,3179.2348722322195,0.0,haco_safemarl_pilot_no_shield,survey,21170737,3
0.0,0.0,300.0,0.6177777777777778,0.7310236262077293,0.7223414913454712,1.0,0.9956417109259448,0.0,0.0,0.0,8939.156678339408,3245.3163990941284,617.0,haco_safemarl_pilot,survey,21170737,3
0.0,0.0,300.0,0.6011111111111112,0.6823343694279935,0.6663407914608558,1.0,0.9980794392442665,0.0,0.0,0.0,656.4280368890682,442.33446262088887,658.0,haco_safemarl_mappo,survey,21170737,3
1.0,1.0,187.0,0.0053475935828877,0.9462153071216175,0.9086636472953884,0.05263157894736842,0.9999421930780615,0.0,0.0,0.0,3466.044999999993,1830.1989333234246,0.0,fixed_auv_ga_pso_tlbo_proxy,survey,21180744,3
1.0,1.0,143.0,0.0,0.9410049605779588,0.9023416413395416,0.0,0.9999999998888889,0.0,0.0,0.0,3515.6550000000043,1526.6000000000017,0.0,independent_greedy,survey,21180744,3
1.0,1.0,162.0,0.004115226337448559,0.9461808957295849,0.9085459404688422,0.0392156862745098,0.9999658503814367,0.0,0.0,0.0,4596.75,1923.9329279237718,0.0,communication_aware,survey,21180744,3
1.0,1.0,139.0,0.002398081534772182,0.9486525194052015,0.9250596627355419,0.023809523809523808,0.9999884430692556,0.0,0.0,0.0,4375.570000000002,1150.2520994882757,3.0,haco_safemarl_pilot_no_acoustic,survey,21180744,3
1.0,1.0,139.0,0.004796163069544364,0.9485826301816671,0.9250596561765042,0.047619047619047616,0.9999535511817127,0.0,0.0,0.0,4372.040720192429,1149.3004707058708,0.0,haco_safemarl_pilot_no_shield,survey,21180744,3
1.0,1.0,139.0,0.002398081534772182,0.9486545050699863,0.9250596629053043,0.023809523809523808,0.9999884430692556,0.0,0.0,0.0,4375.717561993943,1150.2822458746653,3.0,haco_safemarl_pilot,survey,21180744,3
0.0,0.0,300.0,0.0,0.937089845024776,0.9057168799485226,0.0,0.9999999998888889,0.0,0.0,0.0,225.2230133748985,57.51018882936633,14.0,haco_safemarl_mappo,survey,21180744,3
0.0,0.6666666666666666,300.0,0.14666666666666667,0.8985314391229368,0.8440719034829091,0.45555555555555544,0.9849606731649275,0.0,0.0,0.0,5560.499999999976,2956.1306215740947,0.0,fixed_auv_ga_pso_tlbo_proxy,survey,21190751,3
1.0,1.0,232.0,0.3390804597701149,0.8114711793159818,0.6348130546011284,0.6666666666666666,0.7693929938644479,0.0,0.0,0.0,5703.7200000000075,2482.600000000004,0.0,independent_greedy,survey,21190751,3
1.0,1.0,263.0,0.1685678073510773,0.8990483777672511,0.8427237205781898,0.6666666666666669,0.9766557274317798,0.0,0.0,0.0,7435.87960703016,3133.4952844460804,0.0,communication_aware,survey,21190751,3
1.0,1.0,226.0,0.0,0.928276724261744,0.8941914865620181,0.0,0.9999999998888889,0.0,0.0,0.0,7080.133749999992,1840.1758644002273,18.0,haco_safemarl_pilot_no_acoustic,survey,21190751,3
1.0,1.0,226.0,0.010324483775811208,0.9216454991390809,0.8757972041534317,0.10144927536231883,0.9997823860445911,0.0,0.0,0.0,7059.370776634862,1795.6747960423882,0.0,haco_safemarl_pilot_no_shield,survey,21190751,3
1.0,1.0,226.0,0.0,0.9283423260074614,0.8943755947407542,0.0,0.9999999998888889,0.0,0.0,0.0,7080.5427877560805,1838.6657113185163,18.0,haco_safemarl_pilot,survey,21190751,3
0.0,0.3333333333333333,300.0,0.007777777777777777,0.900658160336853,0.8709600405715855,0.07777777777777777,0.9998771231162689,0.0,0.0,0.0,790.7424618710278,532.5854157345238,181.0,haco_safemarl_mappo,survey,21190751,3
0.0,0.6666666666666666,300.0,0.5422222222222222,0.6015536216237254,0.47670538608354834,1.0,0.9189159922331807,0.0,16.0,0.0,5560.499999999976,2734.905569610653,0.0,fixed_auv_ga_pso_tlbo_proxy,survey,21200758,3
0.0,1.0,233.0,0.5364806866952789,0.5867239725561288,0.47632870744242506,1.0,0.8677280162747928,0.0,12.0,0.0,5728.305000000008,2547.600000000012,0.0,independent_greedy,survey,21200758,3
0.0,0.3333333333333333,300.0,0.6044444444444443,0.7028443925250408,0.644909763097084,1.0,0.9204177372809447,0.0,14.0,0.0,7976.7612074450035,3006.073399131482,0.0,communication_aware,survey,21200758,3
0.0,0.3333333333333333,300.0,0.6055555555555554,0.6411570779196483,0.5492112113805907,1.0,0.912887265704994,0.0,0.0,0.0,9199.367665107095,3053.0433148441816,610.0,haco_safemarl_pilot_no_acoustic,survey,21200758,3
0.0,0.6666666666666666,300.0,0.6477777777777778,0.579092160895046,0.5243659842273484,1.0,0.943638428741138,0.0,71.0,0.0,9194.463566892839,2888.442483322873,0.0,haco_safemarl_pilot_no_shield,survey,21200758,3
0.0,0.0,300.0,0.6088888888888888,0.7315614455584013,0.6945146819632634,1.0,0.9454134804049565,0.0,0.0,0.0,8933.123009430223,3238.6748066440014,618.0,haco_safemarl_pilot,survey,21200758,3
0.0,0.0,300.0,0.48333333333333334,0.7828262572198907,0.7587600848343586,1.0,0.9837038852787516,0.0,0.0,0.0,542.1061644946415,208.81862747194185,596.0,haco_safemarl_mappo,survey,21200758,3
1.0,1.0,288.0,0.0,0.9350165708554814,0.9185134657314082,0.0,0.9999999998888889,0.0,0.0,0.1840277777777778,5338.079999999978,2288.6205588741636,0.0,fixed_auv_ga_pso_tlbo_proxy,survey,21210765,3
1.0,1.0,221.0,0.3695324283559578,0.7330127911967386,0.5399261529595266,0.6666666666666664,0.8362000476628817,0.0,0.0,0.0,5433.285000000007,1428.0000000000011,0.0,independent_greedy,survey,21210765,3
1.0,1.0,250.0,0.0,0.9349161013839109,0.9188340630205366,0.0,0.9999999998888889,0.0,0.0,0.152,7093.75,2042.9991368264243,0.0,communication_aware,survey,21210765,3
1.0,1.0,214.0,0.04672897196261682,0.9130089408701532,0.8696841570580324,0.33333333333333326,0.9980175224209001,0.0,0.0,0.09813084112149532,6684.7046593112955,1766.6508276692598,124.0,haco_safemarl_pilot_no_acoustic,survey,21210765,3
1.0,1.0,214.0,0.07476635514018691,0.9071567419294154,0.8595298894588017,0.33333333333333326,0.9965936243563193,0.0,0.0,0.10747663551401869,6919.47369285955,1609.4454697541344,0.0,haco_safemarl_pilot_no_shield,survey,21210765,3
1.0,1.0,214.0,0.03426791277258567,0.9141042895699025,0.8725284905012001,0.33333333333333326,0.999121479953226,0.0,0.0,0.09345794392523364,6693.980008647991,1525.4665588636885,124.0,haco_safemarl_pilot,survey,21210765,3
0.0,0.0,300.0,0.0,0.9077823755834966,0.9009580698146306,0.0,0.9999999998888889,0.0,0.0,0.0,1498.869269187006,98.37926190843427,153.0,haco_safemarl_mappo,survey,21210765,3
0.0,1.0,284.0,0.10093896713615023,0.885963052368336,0.8441006891955005,0.4942528735632183,0.9853165405886283,0.014084507042253521,0.0,0.2640845070422535,5263.939999999979,3273.093924872461,0.0,fixed_auv_ga_pso_tlbo_proxy,survey,21220772,3
0.0,1.0,218.0,0.3455657492354739,0.8077559170529329,0.6112609214070146,0.6666666666666665,0.7526727969012399,0.8302752293577982,0.0,0.48623853211009177,5359.530000000007,2687.2000000000035,0.0,independent_greedy,survey,21220772,3
1.0,1.0,278.0,0.17266187050359705,0.8754005775603225,0.8377408640355757,0.6666666666666669,0.9763269924874408,0.0,0.0,0.2805755395683453,7795.161866209303,3861.4931146710387,0.0,communication_aware,survey,21220772,3
1.0,1.0,211.0,0.001579778830963665,0.905880440860815,0.8409290326176875,0.01515151515151515,0.9999949927032271,0.0,0.0,0.0947867298578199,6492.443314898983,1807.4969235293613,123.0,haco_safemarl_pilot_no_acoustic,survey,21220772,3
1.0,1.0,211.0,0.18325434439178517,0.8795992704852835,0.759527209867287,0.33333333333333326,0.9085251238423784,0.0,0.0,0.0947867298578199,6475.336990377506,1653.2576881255416,0.0,haco_safemarl_pilot_no_shield,survey,21220772,3
1.0,1.0,211.0,0.0,0.9059150846687297,0.8410321364270636,0.0,0.9999999998888889,0.0,0.0,0.0947867298578199,6488.416155047737,1806.1018593344102,122.0,haco_safemarl_pilot,survey,21220772,3
0.0,0.3333333333333333,300.0,0.1411111111111111,0.8746603445789219,0.782445211704938,0.3333333333333334,0.948779507856799,0.0,0.0,0.31333333333333335,1512.7010792523192,574.6446282172925,717.0,haco_safemarl_mappo,survey,21220772,3
0.0,1.0,242.0,0.27961432506887063,0.8126849488885649,0.6613007414286151,0.6666666666666667,0.9265040119831187,0.0,115.0,0.0,4485.469999999985,2288.416656699669,0.0,fixed_auv_ga_pso_tlbo_proxy,survey,21230779,3
0.0,1.0,186.0,0.4103942652329749,0.7750936228723676,0.6334380345235731,0.6666666666666665,0.7313630495793737,0.0,89.0,0.0,4572.810000000006,1853.2000000000035,0.0,independent_greedy,survey,21230779,3
0.0,0.6666666666666666,300.0,0.4066666666666667,0.8109159677638603,0.7142701571770027,0.6666666666666669,0.8091184580316529,0.0,190.0,0.0,8173.011423766916,3512.743072808771,0.0,communication_aware,survey,21230779,3
0.0,0.6666666666666666,300.0,0.2211111111111111,0.8389604657602614,0.7747008841238074,0.4444444444444443,0.9611285510019041,0.0,0.0,0.0,9345.25267995199,2793.9740864150526,473.0,haco_safemarl_pilot_no_acoustic,survey,21230779,3
0.0,1.0,182.0,0.25641025641025633,0.7713443589680294,0.5798864713246744,0.6666666666666665,0.9570356950248448,0.0,40.0,0.0,5793.171167810266,1287.2181121930812,0.0,haco_safemarl_pilot_no_shield,survey,21230779,3
0.0,0.6666666666666666,300.0,0.19333333333333333,0.8496471615123626,0.7954613670924745,0.36666666666666664,0.9729855456100704,0.0,0.0,0.0,9447.960195006084,2761.892001434686,461.0,haco_safemarl_pilot,survey,21230779,3
0.0,0.0,300.0,0.36777777777777776,0.8229146049483163,0.7538395548036461,0.6666666666666669,0.8552548504788658,0.0,0.0,0.0,601.9017463174289,179.39925986157138,444.0,haco_safemarl_mappo,survey,21230779,3
0.0,0.6666666666666666,300.0,0.6188888888888887,0.577946081098998,0.37116880227539983,1.0,0.7375511709617423,0.0,31.0,0.0,5560.499999999976,2997.5665966265233,0.0,fixed_auv_ga_pso_tlbo_proxy,survey,21240786,3
0.0,1.0,246.0,0.5921409214092139,0.5149210829946814,0.0774058440159459,1.0,0.7067546586571031,0.0,24.0,0.0,6047.910000000008,2609.6000000000126,0.0,independent_greedy,survey,21240786,3
0.0,0.3333333333333333,300.0,0.731111111111111,0.682704427229869,0.576887620152665,1.0,0.8026203975517937,0.0,27.0,0.0,7898.217395648092,3066.623173678539,0.0,communication_aware,survey,21240786,3
1.0,1.0,248.0,0.36962365591397855,0.6768774096186176,0.30923917058388545,0.6666666666666667,0.7192146090400556,0.0,0.0,0.0,7139.687037857795,1682.2026510526389,403.0,haco_safemarl_pilot_no_acoustic,survey,21240786,3
0.0,1.0,240.0,0.4041666666666667,0.6425539577350257,0.25934464129753165,0.7083333333333334,0.687369046003905,0.0,95.0,0.0,7603.906511181682,1809.8621485824879,0.0,haco_safemarl_pilot_no_shield,survey,21240786,3
1.0,1.0,255.0,0.3464052287581699,0.696067741529132,0.3618729429685267,0.6666666666666667,0.7206147707382612,0.0,0.0,0.0,6356.063607023594,1491.313872966558,486.0,haco_safemarl_pilot,survey,21240786,3
0.0,0.0,300.0,0.4255555555555556,0.7221369275834351,0.6135407340722235,0.7777777777777778,0.794729533841988,0.0,0.0,0.0,1220.6501049189067,332.07218724243194,748.0,haco_safemarl_mappo,survey,21240786,3
0.0,1.0,270.0,0.6679012345679013,0.5290481330715059,0.26554457807862675,1.0,0.8262368825833513,0.0,12.0,0.1962962962962963,5004.449999999981,2379.1644454792468,0.0,fixed_auv_ga_pso_tlbo_proxy,survey,21250793,3
0.0,1.0,206.0,0.7006472491909385,0.482774879579083,0.3095878042312479,1.0,0.907656402298849,0.0,9.0,0.0,5064.510000000007,2174.8000000000043,0.0,independent_greedy,survey,21250793,3
0.0,0.3333333333333333,300.0,0.7477777777777778,0.6198710364093089,0.46897605455072144,1.0,0.8442532960435355,0.0,11.0,0.16,7854.205471821555,3004.639129726493,0.0,communication_aware,survey,21250793,3
0.0,0.6666666666666666,300.0,0.6077777777777779,0.5702979201125365,0.4758876137732607,1.0,0.9808565731671106,0.0,7.0,0.06666666666666667,9306.32645533783,2519.6994664813933,659.0,haco_safemarl_pilot_no_acoustic,survey,21250793,3
0.0,0.3333333333333333,300.0,0.7500000000000001,0.5029711374332212,0.38715817737268265,1.0,0.8093913365493913,0.0,9.0,0.0,8942.208819956166,3024.0357171270184,0.0,haco_safemarl_pilot_no_shield,survey,21250793,3
0.0,0.3333333333333333,300.0,0.6444444444444444,0.7080709193389318,0.6381766475840905,1.0,0.8184274039414118,0.0,7.0,0.05,8880.910724061552,3073.505570538179,704.0,haco_safemarl_pilot,survey,21250793,3
0.0,0.0,300.0,0.68,0.6260040216915177,0.4438159986355413,1.0,0.8382754221954926,0.0,7.0,0.0,341.7108349887193,19.439806126890304,781.0,haco_safemarl_mappo,survey,21250793,3
0.0,1.0,272.0,0.43995098039215685,0.6043646822905357,0.37845292611882175,0.6666666666666669,0.7585048464783299,0.0,68.0,0.0,5041.51999999998,2474.1002093730135,0.0,fixed_auv_ga_pso_tlbo_proxy,survey,21260800,3
0.0,1.0,208.0,0.578525641025641,0.5455196635339613,0.18969507925332502,0.6666666666666665,0.5139504987833862,0.0,51.0,0.0,5113.680000000007,1897.800000000003,0.0,independent_greedy,survey,21260800,3
0.0,0.3333333333333333,300.0,0.7022222222222222,0.676829162729511,0.5742297629781983,1.0,0.9540660438635273,0.0,58.0,0.0,7958.7837852636485,3168.0499946060327,0.0,communication_aware,survey,21260800,3
0.0,0.3333333333333333,300.0,0.4955555555555555,0.6285963234526556,0.4151001452812495,0.6666666666666669,0.6722898480680716,0.0,0.0,0.0,7763.533644239046,2622.0055067211993,652.0,haco_safemarl_pilot_no_acoustic,survey,21260800,3
0.0,0.3333333333333333,300.0,0.5777777777777777,0.5911622537333412,0.4176955068713236,1.0,0.6310251096568157,0.0,171.0,0.0,8975.453662668668,2986.162166373273,0.0,haco_safemarl_pilot_no_shield,survey,21260800,3
0.0,0.3333333333333333,300.0,0.4755555555555555,0.768349768914368,0.670935051239469,0.6666666666666669,0.7075607724537084,0.0,0.0,0.0,8532.722702486599,3061.9766497981486,624.0,haco_safemarl_pilot,survey,21260800,3
0.0,0.3333333333333333,300.0,0.4511111111111111,0.7085435986506979,0.6088574497118366,0.6666666666666669,0.7475219014051431,0.0,0.0,0.0,1564.3558596013197,891.4452374521902,797.0,haco_safemarl_mappo,survey,21260800,3
0.0,1.0,253.0,0.15019762845849796,0.9002685172907974,0.8527393086010434,0.6666666666666667,0.9843972938675017,0.0,31.0,0.019762845849802372,4689.354999999983,2049.475365534629,0.0,fixed_auv_ga_pso_tlbo_proxy,survey,21270807,3
0.0,1.0,193.0,0.2521588946459412,0.8533529445977648,0.7471288448378429,0.6666666666666665,0.9142103439385351,0.0,23.0,0.0,4744.905000000006,1646.6,0.0,independent_greedy,survey,21270807,3
0.0,1.0,262.0,0.23282442748091597,0.8866739315534355,0.8355998184439368,0.6666666666666669,0.9557917811679786,0.0,27.0,0.015267175572519083,7291.877278264861,2951.9955126186005,0.0,communication_aware,survey,21270807,3
1.0,1.0,189.0,0.033509700176366834,0.9177583943929017,0.8861848191238516,0.33333333333333326,0.9976015359615603,0.0,0.0,0.0,6032.406353191775,1680.3660498315207,76.0,haco_safemarl_pilot_no_acoustic,survey,21270807,3
0.0,1.0,188.0,0.07446808510638299,0.8871389195519671,0.7932061859324299,0.33333333333333326,0.987217946919365,0.0,24.0,0.0,6000.888232856323,1302.3326745529705,0.0,haco_safemarl_pilot_no_shield,survey,21270807,3
1.0,1.0,191.0,0.019197207678883072,0.9178667017298369,0.8889882161624602,0.18333333333333335,0.9992343854632816,0.0,0.0,0.0,6093.144886589704,1722.8629717524134,82.0,haco_safemarl_pilot,survey,21270807,3
0.0,0.0,300.0,0.0,0.8996398331132671,0.8640608891628371,0.0,0.9999999998888889,0.0,0.0,0.0,719.5595654894425,317.35986233797524,261.0,haco_safemarl_mappo,survey,21270807,3
0.0,0.3333333333333333,300.0,0.18999999999999997,0.8391310605756045,0.6860996690484711,0.6666666666666669,0.9633784891919154,0.0,35.0,0.0,5560.499999999976,2342.1841255477198,0.0,fixed_auv_ga_pso_tlbo_proxy,survey,21280814,3
0.0,1.0,257.0,0.40726329442282744,0.7051870648107779,0.5006910879269025,0.6666666666666667,0.9350624345240047,0.0,27.0,0.0,6318.345000000008,2041.4000000000028,0.0,independent_greedy,survey,21280814,3
0.0,0.0,300.0,0.31333333333333335,0.8403759475556707,0.767127629638051,1.0,0.9609456376803762,0.0,31.0,0.0,8248.115361500293,2943.3587057529576,0.0,communication_aware,survey,21280814,3
0.0,0.6666666666666666,300.0,0.34666666666666673,0.7886838613479771,0.7191589971803133,1.0,0.9660028160918317,0.0,9.0,0.0,9507.666781487133,2659.483179591329,393.0,haco_safemarl_pilot_no_acoustic,survey,21280814,3
0.0,0.6666666666666666,300.0,0.4277777777777778,0.7204321785385256,0.6905453058808042,1.0,0.965546490442285,0.0,25.0,0.0,9423.745221914263,2649.871899289319,0.0,haco_safemarl_pilot_no_shield,survey,21280814,3
0.0,0.6666666666666666,300.0,0.3311111111111111,0.8236312041138085,0.7777067273552838,0.9666666666666667,0.952827162410662,0.0,9.0,0.0,9383.411112038486,2779.092486283583,401.0,haco_safemarl_pilot,survey,21280814,3
0.0,0.3333333333333333,300.0,0.2122222222222222,0.8574125910081852,0.7634584465830705,0.6666666666666669,0.94709126279481,0.0,9.0,0.0,1324.4420243424406,32.124985370481305,383.0,haco_safemarl_mappo,survey,21280814,3
0.0,0.6666666666666666,300.0,0.29999999999999993,0.7177303356537515,0.47690113501094145,0.6666666666666669,0.893025892845055,0.0,61.0,0.0,5560.499999999976,2558.7956154564426,0.0,fixed_auv_ga_pso_tlbo_proxy,survey,21290821,3
0.0,1.0,255.0,0.503267973856209,0.6392756213206,0.45512744631598023,1.0,0.9597107571187066,0.0,48.0,0.0,6269.175000000008,2646.600000000011,0.0,independent_greedy,survey,21290821,3
0.0,0.3333333333333333,300.0,0.5022222222222222,0.748786722273879,0.6109617786921653,1.0,0.9573745464311973,0.0,54.0,0.0,8158.5174286722295,3139.961909600837,0.0,communication_aware,survey,21290821,3
0.0,0.6666666666666666,300.0,0.4044444444444444,0.6939516501896542,0.6111451414395999,0.8555555555555555,0.8937501941812489,0.0,6.0,0.0,9327.33445816771,2741.6376076089764,434.0,haco_safemarl_pilot_no_acoustic,survey,21290821,3
0.0,0.3333333333333333,300.0,0.4766666666666667,0.6575011144698872,0.5236640331051587,1.0,0.8321273839535945,0.0,117.0,0.0,9134.371610147113,3115.0282205998055,0.0,haco_safemarl_pilot_no_shield,survey,21290821,3
0.0,0.3333333333333333,300.0,0.38888888888888884,0.7920238726101645,0.7186064738903885,0.8444444444444444,0.8557235883332625,0.0,6.0,0.0,9112.223876335212,3302.812523072842,471.0,haco_safemarl_pilot,survey,21290821,3
0.0,0.0,300.0,0.3811111111111111,0.7313900106191227,0.5864009379831162,0.6666666666666669,0.8337539065627251,0.0,5.0,0.0,660.9798317135675,354.71620001926453,588.0,haco_safemarl_mappo,survey,21290821,3
0.0,1.0,297.0,0.4635241301907968,0.6052200906605042,0.3451735592024935,0.6666666666666669,0.7234581502751058,0.0,38.0,0.0,5504.894999999977,2932.8913112167456,0.0,fixed_auv_ga_pso_tlbo_proxy,survey,21300828,3
0.0,1.0,227.0,0.5580029368575624,0.5548073872130234,0.3152397001242996,0.6666666666666664,0.5449454758110606,0.0,29.0,0.0,5580.795000000007,2507.4000000000065,0.0,independent_greedy,survey,21300828,3
0.0,0.3333333333333333,300.0,0.5,0.7198936466828829,0.5510881794849647,0.6666666666666669,0.6647757487842652,0.0,34.0,0.0,8074.906577519487,3455.3742918652606,0.0,communication_aware,survey,21300828,3
0.0,0.6666666666666666,300.0,0.46777777777777774,0.6888374812309105,0.4931661026261637,0.6666666666666669,0.8036096427401733,0.0,2.0,0.0,9156.858058210759,2581.2223870017547,488.0,haco_safemarl_pilot_no_acoustic,survey,21300828,3
0.0,0.6666666666666666,300.0,0.5122222222222222,0.6277855205443386,0.41161566018464213,0.6666666666666669,0.7071733392644084,0.0,28.0,0.0,9052.08767501199,2598.8433429828724,0.0,haco_safemarl_pilot_no_shield,survey,21300828,3
0.0,0.3333333333333333,300.0,0.47333333333333333,0.7841701502258552,0.6845267172219325,0.6666666666666669,0.7109685011930258,0.0,2.0,0.0,8892.482764096616,3279.888111993189,499.0,haco_safemarl_pilot,survey,21300828,3
0.0,0.3333333333333333,300.0,0.4388888888888889,0.7523963681500853,0.65894891105094,0.6666666666666669,0.7657511580658193,0.0,2.0,0.0,449.8445213235775,232.76749962708575,483.0,haco_safemarl_mappo,survey,21300828,3
0.0,0.6666666666666666,300.0,0.4244444444444444,0.7013914205825009,0.4958596154580786,1.0,0.867722198254702,0.0,84.0,0.0,5560.499999999976,2647.1179074706124,0.0,fixed_auv_ga_pso_tlbo_proxy,survey,21310835,3
0.0,1.0,258.0,0.58656330749354,0.5942677826708538,0.3509750415804208,1.0,0.7296877446052209,0.0,66.0,0.0,6342.9300000000085,2537.800000000012,0.0,independent_greedy,survey,21310835,3
0.0,0.6666666666666666,300.0,0.5155555555555555,0.7534045986798202,0.6559123072121706,1.0,0.8833867741089044,0.0,212.0,0.0,8056.360058774057,2927.0458899732876,0.0,communication_aware,survey,21310835,3
0.0,0.3333333333333333,300.0,0.33444444444444443,0.7344915689352952,0.511936946043766,1.0,0.8908578080684049,0.0,0.0,0.0,8392.254206163161,3099.8806076197657,582.0,haco_safemarl_pilot_no_acoustic,survey,21310835,3
0.0,0.6666666666666666,300.0,0.5844444444444444,0.6267806006188351,0.5745196637832465,1.0,0.9577136904239981,0.0,127.0,0.0,9302.812547877078,2409.494189386137,0.0,haco_safemarl_pilot_no_shield,survey,21310835,3
0.0,0.0,300.0,0.38555555555555554,0.8084435309807125,0.7346882898781628,0.8333333333333334,0.9229601458250217,0.0,0.0,0.0,8227.249488675487,3129.854624308825,624.0,haco_safemarl_pilot,survey,21310835,3
0.0,0.0,300.0,0.47,0.7598617342374782,0.6356284842117205,1.0,0.9064647596219156,0.0,0.0,0.0,1123.2364309686816,349.5546902496622,611.0,haco_safemarl_mappo,survey,21310835,3
1.0,1.0,276.0,0.28864734299516903,0.815409128048205,0.646627657736753,0.6666666666666669,0.8904657398892899,0.0,0.0,0.286231884057971,5115.65999999998,2835.425892871513,0.0,fixed_auv_ga_pso_tlbo_proxy,survey,21320842,3
1.0,1.0,211.0,0.37282780410742494,0.7173286577926106,0.3498482366880813,0.6666666666666665,0.7622246401453995,0.0,0.0,0.037914691943127965,5187.435000000007,2275.200000000001,0.0,independent_greedy,survey,21320842,3
0.0,0.6666666666666666,300.0,0.391111111111111,0.8195965367518119,0.6965773446185055,0.6666666666666669,0.8223901849216366,0.0,0.0,0.3,8212.331052340916,3623.090695686721,0.0,communication_aware,survey,21320842,3
1.0,1.0,205.0,0.22276422764227638,0.8734163326667225,0.7316738566681521,0.33333333333333326,0.8588913697510173,0.0,0.0,0.15121951219512195,6604.81158054598,1585.9586453035,189.0,haco_safemarl_pilot_no_acoustic,survey,21320842,3
0.0,1.0,205.0,0.2569105691056911,0.803747119980711,0.5165781468648682,0.33333333333333326,0.8070616784570626,0.0,27.0,0.13658536585365855,6432.71536628017,1528.8649788743328,0.0,haco_safemarl_pilot_no_shield,survey,21320842,3
1.0,1.0,205.0,0.20162601626016258,0.8796312850552046,0.7509533984794032,0.33333333333333326,0.8868717188962679,0.0,0.0,0.16097560975609757,6627.003407936045,1580.0058161332508,189.0,haco_safemarl_pilot,survey,21320842,3
0.0,0.3333333333333333,300.0,0.046666666666666676,0.8842583456636571,0.8392426699877722,0.3333333333333334,0.9952304471461488,0.0,0.0,0.19666666666666666,737.4706922132744,288.0285352743274,452.0,haco_safemarl_mappo,survey,21320842,3
0.0,0.6666666666666666,300.0,0.45333333333333325,0.765807335289736,0.7470232304253924,1.0,0.9817252703558612,0.0,85.0,0.0,5560.499999999976,2651.2975345247214,0.0,fixed_auv_ga_pso_tlbo_proxy,survey,21330849,3
0.0,1.0,271.0,0.6223862238622385,0.6341662258194306,0.47151975546435093,1.0,0.944823713879394,0.0,65.0,0.0,6662.535000000009,2892.2000000000075,0.0,independent_greedy,survey,21330849,3
0.0,0.6666666666666666,300.0,0.5244444444444444,0.7954842586785456,0.7654848104956237,1.0,0.9847649147468049,0.0,132.0,0.0,8108.361618198771,3038.07958577942,0.0,communication_aware,survey,21330849,3
1.0,1.0,274.0,0.32725060827250607,0.7553917097666324,0.6434673556361669,0.6666666666666669,0.8938882407548732,0.0,0.0,0.0,8150.220720112269,2152.9681699174075,390.0,haco_safemarl_pilot_no_acoustic,survey,21330849,3
0.0,1.0,264.0,0.35227272727272724,0.6851648942427201,0.5188414555461515,0.6666666666666669,0.8711234245912359,0.0,132.0,0.0,8384.608139782604,2020.7479850833222,0.0,haco_safemarl_pilot_no_shield,survey,21330849,3
1.0,1.0,288.0,0.2650462962962963,0.8024713421802562,0.7311841144497778,0.6666666666666669,0.9304898843716961,0.0,0.0,0.0,8159.970626635967,2234.8935661978812,455.0,haco_safemarl_pilot,survey,21330849,3
0.0,0.3333333333333333,300.0,0.30777777777777776,0.8382009479367634,0.8144918295751107,1.0,0.9940937669792193,0.0,0.0,0.0,979.3129514916209,412.72017577335953,627.0,haco_safemarl_mappo,survey,21330849,3
0.0,1.0,284.0,0.41784037558685444,0.7165485259024549,0.5302268363266388,1.0,0.9462444995372152,0.0,70.0,0.0,5263.939999999979,2917.4976685938313,0.0,fixed_auv_ga_pso_tlbo_proxy,survey,21340856,3
0.0,1.0,217.0,0.5852534562211981,0.6556814303675566,0.5840212662005966,1.0,0.7027589793790635,0.0,53.0,0.0,5334.945000000007,2477.400000000011,0.0,independent_greedy,survey,21340856,3
0.0,0.3333333333333333,300.0,0.5155555555555555,0.76878011816461,0.6938532633761106,1.0,0.9464575549654906,0.0,59.0,0.0,8105.424746794336,3513.3339230999986,0.0,communication_aware,survey,21340856,3
0.0,0.6666666666666666,300.0,0.3255555555555556,0.7698234662034904,0.6952842586917618,0.6666666666666669,0.8959790866784896,0.0,2.0,0.0,6359.463269720553,2117.1883518732816,579.0,haco_safemarl_pilot_no_acoustic,survey,21340856,3
0.0,1.0,263.0,0.3713561470215463,0.7278368741245704,0.64702547173643,0.6666666666666669,0.9114134137138736,0.0,51.0,0.0,8020.379306292886,2275.058613225514,0.0,haco_safemarl_pilot_no_shield,survey,21340856,3
0.0,0.3333333333333333,300.0,0.3133333333333333,0.8251883688325176,0.7762881353979088,0.6666666666666669,0.907126875580982,0.0,2.0,0.0,6446.348944042502,2420.3108362478692,579.0,haco_safemarl_pilot,survey,21340856,3
0.0,0.0,300.0,0.16,0.8328895903524614,0.7458878348142448,0.3333333333333334,0.9323467229075132,0.0,2.0,0.0,889.7721585480966,356.11199539763095,521.0,haco_safemarl_mappo,survey,21340856,3
1.0,1.0,276.0,0.06763285024154587,0.9178020150436019,0.8858497592774806,0.3333333333333334,0.9895858238433777,0.0,0.0,0.0,5115.65999999998,2233.336392448835,0.0,fixed_auv_ga_pso_tlbo_proxy,survey,21350863,3
1.0,1.0,211.0,0.4281200631911533,0.7520603797550166,0.5829373297258288,0.6666666666666665,0.7378354333026521,0.0,0.0,0.0,5187.435000000007,1552.2,0.0,independent_greedy,survey,21350863,3
1.0,1.0,240.0,0.0736111111111111,0.9185696923739515,0.8996433280404771,0.4444444444444444,0.992287223830748,0.0,0.0,0.0,6790.594876971617,2079.154058204253,0.0,communication_aware,survey,21350863,3
1.0,1.0,205.0,0.06178861788617888,0.8957986521837427,0.8216100770867918,0.34920634920634913,0.9920559005894272,0.0,0.0,0.0,6658.040579965576,1407.228602629197,74.0,haco_safemarl_pilot_no_acoustic,survey,21350863,3
1.0,1.0,205.0,0.07317073170731707,0.8833324783555846,0.7871798820518866,0.4126984126984127,0.991304347698979,0.0,0.0,0.0,6611.496925959663,1521.8695543025474,0.0,haco_safemarl_pilot_no_shield,survey,21350863,3
1.0,1.0,205.0,0.05853658536585367,0.8957766525285904,0.8230189162416711,0.33333333333333326,0.9923275700073629,0.0,0.0,0.0,6677.0844514699065,1587.4411570743844,69.0,haco_safemarl_pilot,survey,21350863,3
0.0,0.0,300.0,0.0,0.9070853356369069,0.891592248743483,0.0,0.9999999998888889,0.0,0.0,0.0,1042.995643738634,453.7474763213934,214.0,haco_safemarl_mappo,survey,21350863,3
0.0,0.6666666666666666,300.0,0.15777777777777774,0.8686872824438039,0.835464458966075,0.6666666666666669,0.9823924274642301,0.0,0.0,0.0,5560.499999999976,2998.934591974009,0.0,fixed_auv_ga_pso_tlbo_proxy,traffic,21160870,3
1.0,1.0,250.0,0.4186666666666666,0.7195770543181532,0.4663642546669781,1.0,0.7725783769079707,0.0,0.0,0.0,6146.250000000008,2639.0000000000136,0.0,independent_greedy,traffic,21160870,3
0.0,0.6666666666666666,300.0,0.22555555555555554,0.8588512940057831,0.8281875571032554,0.6666666666666669,0.9592418613324255,0.0,0.0,0.0,8343.656150816953,3618.3238517007962,0.0,communication_aware,traffic,21160870,3
1.0,1.0,243.0,0.07681755829903977,0.8895826158070199,0.8576618849960587,0.6266666666666666,0.9960766460188795,0.0,0.0,0.0,7728.0712499999845,1878.4323534575865,96.0,haco_safemarl_pilot_no_acoustic,traffic,21160870,3
1.0,1.0,243.0,0.1111111111111111,0.8758678788182216,0.827377792758745,0.6666666666666667,0.9919632604816031,0.0,0.0,0.0,7620.8335254569065,1857.0387205711654,0.0,haco_safemarl_pilot_no_shield,traffic,21160870,3
1.0,1.0,243.0,0.06858710562414266,0.8901516541949074,0.8586660982085015,0.6,0.9969725866459281,0.0,0.0,0.0,7734.7409211619,1869.707936915216,96.0,haco_safemarl_pilot,traffic,21160870,3
0.0,0.3333333333333333,300.0,0.0,0.8872849404610843,0.8638268726520035,0.0,0.9999999998888889,0.0,0.0,0.0,938.6427326583284,97.06621795180597,236.0,haco_safemarl_mappo,traffic,21160870,3
0.0,1.0,254.0,0.6430446194225721,0.6219697642194529,0.4489790156652537,1.0,0.7313128912166005,0.0,95.0,0.011811023622047244,4707.889999999983,2669.337018042866,0.0,fixed_auv_ga_pso_tlbo_proxy,traffic,21170877,3
0.0,1.0,195.0,0.6239316239316239,0.5843906610774297,0.33764690673318754,1.0,0.6749783835987776,0.0,72.0,0.0,4794.075000000006,2398.8000000000025,0.0,independent_greedy,traffic,21170877,3
0.0,0.6666666666666666,300.0,0.7488888888888888,0.6568034869581627,0.5590737697432994,1.0,0.7449607644606858,0.0,161.0,0.013333333333333334,7873.176474267023,3154.570461945364,0.0,communication_aware,traffic,21170877,3
0.0,0.6666666666666666,300.0,0.2866666666666667,0.7957784028963268,0.7722558832764562,0.6666666666666669,0.9943978805327665,0.0,0.0,0.016666666666666666,9193.626595451284,3287.6410560672257,563.0,haco_safemarl_pilot_no_acoustic,traffic,21170877,3
0.0,1.0,189.0,0.4532627865961199,0.6650375726960899,0.44620402435316725,0.6666666666666665,0.6709113501726801,0.0,147.0,0.010582010582010581,5932.829769326516,1364.0540202606926,0.0,haco_safemarl_pilot_no_shield,traffic,21170877,3
0.0,0.3333333333333333,300.0,0.25333333333333335,0.8114430956339276,0.7906737683609131,0.6666666666666669,0.9969798122323598,0.0,0.0,0.016666666666666666,9128.054209782866,3397.120477413517,565.0,haco_safemarl_pilot,traffic,21170877,3
0.0,0.0,300.0,0.05333333333333334,0.8366749396730334,0.8206571996961823,0.3333333333333334,0.9936920952846329,0.0,0.0,0.0,391.4290796753375,244.23240262893137,607.0,haco_safemarl_mappo,traffic,21170877,3
1.0,1.0,169.0,0.33333333333333337,0.8439294069303247,0.69992122368186,0.3333333333333333,0.6666666665555555,0.0,0.0,0.15976331360946747,3132.4149999999954,1498.0191079118051,0.0,fixed_auv_ga_pso_tlbo_proxy,traffic,21180884,3
1.0,1.0,129.0,0.3333333333333333,0.7764544873644074,0.5008657399337867,0.3333333333333333,0.6666666665555555,0.0,0.0,0.0,3171.465000000004,1078.5999999999995,0.0,independent_greedy,traffic,21180884,3
0.0,1.0,238.0,0.33333333333333337,0.8501176622006505,0.7412061297629384,0.3333333333333333,0.6666666665555555,0.0,20.0,0.09243697478991597,6618.966652315342,3015.9819904921314,0.0,communication_aware,traffic,21180884,3
1.0,1.0,127.0,0.2519685039370078,0.8613004359345434,0.7743614758425161,0.3333333333333333,0.9153453461942187,0.0,0.0,0.07086614173228346,3632.3752080760946,802.0661922234351,149.0,haco_safemarl_pilot_no_acoustic,traffic,21180884,3
1.0,1.0,129.0,0.3152454780361757,0.8427906692457482,0.7676943116790367,0.3333333333333333,0.8593052137794782,0.0,0.0,0.15503875968992248,4098.445146140183,1065.2026585624735,0.0,haco_safemarl_pilot_no_shield,traffic,21180884,3
1.0,1.0,128.0,0.203125,0.8683253190054225,0.7981012322167903,0.3333333333333333,0.9613157568913987,0.0,0.0,0.09375,3667.3110401759227,889.3825046756859,148.0,haco_safemarl_pilot,traffic,21180884,3
0.0,0.0,300.0,0.016666666666666666,0.8854447177510106,0.8248646741584975,0.16666666666666663,0.9994257822567413,0.0,0.0,0.08666666666666667,627.6941768007938,362.0319555601603,206.0,haco_safemarl_mappo,traffic,21180884,3
0.0,0.3333333333333333,300.0,0.4388888888888889,0.655606822378467,0.4692252365101306,1.0,0.9286772923022711,0.0,58.0,0.0,5560.499999999976,2495.374828305399,0.0,fixed_auv_ga_pso_tlbo_proxy,traffic,21190891,3
0.0,0.6666666666666666,300.0,0.6955555555555555,0.48106969134595656,0.2241583309762858,1.0,0.76413231482166,0.02666666666666667,45.0,0.09,7375.50000000001,2876.4000000000137,0.0,independent_greedy,traffic,21190891,3
0.0,0.0,300.0,0.5144444444444445,0.7377440847772486,0.6365955187502984,1.0,0.9328165370576168,0.0,218.0,0.0,8063.15416416024,2943.1475563770396,0.0,communication_aware,traffic,21190891,3
0.0,0.0,300.0,0.4888888888888889,0.6891433755381002,0.5285540790658333,1.0,0.8780010121118492,0.0,0.0,0.01,9253.04066641785,3248.430349332453,533.0,haco_safemarl_pilot_no_acoustic,traffic,21190891,3
0.0,0.3333333333333333,300.0,0.5888888888888889,0.5914934291622367,0.4495641856664862,1.0,0.9192484852696482,0.0,77.0,0.0,9208.886981855174,2933.0046165492017,0.0,haco_safemarl_pilot_no_shield,traffic,21190891,3
0.0,0.0,300.0,0.48888888888888893,0.7650763609854623,0.6770055443731073,1.0,0.8893147733842782,0.0,0.0,0.013333333333333334,9109.715053108848,3164.171933840232,549.0,haco_safemarl_pilot,traffic,21190891,3
0.0,0.0,300.0,0.39555555555555555,0.7203808527826813,0.6149422016237401,0.9222222222222222,0.869290376172074,0.0,0.0,0.03333333333333333,963.6242853652811,108.8662531807216,743.0,haco_safemarl_mappo,traffic,21190891,3
0.0,0.6666666666666666,300.0,0.3055555555555555,0.7513963927808927,0.6227872866654001,0.6666666666666669,0.9116634574198036,0.0,226.0,0.013333333333333334,5560.499999999976,2756.757600706767,0.0,fixed_auv_ga_pso_tlbo_proxy,traffic,21200898,3
0.0,0.6666666666666666,300.0,0.5422222222222222,0.5969089759748732,0.37406241632954423,1.0,0.9085867827034675,0.0,243.0,0.12666666666666668,7375.50000000001,3376.4000000000174,0.0,independent_greedy,traffic,21200898,3
0.0,0.6666666666666666,300.0,0.3533333333333333,0.7878987077064564,0.7306221393377573,0.6666666666666669,0.8700624179232344,0.0,284.0,0.013333333333333334,8201.900134993242,3271.887596353003,0.0,communication_aware,traffic,21200898,3
0.0,0.3333333333333333,300.0,0.28555555555555556,0.8024359669732968,0.6580196871772818,0.6666666666666669,0.909913002727012,0.0,0.0,0.043333333333333335,9302.414315296763,3419.3681268439827,390.0,haco_safemarl_pilot_no_acoustic,traffic,21200898,3
0.0,0.6666666666666666,300.0,0.38999999999999996,0.6319499999145018,0.43589976197170494,0.6777777777777779,0.8823188454383661,0.0,106.0,0.043333333333333335,9541.455015553847,2303.0600832891027,0.0,haco_safemarl_pilot_no_shield,traffic,21200898,3
0.0,0.3333333333333333,300.0,0.28555555555555556,0.8363243419706737,0.7595753613571938,0.6666666666666669,0.9149146156943428,0.0,0.0,0.043333333333333335,9209.539973817817,3292.623917761726,400.0,haco_safemarl_pilot,traffic,21200898,3
0.0,0.0,300.0,0.27333333333333326,0.8252088248842705,0.7775538726113728,0.6666666666666669,0.9339307469767849,0.0,0.0,0.05,762.8283538494735,315.5080197603534,523.0,haco_safemarl_mappo,traffic,21200898,3
0.0,1.0,266.0,0.6090225563909775,0.514189367176928,0.28246009303965375,0.8641975308641975,0.5026800927675309,0.0,102.0,0.0,4930.309999999981,2778.42440818648,0.0,fixed_auv_ga_pso_tlbo_proxy,traffic,21210905,3
0.0,1.0,203.0,0.799671592775041,0.465840799733919,0.21557425691003831,1.0,0.6135707797310315,0.0,78.0,0.0,4990.7550000000065,2415.600000000001,0.0,independent_greedy,traffic,21210905,3
0.0,0.6666666666666666,300.0,0.6088888888888888,0.6676082135371462,0.5397120722433874,0.6666666666666669,0.45186465635081724,0.0,46.0,0.0,7977.294210046595,3569.2709930872575,0.0,communication_aware,traffic,21210905,3
1.0,1.0,283.0,0.5877502944640753,0.5948739142028157,0.33879165728357313,0.7241379310344828,0.6734395440735389,0.0,0.0,0.0,8059.42112653218,2246.8680545507614,664.0,haco_safemarl_pilot_no_acoustic,traffic,21210905,3
0.0,1.0,276.0,0.6183574879227053,0.5461705892657802,0.28399629507628826,0.6785714285714287,0.6361146144781009,0.0,157.0,0.0,8354.188614459325,2313.492203319756,0.0,haco_safemarl_pilot_no_shield,traffic,21210905,3
0.0,0.3333333333333333,300.0,0.5577777777777778,0.7275412078294787,0.6001373092013572,0.6666666666666669,0.5513347949962754,0.0,0.0,0.0,8184.313739304963,3048.0199253372107,744.0,haco_safemarl_pilot,traffic,21210905,3
0.0,0.0,300.0,0.5477777777777777,0.7422811943548115,0.6742552754154253,0.6666666666666669,0.5768224948135666,0.0,0.0,0.0,415.10735274436684,734.412473739199,761.0,haco_safemarl_mappo,traffic,21210905,3
0.0,1.0,282.0,0.12647754137115838,0.8552126323327071,0.7975709833302038,0.5632183908045977,0.9776969773698073,0.0,27.0,0.010638297872340425,5226.869999999979,2034.810176823181,0.0,fixed_auv_ga_pso_tlbo_proxy,traffic,21220912,3
0.0,1.0,216.0,0.4969135802469135,0.6733929501410607,0.5340473164381817,0.6666666666666665,0.6565596657113668,0.0,21.0,0.0,5310.360000000007,1625.5999999999997,0.0,independent_greedy,traffic,21220912,3
0.0,1.0,245.0,0.16598639455782307,0.8602646204968624,0.8230076889635679,0.6666666666666667,0.9779920617900868,0.0,24.0,0.012244897959183673,6873.482089594991,2153.456231645626,0.0,communication_aware,traffic,21220912,3
1.0,1.0,205.0,0.16097560975609754,0.8552113758841421,0.8223724789537693,0.33333333333333326,0.9916867791421753,0.0,0.0,0.0,6510.106976473144,1542.1899664667355,215.0,haco_safemarl_pilot_no_acoustic,traffic,21220912,3
0.0,1.0,210.0,0.19365079365079363,0.8473688899269448,0.8006816606047638,0.33333333333333326,0.9708954099216837,0.0,19.0,0.0,6747.636155385893,1796.1888003258111,0.0,haco_safemarl_pilot_no_shield,traffic,21220912,3
1.0,1.0,206.0,0.13268608414239483,0.8591091255687364,0.8303971639574235,0.33333333333333326,0.9956265290088983,0.0,0.0,0.0,6431.601784667353,1586.644218405435,215.0,haco_safemarl_pilot,traffic,21220912,3
0.0,0.3333333333333333,300.0,0.0,0.8776563150040296,0.8631322474865626,0.0,0.9999999998888889,0.0,0.0,0.0,1437.1173274273808,430.70206436143275,265.0,haco_safemarl_mappo,traffic,21220912,3
0.0,1.0,222.0,0.12912912912912916,0.8722586445924985,0.8110773265190254,0.5217391304347825,0.9736669964862713,0.0,9.0,0.0,4114.769999999988,1894.4294528164012,0.0,fixed_auv_ga_pso_tlbo_proxy,traffic,21230919,3
0.0,1.0,170.0,0.1607843137254902,0.8383732797203849,0.7097454931978427,0.35294117647058826,0.9339165722115658,0.0,6.0,0.0,4179.450000000005,1656.5999999999983,0.0,independent_greedy,traffic,21230919,3
0.0,1.0,250.0,0.2786666666666666,0.8443178210058905,0.7944458522113914,0.6666666666666667,0.925751608996032,0.0,7.0,0.0,6908.318157548304,2728.029837122878,0.0,communication_aware,traffic,21230919,3
1.0,1.0,170.0,0.09999999999999998,0.8659808745993743,0.7584665363987516,0.3333333333333333,0.9759036143271885,0.0,0.0,0.0,5459.013165972092,1337.5519152554289,74.0,haco_safemarl_pilot_no_acoustic,traffic,21230919,3
0.0,1.0,165.0,0.11111111111111106,0.8524987414466588,0.7153281291800616,0.3333333333333333,0.9696969695647382,0.0,6.0,0.0,5264.023431793786,1317.1006928363404,0.0,haco_safemarl_pilot_no_shield,traffic,21230919,3
1.0,1.0,170.0,0.09999999999999998,0.869897704119391,0.7707487421863561,0.3333333333333333,0.9759036143271885,0.0,0.0,0.0,5483.551598830646,1359.0969907340811,72.0,haco_safemarl_pilot,traffic,21230919,3
0.0,0.0,300.0,0.0,0.8887441715845033,0.87794734909537,0.0,0.9999999998888889,0.0,0.0,0.0,447.81092740537804,322.87314445084735,238.0,haco_safemarl_mappo,traffic,21230919,3
0.0,0.6666666666666666,300.0,0.4166666666666667,0.6842452530775873,0.47543652749726106,0.6666666666666669,0.7965787212785371,0.0,114.0,0.023333333333333334,5560.499999999976,2558.980690963349,0.0,fixed_auv_ga_pso_tlbo_proxy,traffic,21240926,3
0.0,1.0,265.0,0.6188679245283019,0.5599267065304402,0.29722542057418866,1.0,0.7168825688870429,0.0,122.0,0.0,6515.025000000009,2642.2000000000094,0.0,independent_greedy,traffic,21240926,3
0.0,0.6666666666666666,300.0,0.49666666666666665,0.758419176000831,0.6689442722874349,1.0,0.7990911318328906,0.0,204.0,0.0,8124.623218902883,3073.359610026329,0.0,communication_aware,traffic,21240926,3
0.0,0.3333333333333333,300.0,0.4522222222222223,0.74824976511395,0.6657438303275417,1.0,0.9115761834710104,0.0,0.0,0.0,9302.454904922062,3030.5826456596365,569.0,haco_safemarl_pilot_no_acoustic,traffic,21240926,3
0.0,1.0,286.0,0.5116550116550116,0.6079429610560045,0.44527144357769527,1.0,0.9269666773543785,0.0,68.0,0.0,9016.000200003233,2145.948363555463,0.0,haco_safemarl_pilot_no_shield,traffic,21240926,3
0.0,0.0,300.0,0.3922222222222222,0.7892262357937887,0.7149697097229708,0.6666666666666669,0.8239335583822691,0.0,0.0,0.0,9122.916666424497,3186.2117938847473,558.0,haco_safemarl_pilot,traffic,21240926,3
0.0,0.0,300.0,0.29999999999999993,0.7816323567901378,0.6366170350004748,0.6666666666666669,0.8751273331684913,0.0,0.0,0.0,827.587596086002,313.3539665301646,567.0,haco_safemarl_mappo,traffic,21240926,3
0.0,0.6666666666666666,300.0,0.45555555555555555,0.660510070352661,0.44987667596404757,1.0,0.8962299362424012,0.0,102.0,0.0,5560.499999999976,2274.0873150881584,0.0,fixed_auv_ga_pso_tlbo_proxy,traffic,21250933,3
0.0,1.0,272.0,0.6556372549019607,0.5430835889275686,0.2242182300452693,1.0,0.6412555321602903,0.051470588235294115,77.0,0.17647058823529413,6687.120000000009,2518.000000000006,0.0,independent_greedy,traffic,21250933,3
0.0,0.0,300.0,0.56,0.7277114300079401,0.6174638880577202,1.0,0.9129204647841764,0.0,160.0,0.0,8034.014148221882,2900.100518372582,0.0,communication_aware,traffic,21250933,3
0.0,0.0,300.0,0.39555555555555555,0.686487064006363,0.4216283616301092,0.6666666666666669,0.8032353498024286,0.0,0.0,0.056666666666666664,9175.221420287478,3281.0646592997296,598.0,haco_safemarl_pilot_no_acoustic,traffic,21250933,3
0.0,0.3333333333333333,300.0,0.6577777777777777,0.5939211350660905,0.4620632954537997,1.0,0.8567145301444564,0.0,138.0,0.0,9190.344474563692,2971.3816448315547,0.0,haco_safemarl_pilot_no_shield,traffic,21250933,3
0.0,0.0,300.0,0.39555555555555555,0.7744608762592676,0.6745470878079083,0.6666666666666669,0.8097896278735113,0.0,0.0,0.013333333333333334,9090.576374795835,3337.0853949177767,599.0,haco_safemarl_pilot,traffic,21250933,3
0.0,0.0,300.0,0.3811111111111111,0.7503020051489913,0.6594899926561416,0.6666666666666669,0.8400387730233548,0.0,0.0,0.0,826.2173201801542,194.95900662131214,629.0,haco_safemarl_mappo,traffic,21250933,3
1.0,1.0,170.0,0.19411764705882353,0.8024494263189215,0.6266115954933063,0.3333333333333333,0.896023296754799,0.0,0.0,0.0,3150.9499999999953,1552.5805910198678,0.0,fixed_auv_ga_pso_tlbo_proxy,traffic,21260940,3
1.0,1.0,130.0,0.17435897435897435,0.8013493820071682,0.6610827492149342,0.3333333333333333,0.9181100129678386,0.0,0.0,0.0,3196.050000000004,1302.200000000001,0.0,independent_greedy,traffic,21260940,3
0.0,0.6666666666666666,300.0,0.43,0.7742288300370572,0.6508264451608585,1.0,0.8337182445659856,0.08,0.0,0.20333333333333334,8243.82844254295,4011.9276634763764,0.0,communication_aware,traffic,21260940,3
1.0,1.0,167.0,0.19760479041916176,0.8321883338574319,0.8116519842883267,0.6666666666666666,0.9876787677084379,0.0,0.0,0.059880239520958084,5145.002029517689,1408.4616717723998,178.0,haco_safemarl_pilot_no_acoustic,traffic,21260940,3
1.0,1.0,134.0,0.23880597014925378,0.8280546374336277,0.8121820673300106,0.6666666666666666,0.9953440906321366,0.0,0.0,0.0,4201.279824172632,1180.5218180454017,0.0,haco_safemarl_pilot_no_shield,traffic,21260940,3
1.0,1.0,184.0,0.20833333333333331,0.8330092256090457,0.8046197126738837,0.6666666666666665,0.9839147614608021,0.0,0.0,0.09782608695652174,5627.935546406594,1584.4564391079634,222.0,haco_safemarl_pilot,traffic,21260940,3
0.0,0.0,300.0,0.15333333333333332,0.8352035157604457,0.7777868100476032,0.3333333333333334,0.9384418454444577,0.0,0.0,0.2866666666666667,252.0528649856575,286.052730876579,504.0,haco_safemarl_mappo,traffic,21260940,3
0.0,1.0,254.0,0.7795275590551181,0.43199270242492727,0.35188532673935935,1.0,0.7501195968640112,0.0,236.0,0.0,4707.889999999983,2226.502351801772,0.0,fixed_auv_ga_pso_tlbo_proxy,traffic,21270947,3
0.0,1.0,194.0,0.7800687285223367,0.4320380248445333,0.15043656584804807,1.0,0.5612881116435549,0.0,181.0,0.0,4769.490000000006,1793.8000000000047,0.0,independent_greedy,traffic,21270947,3
0.0,0.3333333333333333,300.0,0.8377777777777777,0.5902150365327696,0.5430096551385144,1.0,0.7701423488217063,0.0,225.0,0.02,7771.509199641071,2972.728604179674,0.0,communication_aware,traffic,21270947,3
0.0,0.0,300.0,0.44666666666666666,0.7183114561542047,0.631294509995866,1.0,0.8812655904053264,0.0,0.0,0.0,8980.26833709273,3768.5758336856047,762.0,haco_safemarl_pilot_no_acoustic,traffic,21270947,3
0.0,0.0,300.0,0.85,0.3987223734378607,0.28728206294042297,1.0,0.9414225897655852,0.0,252.0,0.0,8861.086725356645,3043.9039434818683,0.0,haco_safemarl_pilot_no_shield,traffic,21270947,3
0.0,0.0,300.0,0.40333333333333327,0.7847985221425112,0.7497823056821538,1.0,0.9259601765956823,0.0,0.0,0.0,8915.320643660505,3691.7644870889767,773.0,haco_safemarl_pilot,traffic,21270947,3
0.0,0.0,300.0,0.7022222222222222,0.7008029396102309,0.6953654148160546,1.0,0.9867018341465661,0.0,0.0,0.0,670.0143679089058,624.4095770651134,837.0,haco_safemarl_mappo,traffic,21270947,3
1.0,1.0,255.0,0.8679738562091504,0.4713177357140559,0.22916377958645298,1.0,0.46497105473199585,0.0,0.0,0.0,4726.424999999983,2792.9174877390756,0.0,fixed_auv_ga_pso_tlbo_proxy,traffic,21280954,3
1.0,1.0,195.0,0.8666666666666667,0.4145042646923356,0.32411497148468293,1.0,0.6458598700043716,0.0,0.0,0.046153846153846156,4794.075000000006,2518.600000000007,0.0,independent_greedy,traffic,21280954,3
0.0,0.3333333333333333,300.0,0.9,0.596056201129849,0.4584290660102363,1.0,0.5003706421402669,0.0,0.0,0.0,7736.685704158773,3225.3229362705824,0.0,communication_aware,traffic,21280954,3
0.0,0.6666666666666666,300.0,0.6044444444444443,0.5900431906076617,0.3840776311078054,0.688888888888889,0.7494293651028995,0.0,0.0,0.07333333333333333,9007.119038508865,2618.4469175461336,634.0,haco_safemarl_pilot_no_acoustic,traffic,21280954,3
0.0,0.3333333333333333,300.0,0.6833333333333333,0.5119887552666439,0.35167323715299914,1.0,0.607430506848924,0.0,0.0,0.1,8754.427147969363,3112.2566793284323,0.0,haco_safemarl_pilot_no_shield,traffic,21280954,3
0.0,0.3333333333333333,300.0,0.5855555555555555,0.719128832736476,0.6372227974049332,0.6666666666666669,0.6406190282777997,0.0,0.0,0.1,8703.19030437433,3208.709713383957,633.0,haco_safemarl_pilot,traffic,21280954,3
0.0,0.0,300.0,0.7933333333333333,0.5543395423633447,0.3593882215796347,1.0,0.8077892950242588,0.0,0.0,0.0,253.528918593934,16.94301266855104,856.0,haco_safemarl_mappo,traffic,21280954,3
0.0,0.6666666666666666,300.0,0.19999999999999996,0.8083930180490442,0.6683545494339902,0.6666666666666669,0.9525909590486342,0.0,82.0,0.0,5560.499999999976,2338.7947794009106,0.0,fixed_auv_ga_pso_tlbo_proxy,traffic,21290961,3
0.0,1.0,245.0,0.43673469387755104,0.696108324867731,0.5615118307080885,0.6666666666666667,0.9056208981688493,0.0,79.0,0.0,6023.325000000008,2151.2000000000044,0.0,independent_greedy,traffic,21290961,3
0.0,0.3333333333333333,300.0,0.26666666666666666,0.8318569909114851,0.7731359708456078,0.6666666666666669,0.9257370191027486,0.0,56.0,0.0,8292.225519155269,3307.332452855576,0.0,communication_aware,traffic,21290961,3
0.0,0.6666666666666666,300.0,0.23555555555555557,0.8196452058635544,0.7384570267690893,0.6666666666666669,0.9450587185990248,0.0,0.0,0.0,9014.918097268705,2542.028468520984,369.0,haco_safemarl_pilot_no_acoustic,traffic,21290961,3
0.0,1.0,253.0,0.25296442687747034,0.7983700736309604,0.6932706977775427,0.6666666666666667,0.936256650678616,0.0,75.0,0.0,8005.265017455456,1902.0294832245656,0.0,haco_safemarl_pilot_no_shield,traffic,21290961,3
0.0,0.3333333333333333,300.0,0.23666666666666666,0.8390131148813094,0.807599208394847,0.6666666666666669,0.9530972645406784,0.0,0.0,0.0,8929.708391866758,2885.46219096173,369.0,haco_safemarl_pilot,traffic,21290961,3
0.0,0.0,300.0,0.0,0.872532904866902,0.8629598235657759,0.0,0.9999999998888889,0.0,0.0,0.0,1320.363756396679,219.26096667228646,404.0,haco_safemarl_mappo,traffic,21290961,3
1.0,1.0,248.0,0.18279569892473121,0.8393081286561581,0.706184619685575,0.6666666666666667,0.9490829172613521,0.0,0.0,0.0,4596.679999999984,2309.4021211829318,0.0,fixed_auv_ga_pso_tlbo_proxy,traffic,21300968,3
1.0,1.0,190.0,0.27192982456140347,0.8331350711941561,0.7574143118526483,0.6666666666666665,0.9284416625776055,0.0,0.0,0.0,4671.150000000006,2037.9999999999984,0.0,independent_greedy,traffic,21300968,3
0.0,0.6666666666666666,300.0,0.27444444444444444,0.8481094154108972,0.7631691817880579,0.6666666666666669,0.8969572669449067,0.0,0.0,0.0,8305.752192035598,3815.6178670113113,0.0,communication_aware,traffic,21300968,3
1.0,1.0,184.0,0.17572463768115942,0.853708846861939,0.7538121817601303,0.5964912280701753,0.9476433078732626,0.0,0.0,0.03804347826086957,5343.878686419288,1365.599807226434,175.0,haco_safemarl_pilot_no_acoustic,traffic,21300968,3
1.0,1.0,184.0,0.25,0.8148897690268619,0.6627229675058014,0.6666666666666665,0.9383746138461687,0.0,0.0,0.05434782608695652,5838.043080431314,1574.2019431009992,0.0,haco_safemarl_pilot_no_shield,traffic,21300968,3
1.0,1.0,184.0,0.177536231884058,0.8589507323115714,0.7697683576280754,0.6140350877192982,0.9478689548401898,0.0,0.0,0.05434782608695652,5391.025243222179,1372.200118140931,180.0,haco_safemarl_pilot,traffic,21300968,3
0.0,0.3333333333333333,300.0,0.0,0.8918270657246065,0.8663621588562258,0.0,0.9999999998888889,0.0,0.0,0.0,434.316103168177,363.591174731603,203.0,haco_safemarl_mappo,traffic,21300968,3
0.0,1.0,299.0,0.2865105908584169,0.786957251708575,0.6245212933578823,0.6666666666666669,0.9166633095619654,0.0,60.0,0.0,5541.9649999999765,2577.2607520828897,0.0,fixed_auv_ga_pso_tlbo_proxy,traffic,21310975,3
0.0,1.0,229.0,0.5997088791848617,0.6706468678476663,0.44969363272358426,0.6666666666666664,0.6820251974083844,0.0,47.0,0.22707423580786026,5629.965000000007,2057.8000000000075,0.0,independent_greedy,traffic,21310975,3
0.0,0.6666666666666666,300.0,0.3533333333333333,0.8175134593060799,0.7370991205203143,0.9444444444444444,0.9086285426980182,0.0,53.0,0.0,8339.99046596532,3405.3542646976325,0.0,communication_aware,traffic,21310975,3
1.0,1.0,286.0,0.21911421911421905,0.8234408263131021,0.7671512718150595,0.6666666666666669,0.9825423088970135,0.0,0.0,0.08391608391608392,7665.52855034078,2156.241867117886,416.0,haco_safemarl_pilot_no_acoustic,traffic,21310975,3
0.0,1.0,240.0,0.3486111111111111,0.8044640135777903,0.7703719377738221,1.0,0.9790272971990761,0.0,46.0,0.0125,7577.403860215102,2186.2731394186676,0.0,haco_safemarl_pilot_no_shield,traffic,21310975,3
0.0,0.3333333333333333,300.0,0.22888888888888886,0.8342892576973018,0.7821146429528159,0.6666666666666669,0.9769215476884575,0.0,0.0,0.0,7881.876450911469,2514.736653026771,451.0,haco_safemarl_pilot,traffic,21310975,3
0.0,0.0,300.0,0.051111111111111114,0.8739671649746856,0.8385683969376331,0.3333333333333334,0.9942307795952264,0.0,0.0,0.0,1154.5181465028115,529.3688417666567,356.0,haco_safemarl_mappo,traffic,21310975,3
0.0,0.6666666666666666,300.0,0.7855555555555556,0.39854955054218927,0.19364403493880766,1.0,0.857422367765393,0.0,61.0,0.0,5560.499999999976,2514.2943837536404,0.0,fixed_auv_ga_pso_tlbo_proxy,traffic,21320982,3
0.0,1.0,267.0,0.6454431960049937,0.4380051513342219,0.06304910182004315,1.0,0.7040994478473134,0.0,46.0,0.0,6564.195000000009,2637.4000000000074,0.0,independent_greedy,traffic,21320982,3
0.0,0.0,300.0,0.8466666666666667,0.5689686652191431,0.4330746693701362,1.0,0.9024736953263846,0.0,0.0,0.0,7765.753947134491,2946.174111256755,0.0,communication_aware,traffic,21320982,3
0.0,0.3333333333333333,300.0,0.6855555555555555,0.4940516502170049,0.15042022668419144,1.0,0.6990581924732667,0.0,0.0,0.0,9009.104692550114,2887.635200996261,699.0,haco_safemarl_pilot_no_acoustic,traffic,21320982,3
0.0,0.3333333333333333,300.0,0.8677777777777778,0.42689525037615406,0.20959800896573189,1.0,0.7446495205858729,0.0,0.0,0.0,8907.420428633839,2886.924851487385,0.0,haco_safemarl_pilot_no_shield,traffic,21320982,3
0.0,0.0,300.0,0.7188888888888889,0.6756858042142607,0.5147852434023791,1.0,0.6899380214271686,0.0,0.0,0.0,8758.160876040212,3059.074798852948,773.0,haco_safemarl_pilot,traffic,21320982,3
0.0,0.0,300.0,0.6522222222222221,0.5461986878422247,0.2548115838115522,1.0,0.7637657766078155,0.0,0.0,0.0,590.02830014921,98.00337691274542,843.0,haco_safemarl_mappo,traffic,21320982,3
0.0,0.6666666666666666,300.0,0.3088888888888889,0.7508412015026359,0.6553489743952916,0.6666666666666669,0.9089849676900895,0.0,12.0,0.0,5560.499999999976,2117.839088580619,0.0,fixed_auv_ga_pso_tlbo_proxy,traffic,21330989,3
0.0,1.0,263.0,0.7351077313054498,0.5096455117741474,0.36840295357839586,1.0,0.744964610701314,0.0,43.0,0.0,6465.855000000009,2167.8000000000047,0.0,independent_greedy,traffic,21330989,3
0.0,0.0,300.0,0.4155555555555555,0.7905307960923124,0.7470454944123744,1.0,0.9267946267262537,0.0,0.0,0.0,8177.012401795736,2765.568706298522,0.0,communication_aware,traffic,21330989,3
0.0,0.6666666666666666,300.0,0.3122222222222223,0.7456041980413814,0.5540093084394175,0.6666666666666669,0.9229081307448288,0.0,0.0,0.0,9506.97570487758,2559.995651058509,467.0,haco_safemarl_pilot_no_acoustic,traffic,21330989,3
1.0,1.0,256.0,0.36979166666666663,0.7401655164875174,0.5964103843356505,0.6666666666666667,0.9352208938714532,0.0,0.0,0.0,8170.475234325975,2011.4405340422386,0.0,haco_safemarl_pilot_no_shield,traffic,21330989,3
0.0,0.0,300.0,0.40777777777777774,0.7823072138432242,0.7345402641601217,1.0,0.9517123778131069,0.0,0.0,0.0,9265.276200769775,2958.4242881699065,527.0,haco_safemarl_pilot,traffic,21330989,3
0.0,0.0,300.0,0.26111111111111107,0.8293936594559068,0.7973462370033878,0.6666666666666669,0.942623037997293,0.0,0.0,0.0,1469.414509081382,243.35557553815278,529.0,haco_safemarl_mappo,traffic,21330989,3
0.0,0.6666666666666666,300.0,0.0,0.9193403188681137,0.9003266152437542,0.0,0.9999999998888889,0.006666666666666667,0.0,0.1,5560.499999999976,3446.632344888975,0.0,fixed_auv_ga_pso_tlbo_proxy,traffic,21340996,3
1.0,1.0,259.0,0.36679536679536673,0.8365489900347978,0.7205061676317305,0.6666666666666667,0.7459369509413015,0.0,0.0,0.05791505791505792,6367.5150000000085,3385.600000000012,0.0,independent_greedy,traffic,21340996,3
0.0,0.6666666666666666,300.0,0.07222222222222224,0.9062425201095994,0.8829220886587471,0.6555555555555557,0.9969771454334336,0.0033333333333333335,0.0,0.1,8486.08636329545,4220.483454126669,0.0,communication_aware,traffic,21340996,3
1.0,1.0,252.0,0.0,0.9098885245251112,0.8685565878071153,0.0,0.9999999998888889,0.0,0.0,0.0,7742.57999999998,2456.8769861086894,34.0,haco_safemarl_pilot_no_acoustic,traffic,21340996,3
1.0,1.0,252.0,0.044973544973544985,0.9048988064278308,0.8534192135191505,0.33333333333333337,0.9955843817309078,0.0,0.0,0.0,7704.604904221547,2439.179317076152,0.0,haco_safemarl_pilot_no_shield,traffic,21340996,3
1.0,1.0,252.0,0.0,0.9098668918640069,0.8685006963995628,0.0,0.9999999998888889,0.0,0.0,0.0,7742.031324659589,2465.07246626342,33.0,haco_safemarl_pilot,traffic,21340996,3
0.0,0.0,300.0,0.0,0.9052367559983725,0.8834874839952545,0.0,0.9999999998888889,0.0,0.0,0.11333333333333333,753.0759852382297,149.09972677125856,187.0,haco_safemarl_mappo,traffic,21340996,3
1.0,1.0,227.0,0.2834067547723935,0.8024031212824109,0.7102304966055403,0.6666666666666664,0.9222880599220614,0.0,0.0,0.0,4207.444999999987,2364.081154472561,0.0,fixed_auv_ga_pso_tlbo_proxy,traffic,21351003,3
1.0,1.0,174.0,0.35057471264367807,0.7644982841281129,0.5677193999713823,0.6666666666666665,0.847706300016485,0.0,0.0,0.0,4277.790000000005,2046.7999999999975,0.0,independent_greedy,traffic,21351003,3
0.0,0.6666666666666666,300.0,0.41777777777777775,0.7835345427099658,0.7115878351828326,0.6666666666666669,0.7943804099213816,0.0,0.0,0.0,8157.8707020048505,3747.2741072782596,0.0,communication_aware,traffic,21351003,3
1.0,1.0,181.0,0.14180478821362794,0.8283835685270046,0.6913028751930338,0.33333333333333326,0.9501133190213132,0.0,0.0,0.0,5699.193993625425,1513.1961168022149,129.0,haco_safemarl_pilot_no_acoustic,traffic,21351003,3
1.0,1.0,170.0,0.14901960784313723,0.8069864351856936,0.6323853731845694,0.37254901960784315,0.9542424056802967,0.0,0.0,0.0,5322.477405677155,1361.2422938993047,0.0,haco_safemarl_pilot_no_shield,traffic,21351003,3
1.0,1.0,184.0,0.1358695652173913,0.8341540016456842,0.7098105290157966,0.33333333333333326,0.952885303848911,0.0,0.0,0.0,5811.5973131155015,1528.7578904189388,136.0,haco_safemarl_pilot,traffic,21351003,3
0.0,0.0,300.0,0.0,0.8709629196415596,0.8414957115518337,0.0,0.9999999998888889,0.0,0.0,0.0,374.15269414524,178.0730826487267,335.0,haco_safemarl_mappo,traffic,21351003,3
0.0,0.6666666666666666,300.0,1.0,0.25367117948460527,0.0851933498684531,1.0,0.0,0.0,167.0,0.0,5560.499999999976,2764.2250476706527,0.0,fixed_auv_ga_pso_tlbo_proxy,acoustic_degradation,21161010,3
0.0,1.0,233.0,0.9699570815450643,0.25387186739406964,0.034318800530824846,1.0,0.3333333196550774,0.0,127.0,0.0,5728.305000000008,2343.800000000002,0.0,independent_greedy,acoustic_degradation,21161010,3
0.0,0.0,300.0,1.0,0.48997527813737074,0.35945156720532606,1.0,0.0,0.0,128.0,0.0,7638.049495311227,2946.031909045841,0.0,communication_aware,acoustic_degradation,21161010,3
0.0,0.0,300.0,0.9844444444444443,0.398370498793084,0.12393800419888043,1.0,0.33333328231293297,0.0,0.0,0.0,7320.625566484985,3206.249371188199,1024.0,haco_safemarl_pilot_no_acoustic,acoustic_degradation,21161010,3
0.0,0.3333333333333333,300.0,1.0,0.34025862186872474,0.17020420722578572,1.0,0.0,0.0,435.0,0.0,8780.094510701,3046.803163409425,0.0,haco_safemarl_pilot_no_shield,acoustic_degradation,21161010,3
0.0,0.0,300.0,1.0,0.6045347066073211,0.4969050947746136,1.0,0.0,0.0,67.0,0.0,4735.368747056776,2704.9361417170253,1135.0,haco_safemarl_pilot,acoustic_degradation,21161010,3
0.0,0.0,300.0,1.0,0.37997568457671704,0.1793210104252608,1.0,0.0,0.0,0.0,0.0,929.4627719864342,701.0543149069662,921.0,haco_safemarl_mappo,acoustic_degradation,21161010,3
0.0,1.0,158.0,1.0,0.5484528090276556,0.4453823964200897,1.0,0.0,0.0,140.0,0.0,2928.5299999999966,1677.876325538589,0.0,fixed_auv_ga_pso_tlbo_proxy,acoustic_degradation,21171017,3
0.0,1.0,121.0,1.0,0.5020802702293594,0.24365398747126207,1.0,0.0,0.0,107.0,0.0,2974.7850000000035,1375.7999999999981,0.0,independent_greedy,acoustic_degradation,21171017,3
0.0,0.6666666666666666,300.0,1.0,0.6466423426807079,0.5456128010343385,1.0,0.0,0.0,251.0,0.06,7714.8360459669375,3383.782354927343,0.0,communication_aware,acoustic_degradation,21171017,3
1.0,1.0,282.0,0.781323877068558,0.6327749411368963,0.5384584493676484,1.0,0.3958890003414341,0.0,0.0,0.0,7664.588086654412,2846.23468111852,921.0,haco_safemarl_pilot_no_acoustic,acoustic_degradation,21171017,3
0.0,1.0,125.0,0.7866666666666666,0.49562063517224386,0.20869418245906468,1.0,0.3333333330620659,0.0,65.0,0.0,3873.744414662136,837.4110920897281,0.0,haco_safemarl_pilot_no_shield,acoustic_degradation,21171017,3
1.0,1.0,294.0,0.8072562358276644,0.6579569407581882,0.5855447004905049,1.0,0.3748378724721208,0.0,0.0,0.0,8139.995220956945,2974.6660351660007,953.0,haco_safemarl_pilot,acoustic_degradation,21171017,3
0.0,0.3333333333333333,300.0,0.5344444444444444,0.7100175538031158,0.5512060539066801,1.0,0.6576722369225246,0.0,0.0,0.0,499.77572478378215,248.65416435610666,901.0,haco_safemarl_mappo,acoustic_degradation,21171017,3
0.0,1.0,270.0,0.5938271604938271,0.7163584366185514,0.6505764189654251,1.0,0.9669123223861011,0.0,66.0,0.05185185185185185,5004.449999999981,2763.001775969911,0.0,fixed_auv_ga_pso_tlbo_proxy,acoustic_degradation,21181024,3
0.0,1.0,207.0,0.8824476650563606,0.587241113112809,0.504713797873675,1.0,0.5535473123798744,0.014492753623188406,51.0,0.10144927536231885,5089.095000000007,2195.800000000007,0.0,independent_greedy,acoustic_degradation,21181024,3
0.0,0.6666666666666666,300.0,0.6966666666666667,0.7443869589866537,0.7189728375620258,1.0,0.9726713899541859,0.0,118.0,0.05333333333333334,8125.1091557649415,3603.459903119694,0.0,communication_aware,acoustic_degradation,21181024,3
0.0,0.6666666666666666,300.0,0.4622222222222222,0.7526032999818456,0.6800680356512745,0.6666666666666669,0.6767783573387472,0.023333333333333334,0.0,0.06333333333333334,9054.430902099986,3341.158146515868,950.0,haco_safemarl_pilot_no_acoustic,acoustic_degradation,21181024,3
0.0,1.0,212.0,0.529874213836478,0.733691978417762,0.687884217884615,0.7575757575757575,0.6672861757615822,0.05660377358490566,53.0,0.1509433962264151,6593.890859153241,1908.0308635316069,0.0,haco_safemarl_pilot_no_shield,acoustic_degradation,21181024,3
0.0,0.3333333333333333,300.0,0.46,0.7711530459909199,0.7397150910702414,0.6666666666666669,0.7135399671795704,0.023333333333333334,0.0,0.07,8968.482257087762,3471.1908937632943,944.0,haco_safemarl_pilot,acoustic_degradation,21181024,3
0.0,0.0,300.0,0.054444444444444455,0.8014587458367776,0.7925244726880412,0.5444444444444443,0.9983429899106415,0.0,0.0,0.0,715.926402690773,106.27246305408013,935.0,haco_safemarl_mappo,acoustic_degradation,21181024,3
0.0,0.6666666666666666,300.0,0.888888888888889,0.5008178236741516,0.39164389022644613,1.0,0.3333333323333333,0.0,0.0,0.0,5560.499999999976,2859.541262306178,0.0,fixed_auv_ga_pso_tlbo_proxy,acoustic_degradation,21191031,3
1.0,1.0,255.0,1.0,0.2948965336694601,0.11832071687274295,1.0,0.0,0.0,0.0,0.0,6269.175000000008,2611.4000000000124,0.0,independent_greedy,acoustic_degradation,21191031,3
0.0,0.3333333333333333,300.0,0.9211111111111112,0.6545106420604553,0.6083750388441267,1.0,0.33333333134959997,0.0,0.0,0.0,7824.9526322568345,3028.7017331741654,0.0,communication_aware,acoustic_degradation,21191031,3
0.0,0.6666666666666666,300.0,0.8822222222222221,0.5819808050712023,0.4840631597953694,1.0,0.33333333244333685,0.0,0.0,0.0,9755.06969452823,2866.9881196743045,943.0,haco_safemarl_pilot_no_acoustic,acoustic_degradation,21191031,3
0.0,0.3333333333333333,300.0,0.9988888888888889,0.5244823116671861,0.45832219789074097,1.0,0.3333233336333243,0.0,0.0,0.0,9194.453502182047,2811.683575253364,0.0,haco_safemarl_pilot_no_shield,acoustic_degradation,21191031,3
0.0,0.0,300.0,0.87,0.6373769873257884,0.5471004550908014,1.0,0.3333333326028198,0.0,0.0,0.0,8865.451525860308,3092.870287899076,900.0,haco_safemarl_pilot,acoustic_degradation,21191031,3
0.0,0.0,300.0,0.76,0.7033108104303804,0.6187055047682766,1.0,0.3333333331189986,0.0,0.0,0.0,786.8404160263269,86.22966219103945,900.0,haco_safemarl_mappo,acoustic_degradation,21191031,3
0.0,0.6666666666666666,300.0,0.9633333333333334,0.5015576137241529,0.19310211415735135,1.0,0.33333332415059713,0.0,0.0,0.0,5560.499999999976,3321.046683888846,0.0,fixed_auv_ga_pso_tlbo_proxy,acoustic_degradation,21201038,3
1.0,1.0,235.0,1.0,0.37369496992626666,0.2871542175081848,1.0,0.0,0.0,0.0,0.0,5777.475000000008,2832.200000000005,0.0,independent_greedy,acoustic_degradation,21201038,3
0.0,0.3333333333333333,300.0,0.8533333333333334,0.654981320765467,0.5138127681217617,1.0,0.6517055633358206,0.0,0.0,0.0,7913.089500378247,3270.408690583271,0.0,communication_aware,acoustic_degradation,21201038,3
1.0,1.0,249.0,0.6773761713520748,0.6720128858480143,0.5141366859702178,1.0,0.5499938445489222,0.0,0.0,0.0,7263.2625867412635,2027.25393063565,787.0,haco_safemarl_pilot_no_acoustic,acoustic_degradation,21201038,3
1.0,1.0,233.0,0.8826895565092989,0.5987851156432742,0.4669333439320487,1.0,0.3333333324362317,0.0,0.0,0.0,7154.302631123019,1989.2093780224461,0.0,haco_safemarl_pilot_no_shield,acoustic_degradation,21201038,3
0.0,0.3333333333333333,300.0,0.6922222222222222,0.7031661403463092,0.6028534914721504,1.0,0.46410447149122996,0.0,0.0,0.0,6636.58463934276,2277.0054885015397,1044.0,haco_safemarl_pilot,acoustic_degradation,21201038,3
0.0,0.0,300.0,0.71,0.7238291075477691,0.629798638647794,1.0,0.47960713878153527,0.0,0.0,0.0,587.2959663256418,45.337468271394116,900.0,haco_safemarl_mappo,acoustic_degradation,21201038,3
1.0,1.0,276.0,1.0,0.46137808667738595,0.16990035162705944,1.0,0.0,0.0,0.0,0.0,5115.65999999998,2285.255370094427,0.0,fixed_auv_ga_pso_tlbo_proxy,acoustic_degradation,21211045,3
1.0,1.0,211.0,0.9842022116903633,0.3594879196188669,0.05387132800279781,1.0,0.3333332838655629,0.0,0.0,0.0,5187.435000000007,1711.1999999999998,0.0,independent_greedy,acoustic_degradation,21211045,3
0.0,0.0,300.0,1.0,0.6660206628219973,0.5302770763838613,1.0,0.0,0.0,0.0,0.0,7774.385769166057,3103.3100317400767,0.0,communication_aware,acoustic_degradation,21211045,3
1.0,1.0,239.0,0.6861924686192469,0.5795218259376843,0.23245322854333403,0.875,0.661946416169,0.0,0.0,0.0,7700.624506180726,1853.9893065765452,717.0,haco_safemarl_pilot_no_acoustic,acoustic_degradation,21211045,3
1.0,1.0,235.0,0.9546099290780141,0.5154552106304678,0.23559391074417066,1.0,0.33333332734103743,0.0,0.0,0.0,7282.942187734203,1981.2361541061207,0.0,haco_safemarl_pilot_no_shield,acoustic_degradation,21211045,3
0.0,0.0,300.0,0.8133333333333334,0.6494640404911737,0.4675531952729214,1.0,0.33333333297902495,0.0,0.0,0.0,9068.669754055396,3079.839998550673,900.0,haco_safemarl_pilot,acoustic_degradation,21211045,3
0.0,0.0,300.0,0.47111111111111115,0.6951839001134924,0.514693864311877,1.0,0.666560758594748,0.0,0.0,0.0,849.308323507163,26.25440662103188,900.0,haco_safemarl_mappo,acoustic_degradation,21211045,3
1.0,1.0,230.0,1.0,0.5135023171920362,0.19028574317730476,1.0,0.0,0.0,0.0,0.0,4263.0499999999865,2088.393184198958,0.0,fixed_auv_ga_pso_tlbo_proxy,acoustic_degradation,21221052,3
1.0,1.0,176.0,0.9526515151515151,0.4142855437472565,0.09360546922295533,1.0,0.333333327826489,0.0,0.0,0.0,4326.9600000000055,1585.6000000000026,0.0,independent_greedy,acoustic_degradation,21221052,3
0.0,0.3333333333333333,300.0,0.9988888888888887,0.6317842826570325,0.4745761549413429,1.0,0.3333233336333243,0.0,67.0,0.0,7754.3839657709805,3069.7954652296935,0.0,communication_aware,acoustic_degradation,21221052,3
1.0,1.0,229.0,0.5152838427947598,0.6088333016572416,0.266683917659651,1.0,0.6376779088907648,0.0,0.0,0.11790393013100436,6975.33078348174,1766.6399687058133,740.0,haco_safemarl_pilot_no_acoustic,acoustic_degradation,21221052,3
0.0,1.0,182.0,0.8131868131868132,0.5653138696421995,0.23504344514975112,1.0,0.3333333329795805,0.0,15.0,0.0,5713.0999258540005,1309.2415373496046,0.0,haco_safemarl_pilot_no_shield,acoustic_degradation,21221052,3
0.0,0.0,300.0,0.9366666666666666,0.6498064648787989,0.4906408113038188,1.0,0.33333333025546324,0.0,0.0,0.0,4457.059247551448,1720.8551641348113,1148.0,haco_safemarl_pilot,acoustic_degradation,21221052,3
0.0,0.0,300.0,0.7422222222222222,0.7237289621404777,0.6284427260882292,1.0,0.3333333331475426,0.0,0.0,0.0,1376.7619091322883,508.9067503311503,954.0,haco_safemarl_mappo,acoustic_degradation,21221052,3
0.0,1.0,280.0,1.0,0.43457086694108643,0.3011206056004291,1.0,0.0,0.0,96.0,0.0,5189.799999999979,2545.9960225628333,0.0,fixed_auv_ga_pso_tlbo_proxy,acoustic_degradation,21231059,3
0.0,1.0,214.0,0.9314641744548285,0.400651581851411,0.130203950928306,1.0,0.3333333307050046,0.0,74.0,0.0,5261.190000000007,2135.600000000007,0.0,independent_greedy,acoustic_degradation,21231059,3
0.0,0.3333333333333333,300.0,1.0,0.6591356793813372,0.6223094334963651,1.0,0.0,0.0,213.0,0.0,7745.5419664866195,2949.4855056247106,0.0,communication_aware,acoustic_degradation,21231059,3
0.0,0.3333333333333333,300.0,0.7833333333333333,0.5821661662743474,0.4490743180136143,1.0,0.33333333307034846,0.0,0.0,0.0,9148.365967102663,3350.9108597566883,913.0,haco_safemarl_pilot_no_acoustic,acoustic_degradation,21231059,3
0.0,0.3333333333333333,300.0,0.8911111111111112,0.5002228411491446,0.3661542391317678,1.0,0.3333333322921005,0.0,102.0,0.0,8911.183876220091,3049.550278035213,0.0,haco_safemarl_pilot_no_shield,acoustic_degradation,21231059,3
0.0,0.3333333333333333,300.0,0.7911111111111111,0.6956389304351486,0.6367199666288301,1.0,0.33333333305039986,0.0,0.0,0.0,9013.952878874681,3338.638992904058,918.0,haco_safemarl_pilot,acoustic_degradation,21231059,3
0.0,0.0,300.0,0.7544444444444445,0.664143593608058,0.5991232668256469,1.0,0.3333333331285873,0.0,0.0,0.0,663.9238224212509,338.7970135633175,911.0,haco_safemarl_mappo,acoustic_degradation,21231059,3
1.0,1.0,129.0,1.0,0.4816382080888607,0.33301006100576575,1.0,0.0,0.0,0.0,0.0,2391.015000000001,1204.9239004993447,0.0,fixed_auv_ga_pso_tlbo_proxy,acoustic_degradation,21241066,3
1.0,1.0,98.0,1.0,0.488005454630164,0.3653914647681078,1.0,0.0,0.0,0.0,0.0,2409.3300000000027,1015.7999999999988,0.0,independent_greedy,acoustic_degradation,21241066,3
1.0,1.0,250.0,1.0,0.5709246007728,0.4986606147507705,1.0,0.0,0.0,0.0,0.0,6393.63176251806,2494.144605137456,0.0,communication_aware,acoustic_degradation,21241066,3
1.0,1.0,164.0,0.9024390243902439,0.5885583092767811,0.5082064875614978,1.0,0.3333333320362654,0.0,0.0,0.0,5009.714645195682,1374.1782951379482,492.0,haco_safemarl_pilot_no_acoustic,acoustic_degradation,21241066,3
1.0,1.0,109.0,0.9633027522935781,0.544503642241021,0.4304324793409963,1.0,0.33333332416589534,0.0,0.0,0.0,3344.7865102709843,718.99865806898,0.0,haco_safemarl_pilot_no_shield,acoustic_degradation,21241066,3
0.0,0.0,300.0,0.9777777777777777,0.6095190160187479,0.5686036865601424,1.0,0.33333330833333524,0.0,0.0,0.01,8597.550773366005,3170.7403755505156,900.0,haco_safemarl_pilot,acoustic_degradation,21241066,3
0.0,0.0,300.0,0.6722222222222223,0.7376499434985007,0.6700932485100056,0.7222222222222222,0.33333333321842384,0.0,0.0,0.0,153.43673897476612,16.604384511649922,922.0,haco_safemarl_mappo,acoustic_degradation,21241066,3
0.0,1.0,288.0,1.0,0.3438750760482267,0.11424727574127089,1.0,0.0,0.0,36.0,0.0,5338.079999999978,2649.0647865974406,0.0,fixed_auv_ga_pso_tlbo_proxy,acoustic_degradation,21251073,3
0.0,1.0,221.0,0.9683257918552036,0.2579974968680316,0.0591727426500522,1.0,0.33333332102771523,0.0,27.0,0.0,5433.285000000007,2106.0000000000045,0.0,independent_greedy,acoustic_degradation,21251073,3
0.0,0.0,300.0,1.0,0.6048786060141543,0.5112636682000093,1.0,0.0,0.0,56.0,0.0,7644.198855410803,2983.05305002146,0.0,communication_aware,acoustic_degradation,21251073,3
0.0,0.3333333333333333,300.0,0.8144444444444444,0.4332082991591048,0.21226794707155017,1.0,0.333333332974769,0.0,0.0,0.0,7864.971099480743,2789.3596724425092,982.0,haco_safemarl_pilot_no_acoustic,acoustic_degradation,21251073,3
0.0,0.3333333333333333,300.0,0.86,0.441008277770829,0.28256459227253117,1.0,0.3333333327034518,0.0,126.0,0.0,8824.830145181148,3053.40618545023,0.0,haco_safemarl_pilot_no_shield,acoustic_degradation,21251073,3
0.0,0.3333333333333333,300.0,0.8300000000000001,0.6435886074981123,0.5787980656837516,1.0,0.3333333329061472,0.0,0.0,0.0,7418.612759583251,2741.987887074146,991.0,haco_safemarl_pilot,acoustic_degradation,21251073,3
0.0,0.0,300.0,0.6877777777777778,0.45445697118497114,0.28231697887730023,0.8777777777777778,0.3333333332066885,0.0,0.0,0.0,875.910993457697,350.5316562861774,900.0,haco_safemarl_mappo,acoustic_degradation,21251073,3
0.0,1.0,268.0,1.0,0.37469462353007466,0.0756827711767365,1.0,0.0,0.0,9.0,0.0,4967.379999999981,3054.5200009588116,0.0,fixed_auv_ga_pso_tlbo_proxy,acoustic_degradation,21261080,3
0.0,1.0,205.0,0.9560975609756097,0.35492682144697735,0.030128477117811726,1.0,0.3333333269280599,0.0,7.0,0.0,5039.925000000007,2551.200000000001,0.0,independent_greedy,acoustic_degradation,21261080,3
0.0,0.6666666666666666,300.0,1.0,0.5211457325791026,0.3137836458424937,1.0,0.0,0.0,0.0,0.0,7705.872729893729,3289.5257667504816,0.0,communication_aware,acoustic_degradation,21261080,3
0.0,0.6666666666666666,300.0,0.7422222222222222,0.5162741295555728,0.11871062709294061,1.0,0.3333333331475426,0.0,0.0,0.08333333333333333,9153.324612066715,2899.989930318597,963.0,haco_safemarl_pilot_no_acoustic,acoustic_degradation,21261080,3
0.0,0.3333333333333333,300.0,0.6866666666666666,0.4451616237122142,0.19944945754043442,0.8666666666666667,0.3333333332075851,0.0,0.0,0.06333333333333334,8729.648837372373,3278.6711483372173,0.0,haco_safemarl_pilot_no_shield,acoustic_degradation,21261080,3
0.0,0.3333333333333333,300.0,0.6755555555555556,0.6365533052885126,0.48368562783888097,0.7555555555555554,0.3333333332160505,0.0,0.0,0.07666666666666666,8043.598133680211,3430.139730435555,987.0,haco_safemarl_pilot,acoustic_degradation,21261080,3
0.0,0.0,300.0,0.6944444444444445,0.5466669243113107,0.35565315581052154,0.9444444444444444,0.3333333332011019,0.0,0.0,0.0,540.5485097760205,281.4980638899036,911.0,haco_safemarl_mappo,acoustic_degradation,21261080,3
1.0,1.0,244.0,0.7363387978142075,0.715432631602931,0.6294870520207894,1.0,0.5366440473131112,0.0,0.0,0.0,4522.5399999999845,2482.168561336805,0.0,fixed_auv_ga_pso_tlbo_proxy,acoustic_degradation,21271087,3
1.0,1.0,187.0,0.7147950089126559,0.6118282839120468,0.45364523830028164,1.0,0.6368159198440594,0.0,0.0,0.0,4597.395000000006,1999.5999999999965,0.0,independent_greedy,acoustic_degradation,21271087,3
0.0,0.6666666666666666,300.0,0.8766666666666667,0.719502310310454,0.661814033951437,1.0,0.6184309563991977,0.0,0.0,0.0,8121.397721796557,3523.8892153557567,0.0,communication_aware,acoustic_degradation,21271087,3
1.0,1.0,195.0,0.36752136752136755,0.7460471907395287,0.6691997928396021,0.75,0.8757788608266387,0.0,0.0,0.22564102564102564,6169.525838491898,1716.7189779019286,637.0,haco_safemarl_pilot_no_acoustic,acoustic_degradation,21271087,3
1.0,1.0,184.0,0.4492753623188405,0.7210175593927,0.612337033985141,0.7543859649122806,0.848304602185381,0.0,0.0,0.1793478260869565,5763.206941988268,1725.5438721944588,0.0,haco_safemarl_pilot_no_shield,acoustic_degradation,21271087,3
1.0,1.0,215.0,0.358139534883721,0.7537592387621318,0.6880996968559977,0.7424242424242423,0.8689277564503615,0.0,0.0,0.15813953488372093,6821.493380616438,2104.9527141705516,659.0,haco_safemarl_pilot,acoustic_degradation,21271087,3
0.0,0.0,300.0,0.09444444444444446,0.7983389870115459,0.7961675645374028,0.9111111111111111,0.9998163608927513,0.0,0.0,0.0,568.4694004958326,408.2282292730257,900.0,haco_safemarl_mappo,acoustic_degradation,21271087,3
0.0,0.6666666666666666,300.0,0.8355555555555556,0.44582707351842676,0.31941915778332813,1.0,0.33333333287679573,0.0,0.0,0.0,5560.499999999976,2410.9452905743747,0.0,fixed_auv_ga_pso_tlbo_proxy,acoustic_degradation,21281094,3
1.0,1.0,248.0,0.9072580645161289,0.3540670773034886,0.20895730032089008,1.0,0.33333333189796727,0.0,0.0,0.0,6097.080000000008,2169.600000000004,0.0,independent_greedy,acoustic_degradation,21281094,3
0.0,0.0,300.0,0.8666666666666667,0.6614456722229224,0.616407650669386,1.0,0.33333333263888887,0.0,0.0,0.0,7829.301479238732,2890.711705122083,0.0,communication_aware,acoustic_degradation,21281094,3
0.0,0.0,300.0,0.8155555555555556,0.5197564655193331,0.39557151983236966,1.0,0.333333332970436,0.0,0.0,0.0,8974.863754808284,3110.18021060128,900.0,haco_safemarl_pilot_no_acoustic,acoustic_degradation,21281094,3
0.0,0.3333333333333333,300.0,0.9,0.4466166654855103,0.36467509658521857,1.0,0.33333333209876537,0.0,0.0,0.0,8989.03696633208,2952.9357550349646,0.0,haco_safemarl_pilot_no_shield,acoustic_degradation,21281094,3
0.0,0.0,300.0,0.8055555555555555,0.6738782038430426,0.6140498645961382,1.0,0.33333333300680273,0.0,0.0,0.0,8835.458211275021,3141.745438330145,900.0,haco_safemarl_pilot,acoustic_degradation,21281094,3
0.0,0.0,300.0,0.7177777777777778,0.5204118298233249,0.37784771120206306,1.0,0.33333333317833297,0.0,0.0,0.0,787.7536968390311,183.82787779242236,900.0,haco_safemarl_mappo,acoustic_degradation,21281094,3
1.0,1.0,174.0,0.7662835249042148,0.4329776332107739,0.23958828112815356,1.0,0.33333333310731883,0.0,0.0,0.09195402298850575,3225.0899999999947,1621.6108577417524,0.0,fixed_auv_ga_pso_tlbo_proxy,acoustic_degradation,21291101,3
1.0,1.0,133.0,1.0,0.4265861438732657,0.19432789980573958,1.0,0.0,0.0,0.0,0.0,3269.805000000004,1366.5999999999985,0.0,independent_greedy,acoustic_degradation,21291101,3
0.0,0.3333333333333333,300.0,0.9011111111111112,0.5728795501892643,0.4678611348918298,1.0,0.33333333207086646,0.0,0.0,0.04666666666666667,7884.194702450441,3528.841591609764,0.0,communication_aware,acoustic_degradation,21291101,3
0.0,1.0,272.0,0.7745098039215687,0.5367386105952501,0.27390257550187747,1.0,0.3333333330905272,0.04044117647058824,0.0,0.09926470588235294,6153.718268408829,1574.4130389536529,960.0,haco_safemarl_pilot_no_acoustic,acoustic_degradation,21291101,3
0.0,1.0,248.0,0.8615591397849462,0.47437808533840176,0.2672659147203913,1.0,0.3333333326891842,0.0,61.0,0.08870967741935484,7364.054346652709,2137.7978246834364,0.0,haco_safemarl_pilot_no_shield,acoustic_degradation,21291101,3
0.0,0.3333333333333333,300.0,0.7011111111111111,0.6582176939622231,0.5833438215614513,1.0,0.33333333319513736,0.0,0.0,0.06666666666666667,4299.239056802284,2136.9774568070166,1167.0,haco_safemarl_pilot,acoustic_degradation,21291101,3
0.0,0.3333333333333333,300.0,0.6833333333333333,0.6406386419092887,0.5417286476441112,0.8333333333333334,0.3333333332102185,0.0,0.0,0.11,437.20705567063897,302.4704748408227,943.0,haco_safemarl_mappo,acoustic_degradation,21291101,3
0.0,0.6666666666666666,300.0,0.8177777777777778,0.5473664499458694,0.34107368458223714,1.0,0.3333333329615309,0.0,0.0,0.0,5560.499999999976,2819.5196462333406,0.0,fixed_auv_ga_pso_tlbo_proxy,acoustic_degradation,21301108,3
1.0,1.0,290.0,0.835632183908046,0.45677462593997203,0.06993459988856766,1.0,0.6403319225347763,0.0,0.0,0.1724137931034483,7129.65000000001,3107.800000000014,0.0,independent_greedy,acoustic_degradation,21301108,3
0.0,0.3333333333333333,300.0,0.8566666666666667,0.6810192206715525,0.5867596647040472,1.0,0.3333333327324079,0.0,53.0,0.0,7911.952792482959,2918.0312074370836,0.0,communication_aware,acoustic_degradation,21301108,3
0.0,0.3333333333333333,300.0,0.5455555555555556,0.6810598388097371,0.4999201403459701,0.9666666666666667,0.6539650890015174,0.0,0.0,0.05333333333333334,9172.348294645755,3339.1307065452365,900.0,haco_safemarl_pilot_no_acoustic,acoustic_degradation,21301108,3
0.0,0.3333333333333333,300.0,0.7688888888888888,0.5588455596039302,0.3962832481216877,1.0,0.6154546481252003,0.0,0.0,0.0,9072.024043906295,2908.0056136317016,0.0,haco_safemarl_pilot_no_shield,acoustic_degradation,21301108,3
0.0,0.3333333333333333,300.0,0.62,0.7197991825245438,0.6173144325308623,1.0,0.6660971772708448,0.0,0.0,0.07,8996.053734799043,2989.71166913849,900.0,haco_safemarl_pilot,acoustic_degradation,21301108,3
0.0,0.0,300.0,0.48222222222222216,0.7611588629459799,0.7261332992715784,0.7333333333333333,0.6552131984655214,0.0,0.0,0.11,792.2078765617725,70.59339863935617,965.0,haco_safemarl_mappo,acoustic_degradation,21301108,3
1.0,1.0,265.0,1.0,0.4173875637581066,0.3418085426155269,1.0,0.0,0.0,0.0,0.0,4911.774999999981,2191.548581725501,0.0,fixed_auv_ga_pso_tlbo_proxy,acoustic_degradation,21311115,3
1.0,1.0,203.0,0.9737274220032842,0.3259336454109468,0.1379016043144745,1.0,0.33333331544748357,0.0,0.0,0.0,4990.7550000000065,1839.5999999999992,0.0,independent_greedy,acoustic_degradation,21311115,3
0.0,0.0,300.0,1.0,0.7013593879082967,0.6892030495248749,1.0,0.0,0.0,36.0,0.0,7736.276698124437,2784.850184372526,0.0,communication_aware,acoustic_degradation,21311115,3
0.0,0.3333333333333333,300.0,0.9444444444444444,0.5465423156692332,0.45527330322112536,1.0,0.3333333293333334,0.0,0.0,0.0,9142.119309795475,3045.143674584693,900.0,haco_safemarl_pilot_no_acoustic,acoustic_degradation,21311115,3
0.0,1.0,263.0,0.9607097591888466,0.47556023273304077,0.42736283339438597,1.0,0.3333333253359928,0.0,40.0,0.0,8046.628531088604,2030.8114119477632,0.0,haco_safemarl_pilot_no_shield,acoustic_degradation,21311115,3
0.0,0.0,300.0,0.888888888888889,0.6852234399947292,0.641802153942231,1.0,0.3333333323333333,0.0,0.0,0.0,8927.025065710974,3123.043219024367,900.0,haco_safemarl_pilot,acoustic_degradation,21311115,3
0.0,0.0,300.0,0.758888888888889,0.7466219718344786,0.7210646063225016,1.0,0.3333333331209695,0.0,0.0,0.0,768.36217994921,22.611597915739935,900.0,haco_safemarl_mappo,acoustic_degradation,21311115,3
0.0,0.6666666666666666,300.0,0.9111111111111112,0.5005306574329563,0.3641834163774018,1.0,0.33333333177083335,0.0,12.0,0.11666666666666667,5560.499999999976,2904.624460789448,0.0,fixed_auv_ga_pso_tlbo_proxy,acoustic_degradation,21321122,3
0.0,1.0,242.0,0.9201101928374655,0.4121063319021939,0.30993315393369686,1.0,0.33333333139899596,0.0,9.0,0.10330578512396695,5949.570000000008,2691.400000000012,0.0,independent_greedy,acoustic_degradation,21321122,3
0.0,0.3333333333333333,300.0,0.9244444444444446,0.691646893751794,0.6556983814273364,1.0,0.3333333311707036,0.05,32.0,0.12666666666666668,7849.923989426979,3161.0810834197982,0.0,communication_aware,acoustic_degradation,21321122,3
0.0,0.3333333333333333,300.0,0.6455555555555555,0.6127218746946593,0.40380970113808956,0.7555555555555554,0.6568488858393113,0.0,0.0,0.056666666666666664,9280.829503242818,3499.275750963157,900.0,haco_safemarl_pilot_no_acoustic,acoustic_degradation,21321122,3
0.0,0.3333333333333333,300.0,0.8488888888888889,0.5375757817398289,0.37506181430669744,1.0,0.6525543304145537,0.0,17.0,0.08,8962.297990952127,3003.1445307699187,0.0,haco_safemarl_pilot_no_shield,acoustic_degradation,21321122,3
0.0,0.3333333333333333,300.0,0.6399999999999999,0.7097187522471955,0.6095315972195661,0.7888888888888889,0.6585365849940511,0.0,0.0,0.06333333333333334,9216.491431484234,3541.7153384974813,900.0,haco_safemarl_pilot,acoustic_degradation,21321122,3
0.0,0.0,300.0,0.6766666666666666,0.6934636431202909,0.6326333889901071,0.8,0.5846399201023342,0.0,0.0,0.09666666666666666,550.1661075103489,191.04465512503492,904.0,haco_safemarl_mappo,acoustic_degradation,21321122,3
0.0,0.6666666666666666,300.0,1.0,0.3743057850782736,0.1365846012564945,1.0,0.0,0.0,22.0,0.03,5560.499999999976,2775.8659557651017,0.0,fixed_auv_ga_pso_tlbo_proxy,acoustic_degradation,21331129,3
0.0,1.0,259.0,0.9935649935649935,0.16422447865194745,0.05325045470797827,1.0,0.33333303519582225,0.0,17.0,0.0,6367.5150000000085,2545.400000000012,0.0,independent_greedy,acoustic_degradation,21331129,3
0.0,0.3333333333333333,300.0,1.0,0.6592632390900215,0.5937732248370667,1.0,0.0,0.0,49.0,0.0,7687.401622122194,2970.0792411145644,0.0,communication_aware,acoustic_degradation,21331129,3
0.0,0.3333333333333333,300.0,0.8677777777777778,0.5055832284103043,0.3894463619377268,1.0,0.3333333326271685,0.0,0.0,0.0,9437.994121003272,2683.1605437730896,903.0,haco_safemarl_pilot_no_acoustic,acoustic_degradation,21331129,3
0.0,0.3333333333333333,300.0,1.0,0.4733305063344519,0.3639075707921683,1.0,0.0,0.0,0.0,0.0,9013.8451803904,2961.1232290436615,0.0,haco_safemarl_pilot_no_shield,acoustic_degradation,21331129,3
0.0,0.0,300.0,0.9666666666666667,0.6060620505470072,0.5219380529296714,1.0,0.3333333222222226,0.0,0.0,0.02,8954.68981236824,3096.516296775909,910.0,haco_safemarl_pilot,acoustic_degradation,21331129,3
0.0,0.0,300.0,0.7644444444444445,0.5639827997115917,0.45125486166779877,1.0,0.3333333331108342,0.0,0.0,0.0,1206.902581027943,288.60963887073996,903.0,haco_safemarl_mappo,acoustic_degradation,21331129,3
1.0,1.0,265.0,0.9635220125786162,0.31590438275252825,0.18661885631265593,1.0,0.6299625136785638,0.0,0.0,0.0,4911.774999999981,2650.037335831164,0.0,fixed_auv_ga_pso_tlbo_proxy,acoustic_degradation,21341136,3
1.0,1.0,203.0,0.9885057471264367,0.2307968165357495,0.13169856265087623,1.0,0.44144127755537294,0.0,0.0,0.0,4990.7550000000065,2182.2000000000035,0.0,independent_greedy,acoustic_degradation,21341136,3
0.0,0.3333333333333333,300.0,0.971111111111111,0.5869161664006223,0.5207516333544705,1.0,0.6090089596299043,0.0,0.0,0.0,7694.251793062803,3119.510142391006,0.0,communication_aware,acoustic_degradation,21341136,3
0.0,0.6666666666666666,300.0,0.92,0.5406393931424447,0.4196122003335152,1.0,0.5680473316760618,0.0,0.0,0.0,7348.751584845759,2096.11629115284,1003.0,haco_safemarl_pilot_no_acoustic,acoustic_degradation,21341136,3
0.0,0.3333333333333333,300.0,0.99,0.4174881955769856,0.34372541986602356,1.0,0.4153844236687275,0.0,56.0,0.0,8848.237216348043,2949.10278377494,0.0,haco_safemarl_pilot_no_shield,acoustic_degradation,21341136,3
0.0,0.3333333333333333,300.0,0.9277777777777779,0.6632766239948698,0.6329551838732885,1.0,0.6410256322724461,0.0,0.0,0.0,7568.268428492758,2696.0787528679434,984.0,haco_safemarl_pilot,acoustic_degradation,21341136,3
0.0,0.0,300.0,0.9555555555555554,0.5281633449129549,0.40532694999641933,1.0,0.5118361976758613,0.0,0.0,0.0,1265.2636493913585,663.1572255335795,966.0,haco_safemarl_mappo,acoustic_degradation,21341136,3
0.0,0.6666666666666666,300.0,1.0,0.31965019915425713,0.17929718538856157,1.0,0.0,0.0,33.0,0.0,5560.499999999976,3509.974469984449,0.0,fixed_auv_ga_pso_tlbo_proxy,acoustic_degradation,21351143,3
0.0,1.0,247.0,1.0,0.22481709218578239,0.10535374827280887,1.0,0.0,0.0,25.0,0.0,6072.495000000008,3255.60000000001,0.0,independent_greedy,acoustic_degradation,21351143,3
0.0,0.3333333333333333,300.0,1.0,0.5114005906568165,0.39672593626627006,1.0,0.0,0.0,47.0,0.0,7725.0467975895235,3103.0342951196844,0.0,communication_aware,acoustic_degradation,21351143,3
0.0,0.3333333333333333,300.0,1.0,0.5815558668215044,0.5320518488501564,1.0,0.0,0.0,0.0,0.08333333333333333,9288.901271962772,3867.3312052494744,903.0,haco_safemarl_pilot_no_acoustic,acoustic_degradation,21351143,3
0.0,1.0,255.0,1.0,0.43891979764332506,0.2935581883331161,1.0,0.0,0.0,94.0,0.25098039215686274,7843.225191853409,2011.2958941500012,0.0,haco_safemarl_pilot_no_shield,acoustic_degradation,21351143,3
0.0,0.0,300.0,1.0,0.5858395562724662,0.4652015256819881,1.0,0.0,0.0,0.0,0.0,8661.276635205395,3158.7519746898997,900.0,haco_safemarl_pilot,acoustic_degradation,21351143,3
0.0,0.0,300.0,1.0,0.6689033642257265,0.6287262170277075,1.0,0.0,0.0,0.0,0.0,441.15937673238386,54.84803709051365,900.0,haco_safemarl_mappo,acoustic_degradation,21351143,3
0.0,0.6666666666666666,300.0,0.7766666666666666,0.4408904071100702,0.25974020330339487,1.0,0.5491131491753968,0.0,39.0,0.0,5560.499999999976,2683.0421691958486,0.0,fixed_auv_ga_pso_tlbo_proxy,emergency,21161150,3
0.0,0.6666666666666666,300.0,0.98,0.16416149707763844,0.10297743693058654,1.0,0.33333330246913867,0.0,30.0,0.08333333333333333,7375.50000000001,3138.8000000000175,0.0,independent_greedy,emergency,21161150,3
0.0,0.3333333333333333,300.0,0.7622222222222222,0.6791198688638703,0.6068106425584443,1.0,0.6239407060661782,0.0,0.0,0.0,7882.551844748894,3011.3752414202386,0.0,communication_aware,emergency,21161150,3
0.0,0.3333333333333333,300.0,0.768888888888889,0.6066334469313203,0.5854841819235078,1.0,0.8318720182497217,0.0,0.0,0.0,7985.27309305492,2416.382878932533,948.0,haco_safemarl_pilot_no_acoustic,emergency,21161150,3
0.0,0.3333333333333333,300.0,0.9077777777777777,0.4644917580729434,0.40681878323308396,1.0,0.3758934886325959,0.0,0.0,0.02,9074.490381118152,2834.173547491619,0.0,haco_safemarl_pilot_no_shield,emergency,21161150,3
0.0,0.0,300.0,0.6788888888888889,0.6844000808892389,0.650489293322118,1.0,0.939631216211968,0.0,0.0,0.0,8884.854420262142,3030.3762544639103,870.0,haco_safemarl_pilot,emergency,21161150,3
0.0,0.0,300.0,0.7288888888888888,0.5939859913460289,0.5163086849761963,1.0,0.6048562424622872,0.0,0.0,0.0,758.0700571113393,80.56465566629814,834.0,haco_safemarl_mappo,emergency,21161150,3
0.0,0.6666666666666666,300.0,0.023333333333333327,0.8485371235166435,0.832035436448354,0.23333333333333328,0.9988597622955009,0.0,0.0,0.0,5560.499999999976,2882.6069023760724,0.0,fixed_auv_ga_pso_tlbo_proxy,emergency,21171157,3
1.0,1.0,232.0,0.3045977011494253,0.7394467394762847,0.6753045345362888,0.7083333333333334,0.9191484016861193,0.0,0.0,0.0,5703.7200000000075,2181.9999999999995,0.0,independent_greedy,emergency,21171157,3
1.0,1.0,263.0,0.0025348542458808617,0.8501468052720487,0.8380012593690712,0.024691358024691357,0.9999870836838178,0.0,0.0,0.0,7462.625,3160.4922235149697,0.0,communication_aware,emergency,21171157,3
1.0,1.0,220.0,0.019696969696969695,0.845142352407898,0.8341033222680949,0.19696969696969696,0.9997086433811064,0.0,0.0,0.0,6330.772483372826,1557.6424100784532,208.0,haco_safemarl_pilot_no_acoustic,emergency,21171157,3
1.0,1.0,226.0,0.02654867256637168,0.8393675149532104,0.8264848136792446,0.2608695652173913,0.9995731848864945,0.0,0.0,0.0,7127.028127988724,1756.717213017861,0.0,haco_safemarl_pilot_no_shield,emergency,21171157,3
1.0,1.0,221.0,0.010558069381598792,0.8457215358573079,0.8353369791884053,0.10144927536231883,0.999911704589876,0.0,0.0,0.0,6386.541673690308,1643.7627755215324,207.0,haco_safemarl_pilot,emergency,21171157,3
0.0,0.0,300.0,0.0,0.8463459464930995,0.8408799986936699,0.0,0.9999999998888889,0.0,0.0,0.0,1351.82610297053,437.5029196644338,179.0,haco_safemarl_mappo,emergency,21171157,3
0.0,1.0,225.0,0.47259259259259256,0.7203711016877419,0.6579433005297853,0.6666666666666664,0.7179696349629093,0.035555555555555556,0.0,0.09333333333333334,4170.374999999987,2216.8882299873762,0.0,fixed_auv_ga_pso_tlbo_proxy,emergency,21181164,3
1.0,1.0,172.0,0.5949612403100775,0.635461065204178,0.42918417737552367,0.6666666666666665,0.48096763877350607,0.0,0.0,0.0,4228.620000000005,1645.3999999999978,0.0,independent_greedy,emergency,21181164,3
0.0,0.6666666666666666,300.0,0.6066666666666667,0.7502962565011466,0.7132391555763085,1.0,0.6535657286415032,0.06666666666666667,0.0,0.13666666666666666,8088.792478369334,3433.210512523478,0.0,communication_aware,emergency,21181164,3
1.0,1.0,200.0,0.3833333333333333,0.7796024218033187,0.7476272408397472,0.6666666666666665,0.8185644924018646,0.0,0.0,0.07,6024.064486287403,1648.4496228722176,395.0,haco_safemarl_pilot_no_acoustic,emergency,21181164,3
1.0,1.0,176.0,0.5132575757575758,0.7197957714291191,0.602600386279436,0.6666666666666665,0.7922679234644251,0.0,0.0,0.08522727272727272,5503.927576030286,1373.093219777348,0.0,haco_safemarl_pilot_no_shield,emergency,21181164,3
1.0,1.0,239.0,0.35006973500697347,0.7829706945325543,0.7485148385907865,0.6666666666666666,0.8896262974263766,0.0,0.0,0.0502092050209205,7133.5468881876795,2180.5691974355973,499.0,haco_safemarl_pilot,emergency,21181164,3
0.0,0.0,300.0,0.05333333333333334,0.8215160088157907,0.8147195059662516,0.3333333333333334,0.9936920952846329,0.0,0.0,0.0,824.0354853057933,315.23846744263574,697.0,haco_safemarl_mappo,emergency,21181164,3
1.0,1.0,297.0,0.5712682379349044,0.5847638190105868,0.41530465422567964,1.0,0.9063039557794911,0.0,0.0,0.0,5504.894999999977,2194.4403308367523,0.0,fixed_auv_ga_pso_tlbo_proxy,emergency,21191171,3
1.0,1.0,228.0,0.7792397660818713,0.4847677647082629,0.29709310176131826,1.0,0.49088247270085417,0.0,0.0,0.0,5605.380000000007,1837.4000000000017,0.0,independent_greedy,emergency,21191171,3
0.0,0.0,300.0,0.6466666666666666,0.6593116883130885,0.5420378326558764,1.0,0.9333259489423031,0.0,0.0,0.0,7971.988111501332,3001.274612082802,0.0,communication_aware,emergency,21191171,3
0.0,0.6666666666666666,300.0,0.5622222222222222,0.6172088014750795,0.40861745458692406,1.0,0.9215881831175767,0.0,0.0,0.0,9143.117454997519,2873.355840312399,735.0,haco_safemarl_pilot_no_acoustic,emergency,21191171,3
0.0,0.3333333333333333,300.0,0.7733333333333333,0.5145035303638681,0.40394870809813405,1.0,0.6581269560800928,0.0,0.0,0.0,9128.893762688103,2957.0878071355824,0.0,haco_safemarl_pilot_no_shield,emergency,21191171,3
0.0,0.0,300.0,0.5822222222222222,0.7105945102651451,0.6051405201230537,1.0,0.9472428805008252,0.0,0.0,0.0,8990.030466989729,3071.724980870097,753.0,haco_safemarl_pilot,emergency,21191171,3
0.0,0.0,300.0,0.26666666666666666,0.7175808344698212,0.5141377953391907,0.8333333333333334,0.883329885833263,0.0,0.0,0.0,785.1814881216181,47.55367025374872,716.0,haco_safemarl_mappo,emergency,21191171,3
1.0,1.0,166.0,0.9357429718875501,0.3891841441750009,0.34321250677236365,1.0,0.6640726210770524,0.0,0.0,0.15060240963855423,3076.809999999996,1443.844595085021,0.0,fixed_auv_ga_pso_tlbo_proxy,emergency,21201178,3
1.0,1.0,127.0,0.8661417322834646,0.3854849601754709,0.14510190988993496,1.0,0.6101337063474437,0.0,0.0,0.0,3122.2950000000037,1156.4000000000003,0.0,independent_greedy,emergency,21201178,3
0.0,0.3333333333333333,300.0,0.971111111111111,0.48559706214013004,0.4534741052491463,1.0,0.6627450395617123,0.0,0.0,0.09,7650.403708278451,3004.8247570577355,0.0,communication_aware,emergency,21201178,3
1.0,1.0,246.0,0.8739837398373984,0.5337602199020489,0.33764069067022406,1.0,0.7690050638804027,0.0,0.0,0.0,7368.09762989483,2128.154404336382,737.0,haco_safemarl_pilot_no_acoustic,emergency,21201178,3
1.0,1.0,179.0,0.9627560521415269,0.4478110919671198,0.2598995545281032,1.0,0.9389670655271272,0.0,0.0,0.0670391061452514,5416.226873256885,1525.0729988985993,0.0,haco_safemarl_pilot_no_shield,emergency,21201178,3
0.0,0.0,300.0,0.9011111111111111,0.6080245155783497,0.5495224990029043,1.0,0.7893373123029038,0.0,0.0,0.03333333333333333,8532.37807547813,3087.6680253881664,899.0,haco_safemarl_pilot,emergency,21201178,3
0.0,0.0,300.0,0.7566666666666667,0.6977787357894664,0.6626096730213116,1.0,0.9829080830318325,0.0,0.0,0.0,358.8170198546831,195.86211204971033,899.0,haco_safemarl_mappo,emergency,21201178,3
1.0,1.0,295.0,0.6610169491525424,0.7006192561049337,0.6169119599902996,0.8777777777777778,0.390869293160589,0.0,0.0,0.0,5467.824999999977,3011.049462873181,0.0,fixed_auv_ga_pso_tlbo_proxy,emergency,21211185,3
1.0,1.0,226.0,0.8200589970501474,0.6042335437385676,0.4952981791662036,1.0,0.43172061660138744,0.0,0.0,0.0,5556.210000000007,2509.400000000003,0.0,independent_greedy,emergency,21211185,3
1.0,1.0,262.0,0.66412213740458,0.7511120806752446,0.702404900627726,0.9012345679012346,0.3905194148775324,0.0,0.0,0.0,7009.551039678025,2754.1815328176676,0.0,communication_aware,emergency,21211185,3
1.0,1.0,208.0,0.23237179487179485,0.8033058283805531,0.777384382596491,0.6349206349206348,0.9838850079006907,0.0,0.0,0.0,6546.313337122422,1751.5092678653828,412.0,haco_safemarl_pilot_no_acoustic,emergency,21211185,3
1.0,1.0,220.0,0.5378787878787878,0.7700196435224042,0.7050681838203313,1.0,0.7515167669520579,0.0,0.0,0.0,6803.836887345139,1944.7072158729463,0.0,haco_safemarl_pilot_no_shield,emergency,21211185,3
1.0,1.0,209.0,0.2472089314194577,0.8027869412039338,0.7738244155287022,0.6666666666666665,0.9822667828765269,0.0,0.0,0.0,6570.35603123279,1757.8348251813418,447.0,haco_safemarl_pilot,emergency,21211185,3
0.0,0.3333333333333333,300.0,0.01111111111111111,0.8314550337090695,0.8251034161805719,0.11111111111111112,0.9997475702511963,0.0,0.0,0.0,682.698141623707,395.10217411966664,503.0,haco_safemarl_mappo,emergency,21211185,3
0.0,0.6666666666666666,300.0,0.6,0.4991286859003921,0.31159005455672195,0.6666666666666669,0.4615384613905325,0.0,256.0,0.0,5560.499999999976,3095.689765083283,0.0,fixed_auv_ga_pso_tlbo_proxy,emergency,21221192,3
0.0,1.0,231.0,0.6262626262626263,0.47031610471169566,0.24308727997034593,0.6666666666666666,0.4129713422474431,0.0,199.0,0.0,5679.1350000000075,2785.600000000009,0.0,independent_greedy,emergency,21221192,3
0.0,0.3333333333333333,300.0,0.5966666666666667,0.6724499196836664,0.5942663655750079,0.6666666666666669,0.46742010648168436,0.0,2.0,0.0,8017.421145293889,3575.8235694783834,0.0,communication_aware,emergency,21221192,3
0.0,0.3333333333333333,300.0,0.5755555555555556,0.5971328303573614,0.4360201449781421,0.6666666666666669,0.502887942167887,0.0,0.0,0.0,8901.036186398818,3435.0712228071675,586.0,haco_safemarl_pilot_no_acoustic,emergency,21221192,3
0.0,0.3333333333333333,300.0,0.6222222222222222,0.5377979487890607,0.37184369454921373,0.6666666666666669,0.42066957773704416,0.0,117.0,0.0,8847.527499693068,3297.187075257498,0.0,haco_safemarl_pilot_no_shield,emergency,21221192,3
0.0,0.3333333333333333,300.0,0.5666666666666667,0.7221714869697027,0.6427910348440169,0.6666666666666669,0.5168195717073946,0.0,0.0,0.0,8777.803092876171,3359.99755756174,591.0,haco_safemarl_pilot,emergency,21221192,3
0.0,0.3333333333333333,300.0,0.5366666666666666,0.6919027894483099,0.6091338576968387,0.6666666666666669,0.5893124025978898,0.0,0.0,0.0,464.71247739611147,235.07022975184495,649.0,haco_safemarl_mappo,emergency,21221192,3
0.0,0.6666666666666666,300.0,0.9333333333333333,0.25618782263156703,0.15110597087628289,1.0,0.663716803146292,0.0,19.0,0.0,5560.499999999976,2432.7677113680193,0.0,fixed_auv_ga_pso_tlbo_proxy,emergency,21231199,3
0.0,1.0,243.0,0.9615912208504801,0.22032596458734446,0.05822062726809552,1.0,0.3843137143660096,0.0,14.0,0.0,5974.155000000008,2193.4000000000087,0.0,independent_greedy,emergency,21231199,3
0.0,0.0,300.0,0.9433333333333334,0.5472286379761365,0.45336775250161027,1.0,0.6603198630543823,0.0,0.0,0.0,7688.864706427037,2995.0069681272876,0.0,communication_aware,emergency,21231199,3
0.0,0.3333333333333333,300.0,0.8455555555555555,0.42502221396061196,0.24041275091033132,1.0,0.38567179602150914,0.0,0.0,0.0,8945.060827211852,2994.8270340869267,865.0,haco_safemarl_pilot_no_acoustic,emergency,21231199,3
0.0,0.0,300.0,0.9566666666666667,0.3296029712786001,0.2575740632452579,1.0,0.4111922041072457,0.0,143.0,0.0,8763.733790477781,3082.61053843292,0.0,haco_safemarl_pilot_no_shield,emergency,21231199,3
0.0,0.0,300.0,0.8288888888888889,0.6426333065307585,0.5730966004006559,1.0,0.4275464207953996,0.0,0.0,0.0,8692.58961162909,3240.996281117633,874.0,haco_safemarl_pilot,emergency,21231199,3
0.0,0.0,300.0,0.7044444444444444,0.48035796530198077,0.28788612257570806,1.0,0.362038088638937,0.0,0.0,0.0,793.3582327211525,344.3373737879808,900.0,haco_safemarl_mappo,emergency,21231199,3
1.0,1.0,254.0,0.6745406824146981,0.5258000870293765,0.3376061188285288,1.0,0.7810031739633372,0.0,0.0,0.0,4707.889999999983,2169.9452128762837,0.0,fixed_auv_ga_pso_tlbo_proxy,emergency,21241206,3
1.0,1.0,194.0,0.6701030927835051,0.48034711736615304,0.19765084297467947,1.0,0.6779212176704872,0.0,0.0,0.0,4769.490000000006,1713.0000000000034,0.0,independent_greedy,emergency,21241206,3
0.0,0.0,300.0,0.7666666666666667,0.6337366579333047,0.5425788639798389,1.0,0.7762171283511187,0.0,0.0,0.0,7872.725808732349,2960.459455908829,0.0,communication_aware,emergency,21241206,3
0.0,0.6666666666666666,300.0,0.6944444444444445,0.562995308049038,0.42047918963212777,1.0,0.6535905342042991,0.0,0.0,0.0,9144.569766635068,2669.9700729122974,747.0,haco_safemarl_pilot_no_acoustic,emergency,21241206,3
0.0,0.3333333333333333,300.0,0.8211111111111111,0.4935605552365265,0.38871756221540815,1.0,0.6773013492995446,0.0,0.0,0.0,9003.641238549764,2973.2994684325367,0.0,haco_safemarl_pilot_no_shield,emergency,21241206,3
0.0,0.3333333333333333,300.0,0.6888888888888889,0.6919718194335245,0.6374797703821038,1.0,0.8001143013082452,0.0,0.0,0.0,8908.686441163882,3030.8901046723076,763.0,haco_safemarl_pilot,emergency,21241206,3
0.0,0.0,300.0,0.3877777777777778,0.7296921749541093,0.6598220833592985,0.6666666666666669,0.8319317136616826,0.0,0.0,0.0,409.24539726209156,98.49062609817184,787.0,haco_safemarl_mappo,emergency,21241206,3
0.0,0.6666666666666666,300.0,0.7122222222222223,0.3961089568768474,0.12192417613461434,1.0,0.33852108644842327,0.0,1.0,0.08666666666666667,5560.499999999976,2905.023049531661,0.0,fixed_auv_ga_pso_tlbo_proxy,emergency,21251213,3
0.0,1.0,260.0,0.8166666666666665,0.3236233636898221,0.03447686595887383,1.0,0.510778068326999,0.0,1.0,0.0,6392.100000000009,2769.8000000000097,0.0,independent_greedy,emergency,21251213,3
0.0,0.0,300.0,0.8322222222222222,0.5729205542475131,0.38569248068802264,1.0,0.34228026674464873,0.043333333333333335,1.0,0.10333333333333333,7771.1777816142685,2977.74851614278,0.0,communication_aware,emergency,21251213,3
0.0,0.3333333333333333,300.0,0.6744444444444444,0.540915476930902,0.11538207774111311,1.0,0.5749830881891105,0.0,0.0,0.04,8409.985181938866,2370.4559771019367,838.0,haco_safemarl_pilot_no_acoustic,emergency,21251213,3
0.0,0.3333333333333333,300.0,0.831111111111111,0.41000426269447054,0.16368067198404218,1.0,0.43207660011058335,0.0,1.0,0.07333333333333333,8940.037817290078,2955.313855200505,0.0,haco_safemarl_pilot_no_shield,emergency,21251213,3
0.0,0.0,300.0,0.721111111111111,0.631916809287019,0.4139627977771163,1.0,0.5101997842138757,0.0,0.0,0.07,8876.48464694871,3052.9525281707024,827.0,haco_safemarl_pilot,emergency,21251213,3
0.0,0.0,300.0,0.6177777777777778,0.5848963278052015,0.3543004191413906,0.6666666666666669,0.4290520940704596,0.0,0.0,0.11333333333333333,610.4641520858922,64.81180416431371,819.0,haco_safemarl_mappo,emergency,21251213,3
0.0,1.0,237.0,0.9029535864978903,0.5012215720342963,0.31565859918992356,1.0,0.6501433788723333,0.0,26.0,0.0,4392.7949999999855,2125.842013759254,0.0,fixed_auv_ga_pso_tlbo_proxy,emergency,21261220,3
0.0,1.0,181.0,0.841620626151013,0.4571019058368205,0.1777798380638807,1.0,0.5986724931509543,0.0,20.0,0.0,4449.885000000006,1733.600000000004,0.0,independent_greedy,emergency,21261220,3
0.0,0.3333333333333333,300.0,0.9366666666666666,0.6070561939398466,0.5388121400660935,1.0,0.6648250337969607,0.0,0.0,0.0,7773.289488989552,3055.6062859333383,0.0,communication_aware,emergency,21261220,3
0.0,0.3333333333333333,300.0,0.6411111111111112,0.5972330063686189,0.4444297189390456,1.0,0.5665651148781607,0.0,0.0,0.0,9016.820175167577,3067.221117176232,757.0,haco_safemarl_pilot_no_acoustic,emergency,21261220,3
0.0,0.3333333333333333,300.0,0.8322222222222223,0.5059717600830878,0.3622115571699245,1.0,0.36587557513874097,0.0,178.0,0.0,8891.476192187634,2945.6585740340342,0.0,haco_safemarl_pilot_no_shield,emergency,21261220,3
0.0,0.3333333333333333,300.0,0.6322222222222222,0.7075837142659698,0.6232444070223261,1.0,0.6256802980102955,0.0,0.0,0.0,8880.67451734053,3009.3139658984333,777.0,haco_safemarl_pilot,emergency,21261220,3
0.0,0.0,300.0,0.5088888888888888,0.7258341270781158,0.6564620842515281,0.6666666666666669,0.6253729239289763,0.0,0.0,0.0,617.7648922418805,262.2047435613299,854.0,haco_safemarl_mappo,emergency,21261220,3
0.0,1.0,285.0,0.37543859649122796,0.7004901810493979,0.5779927073514781,0.6666666666666669,0.9170831481694419,0.0,171.0,0.0,5282.4749999999785,2045.1470734646261,0.0,fixed_auv_ga_pso_tlbo_proxy,emergency,21271227,3
0.0,1.0,218.0,0.6834862385321101,0.516510920220251,0.40221854986250644,1.0,0.7417043147037657,0.0,131.0,0.0,5359.530000000007,1630.8000000000004,0.0,independent_greedy,emergency,21271227,3
0.0,0.6666666666666666,300.0,0.41444444444444445,0.7483148904545227,0.6792018037120592,0.6666666666666669,0.8616801782205659,0.0,216.0,0.0,8202.096579148756,2881.7737659152463,0.0,communication_aware,emergency,21271227,3
0.0,0.6666666666666666,300.0,0.3022222222222222,0.7534939272442044,0.6563074309063589,0.6666666666666669,0.9761593598078928,0.0,0.0,0.0,8198.589354445563,2377.9928491011096,697.0,haco_safemarl_pilot_no_acoustic,emergency,21271227,3
0.0,1.0,212.0,0.4544025157232705,0.7253531484402691,0.7038465746453759,0.6666666666666665,0.9994853529486692,0.0,133.0,0.0,6774.123103647096,1872.8088251919805,0.0,haco_safemarl_pilot_no_shield,emergency,21271227,3
0.0,0.3333333333333333,300.0,0.3277777777777778,0.7776863534739048,0.7600471588011177,0.6666666666666669,0.9905605483727216,0.0,0.0,0.0,7898.99588609111,2757.0305005155114,660.0,haco_safemarl_pilot,emergency,21271227,3
0.0,0.0,300.0,0.055555555555555546,0.8279286623640807,0.8119378280886872,0.3333333333333334,0.9982397819072785,0.0,0.0,0.0,1385.2924384321802,391.875005998164,540.0,haco_safemarl_mappo,emergency,21271227,3
0.0,1.0,267.0,0.7153558052434457,0.49861388805942886,0.33607412717169,1.0,0.7372362143669614,0.0,36.0,0.14606741573033707,4948.844999999981,2008.7378383509702,0.0,fixed_auv_ga_pso_tlbo_proxy,emergency,21281234,3
0.0,1.0,205.0,0.6910569105691058,0.38807855104585925,0.12289218535845997,1.0,0.44964252772717256,0.04390243902439024,28.0,0.12682926829268293,5039.925000000007,1641.2000000000046,0.0,independent_greedy,emergency,21281234,3
0.0,0.0,300.0,0.7955555555555556,0.6548447245685406,0.591340454102655,1.0,0.7816410382244149,0.0,0.0,0.13666666666666666,7871.381235314739,2903.9502756846605,0.0,communication_aware,emergency,21281234,3
0.0,1.0,295.0,0.71864406779661,0.5416019039134325,0.3781556902809603,1.0,0.49784404850428476,0.030508474576271188,0.0,0.06440677966101695,8609.89939855396,2361.265325681118,781.0,haco_safemarl_pilot_no_acoustic,emergency,21281234,3
0.0,0.3333333333333333,300.0,0.8333333333333334,0.4515573964504131,0.3690880264150215,1.0,0.530485216019624,0.0,24.0,0.09,9038.551054368658,2883.5013803806023,0.0,haco_safemarl_pilot_no_shield,emergency,21281234,3
0.0,0.0,300.0,0.7222222222222222,0.686602002796003,0.6337098802873755,1.0,0.5075111648747381,0.0033333333333333335,0.0,0.07,8412.134556905174,2961.834753555809,825.0,haco_safemarl_pilot,emergency,21281234,3
0.0,0.0,300.0,0.5833333333333334,0.7033563172941568,0.6388299943613077,0.9,0.5579228011386066,0.0,0.0,0.03333333333333333,987.9882079696433,465.49129913513144,857.0,haco_safemarl_mappo,emergency,21281234,3
0.0,0.3333333333333333,300.0,0.74,0.5062678001078103,0.3828271686670014,1.0,0.5937540657835843,0.0,182.0,0.0,5560.499999999976,2289.7111106966317,0.0,fixed_auv_ga_pso_tlbo_proxy,emergency,21291241,3
0.0,1.0,292.0,0.7876712328767124,0.36611516888537277,0.11136238254349765,1.0,0.40821238896984285,0.0,141.0,0.0,7178.82000000001,2694.4000000000137,0.0,independent_greedy,emergency,21291241,3
0.0,0.0,300.0,0.7933333333333333,0.6452018116838508,0.5869896542507209,1.0,0.6250406493901779,0.0,56.0,0.0,7894.830228865188,2900.441776237431,0.0,communication_aware,emergency,21291241,3
0.0,0.0,300.0,0.6711111111111111,0.5719627969000532,0.3315921966579925,1.0,0.46634518122413976,0.0,0.0,0.0,9284.42786840852,3349.378030330957,753.0,haco_safemarl_pilot_no_acoustic,emergency,21291241,3
0.0,0.3333333333333333,300.0,0.8044444444444444,0.4920783185823791,0.33389315502089334,1.0,0.5284744250936175,0.0,181.0,0.0,9104.84874383459,2879.25518606683,0.0,haco_safemarl_pilot_no_shield,emergency,21291241,3
0.0,0.0,300.0,0.6133333333333333,0.6894087026249857,0.5959808979277507,0.7777777777777778,0.4638293959243165,0.0,0.0,0.0,9082.574045696409,3189.011899229589,763.0,haco_safemarl_pilot,emergency,21291241,3
0.0,0.0,300.0,0.4955555555555555,0.6553528643178327,0.5329383425153287,0.6666666666666669,0.6745074937472816,0.0,0.0,0.0,791.1680884314158,408.38839349603677,827.0,haco_safemarl_mappo,emergency,21291241,3
0.0,0.6666666666666666,300.0,0.7944444444444444,0.37603937896469,0.24457327718031727,1.0,0.6643180174345655,0.0,48.0,0.06666666666666667,5560.499999999976,2695.1742490683323,0.0,fixed_auv_ga_pso_tlbo_proxy,emergency,21301248,3
0.0,1.0,232.0,0.978448275862069,0.29257033379322395,0.22733622086696753,1.0,0.33333330675358236,0.0,37.0,0.0,5703.7200000000075,2281.8000000000043,0.0,independent_greedy,emergency,21301248,3
0.0,0.3333333333333333,300.0,0.7911111111111111,0.6160019759039789,0.5665734472798625,1.0,0.6647857642133935,0.0,289.0,0.06,7834.9251093765015,2915.76496857704,0.0,communication_aware,emergency,21301248,3
0.0,0.3333333333333333,300.0,0.5977777777777777,0.5912571370041878,0.46662798220208107,1.0,0.9450333889702378,0.0,0.0,0.0,9166.280321204273,3198.430109710185,839.0,haco_safemarl_pilot_no_acoustic,emergency,21301248,3
0.0,0.0,300.0,0.9277777777777777,0.4094911159495176,0.36586525034677836,1.0,0.4250930638637312,0.0,44.0,0.0,8915.366623285243,3073.5096371304653,0.0,haco_safemarl_pilot_no_shield,emergency,21301248,3
0.0,0.0,300.0,0.59,0.7005391837028238,0.6558137812236262,1.0,0.9515293815688823,0.0,0.0,0.0,8804.946737899496,3453.0104578111363,831.0,haco_safemarl_pilot,emergency,21301248,3
0.0,0.0,300.0,0.52,0.7209079720276835,0.690514806603811,1.0,0.9754139483620416,0.0,0.0,0.0,697.78180537702,249.4555177358033,823.0,haco_safemarl_mappo,emergency,21301248,3
0.0,1.0,270.0,0.8407407407407408,0.5625624355390555,0.3493169299669509,1.0,0.7635237414241394,0.0,17.0,0.14814814814814814,5004.449999999981,2255.5799928940014,0.0,fixed_auv_ga_pso_tlbo_proxy,emergency,21311255,3
0.0,1.0,207.0,0.927536231884058,0.4077738266736866,0.24252996057877343,1.0,0.6410256323307036,0.0,13.0,0.05314009661835749,5089.095000000007,1749.1999999999996,0.0,independent_greedy,emergency,21311255,3
0.0,0.3333333333333333,300.0,0.8333333333333334,0.6876454684363239,0.6035184622457611,1.0,0.8234519076961397,0.0,16.0,0.12,7926.316547339768,2953.4373486085497,0.0,communication_aware,emergency,21311255,3
0.0,0.6666666666666666,300.0,0.6977777777777777,0.6567188729432953,0.5143397460272761,1.0,0.8888248146280036,0.0,28.0,0.11666666666666667,9356.626543739567,2743.9033838866035,864.0,haco_safemarl_pilot_no_acoustic,emergency,21311255,3
1.0,1.0,253.0,0.8840579710144927,0.5773434615008332,0.4215466623585401,1.0,0.7865122841413907,0.0,0.0,0.17786561264822134,7795.213402836141,2121.7019024783644,0.0,haco_safemarl_pilot_no_shield,emergency,21311255,3
0.0,0.3333333333333333,300.0,0.7288888888888889,0.7237595464327499,0.7013607236043664,1.0,0.9683484582942754,0.0,0.0,0.13,9189.205014452096,3490.3048763039947,893.0,haco_safemarl_pilot,emergency,21311255,3
0.0,0.0,300.0,0.45888888888888885,0.7654404824001134,0.7541521458589951,0.6666666666666669,0.9531175273342554,0.0,0.0,0.23,1075.4580570559203,226.97875047415303,924.0,haco_safemarl_mappo,emergency,21311255,3
0.0,0.6666666666666666,300.0,0.611111111111111,0.569616009430052,0.36297750156397723,0.6666666666666669,0.44144144129827134,0.0,0.0,0.0,5560.499999999976,1925.0070656406658,0.0,fixed_auv_ga_pso_tlbo_proxy,emergency,21321262,3
1.0,1.0,242.0,0.8608815426997244,0.35709897717257955,0.1952361491948094,1.0,0.4714173470304503,0.0,0.0,0.0,5949.570000000008,1682.0000000000027,0.0,independent_greedy,emergency,21321262,3
0.0,0.3333333333333333,300.0,0.6377777777777777,0.7723778088040967,0.7327704448428576,1.0,0.47379073584485226,0.0,0.0,0.0,8057.680683732785,2940.8552170530525,0.0,communication_aware,emergency,21321262,3
1.0,1.0,300.0,0.4677777777777778,0.712987736202675,0.5370959173404748,0.6666666666666669,0.7558764324394605,0.0,0.0,0.0,9579.494806013505,2163.984582133562,684.0,haco_safemarl_pilot_no_acoustic,emergency,21321262,3
1.0,1.0,267.0,0.7153558052434454,0.6265950158289474,0.4558540901434099,1.0,0.5402843597892624,0.0,0.0,0.0,8395.838760588533,2189.8188936711426,0.0,haco_safemarl_pilot_no_shield,emergency,21321262,3
0.0,0.3333333333333333,300.0,0.45,0.76257242826563,0.7209663472528763,0.6666666666666669,0.8762565843825416,0.0,0.0,0.0,9292.031331444468,2805.5176889087647,693.0,haco_safemarl_pilot,emergency,21321262,3
0.0,0.0,300.0,0.3288888888888888,0.8047052496282435,0.7702901438653299,0.6666666666666669,0.8787401421167683,0.0,0.0,0.0,1118.0433272460102,104.4842880970524,597.0,haco_safemarl_mappo,emergency,21321262,3
0.0,1.0,266.0,0.7694235588972431,0.5960179699733724,0.4636977287545342,1.0,0.6659585340272913,0.045112781954887216,45.0,0.10526315789473684,4930.309999999981,2190.3204229889416,0.0,fixed_auv_ga_pso_tlbo_proxy,emergency,21331269,3
0.0,1.0,203.0,0.8555008210180624,0.5360684080178542,0.3412109524533865,1.0,0.9653452954648575,0.0,35.0,0.0,4990.7550000000065,1761.0000000000002,0.0,independent_greedy,emergency,21331269,3
0.0,0.3333333333333333,300.0,0.8,0.6574987306484751,0.6084109536808283,1.0,0.8248052524252208,0.03666666666666667,69.0,0.07666666666666666,7939.541576080035,3030.9663090715353,0.0,communication_aware,emergency,21331269,3
0.0,0.6666666666666666,300.0,0.5722222222222221,0.6494342386697538,0.4739571744086039,1.0,0.9276992302803722,0.0,25.0,0.07666666666666666,8495.573858516575,2793.9612154544584,902.0,haco_safemarl_pilot_no_acoustic,emergency,21331269,3
0.0,1.0,252.0,0.7764550264550264,0.6027793725939077,0.48027588280184064,1.0,0.8827383694619868,0.0,82.0,0.1111111111111111,7787.583530469524,2119.556284981996,0.0,haco_safemarl_pilot_no_shield,emergency,21331269,3
0.0,0.0,300.0,0.6599999999999999,0.715340459929265,0.6732893210864979,1.0,0.9875965058338219,0.0,26.0,0.08,9026.422533274128,3432.7430326316953,872.0,haco_safemarl_pilot,emergency,21331269,3
0.0,0.0,300.0,0.2433333333333333,0.79312821970002,0.779358431867726,0.6666666666666669,0.9974706248593413,0.0,28.0,0.013333333333333334,715.7632633585661,126.18081945120801,878.0,haco_safemarl_mappo,emergency,21331269,3
0.0,0.3333333333333333,300.0,0.7244444444444443,0.4136520005132997,0.3073449314125879,1.0,0.8958023816507585,0.0,0.0,0.0,5560.499999999976,2427.8313998114936,0.0,fixed_auv_ga_pso_tlbo_proxy,emergency,21341276,3
1.0,1.0,264.0,0.7765151515151515,0.3531217063106718,0.26303587303277465,1.0,0.7977236255035738,0.0,0.0,0.0,6490.440000000009,2412.600000000004,0.0,independent_greedy,emergency,21341276,3
0.0,0.0,300.0,0.7577777777777777,0.6202256763452452,0.5385351876451991,1.0,0.895294071802561,0.0,0.0,0.0,7851.4356784033525,2991.2526869388685,0.0,communication_aware,emergency,21341276,3
0.0,0.0,300.0,0.6766666666666666,0.5311876013962737,0.4253727173748489,1.0,0.924111965044251,0.0,0.0,0.0,8923.965354223135,3179.7841711275746,766.0,haco_safemarl_pilot_no_acoustic,emergency,21341276,3
0.0,0.0,300.0,0.7911111111111111,0.43092865783434453,0.3538853184478878,1.0,0.9372580195080027,0.0,0.0,0.0,8927.593351317222,3138.4500367451237,0.0,haco_safemarl_pilot_no_shield,emergency,21341276,3
0.0,0.0,300.0,0.6611111111111111,0.6923995523768938,0.6469919048935235,1.0,0.9425884823861043,0.0,0.0,0.0,8776.433325764103,3201.273454383915,768.0,haco_safemarl_pilot,emergency,21341276,3
0.0,0.0,300.0,0.7166666666666667,0.5010275369174554,0.41677147519477103,1.0,0.9452269840671229,0.0,0.0,0.0,567.9077063201167,131.74563978453654,849.0,haco_safemarl_mappo,emergency,21341276,3
0.0,1.0,243.0,0.49245541838134427,0.7392105793033572,0.6873125977736194,1.0,0.9134705203649907,0.0,70.0,0.07818930041152264,4504.004999999985,2180.0178128401576,0.0,fixed_auv_ga_pso_tlbo_proxy,emergency,21351283,3
0.0,1.0,186.0,0.6720430107526882,0.5791991175392277,0.4035738551792739,1.0,0.4779295283850031,0.0,53.0,0.0,4572.810000000006,1677.2000000000037,0.0,independent_greedy,emergency,21351283,3
0.0,0.6666666666666666,300.0,0.6866666666666666,0.72712033807757,0.7034305876771249,1.0,0.9512667756930308,0.0,167.0,0.06,8039.748886588247,3121.870357000124,0.0,communication_aware,emergency,21351283,3
0.0,0.6666666666666666,300.0,0.2811111111111111,0.7936972401251,0.7189711412847692,0.3333333333333334,0.89846645830063,0.0,0.0,0.03666666666666667,5501.65489172936,1828.0592990862065,799.0,haco_safemarl_pilot_no_acoustic,emergency,21351283,3
0.0,1.0,182.0,0.5128205128205129,0.7438522097402862,0.6571173304431288,0.6666666666666665,0.6206013400294984,0.0,68.0,0.08241758241758242,5792.379745849545,1497.653202250721,0.0,haco_safemarl_pilot_no_shield,emergency,21351283,3
1.0,1.0,281.0,0.25385527876631075,0.7980269863285157,0.730335408150408,0.3333333333333334,0.9208813101584056,0.0,0.0,0.0498220640569395,5860.289434385627,1836.8078524042144,719.0,haco_safemarl_pilot,emergency,21351283,3
0.0,0.0,300.0,0.07333333333333333,0.8189754996250186,0.7843168317204573,0.3333333333333334,0.9876297090186028,0.0,0.0,0.0,1163.3182319390135,490.55738639409475,673.0,haco_safemarl_mappo,emergency,21351283,3
0.0,1.0,264.0,0.5113636363636364,0.6858795958742653,0.6091719318242339,1.0,0.9550071726461954,0.0,50.0,0.0,4670.159999999998,2243.657410516512,0.0,fixed_auv_ga_pso_tlbo_proxy,generalization,21161190,2
0.0,1.0,202.0,0.6138613861386139,0.612457794707255,0.48412785108119705,1.0,0.6841335874306931,0.0,39.0,0.0,4674.280000000001,1837.1000000000056,0.0,independent_greedy,generalization,21161190,2
0.0,0.5,300.0,0.585,0.7536302244218134,0.7136931599910232,1.0,0.939836287940196,0.0,85.0,0.0,7898.5687053167585,3175.174799053311,0.0,communication_aware,generalization,21161190,2
1.0,1.0,222.0,0.27702702702702703,0.7603393880338388,0.6518896732179387,0.5,0.8827293751091885,0.0,0.0,0.0,6889.099944270528,1795.8702413178696,170.0,haco_safemarl_pilot_no_acoustic,generalization,21161190,2
0.0,1.0,197.0,0.2639593908629442,0.6898851752439358,0.5223238676594595,0.5,0.8975070430842721,0.0,38.0,0.0,6043.6508979817245,1492.5798546208787,0.0,haco_safemarl_pilot_no_shield,generalization,21161190,2
1.0,1.0,223.0,0.27802690582959644,0.7793909246188964,0.689643843602185,0.5,0.8816066930494403,0.0,0.0,0.0,6956.64849629949,1907.9076590045124,171.0,haco_safemarl_pilot,generalization,21161190,2
0.0,0.0,300.0,0.011666666666666667,0.836552504344332,0.8320409209238784,0.11666666666666667,0.9998606756649526,0.0,0.0,0.0,448.230937212123,165.7101801987909,381.0,haco_safemarl_mappo,generalization,21161190,2
0.0,0.5,300.0,0.3933333333333333,0.7843374712909104,0.7295269782278084,0.5,0.7040469304573828,0.0,9.0,0.0,5306.999999999984,2368.326686355858,0.0,fixed_auv_ga_pso_tlbo_proxy,generalization,21171197,2
0.0,1.0,238.0,0.7184873949579832,0.6267447337269483,0.5474771215325184,1.0,0.9689186242778206,0.0,7.0,0.0,5507.320000000012,1941.300000000006,0.0,independent_greedy,generalization,21171197,2
0.0,1.0,270.0,0.4074074074074074,0.7908903231446706,0.7590600032461369,0.7777777777777778,0.7393501801162554,0.0,8.0,0.0,7272.494734720275,2685.16530571533,0.0,communication_aware,generalization,21171197,2
0.0,1.0,229.0,0.28602620087336245,0.8126399956965549,0.7839004318178938,0.5,0.9873589535191959,0.0,5.0,0.0,6010.875755350829,1483.0088574585914,327.0,haco_safemarl_pilot_no_acoustic,generalization,21171197,2
0.0,1.0,233.0,0.48283261802575106,0.7567484082027129,0.6733527554107134,0.75,0.9538676293022743,0.0,7.0,0.0,7106.27299159046,1721.0708704066046,0.0,haco_safemarl_pilot_no_shield,generalization,21171197,2
0.0,1.0,229.0,0.2423580786026201,0.8203292871444172,0.7911854725090661,0.5,0.9834604762437423,0.0,5.0,0.0,6013.702435567703,1541.0615632195806,325.0,haco_safemarl_pilot,generalization,21171197,2
0.0,0.5,300.0,0.10666666666666667,0.7985054521150017,0.7548714058326066,0.5,0.9859433337609306,0.0,5.0,0.0,1449.8302031584196,554.7087736593676,256.0,haco_safemarl_mappo,generalization,21171197,2
0.0,0.5,300.0,0.5416666666666666,0.5507094780585008,0.5496511750682537,1.0,0.9998810047070195,0.06,42.0,0.07666666666666666,5306.999999999984,2371.5027385631333,0.0,fixed_auv_ga_pso_tlbo_proxy,generalization,21181204,2
0.0,1.0,267.0,0.6086142322097379,0.4689406149302992,0.37976221345577865,1.0,0.9438010443091778,0.0,40.0,0.0,6178.380000000022,2450.500000000005,0.0,independent_greedy,generalization,21181204,2
0.0,0.0,300.0,0.6033333333333334,0.6967544409011189,0.6942759437823134,1.0,0.999929386915802,0.04666666666666667,133.0,0.08333333333333333,7813.926497582322,2966.2393313588595,0.0,communication_aware,generalization,21181204,2
0.0,0.0,300.0,0.5516666666666666,0.6520105719816887,0.5897894225936244,1.0,0.9382666413676514,0.03333333333333333,0.0,0.07,8487.300872696349,3101.415608258339,446.0,haco_safemarl_pilot_no_acoustic,generalization,21181204,2
0.0,0.0,300.0,0.665,0.5172919183516553,0.5003759875643194,1.0,0.9987886257134491,0.04666666666666667,50.0,0.07,8852.334251369284,3141.3241209209987,0.0,haco_safemarl_pilot_no_shield,generalization,21181204,2
0.0,0.0,300.0,0.5633333333333334,0.743602275581149,0.7255727322626856,1.0,0.983438394147429,0.03666666666666667,0.0,0.08333333333333333,8400.088554007942,3089.335173065593,452.0,haco_safemarl_pilot,generalization,21181204,2
0.0,0.0,300.0,0.5316666666666666,0.689164128437548,0.6888012433809002,1.0,0.9999873345406796,0.0,0.0,0.05333333333333334,552.9971338006133,306.4075764308684,512.0,haco_safemarl_mappo,generalization,21181204,2
1.0,1.0,298.0,0.5436241610738255,0.6167555698358554,0.6127233946290441,1.0,0.9997837825839893,0.0,0.0,0.0,5271.619999999984,1934.3478261118746,0.0,fixed_auv_ga_pso_tlbo_proxy,generalization,21191211,2
1.0,1.0,228.0,0.6535087719298246,0.44548846639837336,0.15722473891479324,1.0,0.5531820592812308,0.0,0.0,0.18421052631578946,5275.920000000009,1586.5000000000587,0.0,independent_greedy,generalization,21191211,2
0.0,0.0,300.0,0.6116666666666667,0.7507095784287644,0.7464526377497563,1.0,0.9999815787438139,0.0,81.0,0.0,7858.048207239193,2887.388356766772,0.0,communication_aware,generalization,21191211,2
0.0,0.0,300.0,0.6216666666666667,0.7292558732564248,0.7055149332617514,1.0,0.8182063566064566,0.0,0.0,0.14666666666666667,9025.440106122238,2944.488722089579,513.0,haco_safemarl_pilot_no_acoustic,generalization,21191211,2
0.0,0.5,300.0,0.7916666666666666,0.5696089629416894,0.5119131033983307,1.0,0.550292313533623,0.0,0.0,0.11333333333333333,8976.430667391796,2606.3451332782,0.0,haco_safemarl_pilot_no_shield,generalization,21191211,2
0.0,0.0,300.0,0.45,0.7751534445807434,0.7564286423770454,1.0,0.985520361188264,0.0,0.0,0.15,8928.19853697405,2963.8698296970597,522.0,haco_safemarl_pilot,generalization,21191211,2
0.0,0.0,300.0,0.15333333333333332,0.8178592727289548,0.8126304861336173,1.0,0.9999999996512493,0.0,0.0,0.22,919.2288222504708,253.06313909864673,620.0,haco_safemarl_mappo,generalization,21191211,2
0.0,0.5,300.0,0.14833333333333334,0.8536054674563197,0.8413656868979138,1.0,0.9986194074931514,0.0,0.0,0.08666666666666667,5306.999999999984,2307.458064095254,0.0,fixed_auv_ga_pso_tlbo_proxy,generalization,21201218,2
1.0,1.0,233.0,0.6459227467811158,0.6585591185768604,0.5312956582714967,1.0,0.6206401305408761,0.0,0.0,0.02575107296137339,5391.620000000011,1534.700000000001,0.0,independent_greedy,generalization,21201218,2
0.0,0.5,300.0,0.2683333333333333,0.8379619370972298,0.8307166682913963,1.0,0.9997458106034285,0.0,0.0,0.11333333333333333,8044.364407834257,2914.0470522817996,0.0,communication_aware,generalization,21201218,2
1.0,1.0,246.0,0.11382113821138211,0.8404405584114267,0.8301816209431762,0.62,0.9999158387660384,0.0,0.0,0.12601626016260162,5354.385672675742,1243.9677959141477,339.0,haco_safemarl_pilot_no_acoustic,generalization,21201218,2
0.0,1.0,229.0,0.14410480349344978,0.8320573062580666,0.8286683266166478,0.9347826086956522,0.9990637674737861,0.06550218340611354,0.0,0.21397379912663755,7096.972515528998,1804.0587981385527,0.0,haco_safemarl_pilot_no_shield,generalization,21201218,2
1.0,1.0,256.0,0.111328125,0.840304495218668,0.8306913379282161,0.7692307692307693,0.9991843389988004,0.0,0.0,0.0859375,5633.834765013502,1429.1614684825622,362.0,haco_safemarl_pilot,generalization,21201218,2
0.0,0.0,300.0,0.0,0.8710996382915001,0.8587017506804413,0.0,0.99999999975,0.0,0.0,0.11666666666666667,1475.2681843249532,338.51687132628643,286.0,haco_safemarl_mappo,generalization,21201218,2
0.0,1.0,167.0,0.0,0.8550139528119463,0.8483019219346153,0.0,0.99999999975,0.0,50.0,0.1317365269461078,2954.2300000000073,890.433956828948,0.0,fixed_auv_ga_pso_tlbo_proxy,generalization,21211225,2
0.0,1.0,128.0,0.38671875,0.7384442655591179,0.5815149052308987,0.5,0.7155007253491215,0.0,38.0,0.0,2961.9199999999987,680.7000000000002,0.0,independent_greedy,generalization,21211225,2
0.0,1.0,145.0,0.0,0.8549723451892568,0.8486734157417073,0.0,0.99999999975,0.0,44.0,0.15172413793103448,3951.25,1085.238820330119,0.0,communication_aware,generalization,21211225,2
0.0,0.5,300.0,0.18833333333333332,0.8466042622222278,0.7946889628959954,0.5,0.9489113296681496,0.02,0.0,0.05333333333333334,5482.83431278856,1577.389168061435,551.0,haco_safemarl_pilot_no_acoustic,generalization,21211225,2
0.0,1.0,124.0,0.09274193548387097,0.8400524404997667,0.8013576420653111,0.5,0.9896586774207883,0.06451612903225806,37.0,0.16129032258064516,3844.777112420692,814.9702966358327,0.0,haco_safemarl_pilot_no_shield,generalization,21211225,2
0.0,0.5,300.0,0.09833333333333333,0.851862907246288,0.8072570642030679,0.5,0.9882462973340868,0.023333333333333334,0.0,0.05333333333333334,5465.3190126461095,1634.576876456809,548.0,haco_safemarl_pilot,generalization,21211225,2
0.0,0.5,300.0,0.14,0.8141426282529719,0.7958722551126481,0.5,0.9819292212292051,0.0,0.0,0.08333333333333333,1359.7101056488893,543.8406348330984,418.0,haco_safemarl_mappo,generalization,21211225,2
0.0,1.0,282.0,0.18085106382978725,0.8311602441574167,0.7791739346064813,0.5689655172413793,0.9602483350892443,0.0,132.0,0.0,4988.579999999991,2416.09257990008,0.0,fixed_auv_ga_pso_tlbo_proxy,generalization,21221232,2
0.0,1.0,216.0,0.5069444444444444,0.6676825957380097,0.4723008369256316,0.9318181818181818,0.5806860357469282,0.0,100.0,0.0,4998.240000000005,1738.9000000000049,0.0,independent_greedy,generalization,21221232,2
0.0,1.0,277.0,0.30505415162454874,0.8166024456694738,0.7774454885314246,1.0,0.9799999995028467,0.0,114.0,0.0,7428.707503100468,2831.324332013031,0.0,communication_aware,generalization,21221232,2
1.0,1.0,251.0,0.2051792828685259,0.8367377167297795,0.7700393181327296,0.5,0.9375242915077734,0.0,0.0,0.0,5820.24072967485,1733.970550016393,379.0,haco_safemarl_pilot_no_acoustic,generalization,21221232,2
0.0,1.0,210.0,0.23333333333333334,0.7696150315308703,0.632971333612401,0.5,0.9152249131385368,0.0,97.0,0.0,6451.993263164593,1614.1285219062643,0.0,haco_safemarl_pilot_no_shield,generalization,21221232,2
1.0,1.0,251.0,0.1952191235059761,0.8406842551135918,0.7780096839803198,0.5,0.9444277279279024,0.0,0.0,0.0,5966.636838869855,1858.8210155322886,375.0,haco_safemarl_pilot,generalization,21221232,2
0.0,0.0,300.0,0.0,0.8597827536164133,0.8387193663682215,0.0,0.99999999975,0.0,0.0,0.0,912.2873779610284,467.8807256585046,179.0,haco_safemarl_mappo,generalization,21221232,2
0.0,1.0,298.0,0.23154362416107382,0.8305833012460019,0.8182840973743235,1.0,0.9980967240410584,0.030201342281879196,0.0,0.09395973154362416,5271.619999999984,2486.024250642293,0.0,fixed_auv_ga_pso_tlbo_proxy,generalization,21231239,2
1.0,1.0,228.0,0.5701754385964912,0.6998084569213489,0.5712770235613543,1.0,0.6182965294511439,0.0,0.0,0.11842105263157894,5275.920000000009,1931.300000000007,0.0,independent_greedy,generalization,21231239,2
0.0,0.5,300.0,0.34,0.8240217825170333,0.8153069483861718,1.0,0.9993627157846067,0.0,0.0,0.09333333333333334,8026.986878970444,3065.1011765176377,0.0,communication_aware,generalization,21231239,2
1.0,1.0,221.0,0.18552036199095023,0.8153019743430082,0.7345040457856595,0.5,0.9506763295792964,0.0,0.0,0.0,6881.354142352974,1676.82694725439,96.0,haco_safemarl_pilot_no_acoustic,generalization,21231239,2
1.0,1.0,221.0,0.18552036199095023,0.7797998714940629,0.6636966784337324,0.5,0.9506763295792964,0.0,0.0,0.0,6798.773992945949,1698.7976423221774,0.0,haco_safemarl_pilot_no_shield,generalization,21231239,2
1.0,1.0,221.0,0.1832579185520362,0.8233625533591762,0.7507380482848673,0.5,0.952068204391374,0.0,0.0,0.0,6908.040727491368,1685.2674162871915,95.0,haco_safemarl_pilot,generalization,21231239,2
0.0,0.0,300.0,0.0,0.8596580117845336,0.8588121819153277,0.0,0.99999999975,0.0,0.0,0.0,648.4763063207804,185.54122549977234,224.0,haco_safemarl_mappo,generalization,21231239,2
0.0,0.0,300.0,0.5783333333333334,0.5228000400572623,0.4759571363610931,1.0,0.9812214475839296,0.01,0.0,0.08666666666666667,5306.999999999984,2373.836867443438,0.0,fixed_auv_ga_pso_tlbo_proxy,generalization,21241246,2
1.0,1.0,259.0,0.6274131274131274,0.46333841657317243,0.40481163982454643,1.0,0.9681603143695703,0.0,0.0,0.0888030888030888,5993.260000000019,2274.9000000000005,0.0,independent_greedy,generalization,21241246,2
0.0,0.0,300.0,0.6383333333333333,0.6776153422592173,0.6453887103492154,1.0,0.984754693031329,0.0,0.0,0.08666666666666667,7797.955024999309,2971.849313461838,0.0,communication_aware,generalization,21241246,2
0.0,0.0,300.0,0.63,0.5694221705245942,0.5121814644145828,1.0,0.965444286027073,0.0,0.0,0.08,8733.439579869279,3133.690894727237,464.0,haco_safemarl_pilot_no_acoustic,generalization,21241246,2
0.0,0.0,300.0,0.6883333333333334,0.5008375323264306,0.4672331823879464,1.0,0.9936068622655958,0.0,0.0,0.08666666666666667,8833.52733816515,3118.0373502468087,0.0,haco_safemarl_pilot_no_shield,generalization,21241246,2
0.0,0.0,300.0,0.62,0.7161256604203464,0.6891075915100783,1.0,0.9851425089322537,0.0,0.0,0.08333333333333333,8568.16262238233,3108.1333643783396,471.0,haco_safemarl_pilot,generalization,21241246,2
0.0,0.0,300.0,0.6616666666666666,0.5648416486337482,0.5420005419592253,1.0,0.9999757318612519,0.0,0.0,0.04,521.6130957768652,56.81755729837187,590.0,haco_safemarl_mappo,generalization,21241246,2
0.0,0.5,300.0,0.0,0.9074887867054681,0.9072112995185192,0.0,0.99999999975,0.0,80.0,0.0,5306.999999999984,2272.948125964259,0.0,fixed_auv_ga_pso_tlbo_proxy,generalization,21251253,2
0.0,1.0,245.0,0.23877551020408164,0.7830860112382091,0.6640982389977952,0.5,0.9104228555886863,0.0,61.0,0.0,5669.300000000015,1902.9000000000055,0.0,independent_greedy,generalization,21251253,2
0.0,1.0,277.0,0.0,0.9078485072629185,0.9074944938586944,0.0,0.99999999975,0.0,70.0,0.0,7548.25,2589.1287023842574,0.0,communication_aware,generalization,21251253,2
0.0,1.0,251.0,0.01195219123505976,0.8978842330375307,0.8810908635411971,0.11538461538461539,0.9998536892080058,0.0,8.0,0.0,6123.926329651695,1775.889352718541,174.0,haco_safemarl_pilot_no_acoustic,generalization,21251253,2
0.0,1.0,238.0,0.0,0.8969015609039342,0.8797669683763518,0.0,0.99999999975,0.0,59.0,0.0,7261.168120550108,1816.1351398719073,0.0,haco_safemarl_pilot_no_shield,generalization,21251253,2
0.0,1.0,251.0,0.00199203187250996,0.898540853984214,0.8824195200597883,0.019230769230769232,0.9999960157170033,0.0,8.0,0.0,6207.258166908224,1688.7996697284582,170.0,haco_safemarl_pilot,generalization,21251253,2
0.0,0.5,300.0,0.0,0.9108456630864769,0.9106269396186036,0.0,0.99999999975,0.0,8.0,0.0,1175.0571114773365,188.5715390165805,57.0,haco_safemarl_mappo,generalization,21251253,2
0.0,1.0,272.0,0.5386029411764706,0.6978667639006754,0.6045247508478121,1.0,0.8700593831740027,0.0,50.0,0.0,4811.679999999995,2194.421179852753,0.0,fixed_auv_ga_pso_tlbo_proxy,generalization,21261260,2
0.0,1.0,208.0,0.8365384615384616,0.5589886820199726,0.5333699244298817,1.0,0.8370745770790742,0.028846153846153848,39.0,0.07692307692307693,4813.120000000003,1522.100000000004,0.0,independent_greedy,generalization,21261260,2
0.0,0.5,300.0,0.5733333333333334,0.7526103777183796,0.7009682455849254,1.0,0.8441444680821655,0.0,158.0,0.0,7884.521721572742,2797.9736932442074,0.0,communication_aware,generalization,21261260,2
0.0,0.5,300.0,0.295,0.7968602661990777,0.7837304574001074,0.5666666666666667,0.9897719850364564,0.0,0.0,0.07,7583.710757450289,2497.1727756254922,489.0,haco_safemarl_pilot_no_acoustic,generalization,21261260,2
0.0,1.0,208.0,0.4230769230769231,0.7157397443054083,0.6275181394595661,1.0,0.941176469922891,0.0,74.0,0.125,6378.763823452774,1518.2220321139162,0.0,haco_safemarl_pilot_no_shield,generalization,21261260,2
0.0,0.5,300.0,0.24333333333333335,0.7997631849014079,0.7845750042071425,0.7,0.9993018515953784,0.0,0.0,0.07666666666666666,8053.427409687207,2709.3292662505714,490.0,haco_safemarl_pilot,generalization,21261260,2
0.0,0.0,300.0,0.26166666666666666,0.8151941967990363,0.784804284575757,0.5,0.8884145620152408,0.0,0.0,0.0,588.1873826058968,280.1796134365577,332.0,haco_safemarl_mappo,generalization,21261260,2
0.0,1.0,300.0,0.9533333333333334,0.22592511777835128,0.19379956827552397,1.0,0.4999999713010221,0.0,42.0,0.0,5306.999999999984,2691.6091787060163,0.0,fixed_auv_ga_pso_tlbo_proxy,generalization,21271267,2
0.0,1.0,230.0,0.8326086956521739,0.259163551103,0.06701198150784284,1.0,0.5546304930458417,0.0,32.0,0.0,5322.20000000001,2297.300000000009,0.0,independent_greedy,generalization,21271267,2
0.0,0.5,300.0,0.9633333333333334,0.5097597068470179,0.4845373376793095,1.0,0.49999995351240106,0.0,87.0,0.0,7598.702438271186,2980.001409346977,0.0,communication_aware,generalization,21271267,2
0.0,0.5,300.0,0.6716666666666666,0.5298848826987201,0.29789496004587196,1.0,0.5533234473495237,0.0,0.0,0.0,8931.590340442293,2549.0252781129484,481.0,haco_safemarl_pilot_no_acoustic,generalization,21271267,2
0.0,0.5,300.0,0.9483333333333334,0.3351425992015297,0.2531166936151778,1.0,0.6059268256409746,0.0,34.0,0.0,8667.854629860634,2669.904319749152,0.0,haco_safemarl_pilot_no_shield,generalization,21271267,2
0.0,0.0,300.0,0.84,0.6399124956633763,0.597049537224673,1.0,0.7731543565785326,0.0,0.0,0.0,8531.523998531118,3192.3716608685413,588.0,haco_safemarl_pilot,generalization,21271267,2
0.0,0.0,300.0,0.67,0.6207887655305332,0.6177282822278634,1.0,0.9998979777088649,0.0,0.0,0.0,421.1600463592632,212.84227456237008,607.0,haco_safemarl_mappo,generalization,21271267,2
0.0,0.5,300.0,0.22833333333333333,0.8310750059218559,0.8247895141999225,1.0,0.9996222891584704,0.0,0.0,0.0,5306.999999999984,2893.3591726761497,0.0,fixed_auv_ga_pso_tlbo_proxy,generalization,21281274,2
1.0,1.0,257.0,0.5992217898832685,0.6040271111580481,0.4108584776847152,1.0,0.6902407279507203,0.0,0.0,0.0,5946.980000000019,2569.7000000000103,0.0,independent_greedy,generalization,21281274,2
0.0,0.5,300.0,0.32666666666666666,0.8217485729400402,0.8196746797151707,1.0,0.9999999994485834,0.0,0.0,0.0,8012.2526177412465,3428.200938540568,0.0,communication_aware,generalization,21281274,2
1.0,1.0,249.0,0.0321285140562249,0.8636840561592029,0.8363460124235438,0.32,0.9988993031991885,0.0,0.0,0.0,7656.738749999984,2037.9389751684387,127.0,haco_safemarl_pilot_no_acoustic,generalization,21281274,2
1.0,1.0,250.0,0.364,0.7806297906564108,0.6693653807342717,0.5,0.7532626180868325,0.0,0.0,0.0,7562.086707761357,1991.6205558511026,0.0,haco_safemarl_pilot_no_shield,generalization,21281274,2
1.0,1.0,250.0,0.022,0.8640969197564184,0.8372177772502936,0.22,0.9994942357008033,0.0,0.0,0.0,7688.96582073217,2068.8023441931086,125.0,haco_safemarl_pilot,generalization,21281274,2
0.0,0.5,300.0,0.0,0.8613922509119356,0.8587997559627977,0.0,0.99999999975,0.0,0.0,0.0,753.1473953964867,151.48801467158967,290.0,haco_safemarl_mappo,generalization,21281274,2
0.0,0.5,300.0,0.0,0.9016700736050043,0.899051304235665,0.0,0.99999999975,0.0,110.0,0.0,5306.999999999984,2124.384381364822,0.0,fixed_auv_ga_pso_tlbo_proxy,generalization,21291281,2
0.0,1.0,236.0,0.4745762711864407,0.6541772063109835,0.4750085232888031,1.0,0.8154001160654595,0.0,92.0,0.09322033898305085,5461.040000000012,1348.9000000000003,0.0,independent_greedy,generalization,21291281,2
0.0,1.0,268.0,0.0,0.9011071926696156,0.8983362229918286,0.0,0.99999999975,0.0,104.0,0.0,7303.0,2290.3437302758402,0.0,communication_aware,generalization,21291281,2
0.0,0.5,300.0,0.03166666666666667,0.8904919530894321,0.8711702326820074,0.31666666666666665,0.9989317058673188,0.0,2.0,0.0,6234.003609349781,1976.7518208083293,502.0,haco_safemarl_pilot_no_acoustic,generalization,21291281,2
0.0,1.0,230.0,0.030434782608695653,0.8792276844281509,0.8508640596890352,0.30434782608695654,0.9990156291290934,0.0,91.0,0.0,7153.290916590812,1664.630026540798,0.0,haco_safemarl_pilot_no_shield,generalization,21291281,2
0.0,0.5,300.0,0.016666666666666666,0.8914038998346403,0.8730293675230769,0.16666666666666666,0.9997128084722169,0.0,3.0,0.0,6134.569911815909,1949.3520338837127,496.0,haco_safemarl_pilot,generalization,21291281,2
0.0,0.0,300.0,0.08333333333333333,0.8863050071407708,0.86495812781079,0.5,0.9918032783958614,0.0,9.0,0.0,2227.3657696045443,1029.2439033261373,637.0,haco_safemarl_mappo,generalization,21291281,2
0.0,0.0,300.0,0.4583333333333333,0.6267801127534831,0.6128833840223509,1.0,0.9988557478306792,0.0,26.0,0.0,5306.999999999984,2374.0756614557326,0.0,fixed_auv_ga_pso_tlbo_proxy,generalization,21301288,2
0.0,1.0,299.0,0.5869565217391305,0.47861905814843764,0.4283080958881123,1.0,0.9803162244489948,0.0,32.0,0.0,6918.860000000032,2684.500000000001,0.0,independent_greedy,generalization,21301288,2
0.0,0.0,300.0,0.5283333333333333,0.730909689229593,0.7266899504151085,1.0,0.999687943555784,0.0,23.0,0.0,7858.44666846815,2980.404292808093,0.0,communication_aware,generalization,21301288,2
0.0,0.0,300.0,0.5433333333333333,0.6400242061335842,0.6047029814366687,1.0,0.9881541527727983,0.0,12.0,0.0,8902.85377366237,3181.243895859964,389.0,haco_safemarl_pilot_no_acoustic,generalization,21301288,2
0.0,0.0,300.0,0.595,0.5638434217226721,0.5471863110030686,1.0,0.9986301354663166,0.0,19.0,0.0,8906.341383866824,3158.139592096088,0.0,haco_safemarl_pilot_no_shield,generalization,21301288,2
0.0,0.0,300.0,0.5266666666666666,0.7478156731296607,0.736669045611483,1.0,0.9975758164327188,0.0,12.0,0.0,8824.807130060088,3195.4365451404665,393.0,haco_safemarl_pilot,generalization,21301288,2
0.0,0.0,300.0,0.5983333333333334,0.6007008939014733,0.5999649451701995,1.0,0.9999827814125126,0.0,12.0,0.0,664.7235812104748,296.9899178044778,546.0,haco_safemarl_mappo,generalization,21301288,2
1.0,1.0,224.0,0.796875,0.433239198486409,0.40481657565910334,1.0,0.9662777072947548,0.0,0.0,0.0,3962.5600000000104,1585.900224969802,0.0,fixed_auv_ga_pso_tlbo_proxy,generalization,21311295,2
1.0,1.0,172.0,0.875,0.33211231487845994,0.29968516459255157,1.0,0.9994594434767523,0.0,0.0,0.0,3980.079999999993,1246.1000000000017,0.0,independent_greedy,generalization,21311295,2
0.0,0.0,300.0,0.8683333333333333,0.6184180222980196,0.6114418064677121,1.0,0.987187584807516,0.0,0.0,0.0,7677.38740631021,2940.0552792585454,0.0,communication_aware,generalization,21311295,2
1.0,1.0,286.0,0.756993006993007,0.5339967724860916,0.4886258582734831,1.0,0.9987077389801355,0.0,0.0,0.0,6043.613987891375,1363.574434765623,664.0,haco_safemarl_pilot_no_acoustic,generalization,21311295,2
0.0,0.5,300.0,0.9016666666666666,0.39569866434258644,0.3710697479598849,1.0,0.9928693413125381,0.0,0.0,0.0,8745.894785119923,2791.2446351551384,0.0,haco_safemarl_pilot_no_shield,generalization,21311295,2
0.0,0.0,300.0,0.7616666666666667,0.6715996282643268,0.663057627649421,1.0,0.9995600699012412,0.0,0.0,0.0,6525.726304877907,2173.111856453836,735.0,haco_safemarl_pilot,generalization,21311295,2
0.0,0.0,300.0,0.785,0.6409800501564741,0.6294028693022244,1.0,0.9999399056607025,0.0,0.0,0.0,1479.8591288520743,805.2020355646238,669.0,haco_safemarl_mappo,generalization,21311295,2
0.0,0.5,300.0,0.47333333333333333,0.677072750003179,0.6748306728788745,1.0,0.999959943020264,0.0,0.0,0.07333333333333333,5306.999999999984,2547.419785394749,0.0,fixed_auv_ga_pso_tlbo_proxy,generalization,21321302,2
0.0,1.0,232.0,0.5560344827586207,0.5923658889297225,0.38703930258931374,1.0,0.671753307855435,0.04310344827586207,0.0,0.10344827586206896,5368.4800000000105,2099.300000000008,0.0,independent_greedy,generalization,21321302,2
0.0,0.5,300.0,0.5433333333333333,0.7461275639924526,0.7459729922757006,1.0,0.9999467222962813,0.0,0.0,0.07,7867.008706921893,2918.8824215640198,0.0,communication_aware,generalization,21321302,2
0.0,1.0,243.0,0.29218106995884774,0.7205582207079564,0.552094714006372,0.6,0.8716558629090275,0.00411522633744856,0.0,0.1111111111111111,6978.931841761357,1793.5393350193497,252.0,haco_safemarl_pilot_no_acoustic,generalization,21321302,2
0.0,1.0,226.0,0.26991150442477874,0.7081259657415268,0.5186095954332808,0.5652173913043478,0.8900258259058899,0.09292035398230089,0.0,0.252212389380531,6947.813606423363,1670.4065492463171,0.0,haco_safemarl_pilot_no_shield,generalization,21321302,2
0.0,1.0,275.0,0.36363636363636365,0.7273215122221414,0.5894931885314831,1.0,0.9159837286200329,0.0036363636363636364,0.0,0.07272727272727272,8057.39090950695,2116.710427795462,295.0,haco_safemarl_pilot,generalization,21321302,2
0.0,0.0,300.0,0.08833333333333333,0.8411341980067438,0.8409924500665373,0.8833333333333333,0.9998362613865451,0.0,0.0,0.01,467.28246260927915,134.44646668354923,397.0,haco_safemarl_mappo,generalization,21321302,2
0.0,1.0,248.0,0.6270161290322581,0.5948982381871791,0.5707964938080302,1.0,0.9895622488619086,0.0,50.0,0.12903225806451613,4387.1200000000035,1673.595318738019,0.0,fixed_auv_ga_pso_tlbo_proxy,generalization,21331309,2
0.0,1.0,190.0,0.7263157894736842,0.45429265953318154,0.26931033940853405,1.0,0.6399999986328995,0.0,38.0,0.1,4396.599999999997,1279.5000000000014,0.0,independent_greedy,generalization,21331309,2
0.0,0.0,300.0,0.73,0.7165289105376008,0.7084186059298729,1.0,0.9993907048764219,0.0,101.0,0.12666666666666668,7783.192432942404,2772.2709959845556,0.0,communication_aware,generalization,21331309,2
1.0,1.0,281.0,0.6530249110320284,0.679927016669531,0.6334990004671448,1.0,0.8887252823312618,0.0,0.0,0.11387900355871886,8018.522121201389,2120.880014909922,478.0,haco_safemarl_pilot_no_acoustic,generalization,21331309,2
0.0,1.0,242.0,0.8016528925619835,0.579543661103697,0.5765039017283001,1.0,0.7191011203095009,0.0,51.0,0.08677685950413223,7255.83005703331,2029.6053309547563,0.0,haco_safemarl_pilot_no_shield,generalization,21331309,2
0.0,0.0,300.0,0.5916666666666667,0.7289208918821547,0.7190269328460572,1.0,0.991263994299076,0.0,0.0,0.11,8599.20150329693,2857.6566936497,532.0,haco_safemarl_pilot,generalization,21331309,2
0.0,0.0,300.0,0.5166666666666667,0.7596488108343997,0.7583290509184657,1.0,0.9999524387663402,0.0,0.0,0.023333333333333334,507.6492903035153,375.48546780418064,548.0,haco_safemarl_mappo,generalization,21331309,2
1.0,1.0,274.0,0.7481751824817519,0.6225107967447897,0.6089629314047513,1.0,0.9924953056851896,0.0,0.0,0.0,4847.059999999994,2658.1744317371617,0.0,fixed_auv_ga_pso_tlbo_proxy,generalization,21341316,2
1.0,1.0,210.0,0.7738095238095238,0.49467368882277846,0.29103003348479534,1.0,0.7216536037242184,0.0,0.0,0.0,4859.400000000003,2102.1000000000067,0.0,independent_greedy,generalization,21341316,2
0.0,0.5,300.0,0.7866666666666666,0.7441885441801096,0.7370568422976648,1.0,0.9912875067028147,0.0,54.0,0.0,7838.201204753405,3351.377646415919,0.0,communication_aware,generalization,21341316,2
0.0,1.0,207.0,0.3888888888888889,0.7150572503900021,0.5396788198065471,0.5,0.711764705543218,0.057971014492753624,0.0,0.1642512077294686,4547.831149935241,1006.1036589083845,371.0,haco_safemarl_pilot_no_acoustic,generalization,21341316,2
0.0,1.0,204.0,0.4068627450980392,0.6120126434638556,0.32967368535342506,0.5,0.6800278677624241,0.07352941176470588,0.0,0.16176470588235295,6201.903044765305,1546.364616418149,0.0,haco_safemarl_pilot_no_shield,generalization,21341316,2
0.0,1.0,209.0,0.3708133971291866,0.7557992970139035,0.6243752876097384,0.5,0.7422044334139511,0.05263157894736842,0.0,0.15311004784688995,4729.001266942492,1113.3698268765163,367.0,haco_safemarl_pilot,generalization,21341316,2
0.0,0.0,300.0,0.0,0.8308866656275266,0.8274121408470508,0.0,0.99999999975,0.0,0.0,0.0,495.7451204258632,380.92338610515895,464.0,haco_safemarl_mappo,generalization,21341316,2
0.0,1.0,271.0,0.0,0.8591475794910719,0.8587277841784192,0.0,0.99999999975,0.0,38.0,0.0,4793.989999999995,2232.9533374435773,0.0,fixed_auv_ga_pso_tlbo_proxy,generalization,21351323,2
0.0,1.0,207.0,0.3961352657004831,0.7121115990250173,0.6037529802494297,1.0,0.8714931111977436,0.0,29.0,0.0,4789.980000000002,1555.5000000000055,0.0,independent_greedy,generalization,21351323,2
0.0,1.0,235.0,0.0,0.8590096970892348,0.8578525041391888,0.0,0.99999999975,0.0,34.0,0.0,6403.75,2422.1047777865965,0.0,communication_aware,generalization,21351323,2
1.0,1.0,201.0,0.08955223880597014,0.8521824042204998,0.8394654061334693,0.5,0.9904178863158113,0.0,0.0,0.0,6242.013749999997,1590.1198740318057,95.0,haco_safemarl_pilot_no_acoustic,generalization,21351323,2
0.0,1.0,202.0,0.19801980198019803,0.8167085558591478,0.7743718153718325,0.5,0.9425369914662111,0.0,28.0,0.0,6191.18479941604,1620.9914627361725,0.0,haco_safemarl_pilot_no_shield,generalization,21351323,2
1.0,1.0,202.0,0.0891089108910891,0.8538853092464658,0.8415626262519851,0.5,0.9905207720858893,0.0,0.0,0.0,6271.413062010812,1631.1524861945945,87.0,haco_safemarl_pilot,generalization,21351323,2
0.0,0.5,300.0,0.19666666666666666,0.8489228257625119,0.8088838179664806,0.5,0.9434553779729745,0.0,0.0,0.0,1192.3764238550978,169.33257206933135,165.0,haco_safemarl_mappo,generalization,21351323,2
0.0,0.6666666666666666,300.0,0.6994444444444444,0.49469203440069187,0.24544077194932934,1.0,0.6658953881192852,0.0,100.0,0.06,6320.999999999983,3377.879340326024,0.0,fixed_auv_ga_pso_tlbo_proxy,generalization,21161730,6
0.0,0.8333333333333334,300.0,0.7661111111111112,0.41664115195623685,0.07753453016215436,1.0,0.5933547586173816,0.0,76.0,0.03333333333333333,8676.000000000018,4553.299999999997,0.0,independent_greedy,generalization,21161730,6
0.0,0.16666666666666666,300.0,0.758888888888889,0.629011881315533,0.44024030842593104,1.0,0.6800248387589092,0.0,246.0,0.06,8202.710628588471,3003.1382201245033,0.0,communication_aware,generalization,21161730,6
0.0,0.5,300.0,0.5683333333333334,0.6242092332613136,0.23415573942618204,0.8333333333333331,0.640815559640989,0.0,0.0,0.02666666666666667,7900.924844265185,2568.1867534522885,1535.0,haco_safemarl_pilot_no_acoustic,generalization,21161730,6
0.0,0.5,300.0,0.6788888888888889,0.5467729470071868,0.26299891462669756,0.8333333333333331,0.6316008377820806,0.0,305.0,0.05,9614.274706642209,2911.5306050301215,0.0,haco_safemarl_pilot_no_shield,generalization,21161730,6
0.0,0.16666666666666666,300.0,0.5833333333333333,0.7288534976703128,0.5437070031380653,0.8333333333333331,0.6618051927181868,0.0,0.0,0.04,7738.5965309184485,2832.681683808687,1606.0,haco_safemarl_pilot,generalization,21161730,6
0.0,0.16666666666666666,300.0,0.5094444444444443,0.6696383454030755,0.4466476432324457,0.9055555555555556,0.7289033854561282,0.0,0.0,0.09666666666666666,1898.8446864492864,1110.1701419343135,1567.0,haco_safemarl_mappo,generalization,21161730,6
0.0,1.0,278.0,0.512589928057554,0.5939122628992052,0.3235665468469393,0.8333333333333331,0.7333002721917804,0.0,294.0,0.07913669064748201,5857.459999999989,3165.6904087349767,0.0,fixed_auv_ga_pso_tlbo_proxy,generalization,21171737,6
0.0,1.0,213.0,0.5899843505477308,0.5546488516112449,0.22625654144703528,0.8333333333333333,0.5315430420545845,0.0,225.0,0.13615023474178403,6159.960000000012,2846.8999999999987,0.0,independent_greedy,generalization,21171737,6
0.0,0.3333333333333333,300.0,0.6805555555555556,0.6705017810527364,0.5147640624321141,1.0,0.8104626590947291,0.0,329.0,0.06333333333333334,8470.502021214648,3431.8187286033753,0.0,communication_aware,generalization,21171737,6
0.0,0.5,300.0,0.31222222222222223,0.7536529306607612,0.4675012319734238,0.5,0.7903339252823638,0.0,14.0,0.006666666666666667,7178.524599736393,3243.868829580849,1530.0,haco_safemarl_pilot_no_acoustic,generalization,21171737,6
0.0,0.5,300.0,0.5688888888888889,0.5909170052868957,0.38778376881002496,0.8333333333333331,0.6582108019307279,0.0,448.0,0.04,9609.07742118959,3057.1310469499304,0.0,haco_safemarl_pilot_no_shield,generalization,21171737,6
0.0,0.16666666666666666,300.0,0.32666666666666666,0.8072732474725482,0.6727407894576568,0.5,0.7938161042886923,0.0,14.0,0.04666666666666667,9697.600452969898,4282.116681652041,1444.0,haco_safemarl_pilot,generalization,21171737,6
0.0,0.0,300.0,0.09055555555555556,0.8398748743470607,0.7404038081122478,0.1666666666666667,0.9547233307874492,0.0,14.0,0.006666666666666667,1368.5203388769503,1588.8495647172372,1430.0,haco_safemarl_mappo,generalization,21171737,6
0.0,1.0,265.0,0.6119496855345912,0.5379340504935705,0.27203075325210735,0.8333333333333331,0.5629279010928664,0.0,617.0,0.0,5583.549999999993,3406.246106810524,0.0,fixed_auv_ga_pso_tlbo_proxy,generalization,21181744,6
0.0,1.0,203.0,0.6215106732348111,0.5294911751632665,0.22883444827023555,0.8333333333333334,0.5295206629147393,0.0,475.0,0.0,5870.760000000011,3074.3000000000006,0.0,independent_greedy,generalization,21181744,6
0.0,0.5,300.0,0.6644444444444444,0.6299136448703407,0.4762178840625185,0.8333333333333331,0.5018792130345726,0.0,847.0,0.0,8333.63879937681,3720.478377624064,0.0,communication_aware,generalization,21181744,6
0.0,0.3333333333333333,300.0,0.43555555555555564,0.7158508711704064,0.37292495885869553,0.6666666666666669,0.7136863821587865,0.0,5.0,0.0,9562.93681954898,4123.377396191627,1208.0,haco_safemarl_pilot_no_acoustic,generalization,21181744,6
0.0,0.5,300.0,0.6288888888888888,0.568889395806593,0.3439973369931608,0.8333333333333331,0.5688266127557233,0.0,285.0,0.0,9328.456842263864,3111.6091709803136,0.0,haco_safemarl_pilot_no_shield,generalization,21181744,6
0.0,0.3333333333333333,300.0,0.47944444444444445,0.768553235902749,0.6276622870233858,0.7166666666666665,0.692694107109168,0.0,5.0,0.0,9287.364440734995,3859.698886922802,1258.0,haco_safemarl_pilot,generalization,21181744,6
0.0,0.0,300.0,0.4577777777777778,0.7208008063748331,0.43473107933736554,0.7222222222222219,0.7244540979420291,0.0,5.0,0.0,699.20762424523,671.9686463546801,1302.0,haco_safemarl_mappo,generalization,21181744,6
0.0,1.0,257.0,0.3955901426718547,0.6809816729767457,0.26733983707552283,0.8076923076923077,0.7840783947943291,0.0,110.0,0.0,5414.989999999995,2531.9727675440945,0.0,fixed_auv_ga_pso_tlbo_proxy,generalization,21191751,6
0.0,1.0,197.0,0.4653130287648055,0.6645550626326886,0.12593974953901807,0.8083333333333333,0.6657466114202903,0.0,84.0,0.0,5697.240000000011,2114.099999999999,0.0,independent_greedy,generalization,21191751,6
0.0,0.3333333333333333,300.0,0.6044444444444443,0.6876413584118904,0.3765252295122403,0.9944444444444446,0.813348735603258,0.0,175.0,0.0,8540.922080110799,3460.5332545325127,0.0,communication_aware,generalization,21191751,6
0.0,0.5,300.0,0.33388888888888885,0.6849211153099787,0.22758896086167757,0.5055555555555555,0.7749461214072005,0.0,0.0,0.0,9795.207722894542,3235.9354606168345,913.0,haco_safemarl_pilot_no_acoustic,generalization,21191751,6
0.0,0.6666666666666666,300.0,0.518888888888889,0.6261058565577424,0.28615620035445444,0.811111111111111,0.6516279489557298,0.0,277.0,0.0,9681.138262973147,2842.8229503212187,0.0,haco_safemarl_pilot_no_shield,generalization,21191751,6
0.0,0.3333333333333333,300.0,0.3566666666666667,0.7771349051934406,0.5641244461102436,0.5277777777777777,0.7535656243086112,0.0,0.0,0.0,9518.873987510146,3470.5852675402575,968.0,haco_safemarl_pilot,generalization,21191751,6
0.0,0.0,300.0,0.31333333333333335,0.7341016740026826,0.29757506567901354,0.5,0.8031594420126068,0.0,0.0,0.0,990.0522954756475,491.6568507530616,1003.0,haco_safemarl_mappo,generalization,21191751,6
0.0,0.6666666666666666,300.0,0.3994444444444444,0.6815387237135255,0.1463284679018958,0.8333333333333331,0.7730694779724235,0.0,43.0,0.0,6320.999999999983,3847.365362018506,0.0,fixed_auv_ga_pso_tlbo_proxy,generalization,21201758,6
0.0,0.6666666666666666,300.0,0.4855555555555555,0.5777831368828383,0.024587574839109748,0.5,0.5280818053651366,0.0,33.0,0.0,8676.000000000018,4814.700000000725,0.0,independent_greedy,generalization,21201758,6
0.0,0.3333333333333333,300.0,0.5594444444444443,0.6979994527284605,0.2667062185254057,0.8333333333333331,0.6752450900785233,0.0,38.0,0.0,8562.543440057723,3719.7517768267057,0.0,communication_aware,generalization,21201758,6
0.0,0.6666666666666666,300.0,0.32555555555555554,0.7833976471752259,0.5777147114222948,0.35000000000000003,0.8110221834413057,0.0,0.0,0.0,10243.476321441247,3035.075315316071,805.0,haco_safemarl_pilot_no_acoustic,generalization,21201758,6
0.0,0.6666666666666666,300.0,0.4522222222222222,0.7117598052743797,0.3563813264637197,0.5,0.5844786082759174,0.0,33.0,0.0,9932.923211121662,2829.2956220000306,0.0,haco_safemarl_pilot_no_shield,generalization,21201758,6
0.0,0.5,300.0,0.3394444444444445,0.7502585316302399,0.33646396009944596,0.6888888888888888,0.7928507093480873,0.0,0.0,0.0,8969.875285652559,2802.1191116917043,1055.0,haco_safemarl_pilot,generalization,21201758,6
0.0,0.16666666666666666,300.0,0.3161111111111111,0.7328648933660674,0.40112970933706477,0.5,0.7726080602982552,0.0,0.0,0.0,1503.1424025472613,346.1717000746345,1179.0,haco_safemarl_mappo,generalization,21201758,6
0.0,0.8333333333333334,300.0,0.5538888888888888,0.591008453956108,0.29780879838414537,0.8333333333333331,0.6547946178634867,0.0,356.0,0.0,6320.999999999983,3814.2426848717746,0.0,fixed_auv_ga_pso_tlbo_proxy,generalization,21211765,6
0.0,1.0,252.0,0.5747354497354497,0.5589990340702388,0.23166233733449945,0.8333333333333333,0.6561995091916223,0.0,295.0,0.0,7287.840000000015,3989.499999999997,0.0,independent_greedy,generalization,21211765,6
0.0,0.5,300.0,0.5916666666666665,0.692102235716826,0.4971926567520921,0.8333333333333331,0.6263957589144497,0.0,476.0,0.0,8498.950526832528,3492.447989442003,0.0,communication_aware,generalization,21211765,6
0.0,0.5,300.0,0.43333333333333335,0.7132823714208365,0.4747335150017882,0.6833333333333333,0.8630386525202043,0.0,21.0,0.0,9815.007024208373,3405.0012877764525,1309.0,haco_safemarl_pilot_no_acoustic,generalization,21211765,6
0.0,0.5,300.0,0.5411111111111111,0.6201430787917974,0.34895497794080155,0.7222222222222219,0.7030844884570987,0.0,291.0,0.0,9631.86961248796,2961.6487762512697,0.0,haco_safemarl_pilot_no_shield,generalization,21211765,6
0.0,0.16666666666666666,300.0,0.461111111111111,0.7649064123644473,0.6742113742633962,0.6666666666666669,0.7926038243860379,0.0,21.0,0.0,9452.7381876059,3467.273891197859,1319.0,haco_safemarl_pilot,generalization,21211765,6
0.0,0.0,300.0,0.23999999999999996,0.787685475657329,0.6781389024140126,0.5277777777777777,0.8959411713628844,0.0,20.0,0.0,803.9693659293534,565.8053008030693,1186.0,haco_safemarl_mappo,generalization,21211765,6
0.0,0.8333333333333334,300.0,0.5849999999999999,0.550627172421642,0.19977072131285947,0.8333333333333331,0.6013792701505967,0.043333333333333335,216.0,0.10666666666666667,6320.999999999983,3576.913018054368,0.0,fixed_auv_ga_pso_tlbo_proxy,generalization,21221772,6
0.0,1.0,250.0,0.644,0.5103113665937108,0.09148104868304312,0.8333333333333333,0.5243380405399178,0.044,165.0,0.176,7230.000000000015,3654.5,0.0,independent_greedy,generalization,21221772,6
0.0,0.3333333333333333,300.0,0.6316666666666666,0.6666210664834176,0.38517914750383137,0.8333333333333331,0.5506603127691054,0.0,187.0,0.08333333333333333,8380.5463368446,3398.2670375741204,0.0,communication_aware,generalization,21221772,6
0.0,0.5,300.0,0.44055555555555553,0.6575409389868514,0.23317301541975405,0.6666666666666669,0.7156602034067666,0.0,5.0,0.1,7850.632836944724,2537.755275714385,1316.0,haco_safemarl_pilot_no_acoustic,generalization,21221772,6
0.0,0.5,300.0,0.6505555555555554,0.567850875932788,0.295437712217998,0.8333333333333331,0.5314026985799933,0.0,201.0,0.15333333333333332,9618.599023161178,3007.615203489367,0.0,haco_safemarl_pilot_no_shield,generalization,21221772,6
0.0,0.3333333333333333,300.0,0.4594444444444444,0.753312186046659,0.5500048861327452,0.6666666666666669,0.6951908686847165,0.0033333333333333335,5.0,0.11,8919.021099022508,3234.5972666377006,1251.0,haco_safemarl_pilot,generalization,21221772,6
0.0,0.16666666666666666,300.0,0.5888888888888888,0.6056115423808411,0.299258775034582,0.8333333333333331,0.5891745100759754,0.0,5.0,0.11333333333333333,981.6196328724216,274.1691482500345,1421.0,haco_safemarl_mappo,generalization,21221772,6
0.0,0.6666666666666666,300.0,0.6172222222222222,0.5569427664225377,0.2804782346018497,1.0,0.7781826704729272,0.0,70.0,0.0,6320.999999999983,3316.4601920938962,0.0,fixed_auv_ga_pso_tlbo_proxy,generalization,21231779,6
0.0,1.0,298.0,0.7734899328859061,0.4695669002328581,0.24892709241081445,1.0,0.6898705425540529,0.0,53.0,0.0,8618.160000000018,4550.899999999988,0.0,independent_greedy,generalization,21231779,6
0.0,0.3333333333333333,300.0,0.665,0.6972840273781271,0.6285101654019454,1.0,0.7867770202946879,0.0,0.0,0.0,8360.11803847531,3068.698414446364,0.0,communication_aware,generalization,21231779,6
0.0,0.5,300.0,0.5233333333333333,0.6745210214049163,0.5479148975221103,0.8333333333333331,0.7281283751859167,0.0,0.0,0.0,9831.848536224403,3036.8710015728157,1155.0,haco_safemarl_pilot_no_acoustic,generalization,21231779,6
0.0,0.5,300.0,0.6244444444444444,0.6135978209473828,0.4445257670343686,0.8555555555555555,0.6440817476279531,0.0,0.0,0.0,9720.478279224293,2981.9207561722055,0.0,haco_safemarl_pilot_no_shield,generalization,21231779,6
0.0,0.3333333333333333,300.0,0.5255555555555556,0.7483843075826582,0.6828343679205074,0.8333333333333331,0.7366649696711394,0.0,0.0,0.0,9489.290580133484,3184.5875612703076,1182.0,haco_safemarl_pilot,generalization,21231779,6
0.0,0.0,300.0,0.47,0.7021746880270767,0.4815969084668862,0.6666666666666669,0.6723849038091184,0.0,0.0,0.0,939.4180703619624,84.82132502908661,1232.0,haco_safemarl_mappo,generalization,21231779,6
0.0,0.8333333333333334,300.0,0.7466666666666667,0.38966967418093457,0.18810298692015825,1.0,0.5100370870717231,0.07333333333333333,21.0,0.13333333333333333,6320.999999999983,3287.549482876813,0.0,fixed_auv_ga_pso_tlbo_proxy,generalization,21241786,6
0.0,1.0,244.0,0.7629781420765027,0.36602917535502183,0.1118592876480924,1.0,0.4881696626486346,0.0,16.0,0.02459016393442623,7056.480000000014,3331.500000000002,0.0,independent_greedy,generalization,21241786,6
0.0,0.16666666666666666,300.0,0.7866666666666666,0.578324256082473,0.4437764918907642,1.0,0.5238968235374453,0.02,20.0,0.13,8100.792359267992,3027.5229451063406,0.0,communication_aware,generalization,21241786,6
0.0,0.5,300.0,0.7194444444444443,0.4826504999037487,0.2234130457321975,0.9777777777777779,0.6008760147822712,0.07333333333333333,12.0,0.16333333333333333,8520.202182544444,2686.3831714337994,1518.0,haco_safemarl_pilot_no_acoustic,generalization,21241786,6
0.0,0.16666666666666666,300.0,0.781111111111111,0.44845105591341167,0.27468294433502793,1.0,0.5758695392189421,0.07,18.0,0.16333333333333333,9344.607439147363,3121.025138354094,0.0,haco_safemarl_pilot_no_shield,generalization,21241786,6
0.0,0.0,300.0,0.7633333333333333,0.6601267821882711,0.5405071657403185,1.0,0.5857995040132669,0.06,12.0,0.13,8446.22791874154,3074.858232010422,1576.0,haco_safemarl_pilot,generalization,21241786,6
0.0,0.0,300.0,0.5494444444444444,0.5729981470775259,0.2684128044494198,0.8333333333333331,0.5978444835415715,0.0,12.0,0.12,1010.9883859877565,682.5655158619084,1568.0,haco_safemarl_mappo,generalization,21241786,6
0.0,0.8333333333333334,300.0,0.27555555555555555,0.7237661459541019,0.4130529079011619,0.5944444444444443,0.86934400009088,0.0,98.0,0.0,6320.999999999983,3507.164495131439,0.0,fixed_auv_ga_pso_tlbo_proxy,generalization,21251793,6
0.0,1.0,238.0,0.38935574229691877,0.679141725233745,0.2200198466787057,0.7569444444444443,0.8002593214225112,0.0,76.0,0.0,6882.960000000014,3206.8999999999937,0.0,independent_greedy,generalization,21251793,6
0.0,0.5,300.0,0.3466666666666667,0.7717735756319948,0.5966241478475364,0.6666666666666669,0.8378686867495657,0.0,146.0,0.0,8923.075293095766,4105.937639129953,0.0,communication_aware,generalization,21251793,6
0.0,0.6666666666666666,300.0,0.29722222222222217,0.7384014449385611,0.4322083431816347,0.5833333333333334,0.8422121591621383,0.0,0.0,0.0,9950.090279363305,2933.6102894319943,687.0,haco_safemarl_pilot_no_acoustic,generalization,21251793,6
0.0,0.6666666666666666,300.0,0.3972222222222222,0.6942326333214731,0.4287582429808659,0.6666666666666669,0.7857564313113695,0.0,86.0,0.0,9817.480243661603,2911.8506990059605,0.0,haco_safemarl_pilot_no_shield,generalization,21251793,6
0.0,0.5,300.0,0.2922222222222222,0.8111441372782973,0.6485632970438243,0.5055555555555555,0.8386585398230583,0.0,0.0,0.0,9669.037177902857,3356.882194326259,678.0,haco_safemarl_pilot,generalization,21251793,6
0.0,0.0,300.0,0.21777777777777776,0.7682148288716671,0.5351422483209615,0.3333333333333334,0.8650173224433628,0.0,0.0,0.0,1220.0520222788236,578.3499792790899,691.0,haco_safemarl_mappo,generalization,21251793,6
0.0,1.0,291.0,0.7084765177548683,0.5174248927372675,0.4311778481291808,1.0,0.6752281764708882,0.0,126.0,0.0,6131.369999999985,3401.159140914587,0.0,fixed_auv_ga_pso_tlbo_proxy,generalization,21261800,6
0.0,1.0,223.0,0.7167414050822123,0.49958903675973104,0.3673074323693589,1.0,0.7057207988921245,0.0,97.0,0.0,6449.160000000013,3117.3000000000047,0.0,independent_greedy,generalization,21261800,6
0.0,0.16666666666666666,300.0,0.7483333333333333,0.6655330858570409,0.6043530871195565,1.0,0.7376258974903619,0.0,75.0,0.0,8242.528875264896,3039.1444041364607,0.0,communication_aware,generalization,21261800,6
0.0,0.6666666666666666,300.0,0.5766666666666665,0.6772791128413859,0.4990150476007582,1.0,0.8250690583127919,0.0,2.0,0.0,9886.730418916017,3029.2998463139725,1430.0,haco_safemarl_pilot_no_acoustic,generalization,21261800,6
0.0,0.6666666666666666,300.0,0.7433333333333333,0.5606337506575098,0.40401225625325554,1.0,0.6740053048482365,0.0,125.0,0.0,9666.0572440012,2928.833546441618,0.0,haco_safemarl_pilot_no_shield,generalization,21261800,6
0.0,0.16666666666666666,300.0,0.5616666666666665,0.7337773947248456,0.664745400570785,1.0,0.8318847666994469,0.0,2.0,0.0,9323.514468838717,3265.2787271739217,1411.0,haco_safemarl_pilot,generalization,21261800,6
0.0,0.0,300.0,0.31888888888888883,0.7603092819316349,0.6889193044109102,0.5,0.8566820097455606,0.0,2.0,0.0,894.9731441714431,712.3361671898424,1451.0,haco_safemarl_mappo,generalization,21261800,6
0.0,0.8333333333333334,300.0,0.6422222222222221,0.4988498871476471,0.26095282632433575,0.8333333333333331,0.5634663144449081,0.0,111.0,0.0,6320.999999999983,3849.922248025812,0.0,fixed_auv_ga_pso_tlbo_proxy,generalization,21271807,6
0.0,1.0,293.0,0.7343572241183162,0.4215699587883502,0.08901620955945869,0.8333333333333331,0.3476995825643226,0.0,85.0,0.0,8473.560000000018,4943.099999999994,0.0,independent_greedy,generalization,21271807,6
0.0,0.16666666666666666,300.0,0.6683333333333332,0.6535240781494013,0.4769180058325926,0.8333333333333331,0.5232920758679523,0.0,231.0,0.0,8365.239333514099,3714.648863014955,0.0,communication_aware,generalization,21271807,6
0.0,0.5,300.0,0.6238888888888887,0.5833528315860452,0.29427795934240986,0.8333333333333331,0.5828532695802949,0.0,0.0,0.0,9721.115051564513,3096.802625911219,1289.0,haco_safemarl_pilot_no_acoustic,generalization,21271807,6
0.0,0.5,300.0,0.7005555555555554,0.5112607328523455,0.32517208296823014,0.8333333333333331,0.45703979177303883,0.0,112.0,0.0,9475.20547729705,3026.1929002126594,0.0,haco_safemarl_pilot_no_shield,generalization,21271807,6
0.0,0.16666666666666666,300.0,0.6127777777777778,0.7121956755050641,0.5677795778145762,0.8333333333333331,0.5903578293837544,0.0,0.0,0.0,8880.753101078728,3455.396961037647,1334.0,haco_safemarl_pilot,generalization,21271807,6
0.0,0.16666666666666666,300.0,0.6461111111111111,0.6026803945411009,0.3715968953996337,0.8333333333333331,0.5445759685831463,0.0,0.0,0.0,959.3931720401828,346.29790642669934,1456.0,haco_safemarl_mappo,generalization,21271807,6
0.0,0.8333333333333334,300.0,0.5549999999999999,0.6188331287301455,0.3729257382713619,1.0,0.8571754934801513,0.0,50.0,0.0,6320.999999999983,3623.6288386192577,0.0,fixed_auv_ga_pso_tlbo_proxy,generalization,21281814,6
0.0,1.0,296.0,0.5337837837837838,0.515730811140779,0.16521555339708457,0.6666666666666669,0.6090506902143076,0.0,38.0,0.0,8560.320000000018,4835.899999999997,0.0,independent_greedy,generalization,21281814,6
0.0,0.5,300.0,0.6316666666666667,0.6908567423382272,0.5762956869394629,1.0,0.8799863066412046,0.0,136.0,0.0,8435.89535556768,3231.8909311199654,0.0,communication_aware,generalization,21281814,6
0.0,0.6666666666666666,300.0,0.39388888888888884,0.7217885701476785,0.3376444446790241,0.6666666666666665,0.8127836388588543,0.0,0.0,0.0,9956.622350738066,2927.813571089883,920.0,haco_safemarl_pilot_no_acoustic,generalization,21281814,6
0.0,0.5,300.0,0.41888888888888887,0.6710089767405548,0.32587776698237053,0.6666666666666669,0.7724843965732414,0.0,112.0,0.0,9712.312240835128,2916.9036996892555,0.0,haco_safemarl_pilot_no_shield,generalization,21281814,6
0.0,0.5,300.0,0.37555555555555553,0.7806975263156473,0.6024712178199512,0.5611111111111111,0.8231535052944465,0.0,0.0,0.0,9672.551913059946,3319.5333859023826,963.0,haco_safemarl_pilot,generalization,21281814,6
0.0,0.16666666666666666,300.0,0.3555555555555555,0.7265839316123726,0.559623978968614,0.6666666666666669,0.81317910966485,0.0,0.0,0.0,1212.4132001791945,768.8562239701101,1135.0,haco_safemarl_mappo,generalization,21281814,6
0.0,0.6666666666666666,300.0,0.45166666666666666,0.6408839188129515,0.4796402995286658,1.0,0.9167838326938506,0.0,203.0,0.0,6320.999999999983,2783.5988582814716,0.0,fixed_auv_ga_pso_tlbo_proxy,generalization,21291821,6
0.0,0.8333333333333334,300.0,0.6866666666666665,0.49726094633859935,0.2123371227696203,1.0,0.8689153306940419,0.0,156.0,0.0,8676.000000000018,3794.699999999999,0.0,independent_greedy,generalization,21291821,6
0.0,0.0,300.0,0.5372222222222222,0.7242041807419612,0.6400170922579153,1.0,0.9259779703648484,0.0,158.0,0.0,8573.09509034797,3013.9908148336217,0.0,communication_aware,generalization,21291821,6
0.0,0.3333333333333333,300.0,0.5022222222222221,0.678910603297091,0.4913863969656533,1.0,0.9271377558777119,0.0,0.0,0.0,10068.213012597676,3346.7241471705256,1132.0,haco_safemarl_pilot_no_acoustic,generalization,21291821,6
0.0,0.3333333333333333,300.0,0.605,0.6024596193679187,0.4464442719767343,1.0,0.9479573350935613,0.0,420.0,0.0,9946.055284963039,3012.656160517399,0.0,haco_safemarl_pilot_no_shield,generalization,21291821,6
0.0,0.0,300.0,0.5233333333333334,0.7421754834172197,0.6463867067545999,1.0,0.9223032397667101,0.0,0.0,0.0,9705.648286336025,3285.808663599836,1186.0,haco_safemarl_pilot,generalization,21291821,6
0.0,0.0,300.0,0.34,0.7207237958621082,0.5795604634445244,0.6666666666666669,0.8625489534119343,0.0,28.0,0.0,1655.5438690752414,669.0616134165939,1329.0,haco_safemarl_mappo,generalization,21291821,6
0.0,0.8333333333333334,300.0,0.4527777777777777,0.6329822294882176,0.3413954732282295,0.6666666666666669,0.6640855471961091,0.0,259.0,0.0,6320.999999999983,3720.288631665709,0.0,fixed_auv_ga_pso_tlbo_proxy,generalization,21301828,6
0.0,1.0,241.0,0.6293222683264178,0.5529007753462432,0.27492166636805365,1.0,0.6079412236964742,0.0,209.0,0.0,6969.720000000014,3560.100000000001,0.0,independent_greedy,generalization,21301828,6
0.0,0.6666666666666666,300.0,0.5733333333333331,0.7298284392780579,0.6017789168330103,0.8333333333333331,0.6403752197928108,0.0,175.0,0.0,8583.085458676214,3587.9907852128895,0.0,communication_aware,generalization,21301828,6
0.0,1.0,264.0,0.4172979797979799,0.7402757299613238,0.5338969765588615,0.5679012345679011,0.72323018799575,0.0,10.0,0.0,9016.758015846232,2216.4067582220155,814.0,haco_safemarl_pilot_no_acoustic,generalization,21301828,6
0.0,1.0,234.0,0.40598290598290593,0.6940249996829431,0.4173106926804534,0.5,0.7319022665150621,0.0,114.0,0.0,7984.2946930928,2019.6596524186339,0.0,haco_safemarl_pilot_no_shield,generalization,21301828,6
0.0,0.3333333333333333,300.0,0.48833333333333334,0.7566918196050271,0.6347948044435027,0.6666666666666669,0.6944404874254388,0.0,10.0,0.0,9573.627775857649,3385.2898213755234,1045.0,haco_safemarl_pilot,generalization,21301828,6
0.0,0.0,300.0,0.1283333333333333,0.8277207848344592,0.7563689085310124,0.3333333333333334,0.9518576946391264,0.0,11.0,0.0,977.8599045255779,251.17655151871594,992.0,haco_safemarl_mappo,generalization,21301828,6
0.0,0.6666666666666666,300.0,0.4472222222222222,0.6889691705679416,0.5645589651970467,1.0,0.9628251883426657,0.0,64.0,0.16,6320.999999999983,2483.0150389848964,0.0,fixed_auv_ga_pso_tlbo_proxy,generalization,21311835,6
0.0,0.8333333333333334,300.0,0.768888888888889,0.4649974607567516,0.2026087508031285,1.0,0.5061537740255925,0.0,50.0,0.16,8676.000000000018,3770.0999999999967,0.0,independent_greedy,generalization,21311835,6
0.0,0.16666666666666666,300.0,0.5338888888888889,0.7537938435891516,0.6856422591467486,1.0,0.9770248474088835,0.0,93.0,0.12333333333333334,8661.744007584164,2808.725007550941,0.0,communication_aware,generalization,21311835,6
0.0,0.6666666666666666,300.0,0.4477777777777777,0.702677982633245,0.5522686798513514,1.0,0.9618955270697809,0.0,0.0,0.03666666666666667,9943.13184085809,2568.4719309418047,1231.0,haco_safemarl_pilot_no_acoustic,generalization,21311835,6
0.0,0.6666666666666666,300.0,0.6133333333333333,0.6365161018552246,0.574213316046577,1.0,0.9478948973369995,0.0,77.0,0.12,10236.140997758244,2634.730738784095,0.0,haco_safemarl_pilot_no_shield,generalization,21311835,6
0.0,0.16666666666666666,300.0,0.45388888888888884,0.7632228065473294,0.6840155896922561,1.0,0.9732712478444416,0.0,0.0,0.12333333333333334,9612.581811068532,2963.641348951918,1276.0,haco_safemarl_pilot,generalization,21311835,6
0.0,0.0,300.0,0.215,0.7890638986442052,0.6958662404088037,0.5,0.921580438483139,0.0,0.0,0.17666666666666667,1832.1684185511265,166.98823323382078,1291.0,haco_safemarl_mappo,generalization,21311835,6
0.0,0.6666666666666666,300.0,0.6366666666666667,0.501138582132807,0.20309586210465752,0.9555555555555556,0.6001414354952593,0.0,118.0,0.0,6320.999999999983,2902.506979412342,0.0,fixed_auv_ga_pso_tlbo_proxy,generalization,21321842,6
0.0,1.0,278.0,0.7757793764988008,0.38304409008690665,0.06462594080006523,1.0,0.4423152328192113,0.0,90.0,0.0,8039.760000000017,3550.500000000003,0.0,independent_greedy,generalization,21321842,6
0.0,0.16666666666666666,300.0,0.7161111111111111,0.660801885183452,0.42883829380022936,1.0,0.6777680873448497,0.0,101.0,0.0,8273.312702508587,3009.7329756672884,0.0,communication_aware,generalization,21321842,6
0.0,0.16666666666666666,300.0,0.576111111111111,0.625251036638295,0.35010467438929516,0.8333333333333331,0.6602576751846672,0.0,50.0,0.0,6669.970711140584,2262.9440955185532,1683.0,haco_safemarl_pilot_no_acoustic,generalization,21321842,6
0.0,0.16666666666666666,300.0,0.763888888888889,0.48574141751821315,0.22017711021918374,1.0,0.5920539394219101,0.0,87.0,0.0,9619.700899022851,3008.205000793799,0.0,haco_safemarl_pilot_no_shield,generalization,21321842,6
0.0,0.0,300.0,0.58,0.7181778540120795,0.5222954626545157,0.8333333333333331,0.6685100708117928,0.0,16.0,0.0,4287.63099968052,1798.9596560955056,1823.0,haco_safemarl_pilot,generalization,21321842,6
0.0,0.16666666666666666,300.0,0.6188888888888887,0.6073443034407843,0.4019401754549628,0.8333333333333331,0.5875722297308562,0.0,16.0,0.0,2264.5946085549267,1237.9758195686168,1665.0,haco_safemarl_mappo,generalization,21321842,6
0.0,0.6666666666666666,300.0,0.6238888888888887,0.5255758777623544,0.2893801547202457,0.8333333333333331,0.5640708495470165,0.0,93.0,0.0,6320.999999999983,3330.138699156222,0.0,fixed_auv_ga_pso_tlbo_proxy,generalization,21331849,6
0.0,1.0,293.0,0.6467576791808872,0.43676896840222007,0.11441077598529856,0.8333333333333331,0.5684549867942587,0.0,71.0,0.0,8473.560000000018,4452.300000000005,0.0,independent_greedy,generalization,21331849,6
0.0,0.3333333333333333,300.0,0.6477777777777777,0.686743706416349,0.532486336276229,0.8333333333333331,0.5377568002263667,0.0,167.0,0.0,8449.132056999424,3646.868932143609,0.0,communication_aware,generalization,21331849,6
0.0,0.3333333333333333,300.0,0.5538888888888889,0.6699030834171482,0.5249185767472675,0.8333333333333331,0.7392784338860244,0.0,0.0,0.0,9728.557740596281,3807.154385700926,1260.0,haco_safemarl_pilot_no_acoustic,generalization,21331849,6
0.0,0.3333333333333333,300.0,0.6583333333333332,0.5518152250919507,0.4080630912995152,0.8333333333333331,0.539201430103003,0.0,117.0,0.0,9603.185680274279,3166.7442366126725,0.0,haco_safemarl_pilot_no_shield,generalization,21331849,6
0.0,0.16666666666666666,300.0,0.5516666666666665,0.7395685501528874,0.6261809367961981,0.8333333333333331,0.7331160716558258,0.0,0.0,0.0,9368.447295754173,3869.4225222665573,1278.0,haco_safemarl_pilot,generalization,21331849,6
0.0,0.0,300.0,0.5366666666666666,0.6832509346173005,0.5305486764644669,0.8333333333333331,0.7163620183978755,0.0,0.0,0.0,1053.410461349965,786.4636137206065,1310.0,haco_safemarl_mappo,generalization,21331849,6
0.0,1.0,285.0,0.6321637426900585,0.46976885794315515,0.1430700694141289,0.8333333333333331,0.49798861637395986,0.0,92.0,0.0,6004.949999999987,4048.4591619941066,0.0,fixed_auv_ga_pso_tlbo_proxy,generalization,21341856,6
0.0,1.0,218.0,0.6215596330275229,0.4656544628551152,0.11532028995749422,0.8333333333333333,0.5165838108093089,0.0,71.0,0.0,6304.560000000012,3713.4999999999955,0.0,independent_greedy,generalization,21341856,6
0.0,0.16666666666666666,300.0,0.6699999999999999,0.6223936457761674,0.409703970940333,0.8333333333333331,0.4605372385706942,0.0,67.0,0.0,8315.752780783585,3783.1509230402794,0.0,communication_aware,generalization,21341856,6
0.0,0.8333333333333334,300.0,0.6061111111111112,0.5608334347412355,0.3020219298791019,0.8333333333333331,0.5235311515963589,0.0,0.0,0.0,9729.978557466442,2795.5849327739634,1238.0,haco_safemarl_pilot_no_acoustic,generalization,21341856,6
0.0,0.5,300.0,0.6927777777777777,0.5044458916857307,0.25971342424996996,0.8333333333333331,0.43122100478191416,0.0,109.0,0.0,9313.275027736,3099.2374288357933,0.0,haco_safemarl_pilot_no_shield,generalization,21341856,6
0.0,0.16666666666666666,300.0,0.657222222222222,0.704205112860494,0.5770389193823466,0.8333333333333331,0.4922774729746406,0.0,0.0,0.0,9071.405608416333,3592.5051800554043,1269.0,haco_safemarl_pilot,generalization,21341856,6
0.0,0.0,300.0,0.5227777777777777,0.716534609006546,0.4860816312763158,0.8333333333333331,0.6249150977275487,0.0,0.0,0.0,538.1055866134958,202.9387064358438,1286.0,haco_safemarl_mappo,generalization,21341856,6
0.0,0.5,300.0,0.5016666666666666,0.6172540623506747,0.2388737839585473,0.8333333333333331,0.6628679468626923,0.0,8.0,0.0,6320.999999999983,2804.9040675977653,0.0,fixed_auv_ga_pso_tlbo_proxy,generalization,21351863,6
0.0,1.0,297.0,0.7328843995510662,0.49363891251493436,0.06532993220471577,0.9833333333333333,0.5011501573853248,0.0,23.0,0.0,8589.240000000018,3714.899999999992,0.0,independent_greedy,generalization,21351863,6
0.0,0.16666666666666666,300.0,0.5988888888888888,0.7110624722034665,0.44508013474055036,1.0,0.6508890220025721,0.0,28.0,0.0,8606.385861278191,3176.6174137809653,0.0,communication_aware,generalization,21351863,6
0.0,0.6666666666666666,300.0,0.3894444444444444,0.6546073314159748,0.22675784168907195,0.6666666666666669,0.7019788836562051,0.0,0.0,0.0,9015.898259527927,2253.875244142133,1065.0,haco_safemarl_pilot_no_acoustic,generalization,21351863,6
0.0,0.6666666666666666,300.0,0.5633333333333332,0.6066042087321432,0.2931988037379343,0.8333333333333331,0.6540679946525879,0.0,22.0,0.0,10019.889995575311,2513.4424530650354,0.0,haco_safemarl_pilot_no_shield,generalization,21351863,6
0.0,0.3333333333333333,300.0,0.4066666666666667,0.7566073454936707,0.5186772217338835,0.7166666666666665,0.7078219944797103,0.0,0.0,0.0,9860.536192690697,2998.4035538304834,1027.0,haco_safemarl_pilot,generalization,21351863,6
0.0,0.16666666666666666,300.0,0.4299999999999999,0.7017049706111789,0.2734346740796938,0.8333333333333331,0.7433837548783918,0.0,0.0,0.0,1990.1194637606495,200.5403503910975,1331.0,haco_safemarl_mappo,generalization,21351863,6
0.0,0.875,300.0,0.50625,0.586373817097982,0.33791921615468845,0.8833333333333333,0.7955660530883859,0.0,228.0,0.016666666666666666,6828.0000000000455,3576.8706893647827,0.0,fixed_auv_ga_pso_tlbo_proxy,generalization,21162070,8
0.0,1.0,243.0,0.6039094650205762,0.5637101795077315,0.3705129168397055,1.0,0.9318810510891696,0.0,188.0,0.053497942386831275,7729.83000000004,3619.1000000000013,0.0,independent_greedy,generalization,21162070,8
0.0,0.25,300.0,0.555,0.7203169253769952,0.6149721885764138,0.875,0.7502209967563986,0.0,379.0,0.02,9017.405657656793,4045.0046176431315,0.0,communication_aware,generalization,21162070,8
0.0,0.25,300.0,0.4370833333333333,0.7066376658856122,0.4339073379870975,0.75,0.8198021731690637,0.0,0.0,0.023333333333333334,10074.73742805347,3772.416855466624,1369.0,haco_safemarl_pilot_no_acoustic,generalization,21162070,8
0.0,0.25,300.0,0.5320833333333334,0.5942482127985907,0.39556351626825603,0.75,0.6869522918971748,0.0,291.0,0.03,10031.871350294856,3194.0343190075373,0.0,haco_safemarl_pilot_no_shield,generalization,21162070,8
0.0,0.25,300.0,0.44083333333333335,0.774403179963025,0.6453835074055777,0.75,0.815795863015388,0.0,0.0,0.03333333333333333,9845.047603372977,3644.6509116156262,1365.0,haco_safemarl_pilot,generalization,21162070,8
0.0,0.125,300.0,0.36125,0.7708815942828282,0.6845682650156364,0.625,0.8350729434974954,0.0,0.0,0.04666666666666667,1259.4488445428146,936.1142251525312,1467.0,haco_safemarl_mappo,generalization,21162070,8
0.0,1.0,294.0,0.49447278911564624,0.5837221137759275,0.28456013201199437,0.875,0.7684836683656961,0.0,177.0,0.0,6691.440000000044,4031.8348418978085,0.0,fixed_auv_ga_pso_tlbo_proxy,generalization,21172077,8
0.0,1.0,225.0,0.5211111111111111,0.5724313392642262,0.23036073363234696,0.875,0.7369011916292727,0.0,134.0,0.0,7157.250000000033,3594.4999999999973,0.0,independent_greedy,generalization,21172077,8
0.0,0.25,300.0,0.5633333333333334,0.6828702289925517,0.4936251145407029,0.875,0.7270839952961566,0.0,162.0,0.0,8853.87354286894,3801.7017237619616,0.0,communication_aware,generalization,21172077,8
0.0,0.625,300.0,0.49625,0.6635863067720067,0.46229377091131246,0.8208333333333333,0.797195897705545,0.0,13.0,0.0,8884.603592912568,2916.817293163557,1666.0,haco_safemarl_pilot_no_acoustic,generalization,21172077,8
0.0,0.75,300.0,0.5783333333333334,0.602394798091223,0.4335387397453137,0.875,0.7138682874698544,0.0,180.0,0.0,10151.458926863192,2741.958522781306,0.0,haco_safemarl_pilot_no_shield,generalization,21172077,8
0.0,0.125,300.0,0.5379166666666667,0.7333431763925105,0.6193537560609903,0.875,0.7728062744936985,0.0,13.0,0.0,9712.182221502973,3801.977763660679,1606.0,haco_safemarl_pilot,generalization,21172077,8
0.0,0.125,300.0,0.4454166666666667,0.750223025315862,0.6096102761210387,0.875,0.8215333090612084,0.0,13.0,0.0,1105.4659287247673,462.48032684294014,1715.0,haco_safemarl_mappo,generalization,21172077,8
0.0,0.75,300.0,0.6545833333333333,0.49138172453855833,0.2955355554286565,1.0,0.8997656453509048,0.0,365.0,0.0,6828.0000000000455,3474.6743686007258,0.0,fixed_auv_ga_pso_tlbo_proxy,generalization,21182084,8
0.0,1.0,244.0,0.6915983606557377,0.46284637609216167,0.3221704257307674,1.0,0.850138873131278,0.0,279.0,0.0,7761.64000000004,3484.099999999999,0.0,independent_greedy,generalization,21182084,8
0.0,0.375,300.0,0.705,0.6509624363526928,0.5798506032199278,1.0,0.9040775688948884,0.0,452.0,0.0,8534.144231762088,3025.898278767235,0.0,communication_aware,generalization,21182084,8
0.0,0.25,300.0,0.5379166666666667,0.6601552261649863,0.4589314934550569,0.875,0.795100800044763,0.0,0.0,0.0,4656.175253196752,2375.4916182862826,2120.0,haco_safemarl_pilot_no_acoustic,generalization,21182084,8
0.0,0.375,300.0,0.6466666666666666,0.5641863028254244,0.3538249941384439,1.0,0.8418686546147771,0.0,819.0,0.0,9998.273376454572,3148.603390866832,0.0,haco_safemarl_pilot_no_shield,generalization,21182084,8
0.0,0.125,300.0,0.5104166666666666,0.7313306903280336,0.6627025277430815,0.875,0.7719026053508492,0.0,0.0,0.0,3830.0227651622945,1983.295760540244,2153.0,haco_safemarl_pilot,generalization,21182084,8
0.0,0.0,300.0,0.4575,0.7076922043914673,0.3482993292460987,0.75,0.7652047522439385,0.0,0.0,0.0,2238.2304874395645,1619.2489614971144,1888.0,haco_safemarl_mappo,generalization,21182084,8
0.0,0.875,300.0,0.5441666666666667,0.5855314751133863,0.24986122668550792,0.85,0.6568688145657604,0.0,96.0,0.06,6828.0000000000455,4847.26794321479,0.0,fixed_auv_ga_pso_tlbo_proxy,generalization,21192091,8
0.0,1.0,238.0,0.6113445378151261,0.5802945599932066,0.20789943002960573,0.875,0.6305036659991867,0.0,72.0,0.06722689075630252,7570.780000000038,4785.3000000000075,0.0,independent_greedy,generalization,21192091,8
0.0,0.5,300.0,0.6545833333333333,0.6941033063889395,0.5470555090020915,0.875,0.5881213757616961,0.0,113.0,0.04666666666666667,8881.931916875777,4338.433547177365,0.0,communication_aware,generalization,21192091,8
0.0,0.625,300.0,0.42875,0.7295002950834745,0.37925883325616366,0.625,0.7223009987853007,0.0,0.0,0.05,10041.574324293257,3763.5197065992347,1311.0,haco_safemarl_pilot_no_acoustic,generalization,21192091,8
0.0,0.75,300.0,0.46625,0.6675202691931785,0.3413373505068372,0.625,0.6652465483951518,0.0,188.0,0.016666666666666666,9908.427629935042,3113.5381556001475,0.0,haco_safemarl_pilot_no_shield,generalization,21192091,8
0.0,0.375,300.0,0.4141666666666667,0.7685957721908392,0.6418042875062085,0.625,0.7561476036631436,0.0,0.0,0.03666666666666667,9633.668252401523,3758.5505831861124,1340.0,haco_safemarl_pilot,generalization,21192091,8
0.0,0.0,300.0,0.33791666666666664,0.7550094212572893,0.5326848511895274,0.5,0.7722887991467836,0.0,0.0,0.09666666666666666,816.3912695673611,580.9595474063428,1610.0,haco_safemarl_mappo,generalization,21192091,8
0.0,0.625,300.0,0.5295833333333333,0.6105237692900458,0.33329343442850295,0.875,0.7122904996355921,0.0,262.0,0.0,6828.0000000000455,4140.515031076762,0.0,fixed_auv_ga_pso_tlbo_proxy,generalization,21202098,8
0.0,0.875,300.0,0.6679166666666667,0.5259424190899907,0.18106472731636425,0.875,0.533326560455135,0.0,199.0,0.0,9543.000000000024,5562.899999999986,0.0,independent_greedy,generalization,21202098,8
0.0,0.375,300.0,0.5275,0.7224694437465664,0.5634409665926847,0.8416666666666667,0.6704727463522415,0.0,310.0,0.0,9009.727027283217,4432.4181842238995,0.0,communication_aware,generalization,21202098,8
0.0,0.375,300.0,0.3279166666666667,0.7387297691416262,0.48989707767150475,0.5,0.8482841749732174,0.0,55.0,0.0,5385.900246550236,2402.2953542788136,1947.0,haco_safemarl_pilot_no_acoustic,generalization,21202098,8
0.0,0.375,300.0,0.47541666666666665,0.6436094330398987,0.3837197972594915,0.625,0.7316794069010456,0.0,528.0,0.0,9928.603094853064,3139.051741174083,0.0,haco_safemarl_pilot_no_shield,generalization,21202098,8
0.0,0.375,300.0,0.3275,0.8012172782266115,0.6726425555861916,0.5,0.8501101718117687,0.0,55.0,0.0,4447.479052079905,2093.666752578648,1974.0,haco_safemarl_pilot,generalization,21202098,8
0.0,0.0,300.0,0.30416666666666664,0.7158402583845814,0.4392990587569179,0.5,0.822304019829764,0.0,56.0,0.0,2601.346465941697,1694.370055778379,2034.0,haco_safemarl_mappo,generalization,21202098,8
0.0,0.875,300.0,0.62,0.5588847375511634,0.17103334482399635,0.875,0.5723471252370527,0.0,155.0,0.0,6828.0000000000455,4542.863713848182,0.0,fixed_auv_ga_pso_tlbo_proxy,generalization,21212105,8
0.0,1.0,300.0,0.7545833333333334,0.4733863826284947,0.049104885304212836,0.875,0.41828754830374604,0.0,118.0,0.0,9543.000000000024,6417.1000000000195,0.0,independent_greedy,generalization,21212105,8
0.0,0.375,300.0,0.5729166666666666,0.6979921053333875,0.4026244229628723,0.75,0.5429227420362565,0.0,483.0,0.0,9006.408785193069,4773.482156163418,0.0,communication_aware,generalization,21212105,8
0.0,0.625,300.0,0.3258333333333333,0.7041883243452914,0.17352811108345076,0.38333333333333336,0.7364277323257057,0.0,0.0,0.0,7877.855227182625,2850.88862076771,1472.0,haco_safemarl_pilot_no_acoustic,generalization,21212105,8
0.0,0.5,300.0,0.5083333333333333,0.620928880728392,0.188716268239976,0.625,0.6100467567914344,0.0,323.0,0.0,9845.01105765146,3265.6985000869277,0.0,haco_safemarl_pilot_no_shield,generalization,21212105,8
0.0,0.375,300.0,0.31625,0.7717625953009022,0.4829620703708407,0.375,0.7473996669255437,0.0,0.0,0.0,9873.839827734155,4300.977657157172,1303.0,haco_safemarl_pilot,generalization,21212105,8
0.0,0.125,300.0,0.3229166666666667,0.7455653153915104,0.42619776806453874,0.375,0.7355583348933694,0.0,0.0,0.0,961.0030076076868,573.3193004124603,1556.0,haco_safemarl_mappo,generalization,21212105,8
0.0,1.0,243.0,0.2242798353909465,0.7815487329498908,0.4936010548521318,0.5,0.8959950071343042,0.00823045267489712,3.0,0.13991769547325103,5530.680000000033,2978.9755691758123,0.0,fixed_auv_ga_pso_tlbo_proxy,generalization,21222112,8
0.0,1.0,186.0,0.29973118279569894,0.7549512785922656,0.3930155103604838,0.5,0.8813477323249819,0.07526881720430108,2.0,0.1827956989247312,5916.660000000017,2597.300000000002,0.0,independent_greedy,generalization,21222112,8
0.0,0.75,300.0,0.3275,0.7815018491758249,0.5179734783411589,0.6208333333333333,0.8180574606723767,0.0033333333333333335,0.0,0.11333333333333333,9557.460001013887,5000.703539036507,0.0,communication_aware,generalization,21222112,8
0.0,0.875,300.0,0.25166666666666665,0.7857123821532556,0.5821843908457438,0.65,0.9223086882091105,0.0,0.0,0.17666666666666667,10411.939601584048,2600.6204304743865,1043.0,haco_safemarl_pilot_no_acoustic,generalization,21222112,8
0.0,1.0,239.0,0.4189330543933054,0.7181527501641098,0.5065004816905736,0.859375,0.8912888699815498,0.0,1.0,0.05439330543933055,8516.343178352825,1923.8725244198833,0.0,haco_safemarl_pilot_no_shield,generalization,21222112,8
0.0,0.75,300.0,0.18541666666666667,0.8310777191693696,0.6996886168163053,0.375,0.8972378307737062,0.0,0.0,0.17,9919.262680084355,2939.890435713502,788.0,haco_safemarl_pilot,generalization,21222112,8
0.0,0.375,300.0,0.08208333333333333,0.8273994434282156,0.5718111358016154,0.125,0.9469912614236553,0.0,0.0,0.08333333333333333,1108.703644660524,346.89677589266665,755.0,haco_safemarl_mappo,generalization,21222112,8
0.0,0.75,300.0,0.22708333333333333,0.7492404274604657,0.26330904675044486,0.375,0.856277982474159,0.0,178.0,0.0,6828.0000000000455,3676.3517475235653,0.0,fixed_auv_ga_pso_tlbo_proxy,generalization,21232119,8
0.0,1.0,281.0,0.3527580071174377,0.6558652015204776,0.06513582403068169,0.5646551724137931,0.7533832451041388,0.0,179.0,0.0,8938.610000000033,4698.900000000002,0.0,independent_greedy,generalization,21232119,8
0.0,0.625,300.0,0.31958333333333333,0.7727810732902581,0.4302993242259484,0.625,0.8273605640004176,0.0,0.0,0.0,9482.701933968818,4270.6852387065555,0.0,communication_aware,generalization,21232119,8
0.0,0.625,300.0,0.25916666666666666,0.7561080939243677,0.3397844726186969,0.4041666666666667,0.8171868343476258,0.0,0.0,0.0,10583.886841629936,3104.931161175749,777.0,haco_safemarl_pilot_no_acoustic,generalization,21232119,8
0.0,0.625,300.0,0.3570833333333333,0.7175054860328656,0.3499171519193589,0.6375,0.7857815672300978,0.0,159.0,0.0,10466.559716462561,2803.8227215875413,0.0,haco_safemarl_pilot_no_shield,generalization,21232119,8
0.0,0.5,300.0,0.295,0.811080394510197,0.6050795765388363,0.5,0.8027357681976349,0.0,0.0,0.0,10234.574008860478,3153.392515523692,820.0,haco_safemarl_pilot,generalization,21232119,8
0.0,0.25,300.0,0.24,0.783503742758806,0.4225769931090735,0.375,0.8462555908529049,0.0,0.0,0.0,1620.2975798105508,116.81244953115794,899.0,haco_safemarl_mappo,generalization,21232119,8
0.0,1.0,274.0,0.6117700729927007,0.5463919771276287,0.13084389396630194,0.875,0.6063912984848399,0.0,219.0,0.11678832116788321,6236.24000000004,3691.8608207472544,0.0,fixed_auv_ga_pso_tlbo_proxy,generalization,21242126,8
0.0,1.0,210.0,0.6196428571428572,0.541502543457697,0.07123764469694135,0.875,0.5928211784003168,0.0,169.0,0.014285714285714285,6680.100000000027,3331.3,0.0,independent_greedy,generalization,21242126,8
0.0,0.375,300.0,0.6716666666666666,0.6627986554171932,0.37384790724886685,0.875,0.5430186514005447,0.0,312.0,0.11,8627.253533455892,3864.664262885142,0.0,communication_aware,generalization,21242126,8
0.0,0.5,300.0,0.5558333333333333,0.6618217955760315,0.1589119993201084,0.875,0.6548907781198189,0.0,67.0,0.0,9217.307589254742,3417.7072691184785,1659.0,haco_safemarl_pilot_no_acoustic,generalization,21242126,8
0.0,0.5,300.0,0.6229166666666667,0.5828051166280065,0.18529853760492884,0.875,0.6108589353814676,0.0,356.0,0.0,9831.959478807217,3150.628141070358,0.0,haco_safemarl_pilot_no_shield,generalization,21242126,8
0.0,0.375,300.0,0.48375,0.7521052288140379,0.4853746104491729,0.7583333333333333,0.7757994905547808,0.0,12.0,0.0,9778.893893740518,3772.1897483572984,1587.0,haco_safemarl_pilot,generalization,21242126,8
0.0,0.0,300.0,0.4579166666666667,0.7192359792653171,0.3184067824549508,0.625,0.657288103714007,0.0,10.0,0.0,781.798788410234,530.15516006206,1667.0,haco_safemarl_mappo,generalization,21242126,8
0.0,0.75,300.0,0.6875,0.4551066611932411,0.29933787493661024,0.875,0.5462947135675653,0.0,269.0,0.0,6828.0000000000455,4417.950552572147,0.0,fixed_auv_ga_pso_tlbo_proxy,generalization,21252133,8
0.0,1.0,280.0,0.7790178571428571,0.39529171081407444,0.16708606170831866,0.875,0.3269406282682293,0.0,258.0,0.0,8906.800000000034,5520.699999999986,0.0,independent_greedy,generalization,21252133,8
0.0,0.25,300.0,0.7125,0.6354238886558311,0.4965772088000609,0.875,0.5008626493382032,0.0,194.0,0.0,8548.570085214737,3933.593582206984,0.0,communication_aware,generalization,21252133,8
0.0,0.625,300.0,0.5091666666666667,0.6613279452238552,0.38868626194220074,0.7541666666666667,0.840556007785,0.0,17.0,0.0,9291.660372588585,3076.082362830378,1762.0,haco_safemarl_pilot_no_acoustic,generalization,21252133,8
0.0,0.5,300.0,0.67125,0.5674501692798901,0.3544890146191077,0.875,0.5708478523535777,0.0,217.0,0.0,9740.225767955511,3221.1817144783186,0.0,haco_safemarl_pilot_no_shield,generalization,21252133,8
0.0,0.125,300.0,0.5991666666666666,0.7172102753002241,0.6128677364175698,0.875,0.7301033803222988,0.0,17.0,0.0,9287.707808247938,3581.8546467501783,1879.0,haco_safemarl_pilot,generalization,21252133,8
0.0,0.0,300.0,0.3125,0.691603864474999,0.34450363908570486,0.5,0.811992374258819,0.0,17.0,0.0,1146.9108263538972,682.9973008650691,1973.0,haco_safemarl_mappo,generalization,21252133,8
0.0,0.875,300.0,0.7470833333333333,0.44103736346173567,0.23938413942982412,1.0,0.5427754468774678,0.0,168.0,0.0,6828.0000000000455,3701.9932322353648,0.0,fixed_auv_ga_pso_tlbo_proxy,generalization,21262140,8
0.0,0.875,300.0,0.8045833333333333,0.36670967078253675,0.095121033836163,1.0,0.5050073467594575,0.0,127.0,0.0,9543.000000000024,5493.5000000000055,0.0,independent_greedy,generalization,21262140,8
0.0,0.125,300.0,0.7808333333333334,0.6338939725981441,0.5418260137309141,1.0,0.5508664902966256,0.0,378.0,0.0,8381.118214826334,3138.084327277995,0.0,communication_aware,generalization,21262140,8
0.0,0.25,300.0,0.6475,0.6236636915182084,0.4908147522090012,0.875,0.6954965249636618,0.0,0.0,0.0,10035.801865593656,3705.945203676422,1838.0,haco_safemarl_pilot_no_acoustic,generalization,21262140,8
0.0,0.375,300.0,0.74,0.5136297367622682,0.35933542499573046,0.875,0.5507003687832887,0.0,277.0,0.0,9868.45695034651,3071.2747382959988,0.0,haco_safemarl_pilot_no_shield,generalization,21262140,8
0.0,0.125,300.0,0.6691666666666667,0.7212793741176724,0.6244359266632598,0.875,0.6854472548212434,0.0,0.0,0.0,9574.66195246551,3658.1304648818755,1875.0,haco_safemarl_pilot,generalization,21262140,8
0.0,0.0,300.0,0.56875,0.704449886489905,0.5626204575078563,0.875,0.699375460235411,0.0,0.0,0.0,1314.3305160015145,1028.8476330056424,2038.0,haco_safemarl_mappo,generalization,21262140,8
0.0,0.875,300.0,0.6095833333333334,0.5507366561721129,0.12415825550420045,0.8208333333333333,0.5296653217150724,0.07333333333333333,95.0,0.24,6828.0000000000455,4513.796805247032,0.0,fixed_auv_ga_pso_tlbo_proxy,generalization,21272147,8
0.0,1.0,241.0,0.5726141078838174,0.5340325924303408,0.05037954688691894,0.75,0.5276206343244936,0.0,72.0,0.1991701244813278,7666.210000000039,4343.500000000003,0.0,independent_greedy,generalization,21272147,8
0.0,0.5,300.0,0.7483333333333333,0.6367630844854346,0.36624161041943143,1.0,0.5693133582221628,0.016666666666666666,107.0,0.15333333333333332,8552.69573064599,3643.432865383741,0.0,communication_aware,generalization,21272147,8
0.0,0.625,300.0,0.3525,0.7142099676178674,0.23741491561109204,0.45416666666666666,0.7860317782477609,0.0,14.0,0.24333333333333335,9714.359475006118,2952.1246493070007,1202.0,haco_safemarl_pilot_no_acoustic,generalization,21272147,8
0.0,0.625,300.0,0.45708333333333334,0.660493280375799,0.16995951166184117,0.5958333333333333,0.6758513978478493,0.06666666666666667,116.0,0.2633333333333333,9853.868039745472,3034.0777743643207,0.0,haco_safemarl_pilot_no_shield,generalization,21272147,8
0.0,0.375,300.0,0.49833333333333335,0.7408974222043854,0.5491182386222645,0.675,0.6662769063049413,0.01,12.0,0.24333333333333335,8847.461475242577,2940.2659147189556,1574.0,haco_safemarl_pilot,generalization,21272147,8
0.0,0.125,300.0,0.40375,0.6610814180248319,0.33646589557073575,0.5,0.6747935839475512,0.0,11.0,0.24666666666666667,1385.7001169855475,440.14388963152743,1572.0,haco_safemarl_mappo,generalization,21272147,8
0.0,0.875,300.0,0.54375,0.5414256026890162,0.16615629927925032,0.75,0.5900922670226957,0.0,127.0,0.0,6828.0000000000455,3820.7157794842456,0.0,fixed_auv_ga_pso_tlbo_proxy,generalization,21282154,8
0.0,1.0,261.0,0.5804597701149425,0.4704519350086482,0.08021300893547086,0.75,0.5456189847520762,0.0,128.0,0.0,8302.410000000044,4294.699999999998,0.0,independent_greedy,generalization,21282154,8
0.0,0.25,300.0,0.58,0.702416737848425,0.523843032564807,0.75,0.560331059769424,0.0,83.0,0.0,8868.393751926802,4313.375346810862,0.0,communication_aware,generalization,21282154,8
0.0,0.375,300.0,0.48,0.6357351011630051,0.24007535239096658,0.75,0.6658777335931872,0.0,0.0,0.0,10208.213628336145,3300.1085042065797,1459.0,haco_safemarl_pilot_no_acoustic,generalization,21282154,8
0.0,0.5,300.0,0.5975,0.5752421820554035,0.24995375987219134,0.75,0.513205828754197,0.0,42.0,0.0,9893.80942744733,2961.066770079115,0.0,haco_safemarl_pilot_no_shield,generalization,21282154,8
0.0,0.25,300.0,0.46458333333333335,0.7508326901354981,0.5529316356693198,0.75,0.6715812994525416,0.0,0.0,0.0,9701.23300233285,3361.4829071420727,1480.0,haco_safemarl_pilot,generalization,21282154,8
0.0,0.25,300.0,0.5654166666666667,0.6770294777759954,0.38484048521941316,0.75,0.6047610417262829,0.0,0.0,0.0,1280.1549685764535,455.49545823228493,1656.0,haco_safemarl_mappo,generalization,21282154,8
0.0,0.625,300.0,0.4083333333333333,0.7096476306296667,0.37262874100198684,0.75,0.7611446310432168,0.0,544.0,0.0,6828.0000000000455,4051.4710009593823,0.0,fixed_auv_ga_pso_tlbo_proxy,generalization,21292161,8
0.0,1.0,244.0,0.5747950819672131,0.5748778648916228,0.09186435734535568,0.875,0.6497879628985261,0.0,436.0,0.11065573770491803,7761.64000000004,3698.8999999999933,0.0,independent_greedy,generalization,21292161,8
0.0,0.375,300.0,0.5070833333333333,0.7548838178859034,0.47663607608024977,0.875,0.7528765003487312,0.0,456.0,0.07,9230.97954582913,4520.522995346476,0.0,communication_aware,generalization,21292161,8
0.0,0.625,300.0,0.21166666666666667,0.8130580806541284,0.648152701246617,0.5,0.9419097618152958,0.0,103.0,0.0033333333333333335,10442.729321048839,3275.1058108480756,1240.0,haco_safemarl_pilot_no_acoustic,generalization,21292161,8
0.0,1.0,255.0,0.4230392156862745,0.752190981573768,0.36658989179041296,0.6105769230769231,0.6742677779251675,0.0,407.0,0.01568627450980392,9305.335177700677,2346.0076961361265,0.0,haco_safemarl_pilot_no_shield,generalization,21292161,8
0.0,0.25,300.0,0.2375,0.7941227265044263,0.47238714905682894,0.42916666666666664,0.8432899412384126,0.0,70.0,0.0,9824.104965425988,3496.470328175487,1427.0,haco_safemarl_pilot,generalization,21292161,8
0.0,0.0,300.0,0.16,0.8230635528486321,0.7102431670081186,0.375,0.9410823246777973,0.0,36.0,0.0,2292.0197542783535,886.4510728829907,1422.0,haco_safemarl_mappo,generalization,21292161,8
0.0,0.875,300.0,0.4508333333333333,0.6002019819760624,0.17100452820692713,0.625,0.6866754158252955,0.0,58.0,0.0,6828.0000000000455,4547.0979163523625,0.0,fixed_auv_ga_pso_tlbo_proxy,generalization,21302168,8
0.0,1.0,252.0,0.4548611111111111,0.5761881889789258,0.13106284450597022,0.625,0.6849522722592306,0.0,44.0,0.0,8016.120000000044,5014.099999999998,0.0,independent_greedy,generalization,21302168,8
0.0,0.5,300.0,0.4666666666666667,0.7240804699971403,0.46253566927442297,0.625,0.6651899103959198,0.0,246.0,0.0,9088.24297580333,5018.85559499669,0.0,communication_aware,generalization,21302168,8
0.0,0.625,300.0,0.3229166666666667,0.7110529967770751,0.19760761513079175,0.5125,0.7985612968251785,0.0,0.0,0.0,9911.531521639332,3810.106802194769,1069.0,haco_safemarl_pilot_no_acoustic,generalization,21302168,8
0.0,0.5,300.0,0.44416666666666665,0.6553913521654952,0.23751311742693199,0.625,0.6733193086310052,0.0,91.0,0.013333333333333334,9718.14226185684,3447.072001963383,0.0,haco_safemarl_pilot_no_shield,generalization,21302168,8
0.0,0.5,300.0,0.2675,0.8028777044754009,0.54036556891444,0.4625,0.823465276869881,0.0,0.0,0.0,9756.956287689783,4179.881159790519,1113.0,haco_safemarl_pilot,generalization,21302168,8
0.0,0.25,300.0,0.3745833333333333,0.7187922879040562,0.22620930852267476,0.625,0.7656206247607972,0.0,0.0,0.0,908.8263576694898,552.876086674595,1326.0,haco_safemarl_mappo,generalization,21302168,8
0.0,0.625,300.0,0.675,0.5071344973629861,0.18969629621832299,0.95,0.5698336579768423,0.0,140.0,0.0,6828.0000000000455,4330.018350454803,0.0,fixed_auv_ga_pso_tlbo_proxy,generalization,21312175,8
0.0,1.0,293.0,0.8199658703071673,0.42296379761786096,0.10139737347836215,1.0,0.5063116952774122,0.0,106.0,0.06484641638225255,9320.330000000027,5713.29999999998,0.0,independent_greedy,generalization,21312175,8
0.0,0.375,300.0,0.7020833333333333,0.6419613981866029,0.4483558711223586,0.875,0.5161511464957015,0.0,152.0,0.0,8600.136934649685,3686.760899521805,0.0,communication_aware,generalization,21312175,8
0.0,0.625,300.0,0.51875,0.671125131193395,0.4820875255721105,0.7666666666666667,0.7296995269263528,0.0,0.0,0.0,10186.109601504104,3282.2548686196214,1605.0,haco_safemarl_pilot_no_acoustic,generalization,21312175,8
0.0,0.625,300.0,0.64,0.5694440822508872,0.34633059820358253,0.8458333333333333,0.5514698059985813,0.0,217.0,0.0,9875.638400445268,3071.842091874031,0.0,haco_safemarl_pilot_no_shield,generalization,21312175,8
0.0,0.25,300.0,0.5729166666666666,0.718848428331072,0.5910680253358904,0.8208333333333333,0.678106072692952,0.0,0.0,0.0,9518.367170822601,3391.6815220198746,1700.0,haco_safemarl_pilot,generalization,21312175,8
0.0,0.0,300.0,0.4675,0.6518623940833014,0.34516363384394255,0.625,0.692731696035555,0.0,35.0,0.0,1089.881996396031,413.2250595423342,2000.0,haco_safemarl_mappo,generalization,21312175,8
0.0,0.875,300.0,0.55875,0.5977406499657463,0.3158026251871874,0.875,0.6703861824220543,0.0,413.0,0.0,6828.0000000000455,4457.2996179672855,0.0,fixed_auv_ga_pso_tlbo_proxy,generalization,21322182,8
0.0,1.0,268.0,0.6068097014925373,0.5389217661078143,0.18960713512476746,0.875,0.6190710566825932,0.0,353.0,0.0,8525.08000000004,5249.100000000015,0.0,independent_greedy,generalization,21322182,8
0.0,0.375,300.0,0.6145833333333334,0.6861681204040294,0.5155128172527493,0.875,0.6403880236436423,0.0,395.0,0.0,8782.866195358218,3576.326342750411,0.0,communication_aware,generalization,21322182,8
0.0,0.625,300.0,0.46208333333333335,0.711228523722161,0.5346938867103201,0.75,0.7754630404761276,0.0,2.0,0.0,7419.062477032525,2643.7432770234545,1741.0,haco_safemarl_pilot_no_acoustic,generalization,21322182,8
0.0,0.75,300.0,0.4666666666666667,0.68206547718604,0.4439130980283365,0.675,0.7990386565811868,0.0,253.0,0.0,10221.420298914392,2864.758574929971,0.0,haco_safemarl_pilot_no_shield,generalization,21322182,8
0.0,0.375,300.0,0.4875,0.7530620519533845,0.6366472963729057,0.75,0.748990058978866,0.0,2.0,0.0,4968.081389369065,1694.150788239522,1883.0,haco_safemarl_pilot,generalization,21322182,8
0.0,0.125,300.0,0.2654166666666667,0.814367135762808,0.7375486744312352,0.625,0.9021213792067132,0.0,2.0,0.0,1503.1888973286596,690.5304845803968,1627.0,haco_safemarl_mappo,generalization,21322182,8
0.0,0.75,300.0,0.4170833333333333,0.6573150883293338,0.3746969835519154,0.75,0.856615085347611,0.0,147.0,0.07333333333333333,6828.0000000000455,3427.035158323148,0.0,fixed_auv_ga_pso_tlbo_proxy,generalization,21332189,8
0.0,0.875,300.0,0.5320833333333334,0.5631762372026862,0.3012569869447851,0.875,0.7674051094647903,0.0,113.0,0.05,9543.000000000024,5182.899999999995,0.0,independent_greedy,generalization,21332189,8
0.0,0.375,300.0,0.49541666666666667,0.743045891703466,0.6290421100509653,0.875,0.8269395161052554,0.0,128.0,0.056666666666666664,9143.99091353479,4020.4507033928517,0.0,communication_aware,generalization,21332189,8
0.0,0.375,300.0,0.3829166666666667,0.7117842931860078,0.5388311358306271,0.7,0.8264035621534139,0.0,22.0,0.016666666666666666,8565.688641543464,2766.259679367066,1428.0,haco_safemarl_pilot_no_acoustic,generalization,21332189,8
0.0,0.5,300.0,0.46291666666666664,0.6469172480258868,0.42620879765769376,0.75,0.7620900864553842,0.0,143.0,0.06666666666666667,10157.287684360475,3135.5674297279947,0.0,haco_safemarl_pilot_no_shield,generalization,21332189,8
0.0,0.375,300.0,0.3879166666666667,0.7855924066648851,0.698480701053971,0.75,0.8358876527807014,0.0,22.0,0.056666666666666664,9015.996644021692,3105.8744552740122,1379.0,haco_safemarl_pilot,generalization,21332189,8
0.0,0.125,300.0,0.37125,0.6780999946324513,0.4313232487338084,0.625,0.8036204335823307,0.0,25.0,0.02,1793.112517234854,784.0213695292582,1585.0,haco_safemarl_mappo,generalization,21332189,8
0.0,0.875,300.0,0.5320833333333334,0.5647058017543528,0.23414728472240928,0.75,0.6573008701652638,0.006666666666666667,143.0,0.056666666666666664,6828.0000000000455,3754.6749740106206,0.0,fixed_auv_ga_pso_tlbo_proxy,generalization,21342196,8
0.0,1.0,242.0,0.6642561983471075,0.5162939979005662,0.158025625428649,0.875,0.4923783329889572,0.0,122.0,0.03305785123966942,7698.0200000000395,3757.500000000006,0.0,independent_greedy,generalization,21342196,8
0.0,0.375,300.0,0.6020833333333333,0.6975984332067409,0.4726784545296164,0.875,0.6446208149861639,0.0,50.0,0.043333333333333335,8787.323936900384,3548.402315520197,0.0,communication_aware,generalization,21342196,8
0.0,0.75,300.0,0.4766666666666667,0.6706807451047075,0.46698047229798606,0.7833333333333333,0.7635820109175347,0.0,0.0,0.03,9741.456419533108,2743.8058451013912,1503.0,haco_safemarl_pilot_no_acoustic,generalization,21342196,8
0.0,0.75,300.0,0.5720833333333334,0.6058647888882447,0.3234054749635379,0.875,0.6270236368056785,0.0,65.0,0.07333333333333333,10112.01717624103,2873.0474812912307,0.0,haco_safemarl_pilot_no_shield,generalization,21342196,8
0.0,0.25,300.0,0.5091666666666667,0.7436130198955724,0.6144310453722588,0.75,0.7117963511288431,0.0,0.0,0.04,9700.660975535968,3377.500516044128,1559.0,haco_safemarl_pilot,generalization,21342196,8
0.0,0.125,300.0,0.41791666666666666,0.7166929764213263,0.46496717750627214,0.7,0.7214607331151272,0.0,0.0,0.03,1495.5004644487362,697.1838405028124,1515.0,haco_safemarl_mappo,generalization,21342196,8
0.0,1.0,294.0,0.5850340136054422,0.5776473986867873,0.2892366154935531,0.7541666666666667,0.5384462331291597,0.05102040816326531,235.0,0.08843537414965986,6691.440000000044,3745.646205241249,0.0,fixed_auv_ga_pso_tlbo_proxy,generalization,21352203,8
0.0,1.0,225.0,0.6394444444444445,0.5054106295613522,0.1344018622940508,0.75,0.5148199845186924,0.0,181.0,0.0,7157.250000000033,3115.699999999998,0.0,independent_greedy,generalization,21352203,8
0.0,0.5,300.0,0.645,0.7120900064807614,0.5080106231353925,0.875,0.5243637456028578,0.0,229.0,0.11,8784.630370395837,3641.603139273202,0.0,communication_aware,generalization,21352203,8
0.0,0.5,300.0,0.3908333333333333,0.7337572880262169,0.4472609608523234,0.625,0.7538315040812554,0.043333333333333335,23.0,0.07666666666666666,9909.04280196676,3058.012705280683,1416.0,haco_safemarl_pilot_no_acoustic,generalization,21352203,8
0.0,0.625,300.0,0.5516666666666666,0.6637585522660938,0.32066858498147893,0.75,0.6148597550837512,0.0,244.0,0.04,10189.468474856889,2873.9468906772977,0.0,haco_safemarl_pilot_no_shield,generalization,21352203,8
0.0,0.25,300.0,0.48333333333333334,0.7507652220581515,0.6053775433723236,0.7208333333333333,0.6488552195125833,0.0,23.0,0.09666666666666666,9530.726749023317,3255.563169160577,1710.0,haco_safemarl_pilot,generalization,21352203,8
0.0,0.125,300.0,0.45625,0.766669141281779,0.6408911875539128,0.6958333333333333,0.6388841786923062,0.0,18.0,0.0033333333333333335,1693.8559927175447,531.7765563459067,1614.0,haco_safemarl_mappo,generalization,21352203,8
